dancer_id,dance_id,dance_key,waggle_run,stimulus,notes,waggle_directions,start_x,start_y,start_xy,csv_file,time,date,direction_u,direction_v,video_angle_deg,start_frame,video_name,annotation_session,source_batch
22b,22b_00028,2025-01-19__22b_00028,1,vertical,,"(-0.08304547985373997, 0.9965457582448797)",855,652,"(855, 652)",22b_00028_waggle_annotations.csv,16:56:00,20250119,-0.08304547985374,0.99654575824488,184.763641690726,34,C:/Users/frida/Documents/PhD/Waggle_dance/wd_SA2025/wd_annotator/mp4/20250119\00028.mp4,1,2025-01-19
22b,22b_00028,2025-01-19__22b_00028,2,vertical,,"(0.0, 0.0)",850,712,"(850, 712)",22b_00028_waggle_annotations.csv,16:56:00,20250119,0,0,180,46,C:/Users/frida/Documents/PhD/Waggle_dance/wd_SA2025/wd_annotator/mp4/20250119\00028.mp4,1,2025-01-19
22b,22b_00028,2025-01-19__22b_00028,3,vertical,,"(-0.2631174057921088, 0.9647638212377322)",847,660,"(847, 660)",22b_00028_waggle_annotations.csv,16:56:00,20250119,-0.263117405792109,0.964763821237732,195.255118703058,85,C:/Users/frida/Documents/PhD/Waggle_dance/wd_SA2025/wd_annotator/mp4/20250119\00028.mp4,1,2025-01-19
22b,22b_00028,2025-01-19__22b_00028,4,vertical,,"(0.0, 0.0)",830,693,"(830, 693)",22b_00028_waggle_annotations.csv,16:56:00,20250119,0,0,180,91,C:/Users/frida/Documents/PhD/Waggle_dance/wd_SA2025/wd_annotator/mp4/20250119\00028.mp4,1,2025-01-19
22b,22b_00028,2025-01-19__22b_00028,5,vertical,,"(-0.2956837280711308, 0.9552858906913457)",869,670,"(869, 670)",22b_00028_waggle_annotations.csv,16:56:00,20250119,-0.295683728071131,0.955285890691346,197.198541220066,125,C:/Users/frida/Documents/PhD/Waggle_dance/wd_SA2025/wd_annotator/mp4/20250119\00028.mp4,1,2025-01-19
22b,22b_00028,2025-01-19__22b_00028,6,vertical,,"(0.0, 0.0)",871,704,"(871, 704)",22b_00028_waggle_annotations.csv,16:56:00,20250119,0,0,180,134,C:/Users/frida/Documents/PhD/Waggle_dance/wd_SA2025/wd_annotator/mp4/20250119\00028.mp4,1,2025-01-19
22b,22b_00028,2025-01-19__22b_00028,7,vertical,,"(-0.5425254314756646, 0.8400393777687709)",837,648,"(837, 648)",22b_00028_waggle_annotations.csv,16:56:00,20250119,-0.542525431475665,0.840039377768771,212.855721950433,172,C:/Users/frida/Documents/PhD/Waggle_dance/wd_SA2025/wd_annotator/mp4/20250119\00028.mp4,1,2025-01-19
22b,22b_00028,2025-01-19__22b_00028,8,vertical,,"(-0.2982749931359468, 0.9544799780350297)",831,690,"(831, 690)",22b_00028_waggle_annotations.csv,16:56:00,20250119,-0.298274993135947,0.95447997803503,197.354024636261,217,C:/Users/frida/Documents/PhD/Waggle_dance/wd_SA2025/wd_annotator/mp4/20250119\00028.mp4,1,2025-01-19
22b,22b_00028,2025-01-19__22b_00028,9,vertical,,"(0.0, 0.0)",835,722,"(835, 722)",22b_00028_waggle_annotations.csv,16:56:00,20250119,0,0,180,225,C:/Users/frida/Documents/PhD/Waggle_dance/wd_SA2025/wd_annotator/mp4/20250119\00028.mp4,1,2025-01-19
22b,22b_00028,2025-01-19__22b_00028,10,vertical,,"(-0.6956113588411023, 0.7184182886391711)",894,635,"(894, 635)",22b_00028_waggle_annotations.csv,16:56:00,20250119,-0.695611358841102,0.718418288639171,224.075954647227,272,C:/Users/frida/Documents/PhD/Waggle_dance/wd_SA2025/wd_annotator/mp4/20250119\00028.mp4,1,2025-01-19
22b,22b_00028,2025-01-19__22b_00028,11,vertical,,"(0.0, 0.0)",829,678,"(829, 678)",22b_00028_waggle_annotations.csv,16:56:00,20250119,0,0,180,291,C:/Users/frida/Documents/PhD/Waggle_dance/wd_SA2025/wd_annotator/mp4/20250119\00028.mp4,1,2025-01-19
22b,22b_00028,2025-01-19__22b_00028,12,vertical,,"(-0.6629103673197869, 0.7486987677964652)",843,711,"(843, 711)",22b_00028_waggle_annotations.csv,16:56:00,20250119,-0.662910367319787,0.748698767796465,221.522213480202,453,C:/Users/frida/Documents/PhD/Waggle_dance/wd_SA2025/wd_annotator/mp4/20250119\00028.mp4,1,2025-01-19
22b,22b_00028,2025-01-19__22b_00028,13,vertical,,"(-0.7474093186836598, 0.6643638388299198)",973,727,"(973, 727)",22b_00028_waggle_annotations.csv,16:56:00,20250119,-0.74740931868366,0.66436383882992,228.36646066343,645,C:/Users/frida/Documents/PhD/Waggle_dance/wd_SA2025/wd_annotator/mp4/20250119\00028.mp4,1,2025-01-19
22b,22b_00028,2025-01-19__22b_00028,14,vertical,,"(-0.507985019944294, 0.861365903383803)",899,684,"(899, 684)",22b_00028_waggle_annotations.csv,16:56:00,20250119,-0.507985019944294,0.861365903383803,210.529705899934,705,C:/Users/frida/Documents/PhD/Waggle_dance/wd_SA2025/wd_annotator/mp4/20250119\00028.mp4,1,2025-01-19
22b,22b_00028,2025-01-19__22b_00028,15,vertical,,"(-0.6277524511897817, 0.7784130394753294)",848,625,"(848, 625)",22b_00028_waggle_annotations.csv,16:56:00,20250119,-0.627752451189782,0.778413039475329,218.884496433715,808,C:/Users/frida/Documents/PhD/Waggle_dance/wd_SA2025/wd_annotator/mp4/20250119\00028.mp4,1,2025-01-19
22b,22b_00028,2025-01-19__22b_00028,16,vertical,,"(-0.4166547104932136, 0.9090648228942843)",877,618,"(877, 618)",22b_00028_waggle_annotations.csv,16:56:00,20250119,-0.416654710493214,0.909064822894284,204.623564786164,856,C:/Users/frida/Documents/PhD/Waggle_dance/wd_SA2025/wd_annotator/mp4/20250119\00028.mp4,1,2025-01-19
22b,22b_00028,2025-01-19__22b_00028,17,vertical,,"(-0.7904150521752438, 0.612571665435814)",853,601,"(853, 601)",22b_00028_waggle_annotations.csv,16:56:00,20250119,-0.790415052175244,0.612571665435814,232.224315694045,897,C:/Users/frida/Documents/PhD/Waggle_dance/wd_SA2025/wd_annotator/mp4/20250119\00028.mp4,1,2025-01-19
22b,22b_00028,2025-01-19__22b_00028,18,vertical,,"(-0.1414213562373095, 0.9899494936611665)",836,579,"(836, 579)",22b_00028_waggle_annotations.csv,16:56:00,20250119,-0.14142135623731,0.989949493661167,188.130102354156,950,C:/Users/frida/Documents/PhD/Waggle_dance/wd_SA2025/wd_annotator/mp4/20250119\00028.mp4,1,2025-01-19
22b,22b_00028,2025-01-19__22b_00028,19,vertical,,"(-0.8755776840267941, 0.4830773429113347)",784,570,"(784, 570)",22b_00028_waggle_annotations.csv,16:56:00,20250119,-0.875577684026794,0.483077342911335,241.113418233089,991,C:/Users/frida/Documents/PhD/Waggle_dance/wd_SA2025/wd_annotator/mp4/20250119\00028.mp4,1,2025-01-19
22b,22b_00028,2025-01-19__22b_00028,20,vertical,,"(-0.24253562503633297, 0.9701425001453319)",821,568,"(821, 568)",22b_00028_waggle_annotations.csv,16:56:00,20250119,-0.242535625036333,0.970142500145332,194.036243467926,1029,C:/Users/frida/Documents/PhD/Waggle_dance/wd_SA2025/wd_annotator/mp4/20250119\00028.mp4,1,2025-01-19
22b,22b_00028,2025-01-19__22b_00028,21,vertical,,"(-0.4989644448669457, 0.8666224568741688)",812,503,"(812, 503)",22b_00028_waggle_annotations.csv,16:56:00,20250119,-0.498964444866946,0.866622456874169,209.931511840508,1125,C:/Users/frida/Documents/PhD/Waggle_dance/wd_SA2025/wd_annotator/mp4/20250119\00028.mp4,1,2025-01-19
22b,22b_00028,2025-01-19__22b_00028,22,vertical,,"(-0.6561787149247866, 0.7546055221635046)",764,493,"(764, 493)",22b_00028_waggle_annotations.csv,16:56:00,20250119,-0.656178714924787,0.754605522163505,15145056.57.00,1168,C:/Users/frida/Documents/PhD/Waggle_dance/wd_SA2025/wd_annotator/mp4/20250119\00028.mp4,1,2025-01-19
22b,22b_00028,2025-01-19__22b_00028,23,vertical,,"(-0.548026257310873, 0.8364611295797535)",776,492,"(776, 492)",22b_00028_waggle_annotations.csv,16:56:00,20250119,-0.548026257310873,0.836461129579754,213.231711067979,1230,C:/Users/frida/Documents/PhD/Waggle_dance/wd_SA2025/wd_annotator/mp4/20250119\00028.mp4,1,2025-01-19
22b,22b_00028,2025-01-19__22b_00028,24,vertical,,"(-0.8395701571521512, 0.5432512781572743)",758,444,"(758, 444)",22b_00028_waggle_annotations.csv,16:56:00,20250119,-0.839570157152151,0.543251278157274,237.094757077012,1275,C:/Users/frida/Documents/PhD/Waggle_dance/wd_SA2025/wd_annotator/mp4/20250119\00028.mp4,1,2025-01-19
22b,22b_00028,2025-01-19__22b_00028,25,vertical,,"(-0.23822152779764846, 0.9712108440981052)",813,436,"(813, 436)",22b_00028_waggle_annotations.csv,16:56:00,20250119,-0.238221527797648,0.971210844098105,193.781597235654,1319,C:/Users/frida/Documents/PhD/Waggle_dance/wd_SA2025/wd_annotator/mp4/20250119\00028.mp4,1,2025-01-19
22b,22b_00028,2025-01-19__22b_00028,26,vertical,,"(-0.10748184298009181, 0.9942070475658493)",390,558,"(390, 558)",22b_00028_waggle_annotations.csv,16:56:00,20250119,-0.107481842980092,0.994207047565849,186.17017509503,1489,C:/Users/frida/Documents/PhD/Waggle_dance/wd_SA2025/wd_annotator/mp4/20250119\00028.mp4,1,2025-01-19
22b,22b_00028,2025-01-19__22b_00028,27,vertical,,"(-0.8886206570548637, 0.45864291977025223)",383,598,"(383, 598)",22b_00028_waggle_annotations.csv,16:56:00,20250119,-0.888620657054864,0.458642919770252,242.700427788667,1542,C:/Users/frida/Documents/PhD/Waggle_dance/wd_SA2025/wd_annotator/mp4/20250119\00028.mp4,1,2025-01-19
22b,22b_00028,2025-01-19__22b_00028,28,vertical,,"(-0.31622776601683794, 0.9486832980505138)",375,607,"(375, 607)",22b_00028_waggle_annotations.csv,16:56:00,20250119,-0.316227766016838,0.948683298050514,198.434948822922,1580,C:/Users/frida/Documents/PhD/Waggle_dance/wd_SA2025/wd_annotator/mp4/20250119\00028.mp4,1,2025-01-19
22b,22b_00028,2025-01-19__22b_00028,29,vertical,,"(-0.7474093186836597, 0.6643638388299198)",344,626,"(344, 626)",22b_00028_waggle_annotations.csv,16:56:00,20250119,-0.74740931868366,0.66436383882992,228.36646066343,1619,C:/Users/frida/Documents/PhD/Waggle_dance/wd_SA2025/wd_annotator/mp4/20250119\00028.mp4,1,2025-01-19
22b,22b_00028,2025-01-19__22b_00028,30,vertical,,"(-0.5449883505954141, 0.838443616300637)",339,629,"(339, 629)",22b_00028_waggle_annotations.csv,16:56:00,20250119,-0.544988350595414,0.838443616300637,213.023867555797,1665,C:/Users/frida/Documents/PhD/Waggle_dance/wd_SA2025/wd_annotator/mp4/20250119\00028.mp4,1,2025-01-19
22b,22b_00028,2025-01-19__22b_00028,31,vertical,,"(-0.5057194997124201, 0.862697970097658)",328,655,"(328, 655)",22b_00028_waggle_annotations.csv,16:56:00,20250119,-0.50571949971242,0.862697970097658,210.379126011368,1709,C:/Users/frida/Documents/PhD/Waggle_dance/wd_SA2025/wd_annotator/mp4/20250119\00028.mp4,1,2025-01-19
22b,22b_00028,2025-01-19__22b_00028,32,vertical,,"(-0.4819187497721559, 0.8762159086766471)",333,673,"(333, 673)",22b_00028_waggle_annotations.csv,16:56:00,20250119,-0.481918749772156,0.876215908676647,208.810793742973,1748,C:/Users/frida/Documents/PhD/Waggle_dance/wd_SA2025/wd_annotator/mp4/20250119\00028.mp4,1,2025-01-19
22b,22b_00028,2025-01-19__22b_00028,33,vertical,,"(-0.6316729511622358, 0.7752349855172893)",339,644,"(339, 644)",22b_00028_waggle_annotations.csv,16:56:00,20250119,-0.631672951162236,0.775234985517289,219.173657970444,1799,C:/Users/frida/Documents/PhD/Waggle_dance/wd_SA2025/wd_annotator/mp4/20250119\00028.mp4,1,2025-01-19
22b,22b_00028,2025-01-19__22b_00028,34,vertical,,"(-0.26592899812581344, 0.9639926182060737)",391,675,"(391, 675)",22b_00028_waggle_annotations.csv,16:56:00,20250119,-0.265928998125813,0.963992618206074,195.422161318739,1842,C:/Users/frida/Documents/PhD/Waggle_dance/wd_SA2025/wd_annotator/mp4/20250119\00028.mp4,1,2025-01-19
22b,22b_00028,2025-01-19__22b_00028,35,vertical,,"(-0.42905681456828765, 0.9032775043542898)",358,664,"(358, 664)",22b_00028_waggle_annotations.csv,16:56:00,20250119,-0.429056814568288,0.90327750435429,205.407718108948,1884,C:/Users/frida/Documents/PhD/Waggle_dance/wd_SA2025/wd_annotator/mp4/20250119\00028.mp4,1,2025-01-19
22b,22b_00028,2025-01-19__22b_00028,36,vertical,,"(-0.5655283555515277, 0.8247288518459779)",358,678,"(358, 678)",22b_00028_waggle_annotations.csv,16:56:00,20250119,-0.565528355551528,0.824728851845978,214.438989308804,1934,C:/Users/frida/Documents/PhD/Waggle_dance/wd_SA2025/wd_annotator/mp4/20250119\00028.mp4,1,2025-01-19
22b,22b_00028,2025-01-19__22b_00028,37,vertical,,"(-0.5665288228870652, 0.8240419241993676)",339,678,"(339, 678)",22b_00028_waggle_annotations.csv,16:56:00,20250119,-0.566528822887065,0.824041924199368,214.508522987668,1988,C:/Users/frida/Documents/PhD/Waggle_dance/wd_SA2025/wd_annotator/mp4/20250119\00028.mp4,1,2025-01-19
22b,22b_00028,2025-01-19__22b_00028,38,vertical,,"(-0.22485950669875843, 0.9743911956946198)",369,656,"(369, 656)",22b_00028_waggle_annotations.csv,16:56:00,20250119,-0.224859506698758,0.97439119569462,192.994616791917,2030,C:/Users/frida/Documents/PhD/Waggle_dance/wd_SA2025/wd_annotator/mp4/20250119\00028.mp4,1,2025-01-19
22b,22b_00028,2025-01-19__22b_00028,39,vertical,,"(-0.43556092810428076, 0.9001592514155136)",189,635,"(189, 635)",22b_00028_waggle_annotations.csv,16:56:00,20250119,-0.435560928104281,0.900159251415514,205.820991974189,2106,C:/Users/frida/Documents/PhD/Waggle_dance/wd_SA2025/wd_annotator/mp4/20250119\00028.mp4,1,2025-01-19
22b,22b_00030,2025-01-19__22b_00030,1,vertical,,"(-0.5658424969124141, 0.8245133526438033)",317,618,"(317, 618)",22b_00030_waggle_annotations.csv,17:04:00,20250119,-0.565842496912414,0.824513352643803,214.460816271372,1171,C:/Users/frida/Documents/PhD/Waggle_dance/wd_SA2025/wd_annotator/mp4/20250119\00030.mp4,1,2025-01-19
22b,22b_00030,2025-01-19__22b_00030,2,vertical,,"(0.6074501075707971, 0.7943578329771962)",343,634,"(343, 634)",22b_00030_waggle_annotations.csv,17:04:00,20250119,0.607450107570797,0.794357832977196,142.594643368591,1214,C:/Users/frida/Documents/PhD/Waggle_dance/wd_SA2025/wd_annotator/mp4/20250119\00030.mp4,1,2025-01-19
22b,22b_00030,2025-01-19__22b_00030,3,vertical,,"(-0.8297221102000094, 0.5581766923163699)",370,658,"(370, 658)",22b_00030_waggle_annotations.csv,17:04:00,20250119,-0.829722110200009,0.55817669231637,236.070202577939,1260,C:/Users/frida/Documents/PhD/Waggle_dance/wd_SA2025/wd_annotator/mp4/20250119\00030.mp4,1,2025-01-19
22b,22b_00030,2025-01-19__22b_00030,4,vertical,,"(0.09392259459566807, 0.9955795027140815)",416,638,"(416, 638)",22b_00030_waggle_annotations.csv,17:04:00,20250119,0.0939225945956681,0.995579502714082,174.610688240027,1311,C:/Users/frida/Documents/PhD/Waggle_dance/wd_SA2025/wd_annotator/mp4/20250119\00030.mp4,1,2025-01-19
22b,22b_00030,2025-01-19__22b_00030,5,vertical,,"(-0.5926805276472258, 0.8054376401359734)",376,583,"(376, 583)",22b_00030_waggle_annotations.csv,17:04:00,20250119,-0.592680527647226,0.805437640135973,216.347458208885,1363,C:/Users/frida/Documents/PhD/Waggle_dance/wd_SA2025/wd_annotator/mp4/20250119\00030.mp4,1,2025-01-19
22b,22b_00030,2025-01-19__22b_00030,6,vertical,,"(-0.3789759961459408, 0.9254065022168322)",455,602,"(455, 602)",22b_00030_waggle_annotations.csv,17:04:00,20250119,-0.378975996145941,0.925406502216832,202.270267920055,1408,C:/Users/frida/Documents/PhD/Waggle_dance/wd_SA2025/wd_annotator/mp4/20250119\00030.mp4,1,2025-01-19
22b,22b_00030,2025-01-19__22b_00030,7,vertical,,"(-0.7592566023652966, 0.6507913734559685)",414,612,"(414, 612)",22b_00030_waggle_annotations.csv,17:04:00,20250119,-0.759256602365297,0.650791373455969,229.398705354996,1456,C:/Users/frida/Documents/PhD/Waggle_dance/wd_SA2025/wd_annotator/mp4/20250119\00030.mp4,1,2025-01-19
22b,22b_00030,2025-01-19__22b_00030,8,vertical,,"(-0.20039623614870658, 0.9797149322825655)",480,614,"(480, 614)",22b_00030_waggle_annotations.csv,17:04:00,20250119,-0.200396236148707,0.979714932282566,191.560130794218,1494,C:/Users/frida/Documents/PhD/Waggle_dance/wd_SA2025/wd_annotator/mp4/20250119\00030.mp4,1,2025-01-19
22b,22b_00030,2025-01-19__22b_00030,9,vertical,,"(-0.6952251158274647, 0.7187920689063618)",447,553,"(447, 553)",22b_00030_waggle_annotations.csv,17:04:00,20250119,-0.695225115827465,0.718792068906362,224.045158746128,1537,C:/Users/frida/Documents/PhD/Waggle_dance/wd_SA2025/wd_annotator/mp4/20250119\00030.mp4,1,2025-01-19
22b,22b_00030,2025-01-19__22b_00030,10,vertical,,"(-0.32314385329151046, 0.946349856067995)",496,577,"(496, 577)",22b_00030_waggle_annotations.csv,17:04:00,20250119,-0.32314385329151,0.946349856067995,198.853158764419,1577,C:/Users/frida/Documents/PhD/Waggle_dance/wd_SA2025/wd_annotator/mp4/20250119\00030.mp4,1,2025-01-19
22b,22b_00030,2025-01-19__22b_00030,11,vertical,,"(-0.6912226459673644, 0.7226418571476991)",451,524,"(451, 524)",22b_00030_waggle_annotations.csv,17:04:00,20250119,-0.691222645967364,0.722641857147699,223.726969979943,1621,C:/Users/frida/Documents/PhD/Waggle_dance/wd_SA2025/wd_annotator/mp4/20250119\00030.mp4,1,2025-01-19
22b,22b_00030,2025-01-19__22b_00030,12,vertical,,"(-0.5780173407803391, 0.8160244811016552)",448,529,"(448, 529)",22b_00030_waggle_annotations.csv,17:04:00,20250119,-0.578017340780339,0.816024481101655,215.311213439633,1667,C:/Users/frida/Documents/PhD/Waggle_dance/wd_SA2025/wd_annotator/mp4/20250119\00030.mp4,1,2025-01-19
22b,22b_00030,2025-01-19__22b_00030,13,vertical,,"(-0.7071067811865476, 0.7071067811865476)",441,449,"(441, 449)",22b_00030_waggle_annotations.csv,17:04:00,20250119,-0.707106781186548,0.707106781186548,225,1723,C:/Users/frida/Documents/PhD/Waggle_dance/wd_SA2025/wd_annotator/mp4/20250119\00030.mp4,1,2025-01-19
22b,22b_00030,2025-01-19__22b_00030,14,vertical,,"(-0.59001658934231, 0.807391122257898)",475,465,"(475, 465)",22b_00030_waggle_annotations.csv,17:04:00,20250119,-0.59001658934231,0.807391122257898,216.158185439808,1763,C:/Users/frida/Documents/PhD/Waggle_dance/wd_SA2025/wd_annotator/mp4/20250119\00030.mp4,1,2025-01-19
22b,22b_00030,2025-01-19__22b_00030,15,vertical,,"(-0.6567807448042019, 0.7540815958863059)",444,427,"(444, 427)",22b_00030_waggle_annotations.csv,17:04:00,20250119,-0.656780744804202,0.754081595886306,221.054813770962,1803,C:/Users/frida/Documents/PhD/Waggle_dance/wd_SA2025/wd_annotator/mp4/20250119\00030.mp4,1,2025-01-19
22b,22b_00030,2025-01-19__22b_00030,16,vertical,,"(0.07870248542001067, 0.9968981486534685)",479,495,"(479, 495)",22b_00030_waggle_annotations.csv,17:04:00,20250119,0.0787024854200107,0.996898148653469,175.486011541999,1857,C:/Users/frida/Documents/PhD/Waggle_dance/wd_SA2025/wd_annotator/mp4/20250119\00030.mp4,1,2025-01-19
22b,22b_00030,2025-01-19__22b_00030,17,vertical,,"(-0.5749455167129004, 0.818191696860666)",475,449,"(475, 449)",22b_00030_waggle_annotations.csv,17:04:00,20250119,-0.5749455167129,0.818191696860666,215.095816787026,1899,C:/Users/frida/Documents/PhD/Waggle_dance/wd_SA2025/wd_annotator/mp4/20250119\00030.mp4,1,2025-01-19
22b,22b_00030,2025-01-19__22b_00030,18,vertical,,"(0.0, 1.0)",551,448,"(551, 448)",22b_00030_waggle_annotations.csv,17:04:00,20250119,0,1,180,1943,C:/Users/frida/Documents/PhD/Waggle_dance/wd_SA2025/wd_annotator/mp4/20250119\00030.mp4,1,2025-01-19
22b,22b_00030,2025-01-19__22b_00030,19,vertical,,"(-0.554700196225229, 0.8320502943378436)",528,419,"(528, 419)",22b_00030_waggle_annotations.csv,17:04:00,20250119,-0.554700196225229,0.832050294337844,213.69006752598,1990,C:/Users/frida/Documents/PhD/Waggle_dance/wd_SA2025/wd_annotator/mp4/20250119\00030.mp4,1,2025-01-19
22b,22b_00030,2025-01-19__22b_00030,20,vertical,,"(-0.5248887029964605, 0.85117086972399)",517,423,"(517, 423)",22b_00030_waggle_annotations.csv,17:04:00,20250119,-0.524888702996461,0.85117086972399,211.660751096637,2033,C:/Users/frida/Documents/PhD/Waggle_dance/wd_SA2025/wd_annotator/mp4/20250119\00030.mp4,1,2025-01-19
22b,22b_00030,2025-01-19__22b_00030,21,vertical,,"(-0.6034426701855365, 0.7974063856023161)",496,389,"(496, 389)",22b_00030_waggle_annotations.csv,17:04:00,20250119,-0.603442670185537,0.797406385602316,217.11686068327,2077,C:/Users/frida/Documents/PhD/Waggle_dance/wd_SA2025/wd_annotator/mp4/20250119\00030.mp4,1,2025-01-19
22b,22b_00030,2025-01-19__22b_00030,22,vertical,,"(-0.6088187851390504, 0.7933093260902778)",529,388,"(529, 388)",22b_00030_waggle_annotations.csv,17:04:00,20250119,-0.60881878513905,0.793309326090278,217.50414236027,2118,C:/Users/frida/Documents/PhD/Waggle_dance/wd_SA2025/wd_annotator/mp4/20250119\00030.mp4,1,2025-01-19
22b,22b_00030,2025-01-19__22b_00030,23,vertical,,"(-0.7071067811865475, 0.7071067811865475)",462,384,"(462, 384)",22b_00030_waggle_annotations.csv,17:04:00,20250119,-0.707106781186548,0.707106781186548,225,2169,C:/Users/frida/Documents/PhD/Waggle_dance/wd_SA2025/wd_annotator/mp4/20250119\00030.mp4,1,2025-01-19
22b,22b_00030,2025-01-19__22b_00030,24,vertical,,"(-0.47409982303501746, 0.8804710999221753)",522,380,"(522, 380)",22b_00030_waggle_annotations.csv,17:04:00,20250119,-0.474099823035017,0.880471099922175,208.300755766006,2207,C:/Users/frida/Documents/PhD/Waggle_dance/wd_SA2025/wd_annotator/mp4/20250119\00030.mp4,1,2025-01-19
22b,22b_00030,2025-01-19__22b_00030,25,vertical,,"(-0.6401843996644799, 0.7682212795973759)",511,423,"(511, 423)",22b_00030_waggle_annotations.csv,17:04:00,20250119,-0.64018439966448,0.768221279597376,219.805571092265,2263,C:/Users/frida/Documents/PhD/Waggle_dance/wd_SA2025/wd_annotator/mp4/20250119\00030.mp4,1,2025-01-19
22b,22b_00030,2025-01-19__22b_00030,26,vertical,,"(-0.1117947730678652, 0.9937313161588018)",528,463,"(528, 463)",22b_00030_waggle_annotations.csv,17:04:00,20250119,-0.111794773067865,0.993731316158802,186.418786730239,2305,C:/Users/frida/Documents/PhD/Waggle_dance/wd_SA2025/wd_annotator/mp4/20250119\00030.mp4,1,2025-01-19
22b,22b_00030,2025-01-19__22b_00030,27,vertical,,"(-0.5700815482062942, 0.821588113591424)",528,399,"(528, 399)",22b_00030_waggle_annotations.csv,17:04:00,20250119,-0.570081548206294,0.821588113591424,214.755912553541,2345,C:/Users/frida/Documents/PhD/Waggle_dance/wd_SA2025/wd_annotator/mp4/20250119\00030.mp4,1,2025-01-19
22b,22b_00030,2025-01-19__22b_00030,28,vertical,,"(-0.5608481451695152, 0.8279186904883319)",575,434,"(575, 434)",22b_00030_waggle_annotations.csv,17:04:00,20250119,-0.560848145169515,0.827918690488332,214.114472945341,2388,C:/Users/frida/Documents/PhD/Waggle_dance/wd_SA2025/wd_annotator/mp4/20250119\00030.mp4,1,2025-01-19
22b,22b_00030,2025-01-19__22b_00030,29,vertical,,"(-0.5114838597676826, 0.8592928844097067)",560,419,"(560, 419)",22b_00030_waggle_annotations.csv,17:04:00,20250119,-0.511483859767683,0.859292884409707,210.762719534239,2439,C:/Users/frida/Documents/PhD/Waggle_dance/wd_SA2025/wd_annotator/mp4/20250119\00030.mp4,1,2025-01-19
22b,22b_00030,2025-01-19__22b_00030,30,vertical,,"(-0.1567675442007084, 0.9876355284644629)",596,423,"(596, 423)",22b_00030_waggle_annotations.csv,17:04:00,20250119,-0.156767544200708,0.987635528464463,189.019322431382,2483,C:/Users/frida/Documents/PhD/Waggle_dance/wd_SA2025/wd_annotator/mp4/20250119\00030.mp4,1,2025-01-19
22b,22b_00030,2025-01-19__22b_00030,31,vertical,,"(-0.666330983530245, 0.7456561006171789)",578,395,"(578, 395)",22b_00030_waggle_annotations.csv,17:04:00,20250119,-0.666330983530245,0.745656100617179,221.784516008252,2538,C:/Users/frida/Documents/PhD/Waggle_dance/wd_SA2025/wd_annotator/mp4/20250119\00030.mp4,1,2025-01-19
22b,22b_00030,2025-01-19__22b_00030,32,vertical,,"(-0.1757906384836575, 0.984427575508482)",563,442,"(563, 442)",22b_00030_waggle_annotations.csv,17:04:00,20250119,-0.175790638483658,0.984427575508482,190.124671655398,2584,C:/Users/frida/Documents/PhD/Waggle_dance/wd_SA2025/wd_annotator/mp4/20250119\00030.mp4,1,2025-01-19
22b,22b_00030,2025-01-19__22b_00030,33,vertical,,"(-0.4895347567076386, 0.8719837853854813)",537,423,"(537, 423)",22b_00030_waggle_annotations.csv,17:04:00,20250119,-0.489534756707639,0.871983785385481,209.310007070916,2623,C:/Users/frida/Documents/PhD/Waggle_dance/wd_SA2025/wd_annotator/mp4/20250119\00030.mp4,1,2025-01-19
22b,22b_00030,2025-01-19__22b_00030,34,vertical,,"(-0.5594728550010625, 0.8288486740756481)",599,437,"(599, 437)",22b_00030_waggle_annotations.csv,17:04:00,20250119,-0.559472855001063,0.828848674075648,214.019349989826,2667,C:/Users/frida/Documents/PhD/Waggle_dance/wd_SA2025/wd_annotator/mp4/20250119\00030.mp4,1,2025-01-19
22b,22b_00030,2025-01-19__22b_00030,35,vertical,,"(-0.49132118693190874, 0.8709784677429291)",565,447,"(565, 447)",22b_00030_waggle_annotations.csv,17:04:00,20250119,-0.491321186931909,0.870978467742929,209.42745640319,2708,C:/Users/frida/Documents/PhD/Waggle_dance/wd_SA2025/wd_annotator/mp4/20250119\00030.mp4,1,2025-01-19
22b,22b_00030,2025-01-19__22b_00030,36,vertical,,"(-0.5865098121518428, 0.809942121543021)",586,437,"(586, 437)",22b_00030_waggle_annotations.csv,17:04:00,20250119,-0.586509812151843,0.809942121543021,215.909723079178,2753,C:/Users/frida/Documents/PhD/Waggle_dance/wd_SA2025/wd_annotator/mp4/20250119\00030.mp4,1,2025-01-19
22b,22b_00030,2025-01-19__22b_00030,37,vertical,,"(-0.5021355173865036, 0.8647889466100895)",564,427,"(564, 427)",22b_00030_waggle_annotations.csv,17:04:00,20250119,-0.502135517386504,0.86478894661009,210.141385552075,2801,C:/Users/frida/Documents/PhD/Waggle_dance/wd_SA2025/wd_annotator/mp4/20250119\00030.mp4,1,2025-01-19
22b,22b_00030,2025-01-19__22b_00030,38,vertical,,"(-0.720833064901856, 0.6931087162517846)",603,458,"(603, 458)",22b_00030_waggle_annotations.csv,17:04:00,20250119,-0.720833064901856,0.693108716251785,226.123302714075,2852,C:/Users/frida/Documents/PhD/Waggle_dance/wd_SA2025/wd_annotator/mp4/20250119\00030.mp4,1,2025-01-19
22b,22b_00030,2025-01-19__22b_00030,39,vertical,,"(-0.6401843996644799, 0.7682212795973759)",549,445,"(549, 445)",22b_00030_waggle_annotations.csv,17:04:00,20250119,-0.64018439966448,0.768221279597376,219.805571092265,2933,C:/Users/frida/Documents/PhD/Waggle_dance/wd_SA2025/wd_annotator/mp4/20250119\00030.mp4,1,2025-01-19
22b,22b_00030,2025-01-19__22b_00030,40,vertical,,"(-0.5114838597676826, 0.8592928844097067)",346,725,"(346, 725)",22b_00030_waggle_annotations.csv,17:04:00,20250119,-0.511483859767683,0.859292884409707,210.762719534239,3099,C:/Users/frida/Documents/PhD/Waggle_dance/wd_SA2025/wd_annotator/mp4/20250119\00030.mp4,1,2025-01-19
22b,22b_00030,2025-01-19__22b_00030,41,vertical,,"(-0.2587360852240835, 0.965948051503245)",283,718,"(283, 718)",22b_00030_waggle_annotations.csv,17:04:00,20250119,-0.258736085224084,0.965948051503245,194.995079129176,3292,C:/Users/frida/Documents/PhD/Waggle_dance/wd_SA2025/wd_annotator/mp4/20250119\00030.mp4,1,2025-01-19
22b,22b_00030,2025-01-19__22b_00030,42,vertical,,"(-0.7389558439133294, 0.6737538576856826)",268,652,"(268, 652)",22b_00030_waggle_annotations.csv,17:04:00,20250119,-0.738955843913329,0.673753857685683,227.642545294065,3338,C:/Users/frida/Documents/PhD/Waggle_dance/wd_SA2025/wd_annotator/mp4/20250119\00030.mp4,1,2025-01-19
22b,22b_00030,2025-01-19__22b_00030,43,vertical,,"(-0.7071067811865475, 0.7071067811865475)",268,677,"(268, 677)",22b_00030_waggle_annotations.csv,17:04:00,20250119,-0.707106781186548,0.707106781186548,225,3375,C:/Users/frida/Documents/PhD/Waggle_dance/wd_SA2025/wd_annotator/mp4/20250119\00030.mp4,1,2025-01-19
22b,22b_00030,2025-01-19__22b_00030,44,vertical,,"(-0.6114475010757654, 0.7912850013921671)",283,676,"(283, 676)",22b_00030_waggle_annotations.csv,17:04:00,20250119,-0.611447501075765,0.791285001392167,217.694240466689,3423,C:/Users/frida/Documents/PhD/Waggle_dance/wd_SA2025/wd_annotator/mp4/20250119\00030.mp4,1,2025-01-19
22b,22b_00030,2025-01-19__22b_00030,45,vertical,,"(-0.2714601650218062, 0.9624496759864037)",324,688,"(324, 688)",22b_00030_waggle_annotations.csv,17:04:00,20250119,-0.271460165021806,0.962449675986404,195.751173663453,3466,C:/Users/frida/Documents/PhD/Waggle_dance/wd_SA2025/wd_annotator/mp4/20250119\00030.mp4,1,2025-01-19
22b,22b_00030,2025-01-19__22b_00030,46,vertical,,"(-0.6816036551035045, 0.7317215709199387)",313,674,"(313, 674)",22b_00030_waggle_annotations.csv,17:04:00,20250119,-0.681603655103505,0.731721570919939,222.969085763147,3515,C:/Users/frida/Documents/PhD/Waggle_dance/wd_SA2025/wd_annotator/mp4/20250119\00030.mp4,1,2025-01-19
22b,22b_00030,2025-01-19__22b_00030,47,vertical,,"(-0.39582934757177557, 0.9183240863665194)",335,646,"(335, 646)",22b_00030_waggle_annotations.csv,17:04:00,20250119,-0.395829347571776,0.918324086366519,203.317708386755,3557,C:/Users/frida/Documents/PhD/Waggle_dance/wd_SA2025/wd_annotator/mp4/20250119\00030.mp4,1,2025-01-19
22b,22b_00030,2025-01-19__22b_00030,48,vertical,,"(-0.7348034446274879, 0.6782801027330658)",285,656,"(285, 656)",22b_00030_waggle_annotations.csv,17:04:00,20250119,-0.734803444627488,0.678280102733066,227.290610042639,3608,C:/Users/frida/Documents/PhD/Waggle_dance/wd_SA2025/wd_annotator/mp4/20250119\00030.mp4,1,2025-01-19
22b,22b_00030,2025-01-19__22b_00030,49,vertical,,"(-0.10391202164098284, 0.9945864928494073)",290,659,"(290, 659)",22b_00030_waggle_annotations.csv,17:04:00,20250119,-0.103912021640983,0.994586492849407,185.964487101253,3652,C:/Users/frida/Documents/PhD/Waggle_dance/wd_SA2025/wd_annotator/mp4/20250119\00030.mp4,1,2025-01-19
22b,22b_00030,2025-01-19__22b_00030,50,vertical,,"(-0.638017864750323, 0.7700215609055623)",245,631,"(245, 631)",22b_00030_waggle_annotations.csv,17:04:00,20250119,-0.638017864750323,0.770021560905562,219.644174957145,3715,C:/Users/frida/Documents/PhD/Waggle_dance/wd_SA2025/wd_annotator/mp4/20250119\00030.mp4,1,2025-01-19
22b,22b_00030,2025-01-19__22b_00030,51,vertical,,"(-0.7162295881449137, 0.6978647269104288)",287,621,"(287, 621)",22b_00030_waggle_annotations.csv,17:04:00,20250119,-0.716229588144914,0.697864726910429,225.744059202889,3758,C:/Users/frida/Documents/PhD/Waggle_dance/wd_SA2025/wd_annotator/mp4/20250119\00030.mp4,1,2025-01-19
22b,22b_00035,2025-01-19__22b_00035,1,vertical,,"(-0.7608339519590858, 0.6489466060827497)",606,472,"(606, 472)",22b_00035_waggle_annotations.csv,17:21:00,20250119,-0.760833951959086,0.64894660608275,229.537772507907,655,C:/Users/frida/Documents/PhD/Waggle_dance/wd_SA2025/wd_annotator/mp4/20250119\00035.mp4,1,2025-01-19
22b,22b_00035,2025-01-19__22b_00035,2,vertical,,"(0.052558833122763673, 0.9986178293325098)",647,461,"(647, 461)",22b_00035_waggle_annotations.csv,17:21:00,20250119,0.0525588331227637,0.99861782933251,176.987212495817,692,C:/Users/frida/Documents/PhD/Waggle_dance/wd_SA2025/wd_annotator/mp4/20250119\00035.mp4,1,2025-01-19
22b,22b_00035,2025-01-19__22b_00035,3,vertical,,"(-0.7808688094430304, 0.6246950475544243)",626,418,"(626, 418)",22b_00035_waggle_annotations.csv,17:21:00,20250119,-0.78086880944303,0.624695047554424,231.34019174591,725,C:/Users/frida/Documents/PhD/Waggle_dance/wd_SA2025/wd_annotator/mp4/20250119\00035.mp4,1,2025-01-19
22b,22b_00035,2025-01-19__22b_00035,4,vertical,,"(-0.40199006203519805, 0.9156440301912844)",666,408,"(666, 408)",22b_00035_waggle_annotations.csv,17:21:00,20250119,-0.401990062035198,0.915644030191284,203.702645950966,767,C:/Users/frida/Documents/PhD/Waggle_dance/wd_SA2025/wd_annotator/mp4/20250119\00035.mp4,1,2025-01-19
22b,22b_00035,2025-01-19__22b_00035,5,vertical,,"(-0.782280144548, 0.6229267817697037)",633,378,"(633, 378)",22b_00035_waggle_annotations.csv,17:21:00,20250119,-0.782280144548,0.622926781769704,231.469819985173,807,C:/Users/frida/Documents/PhD/Waggle_dance/wd_SA2025/wd_annotator/mp4/20250119\00035.mp4,1,2025-01-19
22b,22b_00035,2025-01-19__22b_00035,6,vertical,,"(0.40905590409290915, 0.9125093245149513)",692,386,"(692, 386)",22b_00035_waggle_annotations.csv,17:21:00,20250119,0.409055904092909,0.912509324514951,155.854458039578,851,C:/Users/frida/Documents/PhD/Waggle_dance/wd_SA2025/wd_annotator/mp4/20250119\00035.mp4,1,2025-01-19
22b,22b_00035,2025-01-19__22b_00035,7,vertical,,"(-0.7608339519590858, 0.6489466060827497)",692,327,"(692, 327)",22b_00035_waggle_annotations.csv,17:21:00,20250119,-0.760833951959086,0.64894660608275,229.537772507907,883,C:/Users/frida/Documents/PhD/Waggle_dance/wd_SA2025/wd_annotator/mp4/20250119\00035.mp4,1,2025-01-19
22b,22b_00035,2025-01-19__22b_00035,8,vertical,,"(-0.3481865296036271, 0.9374252720097652)",746,356,"(746, 356)",22b_00035_waggle_annotations.csv,17:21:00,20250119,-0.348186529603627,0.937425272009765,200.376435213836,925,C:/Users/frida/Documents/PhD/Waggle_dance/wd_SA2025/wd_annotator/mp4/20250119\00035.mp4,1,2025-01-19
22b,22b_00035,2025-01-19__22b_00035,9,vertical,,"(-0.807391122257898, 0.59001658934231)",743,332,"(743, 332)",22b_00035_waggle_annotations.csv,17:21:00,20250119,-0.807391122257898,0.59001658934231,233.841814560192,967,C:/Users/frida/Documents/PhD/Waggle_dance/wd_SA2025/wd_annotator/mp4/20250119\00035.mp4,1,2025-01-19
22b,22b_00035,2025-01-19__22b_00035,10,vertical,,"(-0.16007115855366244, 0.9871054777475851)",756,339,"(756, 339)",22b_00035_waggle_annotations.csv,17:21:00,20250119,-0.160071158553662,0.987105477747585,189.211026540817,1008,C:/Users/frida/Documents/PhD/Waggle_dance/wd_SA2025/wd_annotator/mp4/20250119\00035.mp4,1,2025-01-19
22b,22b_00035,2025-01-19__22b_00035,11,vertical,,"(-0.49301257198088033, 0.8700221858486124)",758,315,"(758, 315)",22b_00035_waggle_annotations.csv,17:21:00,20250119,-0.49301257198088,0.870022185848612,209.538782259558,1052,C:/Users/frida/Documents/PhD/Waggle_dance/wd_SA2025/wd_annotator/mp4/20250119\00035.mp4,1,2025-01-19
22b,22b_00035,2025-01-19__22b_00035,12,vertical,,"(-0.46031716445500037, 0.8877545314489294)",814,341,"(814, 341)",22b_00035_waggle_annotations.csv,17:21:00,20250119,-0.460317164455,0.887754531448929,207.407575437818,1105,C:/Users/frida/Documents/PhD/Waggle_dance/wd_SA2025/wd_annotator/mp4/20250119\00035.mp4,1,2025-01-19
22b,22b_00035,2025-01-19__22b_00035,13,vertical,,"(-0.6896551724137931, 0.7241379310344828)",720,326,"(720, 326)",22b_00035_waggle_annotations.csv,17:21:00,20250119,-0.689655172413793,0.724137931034483,223.602818972704,1161,C:/Users/frida/Documents/PhD/Waggle_dance/wd_SA2025/wd_annotator/mp4/20250119\00035.mp4,1,2025-01-19
22b,22b_00039,2025-01-19__22b_00039,1,vertical,,"(-0.713808759938232, 0.7003406701280767)",547,706,"(547, 706)",22b_00039_waggle_annotations.csv,17:31:00,20250119,-0.713808759938232,0.700340670128077,225.545657593416,22,C:/Users/frida/Documents/PhD/Waggle_dance/wd_SA2025/wd_annotator/mp4/20250119\00039.mp4,1,2025-01-19
22b,22b_00039,2025-01-19__22b_00039,2,vertical,,"(-0.5905099943842171, 0.8070303256584301)",593,726,"(593, 726)",22b_00039_waggle_annotations.csv,17:31:00,20250119,-0.590509994384217,0.80703032565843,216.193207305565,65,C:/Users/frida/Documents/PhD/Waggle_dance/wd_SA2025/wd_annotator/mp4/20250119\00039.mp4,1,2025-01-19
22b,22b_00039,2025-01-19__22b_00039,3,vertical,,"(-0.8650311892618034, 0.501718089771846)",596,711,"(596, 711)",22b_00039_waggle_annotations.csv,17:31:00,20250119,-0.865031189261803,0.501718089771846,239.886266849018,109,C:/Users/frida/Documents/PhD/Waggle_dance/wd_SA2025/wd_annotator/mp4/20250119\00039.mp4,1,2025-01-19
22b,22b_00039,2025-01-19__22b_00039,4,vertical,,"(-0.6222441255753678, 0.7828232547561078)",603,719,"(603, 719)",22b_00039_waggle_annotations.csv,17:31:00,20250119,-0.622244125575368,0.782823254756108,218.480198248343,155,C:/Users/frida/Documents/PhD/Waggle_dance/wd_SA2025/wd_annotator/mp4/20250119\00039.mp4,1,2025-01-19
22b,22b_00039,2025-01-19__22b_00039,5,vertical,,"(-0.9161573349021892, 0.4008188340197078)",554,695,"(554, 695)",22b_00039_waggle_annotations.csv,17:31:00,20250119,-0.916157334902189,0.400818834019708,246.370622269343,191,C:/Users/frida/Documents/PhD/Waggle_dance/wd_SA2025/wd_annotator/mp4/20250119\00039.mp4,1,2025-01-19
22b,22b_00039,2025-01-19__22b_00039,6,vertical,,"(-0.3688455203054102, 0.9294907111696336)",596,718,"(596, 718)",22b_00039_waggle_annotations.csv,17:31:00,20250119,-0.36884552030541,0.929490711169634,201.644435140714,234,C:/Users/frida/Documents/PhD/Waggle_dance/wd_SA2025/wd_annotator/mp4/20250119\00039.mp4,1,2025-01-19
22b,22b_00039,2025-01-19__22b_00039,7,vertical,,"(-0.9230769230769231, 0.38461538461538464)",599,683,"(599, 683)",22b_00039_waggle_annotations.csv,17:31:00,20250119,-0.923076923076923,0.384615384615385,247.38013505196,280,C:/Users/frida/Documents/PhD/Waggle_dance/wd_SA2025/wd_annotator/mp4/20250119\00039.mp4,1,2025-01-19
22b,22b_00039,2025-01-19__22b_00039,8,vertical,,"(-0.4558758698056578, 0.8900433648586652)",567,695,"(567, 695)",22b_00039_waggle_annotations.csv,17:31:00,20250119,-0.455875869805658,0.890043364858665,207.121303404159,324,C:/Users/frida/Documents/PhD/Waggle_dance/wd_SA2025/wd_annotator/mp4/20250119\00039.mp4,1,2025-01-19
22b,22b_00039,2025-01-19__22b_00039,9,vertical,,"(-0.7337606740181695, 0.679408031498305)",558,672,"(558, 672)",22b_00039_waggle_annotations.csv,17:31:00,20250119,-0.73376067401817,0.679408031498305,227.202598161766,375,C:/Users/frida/Documents/PhD/Waggle_dance/wd_SA2025/wd_annotator/mp4/20250119\00039.mp4,1,2025-01-19
22b,22b_00039,2025-01-19__22b_00039,10,vertical,,"(-0.7071067811865475, 0.7071067811865475)",571,697,"(571, 697)",22b_00039_waggle_annotations.csv,17:31:00,20250119,-0.707106781186548,0.707106781186548,225,417,C:/Users/frida/Documents/PhD/Waggle_dance/wd_SA2025/wd_annotator/mp4/20250119\00039.mp4,1,2025-01-19
22b,22b_00039,2025-01-19__22b_00039,11,vertical,,"(-0.7627569634671122, 0.6466852516351603)",535,684,"(535, 684)",22b_00039_waggle_annotations.csv,17:31:00,20250119,-0.762756963467112,0.64668525163516,229.707852244372,466,C:/Users/frida/Documents/PhD/Waggle_dance/wd_SA2025/wd_annotator/mp4/20250119\00039.mp4,1,2025-01-19
22b,22b_00039,2025-01-19__22b_00039,12,vertical,,"(-0.6726727939963124, 0.7399400733959437)",564,697,"(564, 697)",22b_00039_waggle_annotations.csv,17:31:00,20250119,-0.672672793996312,0.739940073395944,222.273689006094,508,C:/Users/frida/Documents/PhD/Waggle_dance/wd_SA2025/wd_annotator/mp4/20250119\00039.mp4,1,2025-01-19
22b,22b_00039,2025-01-19__22b_00039,13,vertical,,"(-0.7848827655334262, 0.6196442885790207)",554,726,"(554, 726)",22b_00039_waggle_annotations.csv,17:31:00,20250119,-0.784882765533426,0.619644288579021,231.709836807757,555,C:/Users/frida/Documents/PhD/Waggle_dance/wd_SA2025/wd_annotator/mp4/20250119\00039.mp4,1,2025-01-19
22b,22b_00039,2025-01-19__22b_00039,14,vertical,,"(-0.7703943211246898, 0.637567714034226)",564,726,"(564, 726)",22b_00039_waggle_annotations.csv,17:31:00,20250119,-0.77039432112469,0.637567714034226,230.389311759973,601,C:/Users/frida/Documents/PhD/Waggle_dance/wd_SA2025/wd_annotator/mp4/20250119\00039.mp4,1,2025-01-19
22b,22b_00039,2025-01-19__22b_00039,15,vertical,,"(-0.6782801027330658, 0.7348034446274879)",556,729,"(556, 729)",22b_00039_waggle_annotations.csv,17:31:00,20250119,-0.678280102733066,0.734803444627488,222.709389957361,650,C:/Users/frida/Documents/PhD/Waggle_dance/wd_SA2025/wd_annotator/mp4/20250119\00039.mp4,1,2025-01-19
22b,22b_00039,2025-01-19__22b_00039,16,vertical,,"(-0.4472135954999579, 0.8944271909999159)",533,736,"(533, 736)",22b_00039_waggle_annotations.csv,17:31:00,20250119,-0.447213595499958,0.894427190999916,206.565051177078,700,C:/Users/frida/Documents/PhD/Waggle_dance/wd_SA2025/wd_annotator/mp4/20250119\00039.mp4,1,2025-01-19
22b,22b_00039,2025-01-19__22b_00039,17,vertical,,"(-0.658504607868518, 0.7525766947068778)",496,691,"(496, 691)",22b_00039_waggle_annotations.csv,17:31:00,20250119,-0.658504607868518,0.752576694706878,221.18592516571,755,C:/Users/frida/Documents/PhD/Waggle_dance/wd_SA2025/wd_annotator/mp4/20250119\00039.mp4,1,2025-01-19
22b,22b_00039,2025-01-19__22b_00039,18,vertical,,"(-0.2956837280711308, 0.9552858906913457)",497,716,"(497, 716)",22b_00039_waggle_annotations.csv,17:31:00,20250119,-0.295683728071131,0.955285890691346,197.198541220066,804,C:/Users/frida/Documents/PhD/Waggle_dance/wd_SA2025/wd_annotator/mp4/20250119\00039.mp4,1,2025-01-19
22b,22b_00039,2025-01-19__22b_00039,19,vertical,,"(-0.8682431421244593, 0.49613893835683387)",531,729,"(531, 729)",22b_00039_waggle_annotations.csv,17:31:00,20250119,-0.868243142124459,0.496138938356834,240.255118703058,849,C:/Users/frida/Documents/PhD/Waggle_dance/wd_SA2025/wd_annotator/mp4/20250119\00039.mp4,1,2025-01-19
22b,22b_00041,2025-01-19__22b_00041,1,vertical,,"(-0.899235088745796, 0.4374657188493062)",382,821,"(382, 821)",22b_00041_waggle_annotations.csv,17:35:00,20250119,-0.899235088745796,0.437465718849306,244.057704510128,1384,C:/Users/frida/Documents/PhD/Waggle_dance/wd_SA2025/wd_annotator/mp4/20250119\00041.mp4,1,2025-01-19
22b,22b_00041,2025-01-19__22b_00041,2,vertical,,"(-0.4873661592641371, 0.8731977020149124)",415,814,"(415, 814)",22b_00041_waggle_annotations.csv,17:35:00,20250119,-0.487366159264137,0.873197702014912,209.167613379578,1419,C:/Users/frida/Documents/PhD/Waggle_dance/wd_SA2025/wd_annotator/mp4/20250119\00041.mp4,1,2025-01-19
22b,22b_00041,2025-01-19__22b_00041,3,vertical,,"(-0.8574929257125442, 0.5144957554275266)",394,785,"(394, 785)",22b_00041_waggle_annotations.csv,17:35:00,20250119,-0.857492925712544,0.514495755427527,239.036243467926,1454,C:/Users/frida/Documents/PhD/Waggle_dance/wd_SA2025/wd_annotator/mp4/20250119\00041.mp4,1,2025-01-19
22b,22b_00041,2025-01-19__22b_00041,4,vertical,,"(-0.26311740579210874, 0.9647638212377321)",391,806,"(391, 806)",22b_00041_waggle_annotations.csv,17:35:00,20250119,-0.263117405792109,0.964763821237732,195.255118703058,1497,C:/Users/frida/Documents/PhD/Waggle_dance/wd_SA2025/wd_annotator/mp4/20250119\00041.mp4,1,2025-01-19
22b,22b_00041,2025-01-19__22b_00041,5,vertical,,"(-0.7371541402007414, 0.6757246285173463)",380,792,"(380, 792)",22b_00041_waggle_annotations.csv,17:35:00,20250119,-0.737154140200741,0.675724628517346,227.489552921999,1542,C:/Users/frida/Documents/PhD/Waggle_dance/wd_SA2025/wd_annotator/mp4/20250119\00041.mp4,1,2025-01-19
22b,22b_00041,2025-01-19__22b_00041,6,vertical,,"(-0.3344098451707649, 0.9424277454812465)",346,796,"(346, 796)",22b_00041_waggle_annotations.csv,17:35:00,20250119,-0.334409845170765,0.942427745481247,199.536654938128,1590,C:/Users/frida/Documents/PhD/Waggle_dance/wd_SA2025/wd_annotator/mp4/20250119\00041.mp4,1,2025-01-19
22b,22b_00041,2025-01-19__22b_00041,7,vertical,,"(-0.5854905538443584, 0.8106792283998809)",333,797,"(333, 797)",22b_00041_waggle_annotations.csv,17:35:00,20250119,-0.585490553844358,0.810679228399881,215.837652954278,1636,C:/Users/frida/Documents/PhD/Waggle_dance/wd_SA2025/wd_annotator/mp4/20250119\00041.mp4,1,2025-01-19
22b,22b_horiz_00054,2025-01-19__22b_horiz_00054,1,horizontal,,"(-1.0, 0.0)",1476,735,"(1476, 735)",22b_horiz_00054_waggle_annotations.csv,18:00:00,20250119,−1,0,270,1439,C:\Users\frida\Documents\PhD\Waggle_dance\wd_SA2025\wd_annotator\mp4\20250119\00054.mp4,1,2025-01-19
22b,22b_horiz_00054,2025-01-19__22b_horiz_00054,2,horizontal,,"(-0.9926458775505261, 0.12105437531103977)",1265,804,"(1265, 804)",22b_horiz_00054_waggle_annotations.csv,18:00:00,20250119,-0.992645877550526,0.12105437531104,263.047042531826,1527,C:\Users\frida\Documents\PhD\Waggle_dance\wd_SA2025\wd_annotator\mp4\20250119\00054.mp4,1,2025-01-19
22b,22b_horiz_00054,2025-01-19__22b_horiz_00054,3,horizontal,,"(-0.9978801059658183, -0.06507913734559685)",1235,793,"(1235, 793)",22b_horiz_00054_waggle_annotations.csv,18:00:00,20250119,-0.997880105965818,-0.0650791373455969,273.73139699916,1606,C:\Users\frida\Documents\PhD\Waggle_dance\wd_SA2025\wd_annotator\mp4\20250119\00054.mp4,1,2025-01-19
22b,22b_horiz_00054,2025-01-19__22b_horiz_00054,4,horizontal,,"(-0.9874406319167053, 0.15799050110667284)",1203,802,"(1203, 802)",22b_horiz_00054_waggle_annotations.csv,18:00:00,20250119,-0.987440631916705,0.157990501106673,260.909723079178,1655,C:\Users\frida\Documents\PhD\Waggle_dance\wd_SA2025\wd_annotator\mp4\20250119\00054.mp4,1,2025-01-19
22b,22b_horiz_00054,2025-01-19__22b_horiz_00054,5,horizontal,,"(-0.9743911956946198, -0.22485950669875843)",1236,750,"(1236, 750)",22b_horiz_00054_waggle_annotations.csv,18:00:00,20250119,-0.97439119569462,-0.224859506698758,282.994616791917,1700,C:\Users\frida\Documents\PhD\Waggle_dance\wd_SA2025\wd_annotator\mp4\20250119\00054.mp4,1,2025-01-19
22b,22b_horiz_00054,2025-01-19__22b_horiz_00054,6,horizontal,,"(-0.9922778767136677, -0.12403473458920847)",1219,755,"(1219, 755)",22b_horiz_00054_waggle_annotations.csv,18:00:00,20250119,-0.992277876713668,-0.124034734589208,277.125016348902,1742,C:\Users\frida\Documents\PhD\Waggle_dance\wd_SA2025\wd_annotator\mp4\20250119\00054.mp4,1,2025-01-19
22b,22b_horiz_00054,2025-01-19__22b_horiz_00054,7,horizontal,,"(-0.9922778767136677, -0.12403473458920847)",1226,734,"(1226, 734)",22b_horiz_00054_waggle_annotations.csv,18:00:00,20250119,-0.992277876713668,-0.124034734589208,277.125016348902,1789,C:\Users\frida\Documents\PhD\Waggle_dance\wd_SA2025\wd_annotator\mp4\20250119\00054.mp4,1,2025-01-19
22b,22b_horiz_00054,2025-01-19__22b_horiz_00054,8,horizontal,,"(-0.9922778767136677, 0.12403473458920847)",1201,709,"(1201, 709)",22b_horiz_00054_waggle_annotations.csv,18:00:00,20250119,-0.992277876713668,0.124034734589208,262.874983651098,1845,C:\Users\frida\Documents\PhD\Waggle_dance\wd_SA2025\wd_annotator\mp4\20250119\00054.mp4,1,2025-01-19
22b,22b_horiz_00054,2025-01-19__22b_horiz_00054,9,horizontal,,"(-0.9938837346736188, -0.11043152607484653)",1212,699,"(1212, 699)",22b_horiz_00054_waggle_annotations.csv,18:00:00,20250119,-0.993883734673619,-0.110431526074847,276.34019174591,1890,C:\Users\frida\Documents\PhD\Waggle_dance\wd_SA2025\wd_annotator\mp4\20250119\00054.mp4,1,2025-01-19
22b,22b_horiz_00054,2025-01-19__22b_horiz_00054,10,horizontal,,"(-0.999028234937562, -0.04407477507077479)",1206,716,"(1206, 716)",22b_horiz_00054_waggle_annotations.csv,18:00:00,20250119,-0.999028234937562,-0.0440747750707748,272.52611691162,1930,C:\Users\frida\Documents\PhD\Waggle_dance\wd_SA2025\wd_annotator\mp4\20250119\00054.mp4,1,2025-01-19
22b,22b_horiz_00054,2025-01-19__22b_horiz_00054,11,horizontal,,"(-0.9998918860475786, -0.014704292441876156)",1220,711,"(1220, 711)",22b_horiz_00054_waggle_annotations.csv,18:00:00,20250119,-0.999891886047579,-0.0147042924418762,270.84252426074,1979,C:\Users\frida\Documents\PhD\Waggle_dance\wd_SA2025\wd_annotator\mp4\20250119\00054.mp4,1,2025-01-19
22b,22b_horiz_00054,2025-01-19__22b_horiz_00054,12,horizontal,,"(-0.9960726406926864, -0.08853979028379436)",1214,740,"(1214, 740)",22b_horiz_00054_waggle_annotations.csv,18:00:00,20250119,-0.996072640692686,-0.0885397902837944,275.079607860015,2023,C:\Users\frida\Documents\PhD\Waggle_dance\wd_SA2025\wd_annotator\mp4\20250119\00054.mp4,1,2025-01-19
22b,22b_horiz_00054,2025-01-19__22b_horiz_00054,13,horizontal,,"(-0.9990561583550596, -0.04343722427630694)",1178,781,"(1178, 781)",22b_horiz_00054_waggle_annotations.csv,18:00:00,20250119,-0.99905615835506,-0.0434372242763069,272.489552921999,2065,C:\Users\frida\Documents\PhD\Waggle_dance\wd_SA2025\wd_annotator\mp4\20250119\00054.mp4,1,2025-01-19
22b,22b_horiz_00054,2025-01-19__22b_horiz_00054,14,horizontal,,"(-0.9986876634765887, -0.05121475197315839)",1082,802,"(1082, 802)",22b_horiz_00054_waggle_annotations.csv,18:00:00,20250119,-0.998687663476589,-0.0512147519731584,272.935673446421,2157,C:\Users\frida\Documents\PhD\Waggle_dance\wd_SA2025\wd_annotator\mp4\20250119\00054.mp4,1,2025-01-19
22b,22b_horiz_00054,2025-01-19__22b_horiz_00054,15,horizontal,,"(-0.998646416445549, -0.05201283418987235)",1071,809,"(1071, 809)",22b_horiz_00054_waggle_annotations.csv,18:00:00,20250119,-0.998646416445549,-0.0520128341898724,272.981461219982,2241,C:\Users\frida\Documents\PhD\Waggle_dance\wd_SA2025\wd_annotator\mp4\20250119\00054.mp4,1,2025-01-19
22b,22b_horiz_00054,2025-01-19__22b_horiz_00054,16,horizontal,,"(-0.997458699830735, -0.07124704998790965)",1054,816,"(1054, 816)",22b_horiz_00054_waggle_annotations.csv,18:00:00,20250119,-0.997458699830735,-0.0712470499879097,274.085616779975,2325,C:\Users\frida\Documents\PhD\Waggle_dance\wd_SA2025\wd_annotator\mp4\20250119\00054.mp4,1,2025-01-19
22b,22b_horiz_00059,2025-01-19__22b_horiz_00059,1,horizontal,,"(-0.8155071447352175, 0.578747005941122)",999,797,"(999, 797)",22b_horiz_00059_waggle_annotations.csv,18:12:00,20250119,-0.815507144735218,0.578747005941122,234.637538112931,34,C:\Users\frida\Documents\PhD\Waggle_dance\wd_SA2025\wd_annotator\mp4\20250119\00059.mp4,1,2025-01-19
22b,22b_horiz_00059,2025-01-19__22b_horiz_00059,2,horizontal,,"(-0.9924484830682104, 0.12266217206461028)",1015,790,"(1015, 790)",22b_horiz_00059_waggle_annotations.csv,18:12:00,20250119,-0.99244848306821,0.12266217206461,262.954230875133,83,C:\Users\frida\Documents\PhD\Waggle_dance\wd_SA2025\wd_annotator\mp4\20250119\00059.mp4,1,2025-01-19
22b,22b_horiz_00059,2025-01-19__22b_horiz_00059,3,horizontal,,"(-1.0, 0.0)",948,765,"(948, 765)",22b_horiz_00059_waggle_annotations.csv,18:12:00,20250119,−1,0,270,114,C:\Users\frida\Documents\PhD\Waggle_dance\wd_SA2025\wd_annotator\mp4\20250119\00059.mp4,1,2025-01-19
22b,22b_horiz_00059,2025-01-19__22b_horiz_00059,4,horizontal,,"(-0.9997918184634463, -0.020403914662519312)",912,719,"(912, 719)",22b_horiz_00059_waggle_annotations.csv,18:12:00,20250119,-0.999791818463446,-0.0204039146625193,271.169139327907,161,C:\Users\frida\Documents\PhD\Waggle_dance\wd_SA2025\wd_annotator\mp4\20250119\00059.mp4,1,2025-01-19
22b,22b_horiz_00059,2025-01-19__22b_horiz_00059,5,horizontal,,"(-0.983453188589073, 0.1811624294769345)",939,723,"(939, 723)",22b_horiz_00059_waggle_annotations.csv,18:12:00,20250119,-0.983453188589073,0.181162429476935,259.562524648882,211,C:\Users\frida\Documents\PhD\Waggle_dance\wd_SA2025\wd_annotator\mp4\20250119\00059.mp4,1,2025-01-19
22b,22b_horiz_00059,2025-01-19__22b_horiz_00059,6,horizontal,,"(-0.9975751008362207, 0.06959826284903865)",969,674,"(969, 674)",22b_horiz_00059_waggle_annotations.csv,18:12:00,20250119,-0.997575100836221,0.0695982628490387,15145101.57.00,257,C:\Users\frida\Documents\PhD\Waggle_dance\wd_SA2025\wd_annotator\mp4\20250119\00059.mp4,1,2025-01-19
22b,22b_horiz_00059,2025-01-19__22b_horiz_00059,7,horizontal,,"(-0.9990138064662086, 0.04440061362072038)",982,695,"(982, 695)",22b_horiz_00059_waggle_annotations.csv,18:12:00,20250119,-0.999013806466209,0.0444006136207204,267.455195620187,301,C:\Users\frida\Documents\PhD\Waggle_dance\wd_SA2025\wd_annotator\mp4\20250119\00059.mp4,1,2025-01-19
22b,22b_horiz_00059,2025-01-19__22b_horiz_00059,8,horizontal,,"(-0.9998220482235222, -0.018864566947613626)",961,698,"(961, 698)",22b_horiz_00059_waggle_annotations.csv,18:12:00,20250119,-0.999822048223522,-0.0188645669476136,271.080924186661,344,C:\Users\frida\Documents\PhD\Waggle_dance\wd_SA2025\wd_annotator\mp4\20250119\00059.mp4,1,2025-01-19
22b,22b_horiz_00059,2025-01-19__22b_horiz_00059,9,horizontal,,"(-0.9995120760870788, 0.031234752377721213)",948,691,"(948, 691)",22b_horiz_00059_waggle_annotations.csv,18:12:00,20250119,-0.999512076087079,0.0312347523777212,268.210089391754,389,C:\Users\frida\Documents\PhD\Waggle_dance\wd_SA2025\wd_annotator\mp4\20250119\00059.mp4,1,2025-01-19
22b,22b_horiz_00059,2025-01-19__22b_horiz_00059,10,horizontal,,"(-0.9998611400396, -0.016664352333993333)",997,637,"(997, 637)",22b_horiz_00059_waggle_annotations.csv,18:12:00,20250119,-0.9998611400396,-0.0166643523339933,270.954841253872,444,C:\Users\frida\Documents\PhD\Waggle_dance\wd_SA2025\wd_annotator\mp4\20250119\00059.mp4,1,2025-01-19
22b,22b_horiz_00059,2025-01-19__22b_horiz_00059,11,horizontal,,"(-1.0, 0.0)",957,706,"(957, 706)",22b_horiz_00059_waggle_annotations.csv,18:12:00,20250119,−1,0,270,490,C:\Users\frida\Documents\PhD\Waggle_dance\wd_SA2025\wd_annotator\mp4\20250119\00059.mp4,1,2025-01-19
22b,22b_horiz_00059,2025-01-19__22b_horiz_00059,12,horizontal,,"(-0.9996144206527183, -0.027767067240353285)",960,715,"(960, 715)",22b_horiz_00059_waggle_annotations.csv,18:12:00,20250119,-0.999614420652718,-0.0277670672403533,271.591140271195,528,C:\Users\frida\Documents\PhD\Waggle_dance\wd_SA2025\wd_annotator\mp4\20250119\00059.mp4,1,2025-01-19
22b,22b_horiz_00059,2025-01-19__22b_horiz_00059,13,horizontal,,"(-0.9968981486534685, 0.07870248542001067)",940,702,"(940, 702)",22b_horiz_00059_waggle_annotations.csv,18:12:00,20250119,-0.996898148653469,0.0787024854200107,265.486011541999,571,C:\Users\frida\Documents\PhD\Waggle_dance\wd_SA2025\wd_annotator\mp4\20250119\00059.mp4,1,2025-01-19
22b,22b_horiz_00059,2025-01-19__22b_horiz_00059,14,horizontal,,"(-0.9983713344239766, -0.057049790538512946)",958,718,"(958, 718)",22b_horiz_00059_waggle_annotations.csv,18:12:00,20250119,-0.998371334423977,-0.0570497905385129,273.270487923184,614,C:\Users\frida\Documents\PhD\Waggle_dance\wd_SA2025\wd_annotator\mp4\20250119\00059.mp4,1,2025-01-19
22b,22b_horiz_00059,2025-01-19__22b_horiz_00059,15,horizontal,,"(-0.9998347517133227, -0.01817881366751496)",964,706,"(964, 706)",22b_horiz_00059_waggle_annotations.csv,18:12:00,20250119,-0.999834751713323,-0.018178813667515,271.04162667601,662,C:\Users\frida\Documents\PhD\Waggle_dance\wd_SA2025\wd_annotator\mp4\20250119\00059.mp4,1,2025-01-19
22b,22b_horiz_00059,2025-01-19__22b_horiz_00059,16,horizontal,,"(-0.9629640197141817, 0.2696299255199709)",874,692,"(874, 692)",22b_horiz_00059_waggle_annotations.csv,18:12:00,20250119,-0.962964019714182,0.269629925519971,254.357753542791,713,C:\Users\frida\Documents\PhD\Waggle_dance\wd_SA2025\wd_annotator\mp4\20250119\00059.mp4,1,2025-01-19
22b,22b_horiz_00059,2025-01-19__22b_horiz_00059,17,horizontal,,"(-1.0, 0.0)",939,705,"(939, 705)",22b_horiz_00059_waggle_annotations.csv,18:12:00,20250119,−1,0,270,748,C:\Users\frida\Documents\PhD\Waggle_dance\wd_SA2025\wd_annotator\mp4\20250119\00059.mp4,1,2025-01-19
22b,22b_horiz_00059,2025-01-19__22b_horiz_00059,18,horizontal,,"(-0.970142500145332, 0.242535625036333)",915,687,"(915, 687)",22b_horiz_00059_waggle_annotations.csv,18:12:00,20250119,-0.970142500145332,0.242535625036333,255.963756532074,795,C:\Users\frida\Documents\PhD\Waggle_dance\wd_SA2025\wd_annotator\mp4\20250119\00059.mp4,1,2025-01-19
22b,22b_horiz_00059,2025-01-19__22b_horiz_00059,19,horizontal,,"(-0.9863939238321437, -0.1643989873053573)",905,726,"(905, 726)",22b_horiz_00059_waggle_annotations.csv,18:12:00,20250119,-0.986393923832144,-0.164398987305357,279.462322208026,840,C:\Users\frida\Documents\PhD\Waggle_dance\wd_SA2025\wd_annotator\mp4\20250119\00059.mp4,1,2025-01-19
22b,22b_horiz_00059,2025-01-19__22b_horiz_00059,20,horizontal,,"(-0.9979253089684582, -0.06438227799796505)",930,743,"(930, 743)",22b_horiz_00059_waggle_annotations.csv,18:12:00,20250119,-0.997925308968458,-0.0643822779979651,273.691385986451,899,C:\Users\frida\Documents\PhD\Waggle_dance\wd_SA2025\wd_annotator\mp4\20250119\00059.mp4,1,2025-01-19
22b,22b_horiz_00059,2025-01-19__22b_horiz_00059,21,horizontal,,"(-0.9953071617667048, -0.09676597406065185)",936,732,"(936, 732)",22b_horiz_00059_waggle_annotations.csv,18:12:00,20250119,-0.995307161766705,-0.0967659740606519,275.552971033037,947,C:\Users\frida\Documents\PhD\Waggle_dance\wd_SA2025\wd_annotator\mp4\20250119\00059.mp4,1,2025-01-19
22b,22b_horiz_00059,2025-01-19__22b_horiz_00059,22,horizontal,,"(-0.9993394979464321, -0.036339618107142986)",906,711,"(906, 711)",22b_horiz_00059_waggle_annotations.csv,18:12:00,20250119,-0.999339497946432,-0.036339618107143,272.082565279731,995,C:\Users\frida\Documents\PhD\Waggle_dance\wd_SA2025\wd_annotator\mp4\20250119\00059.mp4,1,2025-01-19
22b,22b_horiz_00059,2025-01-19__22b_horiz_00059,23,horizontal,,"(-0.9980525784828885, -0.06237828615518053)",876,726,"(876, 726)",22b_horiz_00059_waggle_annotations.csv,18:12:00,20250119,-0.998052578482889,-0.0623782861551805,273.576334374997,1045,C:\Users\frida\Documents\PhD\Waggle_dance\wd_SA2025\wd_annotator\mp4\20250119\00059.mp4,1,2025-01-19
22b,22b_horiz_00059,2025-01-19__22b_horiz_00059,24,horizontal,,"(-0.9994629430332294, -0.03276927682076162)",884,718,"(884, 718)",22b_horiz_00059_waggle_annotations.csv,18:12:00,20250119,-0.999462943033229,-0.0327692768207616,271.877877447285,1092,C:\Users\frida\Documents\PhD\Waggle_dance\wd_SA2025\wd_annotator\mp4\20250119\00059.mp4,1,2025-01-19
22b,22b_horiz_00059,2025-01-19__22b_horiz_00059,25,horizontal,,"(-0.9916004111862218, 0.12933918406776806)",837,712,"(837, 712)",22b_horiz_00059_waggle_annotations.csv,18:12:00,20250119,-0.991600411186222,0.129339184067768,262.568592028828,1141,C:\Users\frida\Documents\PhD\Waggle_dance\wd_SA2025\wd_annotator\mp4\20250119\00059.mp4,1,2025-01-19
22b,22b_00011,2025-01-20__22b_00011,1,vertical,,"(-0.47058823529411764, -0.8823529411764706)",768,594,"(768, 594)",22b_00011_waggle_annotations.csv,08:20:00,20250120,-0.470588235294118,-0.882352941176471,331.927513064147,49,/Users/fereshteh/Documents/Waggle dance/Ferehsteh/mp4/20250120/00011.mp4,1,2025-01-20
22b,22b_00011,2025-01-20__22b_00011,2,vertical,,"(-0.4472135954999579, -0.8944271909999159)",773,577,"(773, 577)",22b_00011_waggle_annotations.csv,08:20:00,20250120,-0.447213595499958,-0.894427190999916,333.434948822922,105,/Users/fereshteh/Documents/Waggle dance/Ferehsteh/mp4/20250120/00011.mp4,1,2025-01-20
22b,22b_00011,2025-01-20__22b_00011,3,vertical,,"(-0.48564293117863205, -0.8741572761215377)",731,556,"(731, 556)",22b_00011_waggle_annotations.csv,08:20:00,20250120,-0.485642931178632,-0.874157276121538,330.945395900923,150,/Users/fereshteh/Documents/Waggle dance/Ferehsteh/mp4/20250120/00011.mp4,1,2025-01-20
22b,22b_00011,2025-01-20__22b_00011,4,vertical,,"(-0.5240974256643347, -0.851658316704544)",777,456,"(777, 456)",22b_00011_waggle_annotations.csv,08:20:00,20250120,-0.524097425664335,-0.851658316704544,328.392497753751,224,/Users/fereshteh/Documents/Waggle dance/Ferehsteh/mp4/20250120/00011.mp4,1,2025-01-20
22b,22b_00011,2025-01-20__22b_00011,5,vertical,,"(-0.4740998230350174, -0.8804710999221752)",754,473,"(754, 473)",22b_00011_waggle_annotations.csv,08:20:00,20250120,-0.474099823035017,-0.880471099922175,331.699244233994,274,/Users/fereshteh/Documents/Waggle dance/Ferehsteh/mp4/20250120/00011.mp4,1,2025-01-20
22b,22b_00011,2025-01-20__22b_00011,6,vertical,,"(-0.4472135954999579, -0.8944271909999159)",758,536,"(758, 536)",22b_00011_waggle_annotations.csv,08:20:00,20250120,-0.447213595499958,-0.894427190999916,333.434948822922,399,/Users/fereshteh/Documents/Waggle dance/Ferehsteh/mp4/20250120/00011.mp4,1,2025-01-20
22b,22b_00011,2025-01-20__22b_00011,7,vertical,,"(-0.3511234415883917, -0.9363291775690445)",782,563,"(782, 563)",22b_00011_waggle_annotations.csv,08:20:00,20250120,-0.351123441588392,-0.936329177569045,339.443954780417,460,/Users/fereshteh/Documents/Waggle dance/Ferehsteh/mp4/20250120/00011.mp4,1,2025-01-20
22b,22b_00011,2025-01-20__22b_00011,8,vertical,,"(-0.3713906763541037, -0.9284766908852594)",750,558,"(750, 558)",22b_00011_waggle_annotations.csv,08:20:00,20250120,-0.371390676354104,-0.928476690885259,338.198590513648,503,/Users/fereshteh/Documents/Waggle dance/Ferehsteh/mp4/20250120/00011.mp4,1,2025-01-20
22b,22b_00011,2025-01-20__22b_00011,9,vertical,,"(-0.52999894000318, -0.847998304005088)",806,817,"(806, 817)",22b_00011_waggle_annotations.csv,08:20:00,20250120,-0.52999894000318,-0.847998304005088,327.994616791917,742,/Users/fereshteh/Documents/Waggle dance/Ferehsteh/mp4/20250120/00011.mp4,1,2025-01-20
22b,22b_00019,2025-01-20__22b_00019,1,horizontal,,"(-0.8944271909999159, -0.4472135954999579)",883,811,"(883, 811)",22b_00019_waggle_annotations.csv,08:36:00,20250120,-0.894427190999916,-0.447213595499958,296.565051177078,883,/Users/fereshteh/Documents/Waggle dance/Ferehsteh/mp4/20250120/00019.mp4,1,2025-01-20
22b,22b_00019,2025-01-20__22b_00019,2,horizontal,,"(-0.9119215051751064, -0.4103646773287979)",867,802,"(867, 802)",22b_00019_waggle_annotations.csv,08:36:00,20250120,-0.911921505175106,-0.410364677328798,294.227745317954,928,/Users/fereshteh/Documents/Waggle dance/Ferehsteh/mp4/20250120/00019.mp4,1,2025-01-20
22b,22b_00019,2025-01-20__22b_00019,3,horizontal,,"(-0.8849182223819824, -0.4657464328326223)",874,815,"(874, 815)",22b_00019_waggle_annotations.csv,08:36:00,20250120,-0.884918222381982,-0.465746432832622,297.75854060106,983,/Users/fereshteh/Documents/Waggle dance/Ferehsteh/mp4/20250120/00019.mp4,1,2025-01-20
22b,22b_00019,2025-01-20__22b_00019,4,horizontal,,"(-0.9191450300180578, -0.39391929857916763)",867,821,"(867, 821)",22b_00019_waggle_annotations.csv,08:36:00,20250120,-0.919145030018058,-0.393919298579168,293.198590513648,1036,/Users/fereshteh/Documents/Waggle dance/Ferehsteh/mp4/20250120/00019.mp4,1,2025-01-20
22b,22b_00019,2025-01-20__22b_00019,5,horizontal,,"(-0.9260923597695477, -0.37729688731351946)",842,830,"(842, 830)",22b_00019_waggle_annotations.csv,08:36:00,20250120,-0.926092359769548,-0.377296887313519,292.166345822082,1087,/Users/fereshteh/Documents/Waggle dance/Ferehsteh/mp4/20250120/00019.mp4,1,2025-01-20
22b,22b_00019,2025-01-20__22b_00019,6,horizontal,,"(-0.9037378388935388, -0.42808634473904467)",866,805,"(866, 805)",22b_00019_waggle_annotations.csv,08:36:00,20250120,-0.903737838893539,-0.428086344739045,295.346175941947,1136,/Users/fereshteh/Documents/Waggle dance/Ferehsteh/mp4/20250120/00019.mp4,1,2025-01-20
22b,22b_00019,2025-01-20__22b_00019,7,horizontal,,"(-0.8454889030309711, -0.5339929913879817)",851,852,"(851, 852)",22b_00019_waggle_annotations.csv,08:36:00,20250120,-0.845488903030971,-0.533992991387982,302.275644314578,1193,/Users/fereshteh/Documents/Waggle dance/Ferehsteh/mp4/20250120/00019.mp4,1,2025-01-20
22b,22b_00023,2025-01-20__22b_00023,1,horizontal,,"(-0.9486832980505138, 0.31622776601683794)",521,823,"(521, 823)",22b_00023_waggle_annotations.csv,08:53:00,20250120,-0.948683298050514,0.316227766016838,251.565051177078,92,/Users/fereshteh/Documents/Waggle dance/Ferehsteh/mp4/20250120/00023.mp4,1,2025-01-20
22b,22b_00023,2025-01-20__22b_00023,2,horizontal,,"(-0.9912279006826347, 0.13216372009101796)",532,838,"(532, 838)",22b_00023_waggle_annotations.csv,08:53:00,20250120,-0.991227900682635,0.132163720091018,262.405356631409,148,/Users/fereshteh/Documents/Waggle dance/Ferehsteh/mp4/20250120/00023.mp4,1,2025-01-20
22b,22b_00023,2025-01-20__22b_00023,3,horizontal,,"(-0.8, -0.6)",540,848,"(540, 848)",22b_00023_waggle_annotations.csv,08:53:00,20250120,-0.8,-0.6,306.869897645844,191,/Users/fereshteh/Documents/Waggle dance/Ferehsteh/mp4/20250120/00023.mp4,1,2025-01-20
22b,22b_00023,2025-01-20__22b_00023,4,horizontal,,"(-1.0, 0.0)",511,850,"(511, 850)",22b_00023_waggle_annotations.csv,08:53:00,20250120,−1,0,270,228,/Users/fereshteh/Documents/Waggle dance/Ferehsteh/mp4/20250120/00023.mp4,1,2025-01-20
22b,22b_00023,2025-01-20__22b_00023,5,horizontal,,"(-0.7808688094430304, -0.6246950475544243)",530,852,"(530, 852)",22b_00023_waggle_annotations.csv,08:53:00,20250120,-0.78086880944303,-0.624695047554424,308.65980825409,288,/Users/fereshteh/Documents/Waggle dance/Ferehsteh/mp4/20250120/00023.mp4,1,2025-01-20
22b,22b_00023,2025-01-20__22b_00023,6,horizontal,,"(-0.7432941462471664, -0.6689647316224497)",500,905,"(500, 905)",22b_00023_waggle_annotations.csv,08:53:00,20250120,-0.743294146247166,-0.66896473162245,311.987212495817,331,/Users/fereshteh/Documents/Waggle dance/Ferehsteh/mp4/20250120/00023.mp4,1,2025-01-20
22b,22b_00023,2025-01-20__22b_00023,7,horizontal,,"(-0.6401843996644799, -0.7682212795973759)",480,829,"(480, 829)",22b_00023_waggle_annotations.csv,08:53:00,20250120,-0.64018439966448,-0.768221279597376,320.194428907735,385,/Users/fereshteh/Documents/Waggle dance/Ferehsteh/mp4/20250120/00023.mp4,1,2025-01-20
22b,22b_00023,2025-01-20__22b_00023,8,horizontal,,"(-0.7808688094430304, -0.6246950475544243)",454,827,"(454, 827)",22b_00023_waggle_annotations.csv,08:53:00,20250120,-0.78086880944303,-0.624695047554424,308.65980825409,390,/Users/fereshteh/Documents/Waggle dance/Ferehsteh/mp4/20250120/00023.mp4,1,2025-01-20
22b,22b_00023,2025-01-20__22b_00023,9,horizontal,,"(-0.9938837346736188, 0.11043152607484653)",448,823,"(448, 823)",22b_00023_waggle_annotations.csv,08:53:00,20250120,-0.993883734673619,0.110431526074847,263.65980825409,430,/Users/fereshteh/Documents/Waggle dance/Ferehsteh/mp4/20250120/00023.mp4,1,2025-01-20
22b,22b_00023,2025-01-20__22b_00023,10,horizontal,,"(-0.8682431421244593, -0.49613893835683387)",398,817,"(398, 817)",22b_00023_waggle_annotations.csv,08:53:00,20250120,-0.868243142124459,-0.496138938356834,299.744881296942,488,/Users/fereshteh/Documents/Waggle dance/Ferehsteh/mp4/20250120/00023.mp4,1,2025-01-20
22b,22b_00023,2025-01-20__22b_00023,11,horizontal,,"(-0.8944271909999159, -0.4472135954999579)",391,884,"(391, 884)",22b_00023_waggle_annotations.csv,08:53:00,20250120,-0.894427190999916,-0.447213595499958,296.565051177078,528,/Users/fereshteh/Documents/Waggle dance/Ferehsteh/mp4/20250120/00023.mp4,1,2025-01-20
22b,22b_00023,2025-01-20__22b_00023,12,horizontal,,"(-0.8574929257125441, -0.5144957554275265)",384,853,"(384, 853)",22b_00023_waggle_annotations.csv,08:53:00,20250120,-0.857492925712544,-0.514495755427527,300.963756532074,576,/Users/fereshteh/Documents/Waggle dance/Ferehsteh/mp4/20250120/00023.mp4,1,2025-01-20
22b,22b_00023,2025-01-20__22b_00023,13,horizontal,,"(-0.9363291775690445, -0.3511234415883917)",333,890,"(333, 890)",22b_00023_waggle_annotations.csv,08:53:00,20250120,-0.936329177569045,-0.351123441588392,290.556045219583,725,/Users/fereshteh/Documents/Waggle dance/Ferehsteh/mp4/20250120/00023.mp4,1,2025-01-20
22b,22b_00023,2025-01-20__22b_00023,14,horizontal,,"(-0.8944271909999159, -0.4472135954999579)",344,878,"(344, 878)",22b_00023_waggle_annotations.csv,08:53:00,20250120,-0.894427190999916,-0.447213595499958,296.565051177078,770,/Users/fereshteh/Documents/Waggle dance/Ferehsteh/mp4/20250120/00023.mp4,1,2025-01-20
22b,22b_00023,2025-01-20__22b_00023,15,horizontal,,"(-0.9191450300180578, -0.39391929857916763)",339,861,"(339, 861)",22b_00023_waggle_annotations.csv,08:53:00,20250120,-0.919145030018058,-0.393919298579168,293.198590513648,831,/Users/fereshteh/Documents/Waggle dance/Ferehsteh/mp4/20250120/00023.mp4,1,2025-01-20
22b,22b_00023,2025-01-20__22b_00023,16,horizontal,,"(-0.9138115486202573, -0.40613846605344767)",331,846,"(331, 846)",22b_00023_waggle_annotations.csv,08:53:00,20250120,-0.913811548620257,-0.406138466053448,293.962488974578,864,/Users/fereshteh/Documents/Waggle dance/Ferehsteh/mp4/20250120/00023.mp4,1,2025-01-20
22b,22b_00023,2025-01-20__22b_00023,17,horizontal,,"(-0.8804710999221753, -0.47409982303501746)",351,820,"(351, 820)",22b_00023_waggle_annotations.csv,08:53:00,20250120,-0.880471099922175,-0.474099823035017,298.300755766006,920,/Users/fereshteh/Documents/Waggle dance/Ferehsteh/mp4/20250120/00023.mp4,1,2025-01-20
22b,22b_00023,2025-01-20__22b_00023,18,horizontal,,"(-0.8944271909999159, -0.4472135954999579)",320,872,"(320, 872)",22b_00023_waggle_annotations.csv,08:53:00,20250120,-0.894427190999916,-0.447213595499958,296.565051177078,977,/Users/fereshteh/Documents/Waggle dance/Ferehsteh/mp4/20250120/00023.mp4,1,2025-01-20
22b,22b_00023,2025-01-20__22b_00023,19,horizontal,,"(-0.8944271909999159, -0.4472135954999579)",295,890,"(295, 890)",22b_00023_waggle_annotations.csv,08:53:00,20250120,-0.894427190999916,-0.447213595499958,296.565051177078,1019,/Users/fereshteh/Documents/Waggle dance/Ferehsteh/mp4/20250120/00023.mp4,1,2025-01-20
22b,22b_00023,2025-01-20__22b_00023,20,horizontal,,"(-0.8741572761215377, -0.48564293117863205)",285,845,"(285, 845)",22b_00023_waggle_annotations.csv,08:53:00,20250120,-0.874157276121538,-0.485642931178632,299.054604099077,1062,/Users/fereshteh/Documents/Waggle dance/Ferehsteh/mp4/20250120/00023.mp4,1,2025-01-20
22b,22b_00023,2025-01-20__22b_00023,21,horizontal,,"(-0.9284766908852594, -0.3713906763541037)",291,872,"(291, 872)",22b_00023_waggle_annotations.csv,08:53:00,20250120,-0.928476690885259,-0.371390676354104,291.801409486352,1104,/Users/fereshteh/Documents/Waggle dance/Ferehsteh/mp4/20250120/00023.mp4,1,2025-01-20
22b,22b_00023,2025-01-20__22b_00023,22,horizontal,,"(-0.8741572761215377, -0.48564293117863205)",309,836,"(309, 836)",22b_00023_waggle_annotations.csv,08:53:00,20250120,-0.874157276121538,-0.485642931178632,299.054604099077,1150,/Users/fereshteh/Documents/Waggle dance/Ferehsteh/mp4/20250120/00023.mp4,1,2025-01-20
22b,22b_00023,2025-01-20__22b_00023,23,horizontal,,"(-0.8741572761215377, -0.48564293117863205)",287,836,"(287, 836)",22b_00023_waggle_annotations.csv,08:53:00,20250120,-0.874157276121538,-0.485642931178632,299.054604099077,1195,/Users/fereshteh/Documents/Waggle dance/Ferehsteh/mp4/20250120/00023.mp4,1,2025-01-20
22b,22b_00023,2025-01-20__22b_00023,24,horizontal,,"(-0.9230769230769231, -0.38461538461538464)",281,847,"(281, 847)",22b_00023_waggle_annotations.csv,08:53:00,20250120,-0.923076923076923,-0.384615384615385,292.61986494804,1245,/Users/fereshteh/Documents/Waggle dance/Ferehsteh/mp4/20250120/00023.mp4,1,2025-01-20
22b,22b_00023,2025-01-20__22b_00023,25,horizontal,,"(-0.8944271909999159, -0.4472135954999579)",294,856,"(294, 856)",22b_00023_waggle_annotations.csv,08:53:00,20250120,-0.894427190999916,-0.447213595499958,296.565051177078,1291,/Users/fereshteh/Documents/Waggle dance/Ferehsteh/mp4/20250120/00023.mp4,1,2025-01-20
22b,22b_00023,2025-01-20__22b_00023,26,horizontal,,"(-0.9486832980505138, -0.31622776601683794)",261,838,"(261, 838)",22b_00023_waggle_annotations.csv,08:53:00,20250120,-0.948683298050514,-0.316227766016838,288.434948822922,1332,/Users/fereshteh/Documents/Waggle dance/Ferehsteh/mp4/20250120/00023.mp4,1,2025-01-20
22b,22b_00023,2025-01-20__22b_00023,27,horizontal,,"(-0.8944271909999159, -0.4472135954999579)",221,854,"(221, 854)",22b_00023_waggle_annotations.csv,08:53:00,20250120,-0.894427190999916,-0.447213595499958,296.565051177078,1376,/Users/fereshteh/Documents/Waggle dance/Ferehsteh/mp4/20250120/00023.mp4,1,2025-01-20
22b,22b_00023,2025-01-20__22b_00023,28,horizontal,,"(-0.8944271909999159, -0.4472135954999579)",173,788,"(173, 788)",22b_00023_waggle_annotations.csv,08:53:00,20250120,-0.894427190999916,-0.447213595499958,296.565051177078,1431,/Users/fereshteh/Documents/Waggle dance/Ferehsteh/mp4/20250120/00023.mp4,1,2025-01-20
22b,22b_00023,2025-01-20__22b_00023,29,horizontal,,"(-0.9119215051751064, -0.4103646773287979)",169,810,"(169, 810)",22b_00023_waggle_annotations.csv,08:53:00,20250120,-0.911921505175106,-0.410364677328798,294.227745317954,1481,/Users/fereshteh/Documents/Waggle dance/Ferehsteh/mp4/20250120/00023.mp4,1,2025-01-20
22b,22b_00035,2025-01-20__22b_00035,1,vertical,only four dance was recorded,"(0.813733471206735, 0.5812381937190965)",1810,416,"(1810, 416)",22b_00035_waggle_annotations.csv,12:17:00,20250120,0.813733471206735,0.581238193719097,125.537677791974,14,/Users/fereshteh/Documents/Waggle dance/Ferehsteh/mp4/20250120/00035.mp4,1,2025-01-20
22b,22b_00035,2025-01-20__22b_00035,2,vertical,only four dance was recorded,"(0.0, 0.0)",1913,635,"(1913, 635)",22b_00035_waggle_annotations.csv,12:17:00,20250120,0,0,180,157,/Users/fereshteh/Documents/Waggle dance/Ferehsteh/mp4/20250120/00035.mp4,1,2025-01-20
22b,22b_00035,2025-01-20__22b_00035,3,vertical,only four dance was recorded,"(1.0, 0.0)",1913,590,"(1913, 590)",22b_00035_waggle_annotations.csv,12:17:00,20250120,1,0,90,265,/Users/fereshteh/Documents/Waggle dance/Ferehsteh/mp4/20250120/00035.mp4,1,2025-01-20
22b,22b_00035,2025-01-20__22b_00035,4,vertical,only four dance was recorded,"(0.8, 0.6)",1904,619,"(1904, 619)",22b_00035_waggle_annotations.csv,12:17:00,20250120,0.8,0.6,126.869897645844,319,/Users/fereshteh/Documents/Waggle dance/Ferehsteh/mp4/20250120/00035.mp4,1,2025-01-20
22b,22b_00037,2025-01-20__22b_00037,1,vertical,,"(0.9079593845004517, 0.4190581774617469)",1460,684,"(1460, 684)",22b_00037_waggle_annotations.csv,12:21:00,20250120,0.907959384500452,0.419058177461747,114.775140568832,29,/Users/fereshteh/Documents/Waggle dance/Ferehsteh/mp4/20250120/00037.mp4,1,2025-01-20
22b,22b_00037,2025-01-20__22b_00037,2,vertical,,"(0.847998304005088, 0.52999894000318)",1425,717,"(1425, 717)",22b_00037_waggle_annotations.csv,12:21:00,20250120,0.847998304005088,0.52999894000318,122.005383208084,68,/Users/fereshteh/Documents/Waggle dance/Ferehsteh/mp4/20250120/00037.mp4,1,2025-01-20
22b,22b_00037,2025-01-20__22b_00037,3,vertical,,"(0.8741572761215377, 0.48564293117863205)",1457,611,"(1457, 611)",22b_00037_waggle_annotations.csv,12:21:00,20250120,0.874157276121538,0.485642931178632,119.054604099077,116,/Users/fereshteh/Documents/Waggle dance/Ferehsteh/mp4/20250120/00037.mp4,1,2025-01-20
22b,22b_00037,2025-01-20__22b_00037,4,vertical,,"(0.9079593845004517, 0.4190581774617469)",1484,641,"(1484, 641)",22b_00037_waggle_annotations.csv,12:21:00,20250120,0.907959384500452,0.419058177461747,114.775140568832,150,/Users/fereshteh/Documents/Waggle dance/Ferehsteh/mp4/20250120/00037.mp4,1,2025-01-20
22b,22b_00037,2025-01-20__22b_00037,5,vertical,,"(0.8, 0.6)",1509,608,"(1509, 608)",22b_00037_waggle_annotations.csv,12:21:00,20250120,0.8,0.6,126.869897645844,202,/Users/fereshteh/Documents/Waggle dance/Ferehsteh/mp4/20250120/00037.mp4,1,2025-01-20
22b,22b_00037,2025-01-20__22b_00037,6,vertical,,"(0.8944271909999159, 0.4472135954999579)",1530,625,"(1530, 625)",22b_00037_waggle_annotations.csv,12:21:00,20250120,0.894427190999916,0.447213595499958,116.565051177078,254,/Users/fereshteh/Documents/Waggle dance/Ferehsteh/mp4/20250120/00037.mp4,1,2025-01-20
22b,22b_00037,2025-01-20__22b_00037,7,vertical,,"(0.8944271909999159, 0.4472135954999579)",1519,589,"(1519, 589)",22b_00037_waggle_annotations.csv,12:21:00,20250120,0.894427190999916,0.447213595499958,116.565051177078,307,/Users/fereshteh/Documents/Waggle dance/Ferehsteh/mp4/20250120/00037.mp4,1,2025-01-20
22b,22b_00037,2025-01-20__22b_00037,8,vertical,,"(0.7071067811865476, 0.7071067811865476)",1525,600,"(1525, 600)",22b_00037_waggle_annotations.csv,12:21:00,20250120,0.707106781186548,0.707106781186548,135,345,/Users/fereshteh/Documents/Waggle dance/Ferehsteh/mp4/20250120/00037.mp4,1,2025-01-20
22b,22b_00037,2025-01-20__22b_00037,9,vertical,,"(0.9863939238321437, 0.1643989873053573)",1533,559,"(1533, 559)",22b_00037_waggle_annotations.csv,12:21:00,20250120,0.986393923832144,0.164398987305357,99.4623222080256,394,/Users/fereshteh/Documents/Waggle dance/Ferehsteh/mp4/20250120/00037.mp4,1,2025-01-20
22b,22b_00037,2025-01-20__22b_00037,10,vertical,,"(0.9363291775690445, 0.3511234415883917)",1520,511,"(1520, 511)",22b_00037_waggle_annotations.csv,12:21:00,20250120,0.936329177569045,0.351123441588392,110.556045219583,438,/Users/fereshteh/Documents/Waggle dance/Ferehsteh/mp4/20250120/00037.mp4,1,2025-01-20
22b,22b_00037,2025-01-20__22b_00037,11,vertical,,"(0.8, 0.6)",1554,467,"(1554, 467)",22b_00037_waggle_annotations.csv,12:21:00,20250120,0.8,0.6,126.869897645844,483,/Users/fereshteh/Documents/Waggle dance/Ferehsteh/mp4/20250120/00037.mp4,1,2025-01-20
22b,22b_00037,2025-01-20__22b_00037,12,vertical,,"(0.8, 0.6)",1604,481,"(1604, 481)",22b_00037_waggle_annotations.csv,12:21:00,20250120,0.8,0.6,126.869897645844,522,/Users/fereshteh/Documents/Waggle dance/Ferehsteh/mp4/20250120/00037.mp4,1,2025-01-20
22b,22b_00037,2025-01-20__22b_00037,13,vertical,,"(0.7071067811865476, 0.7071067811865476)",1649,495,"(1649, 495)",22b_00037_waggle_annotations.csv,12:21:00,20250120,0.707106781186548,0.707106781186548,135,567,/Users/fereshteh/Documents/Waggle dance/Ferehsteh/mp4/20250120/00037.mp4,1,2025-01-20
22b,22b_00037,2025-01-20__22b_00037,14,vertical,,"(0.8160244811016552, 0.5780173407803391)",1682,465,"(1682, 465)",22b_00037_waggle_annotations.csv,12:21:00,20250120,0.816024481101655,0.578017340780339,125.311213439633,608,/Users/fereshteh/Documents/Waggle dance/Ferehsteh/mp4/20250120/00037.mp4,1,2025-01-20
22b,22b_00037,2025-01-20__22b_00037,15,vertical,,"(1.0, 0.0)",1715,471,"(1715, 471)",22b_00037_waggle_annotations.csv,12:21:00,20250120,1,0,90,666,/Users/fereshteh/Documents/Waggle dance/Ferehsteh/mp4/20250120/00037.mp4,1,2025-01-20
22b,22b_00037,2025-01-20__22b_00037,16,vertical,,"(0.5144957554275265, 0.8574929257125441)",1742,492,"(1742, 492)",22b_00037_waggle_annotations.csv,12:21:00,20250120,0.514495755427527,0.857492925712544,149.036243467926,707,/Users/fereshteh/Documents/Waggle dance/Ferehsteh/mp4/20250120/00037.mp4,1,2025-01-20
22b,22b_00037,2025-01-20__22b_00037,17,vertical,,"(0.8682431421244593, 0.49613893835683387)",1813,497,"(1813, 497)",22b_00037_waggle_annotations.csv,12:21:00,20250120,0.868243142124459,0.496138938356834,119.744881296942,757,/Users/fereshteh/Documents/Waggle dance/Ferehsteh/mp4/20250120/00037.mp4,1,2025-01-20
22b,22b_00037,2025-01-20__22b_00037,18,vertical,,"(0.9284766908852594, 0.3713906763541037)",1843,536,"(1843, 536)",22b_00037_waggle_annotations.csv,12:21:00,20250120,0.928476690885259,0.371390676354104,111.801409486352,810,/Users/fereshteh/Documents/Waggle dance/Ferehsteh/mp4/20250120/00037.mp4,1,2025-01-20
22b,22b_00053,2025-01-20__22b_00053,1,horizontal,,"(-1.0, 0.0)",1080,723,"(1080, 723)",22b_00053_waggle_annotations.csv,16:34:00,20250120,−1,0,270,335,/Users/fereshteh/Documents/Waggle dance/Ferehsteh/mp4/20250120/00053.mp4,1,2025-01-20
22b,22b_00053,2025-01-20__22b_00053,2,horizontal,,"(-0.9899494936611665, 0.1414213562373095)",1105,711,"(1105, 711)",22b_00053_waggle_annotations.csv,16:34:00,20250120,-0.989949493661167,0.14142135623731,261.869897645844,381,/Users/fereshteh/Documents/Waggle dance/Ferehsteh/mp4/20250120/00053.mp4,1,2025-01-20
22b,22b_00053,2025-01-20__22b_00053,3,horizontal,,"(-1.0, 0.0)",986,761,"(986, 761)",22b_00053_waggle_annotations.csv,16:34:00,20250120,−1,0,270,441,/Users/fereshteh/Documents/Waggle dance/Ferehsteh/mp4/20250120/00053.mp4,1,2025-01-20
22b,22b_00053,2025-01-20__22b_00053,4,horizontal,,"(-1.0, 0.0)",946,795,"(946, 795)",22b_00053_waggle_annotations.csv,16:34:00,20250120,−1,0,270,484,/Users/fereshteh/Documents/Waggle dance/Ferehsteh/mp4/20250120/00053.mp4,1,2025-01-20
22b,22b_00053,2025-01-20__22b_00053,5,horizontal,,"(-1.0, 0.0)",939,767,"(939, 767)",22b_00053_waggle_annotations.csv,16:34:00,20250120,−1,0,270,534,/Users/fereshteh/Documents/Waggle dance/Ferehsteh/mp4/20250120/00053.mp4,1,2025-01-20
22b,22b_00053,2025-01-20__22b_00053,6,horizontal,,"(-0.9838699100999074, 0.17888543819998318)",986,833,"(986, 833)",22b_00053_waggle_annotations.csv,16:34:00,20250120,-0.983869910099907,0.178885438199983,259.695153531234,582,/Users/fereshteh/Documents/Waggle dance/Ferehsteh/mp4/20250120/00053.mp4,1,2025-01-20
22b,22b_00053,2025-01-20__22b_00053,7,horizontal,,"(-0.9899494936611665, 0.1414213562373095)",1017,860,"(1017, 860)",22b_00053_waggle_annotations.csv,16:34:00,20250120,-0.989949493661167,0.14142135623731,261.869897645844,629,/Users/fereshteh/Documents/Waggle dance/Ferehsteh/mp4/20250120/00053.mp4,1,2025-01-20
22b,22b_00053,2025-01-20__22b_00053,8,horizontal,,"(-0.9945054529214061, 0.10468478451804275)",988,875,"(988, 875)",22b_00053_waggle_annotations.csv,16:34:00,20250120,-0.994505452921406,0.104684784518043,263.990994042505,713,/Users/fereshteh/Documents/Waggle dance/Ferehsteh/mp4/20250120/00053.mp4,1,2025-01-20
22b,22b_00053,2025-01-20__22b_00053,9,horizontal,,"(-0.996240588195683, 0.086629616364842)",979,862,"(979, 862)",22b_00053_waggle_annotations.csv,16:34:00,20250120,-0.996240588195683,0.086629616364842,265.03025927189,765,/Users/fereshteh/Documents/Waggle dance/Ferehsteh/mp4/20250120/00053.mp4,1,2025-01-20
22b,22b_00053,2025-01-20__22b_00053,10,horizontal,,"(-0.9899494936611665, 0.1414213562373095)",961,851,"(961, 851)",22b_00053_waggle_annotations.csv,16:34:00,20250120,-0.989949493661167,0.14142135623731,261.869897645844,811,/Users/fereshteh/Documents/Waggle dance/Ferehsteh/mp4/20250120/00053.mp4,1,2025-01-20
22b,22b_00053,2025-01-20__22b_00053,11,horizontal,,"(-0.9912279006826347, 0.13216372009101796)",921,860,"(921, 860)",22b_00053_waggle_annotations.csv,16:34:00,20250120,-0.991227900682635,0.132163720091018,262.405356631409,867,/Users/fereshteh/Documents/Waggle dance/Ferehsteh/mp4/20250120/00053.mp4,1,2025-01-20
22b,22b_00053,2025-01-20__22b_00053,12,horizontal,,"(-1.0, 0.0)",927,881,"(927, 881)",22b_00053_waggle_annotations.csv,16:34:00,20250120,−1,0,270,912,/Users/fereshteh/Documents/Waggle dance/Ferehsteh/mp4/20250120/00053.mp4,1,2025-01-20
22b,22b_00053,2025-01-20__22b_00053,13,horizontal,,"(-1.0, 0.0)",879,873,"(879, 873)",22b_00053_waggle_annotations.csv,16:34:00,20250120,−1,0,270,961,/Users/fereshteh/Documents/Waggle dance/Ferehsteh/mp4/20250120/00053.mp4,1,2025-01-20
22b,22b_00053,2025-01-20__22b_00053,14,horizontal,,"(-1.0, 0.0)",887,851,"(887, 851)",22b_00053_waggle_annotations.csv,16:34:00,20250120,−1,0,270,1002,/Users/fereshteh/Documents/Waggle dance/Ferehsteh/mp4/20250120/00053.mp4,1,2025-01-20
22b,22b_00053,2025-01-20__22b_00053,15,horizontal,,"(-0.8944271909999159, 0.4472135954999579)",866,881,"(866, 881)",22b_00053_waggle_annotations.csv,16:34:00,20250120,-0.894427190999916,0.447213595499958,243.434948822922,1052,/Users/fereshteh/Documents/Waggle dance/Ferehsteh/mp4/20250120/00053.mp4,1,2025-01-20
22b,22b_00057,2025-01-20__22b_00057,1,horizontal,,"(-0.9578262852211513, 0.2873478855663454)",1428,892,"(1428, 892)",22b_00057_waggle_annotations.csv,16:42:00,20250120,-0.957826285221151,0.287347885566345,253.300755766006,527,/Users/fereshteh/Documents/Waggle dance/Ferehsteh/mp4/20250120/00057.mp4,1,2025-01-20
22b,22b_00057,2025-01-20__22b_00057,2,horizontal,,"(-0.21693045781865616, 0.9761870601839528)",1438,903,"(1438, 903)",22b_00057_waggle_annotations.csv,16:42:00,20250120,-0.216930457818656,0.976187060183953,192.528807709152,580,/Users/fereshteh/Documents/Waggle dance/Ferehsteh/mp4/20250120/00057.mp4,1,2025-01-20
22b,22b_00057,2025-01-20__22b_00057,3,horizontal,,"(-0.9778024140774094, -0.20952908873087345)",1479,844,"(1479, 844)",22b_00057_waggle_annotations.csv,16:42:00,20250120,-0.977802414077409,-0.209529088730873,282.094757077012,609,/Users/fereshteh/Documents/Waggle dance/Ferehsteh/mp4/20250120/00057.mp4,1,2025-01-20
22b,22b_00057,2025-01-20__22b_00057,4,horizontal,,"(-0.9805806756909202, -0.19611613513818404)",1417,871,"(1417, 871)",22b_00057_waggle_annotations.csv,16:42:00,20250120,-0.98058067569092,-0.196116135138184,281.30993247402,654,/Users/fereshteh/Documents/Waggle dance/Ferehsteh/mp4/20250120/00057.mp4,1,2025-01-20
22b,22b_00057,2025-01-20__22b_00057,5,horizontal,,"(-1.0, 0.0)",1388,863,"(1388, 863)",22b_00057_waggle_annotations.csv,16:42:00,20250120,−1,0,270,700,/Users/fereshteh/Documents/Waggle dance/Ferehsteh/mp4/20250120/00057.mp4,1,2025-01-20
22b,22b_00057,2025-01-20__22b_00057,6,horizontal,,"(-1.0, 0.0)",1383,889,"(1383, 889)",22b_00057_waggle_annotations.csv,16:42:00,20250120,−1,0,270,789,/Users/fereshteh/Documents/Waggle dance/Ferehsteh/mp4/20250120/00057.mp4,1,2025-01-20
22b,22b_00057,2025-01-20__22b_00057,7,horizontal,,"(-0.7071067811865475, 0.7071067811865475)",1377,909,"(1377, 909)",22b_00057_waggle_annotations.csv,16:42:00,20250120,-0.707106781186548,0.707106781186548,225,828,/Users/fereshteh/Documents/Waggle dance/Ferehsteh/mp4/20250120/00057.mp4,1,2025-01-20
22b,22b_00057,2025-01-20__22b_00057,8,horizontal,,"(-0.1028991510855053, 0.9946917938265513)",1323,920,"(1323, 920)",22b_00057_waggle_annotations.csv,16:42:00,20250120,-0.102899151085505,0.994691793826551,185.906141113771,915,/Users/fereshteh/Documents/Waggle dance/Ferehsteh/mp4/20250120/00057.mp4,1,2025-01-20
22b,22b_00057,2025-01-20__22b_00057,9,horizontal,,"(-0.9981684966311908, 0.06049506040189035)",1315,912,"(1315, 912)",22b_00057_waggle_annotations.csv,16:42:00,20250120,-0.998168496631191,0.0604950604018904,266.531770741083,961,/Users/fereshteh/Documents/Waggle dance/Ferehsteh/mp4/20250120/00057.mp4,1,2025-01-20
22b,22b_00057,2025-01-20__22b_00057,10,horizontal,,"(0.0, 1.0)",1406,925,"(1406, 925)",22b_00057_waggle_annotations.csv,16:42:00,20250120,0,1,180,1082,/Users/fereshteh/Documents/Waggle dance/Ferehsteh/mp4/20250120/00057.mp4,1,2025-01-20
22b,22b_00057,2025-01-20__22b_00057,11,horizontal,,"(-0.6332377902572627, 0.773957299203321)",1377,895,"(1377, 895)",22b_00057_waggle_annotations.csv,16:42:00,20250120,-0.633237790257263,0.773957299203321,219.2894068625,1131,/Users/fereshteh/Documents/Waggle dance/Ferehsteh/mp4/20250120/00057.mp4,1,2025-01-20
22b,22b_00057,2025-01-20__22b_00057,12,horizontal,,"(-0.9486832980505138, 0.31622776601683794)",1364,900,"(1364, 900)",22b_00057_waggle_annotations.csv,16:42:00,20250120,-0.948683298050514,0.316227766016838,251.565051177078,1184,/Users/fereshteh/Documents/Waggle dance/Ferehsteh/mp4/20250120/00057.mp4,1,2025-01-20
22b,22b_00057,2025-01-20__22b_00057,13,horizontal,,"(-0.554700196225229, 0.8320502943378436)",1372,892,"(1372, 892)",22b_00057_waggle_annotations.csv,16:42:00,20250120,-0.554700196225229,0.832050294337844,213.69006752598,1218,/Users/fereshteh/Documents/Waggle dance/Ferehsteh/mp4/20250120/00057.mp4,1,2025-01-20
22b,22b_00057,2025-01-20__22b_00057,14,horizontal,,"(-0.9333456062030595, 0.3589790793088691)",1288,876,"(1288, 876)",22b_00057_waggle_annotations.csv,16:42:00,20250120,-0.93334560620306,0.358979079308869,248.962488974578,1265,/Users/fereshteh/Documents/Waggle dance/Ferehsteh/mp4/20250120/00057.mp4,1,2025-01-20
22b,22b_00057,2025-01-20__22b_00057,15,horizontal,,"(-0.9578262852211513, 0.2873478855663454)",1250,874,"(1250, 874)",22b_00057_waggle_annotations.csv,16:42:00,20250120,-0.957826285221151,0.287347885566345,253.300755766006,1346,/Users/fereshteh/Documents/Waggle dance/Ferehsteh/mp4/20250120/00057.mp4,1,2025-01-20
22b,22b_00057,2025-01-20__22b_00057,16,horizontal,,"(-0.9805806756909202, 0.19611613513818404)",1253,784,"(1253, 784)",22b_00057_waggle_annotations.csv,16:42:00,20250120,-0.98058067569092,0.196116135138184,258.69006752598,1405,/Users/fereshteh/Documents/Waggle dance/Ferehsteh/mp4/20250120/00057.mp4,1,2025-01-20
22b,22b_00002,2025-01-21__22b_00002,1,vertical,,"(0.02468383475881755, -0.9996953077321107)",1176,685,"(1176, 685)",22b_00002_waggle_annotations.csv,10:28:00,20250120,0.0246838347588176,-0.999695307732111,1.41442321140216,19,/media/geko/VERBATIM HD/SA2025_dances/George/mp4/20250121/00002.mp4,1,2025-01-21
22b,22b_00002,2025-01-21__22b_00002,2,vertical,,"(-0.25766265056033233, -0.9662349396012463)",1108,754,"(1108, 754)",22b_00002_waggle_annotations.csv,10:28:00,20250121,-0.257662650560332,-0.966234939601246,345.068582821862,82,/media/geko/VERBATIM HD/SA2025_dances/George/mp4/20250121/00002.mp4,1,2025-01-21
22b,22b_00002,2025-01-21__22b_00002,3,vertical,,"(-0.22485950669875843, -0.9743911956946198)",1167,673,"(1167, 673)",22b_00002_waggle_annotations.csv,10:28:00,20250121,-0.224859506698758,-0.97439119569462,347.005383208084,164,/media/geko/VERBATIM HD/SA2025_dances/George/mp4/20250121/00002.mp4,1,2025-01-21
22b,22b_00002,2025-01-21__22b_00002,4,vertical,,"(0.12933918406776806, -0.9916004111862218)",1208,608,"(1208, 608)",22b_00002_waggle_annotations.csv,10:28:00,20250121,0.129339184067768,-0.991600411186222,7.43140797117251,285,/media/geko/VERBATIM HD/SA2025_dances/George/mp4/20250121/00002.mp4,1,2025-01-21
22b,22b_00002,2025-01-21__22b_00002,5,vertical,,"(-0.2567226118398505, -0.9664851269264961)",1211,592,"(1211, 592)",22b_00002_waggle_annotations.csv,10:28:00,20250121,-0.256722611839851,-0.966485126926496,345.124317998361,337,/media/geko/VERBATIM HD/SA2025_dances/George/mp4/20250121/00002.mp4,1,2025-01-21
22b,22b_00009,2025-01-21__22b_00009,1,vertical,,"(0.0, -1.0)",995,847,"(995, 847)",22b_00009_waggle_annotations.csv,10:52:00,20250121,0,−1,0,34,/media/geko/VERBATIM HD/SA2025_dances/George/mp4/20250121/00009.mp4,1,2025-01-21
22b,22b_00009,2025-01-21__22b_00009,2,vertical,,"(0.06316475399669104, -0.9980031131477184)",947,841,"(947, 841)",22b_00009_waggle_annotations.csv,10:52:00,20250121,0.063164753996691,-0.998003113147718,3.62148470411734,93,/media/geko/VERBATIM HD/SA2025_dances/George/mp4/20250121/00009.mp4,1,2025-01-21
22b,22b_00009,2025-01-21__22b_00009,3,vertical,,"(0.025308346645483232, -0.9996796924965877)",965,812,"(965, 812)",22b_00009_waggle_annotations.csv,10:52:00,20250121,0.0253083466454832,-0.999679692496588,1.45021629093343,145,/media/geko/VERBATIM HD/SA2025_dances/George/mp4/20250121/00009.mp4,1,2025-01-21
22b,22b_00009,2025-01-21__22b_00009,4,vertical,,"(-0.4304725248816458, -0.9026036812034508)",909,811,"(909, 811)",22b_00009_waggle_annotations.csv,10:52:00,20250121,-0.430472524881646,-0.902603681203451,334.502448506662,335,/media/geko/VERBATIM HD/SA2025_dances/George/mp4/20250121/00009.mp4,1,2025-01-21
22b,22b_00014,2025-01-21__22b_00014,1,vertical,good,"(0.2356000256215042, -0.9718501056887048)",900,651,"(900, 651)",22b_00014_waggle_annotations.csv,11:05:00,20250121,0.235600025621504,-0.971850105688705,13.6269948598915,134,/media/geko/VERBATIM HD/SA2025_dances/George/mp4/20250121/00014.mp4,1,2025-01-21
22b,22b_00014,2025-01-21__22b_00014,2,vertical,good,"(0.19611613513818404, -0.9805806756909201)",871,648,"(871, 648)",22b_00014_waggle_annotations.csv,11:05:00,20250121,0.196116135138184,-0.98058067569092,11.3099324740202,185,/media/geko/VERBATIM HD/SA2025_dances/George/mp4/20250121/00014.mp4,1,2025-01-21
22b,22b_00014,2025-01-21__22b_00014,3,vertical,good,"(0.2256083956226203, -0.9742180720067695)",917,608,"(917, 608)",22b_00014_waggle_annotations.csv,11:05:00,20250121,0.22560839562262,-0.97421807200677,13.038656583023,234,/media/geko/VERBATIM HD/SA2025_dances/George/mp4/20250121/00014.mp4,1,2025-01-21
22b,22b_00014,2025-01-21__22b_00014,4,vertical,good,"(0.2700654311493585, -0.9628419719237997)",656,654,"(656, 654)",22b_00014_waggle_annotations.csv,11:05:00,20250121,0.270065431149359,-0.9628419719238,15.6681604217525,375,/media/geko/VERBATIM HD/SA2025_dances/George/mp4/20250121/00014.mp4,1,2025-01-21
22b,22b_00014,2025-01-21__22b_00014,5,vertical,good,"(0.12716431598536546, -0.9918816646858506)",711,634,"(711, 634)",22b_00014_waggle_annotations.csv,11:05:00,20250121,0.127164315985365,-0.991881664685851,7.30575953331083,427,/media/geko/VERBATIM HD/SA2025_dances/George/mp4/20250121/00014.mp4,1,2025-01-21
22b,22b_00014,2025-01-21__22b_00014,6,vertical,good,"(0.389639990836698, -0.9209672510685588)",745,595,"(745, 595)",22b_00014_waggle_annotations.csv,11:05:00,20250121,0.389639990836698,-0.920967251068559,22.9321004375898,486,/media/geko/VERBATIM HD/SA2025_dances/George/mp4/20250121/00014.mp4,1,2025-01-21
22b,22b_00014,2025-01-21__22b_00014,7,vertical,good,"(0.3713906763541037, -0.9284766908852593)",736,594,"(736, 594)",22b_00014_waggle_annotations.csv,11:05:00,20250121,0.371390676354104,-0.928476690885259,21.8014094863518,541,/media/geko/VERBATIM HD/SA2025_dances/George/mp4/20250121/00014.mp4,1,2025-01-21
22b,22b_00014,2025-01-21__22b_00014,8,vertical,good,"(0.13391789600139503, -0.9909924304103233)",716,579,"(716, 579)",22b_00014_waggle_annotations.csv,11:05:00,20250121,0.133917896001395,-0.990992430410323,7.69605172201657,598,/media/geko/VERBATIM HD/SA2025_dances/George/mp4/20250121/00014.mp4,1,2025-01-21
22b,22b_00014,2025-01-21__22b_00014,9,vertical,good,"(0.3197786441581797, -0.9474922789871991)",732,548,"(732, 548)",22b_00014_waggle_annotations.csv,11:05:00,20250121,0.31977864415818,-0.947492278987199,18.6495387540514,649,/media/geko/VERBATIM HD/SA2025_dances/George/mp4/20250121/00014.mp4,1,2025-01-21
22b,22b_00014,2025-01-21__22b_00014,10,vertical,good,"(0.16007115855366244, -0.9871054777475851)",875,596,"(875, 596)",22b_00014_waggle_annotations.csv,11:05:00,20250121,0.160071158553662,-0.987105477747585,9.21102654081667,802,/media/geko/VERBATIM HD/SA2025_dances/George/mp4/20250121/00014.mp4,1,2025-01-21
22b,22b_00014,2025-01-21__22b_00014,11,vertical,good,"(0.15711504873513174, -0.9875803063351138)",1173,605,"(1173, 605)",22b_00014_waggle_annotations.csv,11:05:00,20250121,0.157115048735132,-0.987580306335114,9.03948280335512,1020,/media/geko/VERBATIM HD/SA2025_dances/George/mp4/20250121/00014.mp4,1,2025-01-21
22b,22b_00014,2025-01-21__22b_00014,12,vertical,good,"(0.11856081112470786, -0.9929467931694284)",1141,611,"(1141, 611)",22b_00014_waggle_annotations.csv,11:05:00,20250121,0.118560811124708,-0.992946793169428,6.80905017961341,1074,/media/geko/VERBATIM HD/SA2025_dances/George/mp4/20250121/00014.mp4,1,2025-01-21
22b,22b_00014,2025-01-21__22b_00014,13,vertical,good,"(0.23676822444686063, -0.9715661623853936)",1125,585,"(1125, 585)",22b_00014_waggle_annotations.csv,11:05:00,20250121,0.236768224446861,-0.971566162385394,13.695876504409,1126,/media/geko/VERBATIM HD/SA2025_dances/George/mp4/20250121/00014.mp4,1,2025-01-21
22b,22b_00014,2025-01-21__22b_00014,14,vertical,good,"(0.028157844768411915, -0.999603489278623)",1154,515,"(1154, 515)",22b_00014_waggle_annotations.csv,11:05:00,20250121,0.0281578447684119,-0.999603489278623,1.61353893288118,1174,/media/geko/VERBATIM HD/SA2025_dances/George/mp4/20250121/00014.mp4,1,2025-01-21
22b,22b_00014,2025-01-21__22b_00014,15,vertical,good,"(0.2940858488375231, -0.9557790087219501)",1138,507,"(1138, 507)",22b_00014_waggle_annotations.csv,11:05:00,20250121,0.294085848837523,-0.95577900872195,17.1027289690524,1228,/media/geko/VERBATIM HD/SA2025_dances/George/mp4/20250121/00014.mp4,1,2025-01-21
22b,22b_00014,2025-01-21__22b_00014,16,vertical,good,"(0.10910092800162416, -0.9940306773481312)",1174,499,"(1174, 499)",22b_00014_waggle_annotations.csv,11:05:00,20250121,0.109100928001624,-0.994030677348131,6.26349061433454,1281,/media/geko/VERBATIM HD/SA2025_dances/George/mp4/20250121/00014.mp4,1,2025-01-21
22b,22b_00017,2025-01-21__22b_00017,1,vertical,,"(0.24253562503633297, -0.9701425001453319)",1413,787,"(1413, 787)",22b_00017_waggle_annotations.csv,11:15:00,20250121,0.242535625036333,-0.970142500145332,14.0362434679265,44,/media/geko/VERBATIM HD/SA2025_dances/George/mp4/20250121/00017.mp4,1,2025-01-21
22b,22b_00017,2025-01-21__22b_00017,2,vertical,,"(0.37519275773318317, -0.9269468132231584)",1432,740,"(1432, 740)",22b_00017_waggle_annotations.csv,11:15:00,20250121,0.375192757733183,-0.926946813223158,22.0362269401455,92,/media/geko/VERBATIM HD/SA2025_dances/George/mp4/20250121/00017.mp4,1,2025-01-21
22b,22b_00017,2025-01-21__22b_00017,3,vertical,,"(0.3346621565347964, -0.9423381776111373)",1426,716,"(1426, 716)",22b_00017_waggle_annotations.csv,11:15:00,20250121,0.334662156534796,-0.942338177611137,19.5519951732406,145,/media/geko/VERBATIM HD/SA2025_dances/George/mp4/20250121/00017.mp4,1,2025-01-21
22b,22b_00017,2025-01-21__22b_00017,4,vertical,,"(0.35743331524511696, -0.9339386624146604)",1437,715,"(1437, 715)",22b_00017_waggle_annotations.csv,11:15:00,20250121,0.357433315245117,-0.93393866241466,20.9426505499883,196,/media/geko/VERBATIM HD/SA2025_dances/George/mp4/20250121/00017.mp4,1,2025-01-21
22b,22b_00017,2025-01-21__22b_00017,5,vertical,,"(0.3619169554022714, -0.9322103396725173)",1439,596,"(1439, 596)",22b_00017_waggle_annotations.csv,11:15:00,20250121,0.361916955402271,-0.932210339672517,21.2179695767786,311,/media/geko/VERBATIM HD/SA2025_dances/George/mp4/20250121/00017.mp4,1,2025-01-21
22b,22b_00017,2025-01-21__22b_00017,6,vertical,,"(0.3555728284470828, -0.934648577632332)",1454,584,"(1454, 584)",22b_00017_waggle_annotations.csv,11:15:00,20250121,0.355572828447083,-0.934648577632332,20.8285557902068,357,/media/geko/VERBATIM HD/SA2025_dances/George/mp4/20250121/00017.mp4,1,2025-01-21
22b,22b_00017,2025-01-21__22b_00017,7,vertical,,"(0.2645613665651233, -0.96436885231803)",1441,541,"(1441, 541)",22b_00017_waggle_annotations.csv,11:15:00,20250121,0.264561366565123,-0.96436885231803,15.3408907640049,406,/media/geko/VERBATIM HD/SA2025_dances/George/mp4/20250121/00017.mp4,1,2025-01-21
22b,22b_00017,2025-01-21__22b_00017,8,vertical,,"(0.2940858488375231, -0.95577900872195)",1475,555,"(1475, 555)",22b_00017_waggle_annotations.csv,11:15:00,20250121,0.294085848837523,-0.95577900872195,17.1027289690524,454,/media/geko/VERBATIM HD/SA2025_dances/George/mp4/20250121/00017.mp4,1,2025-01-21
22b,22b_00017,2025-01-21__22b_00017,9,vertical,,"(0.10240004547398948, -0.9947432988901834)",1453,519,"(1453, 519)",22b_00017_waggle_annotations.csv,11:15:00,20250121,0.102400045473989,-0.994743298890183,5.87739260664314,501,/media/geko/VERBATIM HD/SA2025_dances/George/mp4/20250121/00017.mp4,1,2025-01-21
22b,22b_00017,2025-01-21__22b_00017,10,vertical,,"(0.27282410027474047, -0.962063932547769)",1486,507,"(1486, 507)",22b_00017_waggle_annotations.csv,11:15:00,20250121,0.27282410027474,-0.962063932547769,15.8323866204222,554,/media/geko/VERBATIM HD/SA2025_dances/George/mp4/20250121/00017.mp4,1,2025-01-21
22b,22b_00017,2025-01-21__22b_00017,11,vertical,,"(0.43026103142178973, -0.9027045169045392)",1477,446,"(1477, 446)",22b_00017_waggle_annotations.csv,11:15:00,20250121,0.43026103142179,-0.902704516904539,25.4841269904173,621,/media/geko/VERBATIM HD/SA2025_dances/George/mp4/20250121/00017.mp4,1,2025-01-21
22b,22b_00017,2025-01-21__22b_00017,12,vertical,,"(0.3192188694853205, -0.9476810187845454)",1488,405,"(1488, 405)",22b_00017_waggle_annotations.csv,11:15:00,20250121,0.319218869485321,-0.947681018784545,18.615692007331,668,/media/geko/VERBATIM HD/SA2025_dances/George/mp4/20250121/00017.mp4,1,2025-01-21
22b,22b_00017,2025-01-21__22b_00017,13,vertical,,"(0.4472135954999579, -0.8944271909999159)",1416,392,"(1416, 392)",22b_00017_waggle_annotations.csv,11:15:00,20250121,0.447213595499958,-0.894427190999916,26.565051177078,714,/media/geko/VERBATIM HD/SA2025_dances/George/mp4/20250121/00017.mp4,1,2025-01-21
22b,22b_00017,2025-01-21__22b_00017,14,vertical,,"(0.50743848144227, -0.8616879873547982)",1455,406,"(1455, 406)",22b_00017_waggle_annotations.csv,11:15:00,20250121,0.50743848144227,-0.861687987354798,30.4933584024757,777,/media/geko/VERBATIM HD/SA2025_dances/George/mp4/20250121/00017.mp4,1,2025-01-21
22b,22b_00017,2025-01-21__22b_00017,15,vertical,,"(0.4304725248816458, -0.9026036812034508)",1457,353,"(1457, 353)",22b_00017_waggle_annotations.csv,11:15:00,20250121,0.430472524881646,-0.902603681203451,25.4975514933378,824,/media/geko/VERBATIM HD/SA2025_dances/George/mp4/20250121/00017.mp4,1,2025-01-21
22b,22b_00017,2025-01-21__22b_00017,16,vertical,,"(0.49416662494711616, -0.8693672105551118)",1481,347,"(1481, 347)",22b_00017_waggle_annotations.csv,11:15:00,20250121,0.494166624947116,-0.869367210555112,29.6148116463464,886,/media/geko/VERBATIM HD/SA2025_dances/George/mp4/20250121/00017.mp4,1,2025-01-21
22b,22b_00025,2025-01-21__22b_00025,1,horizontal,some runs invisible due to lack of umbrella shadow,"(-0.7351693818805939, -0.6778834560197684)",870,633,"(870, 633)",22b_00025_waggle_annotations.csv,11:53:00,20250121,-0.735169381880594,-0.677883456019768,312.678469410167,30,/media/geko/VERBATIM HD/SA2025_dances/George/mp4/20250121/00025.mp4,1,2025-01-21
22b,22b_00025,2025-01-21__22b_00025,2,horizontal,some runs invisible due to lack of umbrella shadow,"(0.10748184298009181, -0.9942070475658493)",771,621,"(771, 621)",22b_00025_waggle_annotations.csv,11:53:00,20250121,0.107481842980092,-0.994207047565849,6.17017509502961,96,/media/geko/VERBATIM HD/SA2025_dances/George/mp4/20250121/00025.mp4,1,2025-01-21
22b,22b_00025,2025-01-21__22b_00025,3,horizontal,some runs invisible due to lack of umbrella shadow,"(-0.8297221102000094, -0.5581766923163699)",753,601,"(753, 601)",22b_00025_waggle_annotations.csv,11:53:00,20250121,-0.829722110200009,-0.55817669231637,303.929797422061,156,/media/geko/VERBATIM HD/SA2025_dances/George/mp4/20250121/00025.mp4,1,2025-01-21
22b,22b_00025,2025-01-21__22b_00025,4,horizontal,some runs invisible due to lack of umbrella shadow,"(-0.9958932064677039, -0.09053574604251853)",890,445,"(890, 445)",22b_00025_waggle_annotations.csv,11:53:00,20250121,-0.995893206467704,-0.0905357460425185,275.194428907735,254,/media/geko/VERBATIM HD/SA2025_dances/George/mp4/20250121/00025.mp4,1,2025-01-21
22b,22b_00025,2025-01-21__22b_00025,5,horizontal,some runs invisible due to lack of umbrella shadow,"(-0.4619344188369685, -0.8869140841669795)",886,406,"(886, 406)",22b_00025_waggle_annotations.csv,11:53:00,20250121,-0.461934418836969,-0.88691408416698,332.487997376149,294,/media/geko/VERBATIM HD/SA2025_dances/George/mp4/20250121/00025.mp4,1,2025-01-21
22b,22b_00025,2025-01-21__22b_00025,6,horizontal,some runs invisible due to lack of umbrella shadow,"(-0.8185566924624128, -0.5744257490964301)",897,279,"(897, 279)",22b_00025_waggle_annotations.csv,11:53:00,20250121,-0.818556692462413,-0.57442574909643,305.059426966887,373,/media/geko/VERBATIM HD/SA2025_dances/George/mp4/20250121/00025.mp4,1,2025-01-21
22b,22b_00025,2025-01-21__22b_00025,7,horizontal,some runs invisible due to lack of umbrella shadow,"(-0.6102280094322957, -0.79222583680684)",911,200,"(911, 200)",22b_00025_waggle_annotations.csv,11:53:00,20250121,-0.610228009432296,-0.79222583680684,322.394008642598,486,/media/geko/VERBATIM HD/SA2025_dances/George/mp4/20250121/00025.mp4,1,2025-01-21
22b,22b_00025,2025-01-21__22b_00025,8,horizontal,some runs invisible due to lack of umbrella shadow,"(-0.7259526839058266, -0.6877446479107832)",937,226,"(937, 226)",22b_00025_waggle_annotations.csv,11:53:00,20250121,-0.725952683905827,-0.687744647910783,313.451842301022,534,/media/geko/VERBATIM HD/SA2025_dances/George/mp4/20250121/00025.mp4,1,2025-01-21
22b,22b_00025,2025-01-21__22b_00025,9,horizontal,some runs invisible due to lack of umbrella shadow,"(-0.3609941025577121, -0.9325680982740896)",887,199,"(887, 199)",22b_00025_waggle_annotations.csv,11:53:00,20250121,-0.360994102557712,-0.93256809827409,338.838740183172,583,/media/geko/VERBATIM HD/SA2025_dances/George/mp4/20250121/00025.mp4,1,2025-01-21
22b,22b_00025,2025-01-21__22b_00025,10,horizontal,some runs invisible due to lack of umbrella shadow,"(-0.2665860545383951, -0.9638111202541978)",865,216,"(865, 216)",22b_00025_waggle_annotations.csv,11:53:00,20250121,-0.266586054538395,-0.963811120254198,344.538782259558,623,/media/geko/VERBATIM HD/SA2025_dances/George/mp4/20250121/00025.mp4,1,2025-01-21
22b,22b_00025,2025-01-21__22b_00025,11,horizontal,some runs invisible due to lack of umbrella shadow,"(-0.29934007453732486, -0.954146487587723)",843,193,"(843, 193)",22b_00025_waggle_annotations.csv,11:53:00,20250121,-0.299340074537325,-0.954146487587723,342.582029207797,666,/media/geko/VERBATIM HD/SA2025_dances/George/mp4/20250121/00025.mp4,1,2025-01-21
22b,22b_00034,2025-01-21__22b_00034,1,vertical,some runs on the border (not super trustworthy) / it seems like clockwise or anti clockwise return runs play a role in the waggle run angle,"(-0.3699727235103678, 0.9290426168149236)",1206,895,"(1206, 895)",22b_00034_waggle_annotations.csv,16:27:00,20250121,-0.369972723510368,0.929042616814924,201.713935081776,153,/media/geko/VERBATIM HD/SA2025_dances/George/mp4/20250121/00034.mp4,1,2025-01-21
22b,22b_00034,2025-01-21__22b_00034,2,vertical,some runs on the border (not super trustworthy) / it seems like clockwise or anti clockwise return runs play a role in the waggle run angle,"(0.05121475197315839, 0.9986876634765887)",1250,859,"(1250, 859)",22b_00034_waggle_annotations.csv,16:27:00,20250121,0.0512147519731584,0.998687663476589,177.064326553579,194,/media/geko/VERBATIM HD/SA2025_dances/George/mp4/20250121/00034.mp4,1,2025-01-21
22b,22b_00034,2025-01-21__22b_00034,3,vertical,some runs on the border (not super trustworthy) / it seems like clockwise or anti clockwise return runs play a role in the waggle run angle,"(-0.3713906763541037, 0.9284766908852593)",1202,823,"(1202, 823)",22b_00034_waggle_annotations.csv,16:27:00,20250121,-0.371390676354104,0.928476690885259,201.801409486352,244,/media/geko/VERBATIM HD/SA2025_dances/George/mp4/20250121/00034.mp4,1,2025-01-21
22b,22b_00034,2025-01-21__22b_00034,4,vertical,some runs on the border (not super trustworthy) / it seems like clockwise or anti clockwise return runs play a role in the waggle run angle,"(-0.24837535026770383, 0.968663866044045)",1182,807,"(1182, 807)",22b_00034_waggle_annotations.csv,16:27:00,20250121,-0.248375350267704,0.968663866044045,194.381394591091,301,/media/geko/VERBATIM HD/SA2025_dances/George/mp4/20250121/00034.mp4,1,2025-01-21
22b,22b_00034,2025-01-21__22b_00034,5,vertical,some runs on the border (not super trustworthy) / it seems like clockwise or anti clockwise return runs play a role in the waggle run angle,"(-0.5350520811843448, 0.8448190755542286)",1128,823,"(1128, 823)",22b_00034_waggle_annotations.csv,16:27:00,20250121,-0.535052081184345,0.844819075554229,212.347443499442,344,/media/geko/VERBATIM HD/SA2025_dances/George/mp4/20250121/00034.mp4,1,2025-01-21
22b,22b_00034,2025-01-21__22b_00034,6,vertical,some runs on the border (not super trustworthy) / it seems like clockwise or anti clockwise return runs play a role in the waggle run angle,"(-0.4359284537270253, 0.8999813238235361)",1106,822,"(1106, 822)",22b_00034_waggle_annotations.csv,16:27:00,20250121,-0.435928453727025,0.899981323823536,205.84438755456,400,/media/geko/VERBATIM HD/SA2025_dances/George/mp4/20250121/00034.mp4,1,2025-01-21
22b,22b_00034,2025-01-21__22b_00034,7,vertical,some runs on the border (not super trustworthy) / it seems like clockwise or anti clockwise return runs play a role in the waggle run angle,"(0.18208926018230742, 0.9832820049844601)",1099,842,"(1099, 842)",22b_00034_waggle_annotations.csv,16:27:00,20250121,0.182089260182307,0.98328200498446,169.508522987668,450,/media/geko/VERBATIM HD/SA2025_dances/George/mp4/20250121/00034.mp4,1,2025-01-21
22b,22b_00034,2025-01-21__22b_00034,8,vertical,some runs on the border (not super trustworthy) / it seems like clockwise or anti clockwise return runs play a role in the waggle run angle,"(-0.4472135954999579, 0.8944271909999159)",1096,843,"(1096, 843)",22b_00034_waggle_annotations.csv,16:27:00,20250121,-0.447213595499958,0.894427190999916,206.565051177078,499,/media/geko/VERBATIM HD/SA2025_dances/George/mp4/20250121/00034.mp4,1,2025-01-21
22b,22b_00034,2025-01-21__22b_00034,9,vertical,some runs on the border (not super trustworthy) / it seems like clockwise or anti clockwise return runs play a role in the waggle run angle,"(0.11043152607484655, 0.9938837346736189)",1128,875,"(1128, 875)",22b_00034_waggle_annotations.csv,16:27:00,20250121,0.110431526074847,0.993883734673619,173.65980825409,541,/media/geko/VERBATIM HD/SA2025_dances/George/mp4/20250121/00034.mp4,1,2025-01-21
22b,22b_00034,2025-01-21__22b_00034,10,vertical,some runs on the border (not super trustworthy) / it seems like clockwise or anti clockwise return runs play a role in the waggle run angle,"(-0.5581766923163699, 0.8297221102000094)",1098,863,"(1098, 863)",22b_00034_waggle_annotations.csv,16:27:00,20250121,-0.55817669231637,0.829722110200009,213.929797422061,588,/media/geko/VERBATIM HD/SA2025_dances/George/mp4/20250121/00034.mp4,1,2025-01-21
22b,22b_00034,2025-01-21__22b_00034,11,vertical,some runs on the border (not super trustworthy) / it seems like clockwise or anti clockwise return runs play a role in the waggle run angle,"(0.042514716624813646, 0.9990958406831207)",1159,864,"(1159, 864)",22b_00034_waggle_annotations.csv,16:27:00,20250121,0.0425147166248136,0.999095840683121,177.56335175319,638,/media/geko/VERBATIM HD/SA2025_dances/George/mp4/20250121/00034.mp4,1,2025-01-21
22b,22b_00034,2025-01-21__22b_00034,12,vertical,some runs on the border (not super trustworthy) / it seems like clockwise or anti clockwise return runs play a role in the waggle run angle,"(-0.6270094052116179, 0.7790116852629191)",1145,866,"(1145, 866)",22b_00034_waggle_annotations.csv,16:27:00,20250121,-0.627009405211618,0.779011685262919,218.82982490497,676,/media/geko/VERBATIM HD/SA2025_dances/George/mp4/20250121/00034.mp4,1,2025-01-21
22b,22b_00034,2025-01-21__22b_00034,13,vertical,some runs on the border (not super trustworthy) / it seems like clockwise or anti clockwise return runs play a role in the waggle run angle,"(0.12252657200264647, 0.9924652332214364)",1188,867,"(1188, 867)",22b_00034_waggle_annotations.csv,16:27:00,20250121,0.122526572002646,0.992465233221436,172.962059236815,723,/media/geko/VERBATIM HD/SA2025_dances/George/mp4/20250121/00034.mp4,1,2025-01-21
22b,22b_00034,2025-01-21__22b_00034,14,vertical,some runs on the border (not super trustworthy) / it seems like clockwise or anti clockwise return runs play a role in the waggle run angle,"(-0.645180817826272, 0.764029915846901)",1166,882,"(1166, 882)",22b_00034_waggle_annotations.csv,16:27:00,20250121,-0.645180817826272,0.764029915846901,220.179233921907,772,/media/geko/VERBATIM HD/SA2025_dances/George/mp4/20250121/00034.mp4,1,2025-01-21
22b,22b_00034,2025-01-21__22b_00034,15,vertical,some runs on the border (not super trustworthy) / it seems like clockwise or anti clockwise return runs play a role in the waggle run angle,"(-0.04646139935246818, 0.9989200860780658)",1151,901,"(1151, 901)",22b_00034_waggle_annotations.csv,16:27:00,20250121,-0.0464613993524682,0.998920086078066,182.663000766067,822,/media/geko/VERBATIM HD/SA2025_dances/George/mp4/20250121/00034.mp4,1,2025-01-21
22b,22b_00034,2025-01-21__22b_00034,16,vertical,some runs on the border (not super trustworthy) / it seems like clockwise or anti clockwise return runs play a role in the waggle run angle,"(-0.6594378183081359, 0.7517591128712748)",1148,840,"(1148, 840)",22b_00034_waggle_annotations.csv,16:27:00,20250121,-0.659437818308136,0.751759112871275,221.257011704313,854,/media/geko/VERBATIM HD/SA2025_dances/George/mp4/20250121/00034.mp4,1,2025-01-21
22b,22b_00034,2025-01-21__22b_00034,17,vertical,some runs on the border (not super trustworthy) / it seems like clockwise or anti clockwise return runs play a role in the waggle run angle,"(0.31622776601683794, 0.9486832980505138)",1195,870,"(1195, 870)",22b_00034_waggle_annotations.csv,16:27:00,20250121,0.316227766016838,0.948683298050514,161.565051177078,902,/media/geko/VERBATIM HD/SA2025_dances/George/mp4/20250121/00034.mp4,1,2025-01-21
22b,22b_00034,2025-01-21__22b_00034,18,vertical,some runs on the border (not super trustworthy) / it seems like clockwise or anti clockwise return runs play a role in the waggle run angle,"(-0.5396661147204319, 0.8418791389638738)",1166,871,"(1166, 871)",22b_00034_waggle_annotations.csv,16:27:00,20250121,-0.539666114720432,0.841879138963874,212.660912721674,959,/media/geko/VERBATIM HD/SA2025_dances/George/mp4/20250121/00034.mp4,1,2025-01-21
22b,22b_00034,2025-01-21__22b_00034,19,vertical,some runs on the border (not super trustworthy) / it seems like clockwise or anti clockwise return runs play a role in the waggle run angle,"(0.25302774439352593, 0.9674590226811285)",1171,897,"(1171, 897)",22b_00034_waggle_annotations.csv,16:27:00,20250121,0.253027744393526,0.967459022681129,165.34324888424,1003,/media/geko/VERBATIM HD/SA2025_dances/George/mp4/20250121/00034.mp4,1,2025-01-21
22b,22b_00034,2025-01-21__22b_00034,20,vertical,some runs on the border (not super trustworthy) / it seems like clockwise or anti clockwise return runs play a role in the waggle run angle,"(-0.6804510993672779, 0.7327934916262993)",1173,907,"(1173, 907)",22b_00034_waggle_annotations.csv,16:27:00,20250121,-0.680451099367278,0.732793491626299,222.878903603339,1045,/media/geko/VERBATIM HD/SA2025_dances/George/mp4/20250121/00034.mp4,1,2025-01-21
22b,22b_00034,2025-01-21__22b_00034,21,vertical,some runs on the border (not super trustworthy) / it seems like clockwise or anti clockwise return runs play a role in the waggle run angle,"(0.17503333471749452, 0.9845625077859066)",1161,908,"(1161, 908)",22b_00034_waggle_annotations.csv,16:27:00,20250121,0.175033334717495,0.984562507785907,169.919402012458,1092,/media/geko/VERBATIM HD/SA2025_dances/George/mp4/20250121/00034.mp4,1,2025-01-21
22b,22b_00034,2025-01-21__22b_00034,22,vertical,some runs on the border (not super trustworthy) / it seems like clockwise or anti clockwise return runs play a role in the waggle run angle,"(-0.554700196225229, 0.8320502943378436)",1180,880,"(1180, 880)",22b_00034_waggle_annotations.csv,16:27:00,20250121,-0.554700196225229,0.832050294337844,213.69006752598,1142,/media/geko/VERBATIM HD/SA2025_dances/George/mp4/20250121/00034.mp4,1,2025-01-21
22b,22b_00034,2025-01-21__22b_00034,23,vertical,some runs on the border (not super trustworthy) / it seems like clockwise or anti clockwise return runs play a role in the waggle run angle,"(0.17888543819998318, 0.9838699100999075)",1213,890,"(1213, 890)",22b_00034_waggle_annotations.csv,16:27:00,20250121,0.178885438199983,0.983869910099908,169.695153531234,1194,/media/geko/VERBATIM HD/SA2025_dances/George/mp4/20250121/00034.mp4,1,2025-01-21
22b,22b_00034,2025-01-21__22b_00034,24,vertical,some runs on the border (not super trustworthy) / it seems like clockwise or anti clockwise return runs play a role in the waggle run angle,"(-0.2363515791475006, 0.9716676031619469)",1172,904,"(1172, 904)",22b_00034_waggle_annotations.csv,16:27:00,20250121,-0.236351579147501,0.971667603161947,193.671307132196,1233,/media/geko/VERBATIM HD/SA2025_dances/George/mp4/20250121/00034.mp4,1,2025-01-21
22b,22b_00035,2025-01-21__22b_00035,1,vertical,some runs on the border,"(-0.25515426123101737, 0.9669003583491185)",1348,897,"(1348, 897)",22b_00035_waggle_annotations.csv,16:33:00,20250121,-0.255154261231017,0.966900358349119,194.782726042616,5,/media/geko/VERBATIM HD/SA2025_dances/George/mp4/20250121/00035.mp4,1,2025-01-21
22b,22b_00035,2025-01-21__22b_00035,2,vertical,some runs on the border,"(-0.13819603191146362, 0.9904048953654893)",1423,895,"(1423, 895)",22b_00035_waggle_annotations.csv,16:33:00,20250121,-0.138196031911464,0.990404895365489,187.94347181059,55,/media/geko/VERBATIM HD/SA2025_dances/George/mp4/20250121/00035.mp4,1,2025-01-21
22b,22b_00035,2025-01-21__22b_00035,3,vertical,some runs on the border,"(-0.3303504247281061, 0.9438583563660173)",1389,889,"(1389, 889)",22b_00035_waggle_annotations.csv,16:33:00,20250121,-0.330350424728106,0.943858356366017,199.290046219189,101,/media/geko/VERBATIM HD/SA2025_dances/George/mp4/20250121/00035.mp4,1,2025-01-21
22b,22b_00035,2025-01-21__22b_00035,4,vertical,some runs on the border,"(-0.1643989873053573, 0.9863939238321437)",1410,893,"(1410, 893)",22b_00035_waggle_annotations.csv,16:33:00,20250121,-0.164398987305357,0.986393923832144,189.462322208026,142,/media/geko/VERBATIM HD/SA2025_dances/George/mp4/20250121/00035.mp4,1,2025-01-21
22b,22b_00035,2025-01-21__22b_00035,5,vertical,some runs on the border,"(-0.48229654706436703, 0.8760080140556871)",1354,877,"(1354, 877)",22b_00035_waggle_annotations.csv,16:33:00,20250121,-0.482296547064367,0.876008014055687,208.835500847743,184,/media/geko/VERBATIM HD/SA2025_dances/George/mp4/20250121/00035.mp4,1,2025-01-21
22b,22b_00035,2025-01-21__22b_00035,6,vertical,some runs on the border,"(-0.10468478451804275, 0.9945054529214061)",1452,837,"(1452, 837)",22b_00035_waggle_annotations.csv,16:33:00,20250121,-0.104684784518043,0.994505452921406,186.009005957495,223,/media/geko/VERBATIM HD/SA2025_dances/George/mp4/20250121/00035.mp4,1,2025-01-21
22b,22b_00035,2025-01-21__22b_00035,7,vertical,some runs on the border,"(-0.18967497604922873, 0.9818469348430663)",1434,850,"(1434, 850)",22b_00035_waggle_annotations.csv,16:33:00,20250121,-0.189674976049229,0.981846934843066,190.933816785756,271,/media/geko/VERBATIM HD/SA2025_dances/George/mp4/20250121/00035.mp4,1,2025-01-21
22b,22b_00035,2025-01-21__22b_00035,8,vertical,some runs on the border,"(-0.3047757271037837, 0.9524241471993241)",1428,857,"(1428, 857)",22b_00035_waggle_annotations.csv,16:33:00,20250121,-0.304775727103784,0.952424147199324,197.744671625057,315,/media/geko/VERBATIM HD/SA2025_dances/George/mp4/20250121/00035.mp4,1,2025-01-21
22b,22b_00035,2025-01-21__22b_00035,9,vertical,some runs on the border,"(-0.2676438637860946, 0.9635179096299405)",1345,859,"(1345, 859)",22b_00035_waggle_annotations.csv,16:33:00,20250121,-0.267643863786095,0.963517909629941,195.524110996754,361,/media/geko/VERBATIM HD/SA2025_dances/George/mp4/20250121/00035.mp4,1,2025-01-21
22b,22b_00035,2025-01-21__22b_00035,10,vertical,some runs on the border,"(0.01960407493444558, 0.9998078216567244)",1405,856,"(1405, 856)",22b_00035_waggle_annotations.csv,16:33:00,20250121,0.0196040749344456,0.999807821656724,178.876697285925,398,/media/geko/VERBATIM HD/SA2025_dances/George/mp4/20250121/00035.mp4,1,2025-01-21
22b,22b_00035,2025-01-21__22b_00035,11,vertical,some runs on the border,"(-0.651591914527529, 0.7585696915395114)",1357,884,"(1357, 884)",22b_00035_waggle_annotations.csv,16:33:00,20250121,-0.651591914527529,0.758569691539511,220.661733208572,452,/media/geko/VERBATIM HD/SA2025_dances/George/mp4/20250121/00035.mp4,1,2025-01-21
22b,22b_00035,2025-01-21__22b_00035,12,vertical,some runs on the border,"(0.0, 1.0)",1427,853,"(1427, 853)",22b_00035_waggle_annotations.csv,16:33:00,20250121,0,1,180,492,/media/geko/VERBATIM HD/SA2025_dances/George/mp4/20250121/00035.mp4,1,2025-01-21
22b,22b_00035,2025-01-21__22b_00035,13,vertical,some runs on the border,"(-0.5881716976750462, 0.8087360843031884)",1402,835,"(1402, 835)",22b_00035_waggle_annotations.csv,16:33:00,20250121,-0.588171697675046,0.808736084303188,216.027373385104,526,/media/geko/VERBATIM HD/SA2025_dances/George/mp4/20250121/00035.mp4,1,2025-01-21
22b,22b_00035,2025-01-21__22b_00035,14,vertical,some runs on the border,"(-0.31177041789731286, 0.9501574640680012)",1377,866,"(1377, 866)",22b_00035_waggle_annotations.csv,16:33:00,20250121,-0.311770417897313,0.950157464068001,198.165956529226,579,/media/geko/VERBATIM HD/SA2025_dances/George/mp4/20250121/00035.mp4,1,2025-01-21
22b,22b_00035,2025-01-21__22b_00035,15,vertical,some runs on the border,"(-0.453049848125789, 0.8914851850217138)",1363,868,"(1363, 868)",22b_00035_waggle_annotations.csv,16:33:00,20250121,-0.453049848125789,0.891485185021714,206.939528063801,616,/media/geko/VERBATIM HD/SA2025_dances/George/mp4/20250121/00035.mp4,1,2025-01-21
22b,22b_00035,2025-01-21__22b_00035,16,vertical,some runs on the border,"(-0.18428853505018536, 0.9828721869343219)",1379,886,"(1379, 886)",22b_00035_waggle_annotations.csv,16:33:00,20250121,-0.184288535050185,0.982872186934322,190.619655276155,655,/media/geko/VERBATIM HD/SA2025_dances/George/mp4/20250121/00035.mp4,1,2025-01-21
22b,22b_00035,2025-01-21__22b_00035,17,vertical,some runs on the border,"(-0.5639616461575325, 0.8258009818735298)",1348,874,"(1348, 874)",22b_00035_waggle_annotations.csv,16:33:00,20250121,-0.563961646157533,0.82580098187353,214.330217195503,694,/media/geko/VERBATIM HD/SA2025_dances/George/mp4/20250121/00035.mp4,1,2025-01-21
22b,22b_00035,2025-01-21__22b_00035,18,vertical,some runs on the border,"(0.06651901052377393, 0.997785157856609)",1363,855,"(1363, 855)",22b_00035_waggle_annotations.csv,16:33:00,20250121,0.0665190105237739,0.997785157856609,176.18592516571,744,/media/geko/VERBATIM HD/SA2025_dances/George/mp4/20250121/00035.mp4,1,2025-01-21
22b,22b_00035,2025-01-21__22b_00035,19,vertical,some runs on the border,"(-0.5356999566253874, 0.8444084062061191)",1302,875,"(1302, 875)",22b_00035_waggle_annotations.csv,16:33:00,20250121,-0.535699956625387,0.844408406206119,212.391393206634,778,/media/geko/VERBATIM HD/SA2025_dances/George/mp4/20250121/00035.mp4,1,2025-01-21
22b,22b_00035,2025-01-21__22b_00035,20,vertical,some runs on the border,"(-0.11462410798513052, 0.9934089358711311)",1329,873,"(1329, 873)",22b_00035_waggle_annotations.csv,16:33:00,20250121,-0.114624107985131,0.993408935871131,186.581944655178,826,/media/geko/VERBATIM HD/SA2025_dances/George/mp4/20250121/00035.mp4,1,2025-01-21
22b,22b_00035,2025-01-21__22b_00035,21,vertical,some runs on the border,"(-0.6846754616640485, 0.7288480720939872)",1318,827,"(1318, 827)",22b_00035_waggle_annotations.csv,16:33:00,20250121,-0.684675461664049,0.728848072093987,223.210089391754,879,/media/geko/VERBATIM HD/SA2025_dances/George/mp4/20250121/00035.mp4,1,2025-01-21
22b,22b_114707dome,2025-01-21__22b_114707dome,1,antisolar,,"(0.19177540524666087, 0.9814388386152644)",747,703,"(747, 703)",22b_114707dome_waggle_annotations.csv,11:47:07,20250121,0.191775405246661,0.981438838615264,168.943587019752,398,C:\Users\frida\Documents\PhD\Waggle_dance\wd_SA2025\dome\rightcameraangle_probably\20250121\2025-01-21 11-47-07.mkv,1,2025-01-21
22b,22b_114707dome,2025-01-21__22b_114707dome,2,antisolar,,"(0.047565149415449405, -0.9988681377244375)",800,698,"(800, 698)",22b_114707dome_waggle_annotations.csv,11:47:07,20250121,0.0475651494154494,-0.998868137724438,2.72631099390627,449,C:\Users\frida\Documents\PhD\Waggle_dance\wd_SA2025\dome\rightcameraangle_probably\20250121\2025-01-21 11-47-07.mkv,1,2025-01-21
22b,22b_114707dome,2025-01-21__22b_114707dome,3,antisolar,,"(-0.5183017160933442, 0.8551978315540179)",732,678,"(732, 678)",22b_114707dome_waggle_annotations.csv,11:47:07,20250121,-0.518301716093344,0.855197831554018,211.218402764346,549,C:\Users\frida\Documents\PhD\Waggle_dance\wd_SA2025\dome\rightcameraangle_probably\20250121\2025-01-21 11-47-07.mkv,1,2025-01-21
22b,22b_114707dome,2025-01-21__22b_114707dome,4,antisolar,,"(-0.5407575913134987, 0.8411784753765535)",596,718,"(596, 718)",22b_114707dome_waggle_annotations.csv,11:47:07,20250121,-0.540757591313499,0.841178475376554,212.735226272108,631,C:\Users\frida\Documents\PhD\Waggle_dance\wd_SA2025\dome\rightcameraangle_probably\20250121\2025-01-21 11-47-07.mkv,1,2025-01-21
22b,22b_114707dome,2025-01-21__22b_114707dome,5,antisolar,,"(0.04756514941544941, -0.9988681377244376)",686,812,"(686, 812)",22b_114707dome_waggle_annotations.csv,11:47:07,20250121,0.0475651494154494,-0.998868137724438,2.72631099390627,940,C:\Users\frida\Documents\PhD\Waggle_dance\wd_SA2025\dome\rightcameraangle_probably\20250121\2025-01-21 11-47-07.mkv,1,2025-01-21
22b,22b_114707dome,2025-01-21__22b_114707dome,6,antisolar,,"(-0.4767630403778865, -0.8790318556967283)",687,784,"(687, 784)",22b_114707dome_waggle_annotations.csv,11:47:07,20250121,-0.476763040377887,-0.879031855696728,331.525796389926,1051,C:\Users\frida\Documents\PhD\Waggle_dance\wd_SA2025\dome\rightcameraangle_probably\20250121\2025-01-21 11-47-07.mkv,1,2025-01-21
22b,22b_114707dome,2025-01-21__22b_114707dome,7,antisolar,,"(0.9998000599800071, -0.01999600119960014)",681,757,"(681, 757)",22b_114707dome_waggle_annotations.csv,11:47:07,20250121,0.999800059980007,-0.0199960011996001,88.8542371618249,1131,C:\Users\frida\Documents\PhD\Waggle_dance\wd_SA2025\dome\rightcameraangle_probably\20250121\2025-01-21 11-47-07.mkv,1,2025-01-21
22b,22b_114707dome,2025-01-21__22b_114707dome,8,antisolar,,"(-0.9363291775690445, 0.3511234415883917)",698,732,"(698, 732)",22b_114707dome_waggle_annotations.csv,11:47:07,20250121,-0.936329177569045,0.351123441588392,249.443954780417,1299,C:\Users\frida\Documents\PhD\Waggle_dance\wd_SA2025\dome\rightcameraangle_probably\20250121\2025-01-21 11-47-07.mkv,1,2025-01-21
22b,22b_114707dome,2025-01-21__22b_114707dome,9,antisolar,,"(-0.1988467861990293, -0.9800305891237872)",717,699,"(717, 699)",22b_114707dome_waggle_annotations.csv,11:47:07,20250121,-0.198846786199029,-0.980030589123787,348.530469667133,1404,C:\Users\frida\Documents\PhD\Waggle_dance\wd_SA2025\dome\rightcameraangle_probably\20250121\2025-01-21 11-47-07.mkv,1,2025-01-21
22b,22b_114707dome,2025-01-21__22b_114707dome,10,antisolar,,"(0.23162052730603974, 0.9728062146853669)",700,723,"(700, 723)",22b_114707dome_waggle_annotations.csv,11:47:07,20250121,0.23162052730604,0.972806214685367,166.607502246249,1527,C:\Users\frida\Documents\PhD\Waggle_dance\wd_SA2025\dome\rightcameraangle_probably\20250121\2025-01-21 11-47-07.mkv,1,2025-01-21
22b,22b_114707dome,2025-01-21__22b_114707dome,11,antisolar,,"(-0.9899494936611665, 0.1414213562373095)",783,688,"(783, 688)",22b_114707dome_waggle_annotations.csv,11:47:07,20250121,-0.989949493661167,0.14142135623731,261.869897645844,1655,C:\Users\frida\Documents\PhD\Waggle_dance\wd_SA2025\dome\rightcameraangle_probably\20250121\2025-01-21 11-47-07.mkv,1,2025-01-21
22b,22b_114707dome,2025-01-21__22b_114707dome,12,antisolar,,"(-0.4891416382295137, -0.8722043669634701)",704,506,"(704, 506)",22b_114707dome_waggle_annotations.csv,11:47:07,20250121,-0.489141638229514,-0.87220436696347,330.715820451457,1792,C:\Users\frida\Documents\PhD\Waggle_dance\wd_SA2025\dome\rightcameraangle_probably\20250121\2025-01-21 11-47-07.mkv,1,2025-01-21
22b,22b_120351dome,2025-01-21__22b_120351dome,1,solar,"scattered dance, cloudy","(0.016126934718260072, 0.9998699525321245)",813,595,"(813, 595)",22b_120351dome_waggle_annotations.csv,12:03:51,20250121,0.0161269347182601,0.999869952532125,179.075954647227,1900,C:\Users\frida\Documents\PhD\Waggle_dance\wd_SA2025\dome\rightcameraangle_probably\20250121\2025-01-21 12-03-51.mkv,1,2025-01-21
22b,22b_120351dome,2025-01-21__22b_120351dome,2,solar,"scattered dance, cloudy","(0.5299989400031799, -0.8479983040050879)",803,594,"(803, 594)",22b_120351dome_waggle_annotations.csv,12:03:51,20250121,0.52999894000318,-0.847998304005088,32.0053832080835,1997,C:\Users\frida\Documents\PhD\Waggle_dance\wd_SA2025\dome\rightcameraangle_probably\20250121\2025-01-21 12-03-51.mkv,1,2025-01-21
22b,22b_120351dome,2025-01-21__22b_120351dome,3,solar,"scattered dance, cloudy","(-0.9970544855015815, -0.07669649888473704)",800,547,"(800, 547)",22b_120351dome_waggle_annotations.csv,12:03:51,20250121,-0.997054485501582,-0.076696498884737,274.398705354996,2040,C:\Users\frida\Documents\PhD\Waggle_dance\wd_SA2025\dome\rightcameraangle_probably\20250121\2025-01-21 12-03-51.mkv,1,2025-01-21
22b,22b_120351dome,2025-01-21__22b_120351dome,4,solar,"scattered dance, cloudy","(-0.8645071866841928, -0.5026204573745306)",838,524,"(838, 524)",22b_120351dome_waggle_annotations.csv,12:03:51,20250121,-0.864507186684193,-0.502620457374531,300.173520029644,2105,C:\Users\frida\Documents\PhD\Waggle_dance\wd_SA2025\dome\rightcameraangle_probably\20250121\2025-01-21 12-03-51.mkv,1,2025-01-21
22b,22b_120351dome,2025-01-21__22b_120351dome,5,solar,"scattered dance, cloudy","(-0.6291982286679645, -0.7772448707074855)",831,538,"(831, 538)",22b_120351dome_waggle_annotations.csv,12:03:51,20250121,-0.629198228667965,-0.777244870707486,321.009005957495,2172,C:\Users\frida\Documents\PhD\Waggle_dance\wd_SA2025\dome\rightcameraangle_probably\20250121\2025-01-21 12-03-51.mkv,1,2025-01-21
22b,22b_120351dome,2025-01-21__22b_120351dome,6,solar,"scattered dance, cloudy","(-0.2780580765410573, 0.9605642644145616)",797,531,"(797, 531)",22b_120351dome_waggle_annotations.csv,12:03:51,20250121,-0.278058076541057,0.960564264414562,196.144338780283,2195,C:\Users\frida\Documents\PhD\Waggle_dance\wd_SA2025\dome\rightcameraangle_probably\20250121\2025-01-21 12-03-51.mkv,1,2025-01-21
22b,22b_120351dome,2025-01-21__22b_120351dome,7,solar,"scattered dance, cloudy","(0.5547001962252291, 0.8320502943378437)",868,581,"(868, 581)",22b_120351dome_waggle_annotations.csv,12:03:51,20250121,0.554700196225229,0.832050294337844,146.30993247402,2265,C:\Users\frida\Documents\PhD\Waggle_dance\wd_SA2025\dome\rightcameraangle_probably\20250121\2025-01-21 12-03-51.mkv,1,2025-01-21
22b,22b_120351dome,2025-01-21__22b_120351dome,8,solar,"scattered dance, cloudy","(-0.6305926250944657, 0.7761140001162655)",835,560,"(835, 560)",22b_120351dome_waggle_annotations.csv,12:03:51,20250121,-0.630592625094466,0.776114000116266,219.09385888623,2339,C:\Users\frida\Documents\PhD\Waggle_dance\wd_SA2025\dome\rightcameraangle_probably\20250121\2025-01-21 12-03-51.mkv,1,2025-01-21
22b,22b_120351dome,2025-01-21__22b_120351dome,9,solar,"scattered dance, cloudy","(-0.9743911956946198, 0.22485950669875843)",856,593,"(856, 593)",22b_120351dome_waggle_annotations.csv,12:03:51,20250121,-0.97439119569462,0.224859506698758,257.005383208084,2440,C:\Users\frida\Documents\PhD\Waggle_dance\wd_SA2025\dome\rightcameraangle_probably\20250121\2025-01-21 12-03-51.mkv,1,2025-01-21
22b,22b_120351dome,2025-01-21__22b_120351dome,10,solar,"scattered dance, cloudy","(0.0, 1.0)",812,582,"(812, 582)",22b_120351dome_waggle_annotations.csv,12:03:51,20250121,0,1,180,2529,C:\Users\frida\Documents\PhD\Waggle_dance\wd_SA2025\dome\rightcameraangle_probably\20250121\2025-01-21 12-03-51.mkv,1,2025-01-21
22b,22b_120351dome,2025-01-21__22b_120351dome,11,solar,"scattered dance, cloudy","(0.9809931051744287, -0.19404259223230458)",841,604,"(841, 604)",22b_120351dome_waggle_annotations.csv,12:03:51,20250121,0.980993105174429,-0.194042592232305,78.8112000717482,2556,C:\Users\frida\Documents\PhD\Waggle_dance\wd_SA2025\dome\rightcameraangle_probably\20250121\2025-01-21 12-03-51.mkv,1,2025-01-21
22b,22b_120351dome,2025-01-21__22b_120351dome,12,solar,"scattered dance, cloudy","(-0.9665615578617778, 0.2564346990245533)",845,629,"(845, 629)",22b_120351dome_waggle_annotations.csv,12:03:51,20250121,-0.966561557861778,0.256434699024553,255.141385552075,2601,C:\Users\frida\Documents\PhD\Waggle_dance\wd_SA2025\dome\rightcameraangle_probably\20250121\2025-01-21 12-03-51.mkv,1,2025-01-21
22b,22b_120351dome,2025-01-21__22b_120351dome,13,solar,"scattered dance, cloudy","(-0.5070201265633938, 0.8619342151577695)",837,555,"(837, 555)",22b_120351dome_waggle_annotations.csv,12:03:51,20250121,-0.507020126563394,0.86193421515777,210.46554491946,2715,C:\Users\frida\Documents\PhD\Waggle_dance\wd_SA2025\dome\rightcameraangle_probably\20250121\2025-01-21 12-03-51.mkv,1,2025-01-21
22b,22b_120351dome,2025-01-21__22b_120351dome,14,solar,"scattered dance, cloudy","(-0.7393423814787864, -0.6733296688467518)",818,566,"(818, 566)",22b_120351dome_waggle_annotations.csv,12:03:51,20250121,-0.739342381478786,-0.673329668846752,312.324573343971,2741,C:\Users\frida\Documents\PhD\Waggle_dance\wd_SA2025\dome\rightcameraangle_probably\20250121\2025-01-21 12-03-51.mkv,1,2025-01-21
22b,22b_120351dome,2025-01-21__22b_120351dome,15,solar,"scattered dance, cloudy","(0.26311740579210874, 0.9647638212377321)",841,609,"(841, 609)",22b_120351dome_waggle_annotations.csv,12:03:51,20250121,0.263117405792109,0.964763821237732,164.744881296942,2837,C:\Users\frida\Documents\PhD\Waggle_dance\wd_SA2025\dome\rightcameraangle_probably\20250121\2025-01-21 12-03-51.mkv,1,2025-01-21
22b,22b_120351dome,2025-01-21__22b_120351dome,16,solar,"scattered dance, cloudy","(0.41790560823214434, 0.9084904526785746)",791,586,"(791, 586)",22b_120351dome_waggle_annotations.csv,12:03:51,20250121,0.417905608232144,0.908490452678575,155.297569772229,2959,C:\Users\frida\Documents\PhD\Waggle_dance\wd_SA2025\dome\rightcameraangle_probably\20250121\2025-01-21 12-03-51.mkv,1,2025-01-21
22b,22b_120351dome,2025-01-21__22b_120351dome,17,solar,"scattered dance, cloudy","(-0.3615278544908723, 0.9323613089501445)",721,643,"(721, 643)",22b_120351dome_waggle_annotations.csv,12:03:51,20250121,-0.361527854490872,0.932361308950145,201.194056481542,3163,C:\Users\frida\Documents\PhD\Waggle_dance\wd_SA2025\dome\rightcameraangle_probably\20250121\2025-01-21 12-03-51.mkv,1,2025-01-21
22b,22b_120351dome,2025-01-21__22b_120351dome,18,solar,"scattered dance, cloudy","(-0.08853979028379436, 0.9960726406926864)",881,686,"(881, 686)",22b_120351dome_waggle_annotations.csv,12:03:51,20250121,-0.0885397902837944,0.996072640692686,185.079607860015,3262,C:\Users\frida\Documents\PhD\Waggle_dance\wd_SA2025\dome\rightcameraangle_probably\20250121\2025-01-21 12-03-51.mkv,1,2025-01-21
22b,22b_00028,2025-01-22__22b_00028,1,vertical,,"(0.06438227799796505, 0.9979253089684582)",845,884,"(845, 884)",22b_00028_waggle_annotations.csv,15:19:00,20250122,0.0643822779979651,0.997925308968458,176.308614013549,12,/media/geko/VERBATIM HD/SA2025_dances/George/mp4/20250122/00028.mp4,1,2025-01-22
22b,22b_00028,2025-01-22__22b_00028,2,vertical,,"(0.3656523724229935, 0.9307514934403471)",872,815,"(872, 815)",22b_00028_waggle_annotations.csv,15:19:00,20250122,0.365652372422994,0.930751493440347,158.552263672895,76,/media/geko/VERBATIM HD/SA2025_dances/George/mp4/20250122/00028.mp4,1,2025-01-22
22b,22b_00028,2025-01-22__22b_00028,3,vertical,,"(-0.03331483023263848, 0.9994449069791543)",858,836,"(858, 836)",22b_00028_waggle_annotations.csv,15:19:00,20250122,-0.0333148302326385,0.999444906979154,181.909152432996,131,/media/geko/VERBATIM HD/SA2025_dances/George/mp4/20250122/00028.mp4,1,2025-01-22
22b,22b_00028,2025-01-22__22b_00028,4,vertical,,"(0.1520571842539411, 0.9883716976506172)",886,809,"(886, 809)",22b_00028_waggle_annotations.csv,15:19:00,20250122,0.152057184253941,0.988371697650617,171.253837737445,187,/media/geko/VERBATIM HD/SA2025_dances/George/mp4/20250122/00028.mp4,1,2025-01-22
22b,22b_00032,2025-01-22__22b_00032,1,vertical,,"(-0.4819187497721559, 0.8762159086766471)",700,950,"(700, 950)",22b_00032_waggle_annotations.csv,15:28:00,20250122,-0.481918749772156,0.876215908676647,208.810793742973,30,/media/geko/VERBATIM HD/SA2025_dances/George/mp4/20250122/00032.mp4,1,2025-01-22
22b,22b_00032,2025-01-22__22b_00032,2,vertical,,"(-0.36064519288355346, 0.9327030850436727)",736,915,"(736, 915)",22b_00032_waggle_annotations.csv,15:28:00,20250122,-0.360645192883553,0.932703085043673,201.139824808658,163,/media/geko/VERBATIM HD/SA2025_dances/George/mp4/20250122/00032.mp4,1,2025-01-22
22b,22b_00032,2025-01-22__22b_00032,3,vertical,,"(0.053494721371611896, 0.9985681322700888)",763,897,"(763, 897)",22b_00032_waggle_annotations.csv,15:28:00,20250122,0.0534947213716119,0.998568132270089,176.933514498874,209,/media/geko/VERBATIM HD/SA2025_dances/George/mp4/20250122/00032.mp4,1,2025-01-22
22b,22b_00032,2025-01-22__22b_00032,4,vertical,,"(-0.3609941025577121, 0.9325680982740896)",713,844,"(713, 844)",22b_00032_waggle_annotations.csv,15:28:00,20250122,-0.360994102557712,0.93256809827409,201.161259816828,258,/media/geko/VERBATIM HD/SA2025_dances/George/mp4/20250122/00032.mp4,1,2025-01-22
22b,22b_00032,2025-01-22__22b_00032,5,vertical,,"(0.19611613513818404, 0.9805806756909202)",730,844,"(730, 844)",22b_00032_waggle_annotations.csv,15:28:00,20250122,0.196116135138184,0.98058067569092,168.69006752598,318,/media/geko/VERBATIM HD/SA2025_dances/George/mp4/20250122/00032.mp4,1,2025-01-22
22b,22b_00032,2025-01-22__22b_00032,6,vertical,,"(-0.35713746626659143, 0.9340518348510853)",699,843,"(699, 843)",22b_00032_waggle_annotations.csv,15:28:00,20250122,-0.357137466266591,0.934051834851085,200.924501744921,366,/media/geko/VERBATIM HD/SA2025_dances/George/mp4/20250122/00032.mp4,1,2025-01-22
22b,22b_00032,2025-01-22__22b_00032,7,vertical,,"(0.17378533390904768, 0.9847835588179369)",720,860,"(720, 860)",22b_00032_waggle_annotations.csv,15:28:00,20250122,0.173785333909048,0.984783558817937,169.992020198559,410,/media/geko/VERBATIM HD/SA2025_dances/George/mp4/20250122/00032.mp4,1,2025-01-22
22b,22b_00036,2025-01-22__22b_00036,1,vertical,,"(0.19151035941964858, 0.981490592025699)",1656,783,"(1656, 783)",22b_00036_waggle_annotations.csv,15:39:00,20250122,0.191510359419649,0.981490592025699,168.959059819676,782,/media/geko/VERBATIM HD/SA2025_dances/George/mp4/20250122/00036.mp4,1,2025-01-22
22b,22b_00036,2025-01-22__22b_00036,2,vertical,,"(-0.09950371902099892, 0.9950371902099892)",1662,823,"(1662, 823)",22b_00036_waggle_annotations.csv,15:39:00,20250122,-0.0995037190209989,0.995037190209989,185.7105931375,819,/media/geko/VERBATIM HD/SA2025_dances/George/mp4/20250122/00036.mp4,1,2025-01-22
22b,22b_00036,2025-01-22__22b_00036,3,vertical,,"(-0.28216632399155017, 0.9593655015712707)",1382,863,"(1382, 863)",22b_00036_waggle_annotations.csv,15:39:00,20250122,-0.28216632399155,0.959365501571271,196.389540334035,895,/media/geko/VERBATIM HD/SA2025_dances/George/mp4/20250122/00036.mp4,1,2025-01-22
22b,22b_00036,2025-01-22__22b_00036,4,vertical,,"(-0.06237828615518053, 0.9980525784828885)",1260,746,"(1260, 746)",22b_00036_waggle_annotations.csv,15:39:00,20250122,-0.0623782861551805,0.998052578482889,183.576334374997,967,/media/geko/VERBATIM HD/SA2025_dances/George/mp4/20250122/00036.mp4,1,2025-01-22
22b,22b_00036,2025-01-22__22b_00036,5,vertical,,"(-0.5665288228870652, 0.8240419241993676)",1175,755,"(1175, 755)",22b_00036_waggle_annotations.csv,15:39:00,20250122,-0.566528822887065,0.824041924199368,214.508522987668,1200,/media/geko/VERBATIM HD/SA2025_dances/George/mp4/20250122/00036.mp4,1,2025-01-22
22b,22b_00038,2025-01-22__22b_00038,1,horizontal,,"(-0.8989898688372694, 0.43796942327969535)",824,869,"(824, 869)",22b_00038_waggle_annotations.csv,15:43:00,20250122,-0.898989868837269,0.437969423279695,244.025606037569,91,/media/geko/VERBATIM HD/SA2025_dances/George/mp4/20250122/00038.mp4,1,2025-01-22
22b,22b_00038,2025-01-22__22b_00038,2,horizontal,,"(-0.9079593845004517, 0.4190581774617469)",821,867,"(821, 867)",22b_00038_waggle_annotations.csv,15:43:00,20250122,-0.907959384500452,0.419058177461747,245.224859431168,129,/media/geko/VERBATIM HD/SA2025_dances/George/mp4/20250122/00038.mp4,1,2025-01-22
22b,22b_00038,2025-01-22__22b_00038,3,horizontal,,"(-0.9363291775690445, 0.3511234415883917)",810,865,"(810, 865)",22b_00038_waggle_annotations.csv,15:43:00,20250122,-0.936329177569045,0.351123441588392,249.443954780417,170,/media/geko/VERBATIM HD/SA2025_dances/George/mp4/20250122/00038.mp4,1,2025-01-22
22b,22b_00038,2025-01-22__22b_00038,4,horizontal,,"(-0.413802944301184, 0.9103664774626047)",787,868,"(787, 868)",22b_00038_waggle_annotations.csv,15:43:00,20250122,-0.413802944301184,0.910366477462605,204.443954780417,212,/media/geko/VERBATIM HD/SA2025_dances/George/mp4/20250122/00038.mp4,1,2025-01-22
22b,22b_00038,2025-01-22__22b_00038,5,horizontal,,"(-0.8944271909999159, 0.4472135954999579)",806,850,"(806, 850)",22b_00038_waggle_annotations.csv,15:43:00,20250122,-0.894427190999916,0.447213595499958,243.434948822922,260,/media/geko/VERBATIM HD/SA2025_dances/George/mp4/20250122/00038.mp4,1,2025-01-22
22b,22b_00038,2025-01-22__22b_00038,6,horizontal,,"(-0.7226418571476991, 0.6912226459673644)",799,855,"(799, 855)",22b_00038_waggle_annotations.csv,15:43:00,20250122,-0.722641857147699,0.691222645967364,226.273030020057,319,/media/geko/VERBATIM HD/SA2025_dances/George/mp4/20250122/00038.mp4,1,2025-01-22
22b,22b_00048,2025-01-22__22b_00048,1,vertical,"very long dance (35 runs annotated, skipped a few on edge of frame)","(-0.32599068331940423, 0.9453729816262721)",802,846,"(802, 846)",22b_00048_waggle_annotations.csv,17:55:00,20250122,-0.325990683319404,0.945372981626272,199.025606037569,800,/media/geko/VERBATIM HD/SA2025_dances/George/mp4/20250122/00048.mp4,1,2025-01-22
22b,22b_00048,2025-01-22__22b_00048,2,vertical,"very long dance (35 runs annotated, skipped a few on edge of frame)","(0.11043152607484653, 0.9938837346736188)",833,847,"(833, 847)",22b_00048_waggle_annotations.csv,17:55:00,20250122,0.110431526074847,0.993883734673619,173.65980825409,845,/media/geko/VERBATIM HD/SA2025_dances/George/mp4/20250122/00048.mp4,1,2025-01-22
22b,22b_00048,2025-01-22__22b_00048,3,vertical,"very long dance (35 runs annotated, skipped a few on edge of frame)","(-0.4472135954999579, 0.8944271909999159)",810,834,"(810, 834)",22b_00048_waggle_annotations.csv,17:55:00,20250122,-0.447213595499958,0.894427190999916,206.565051177078,883,/media/geko/VERBATIM HD/SA2025_dances/George/mp4/20250122/00048.mp4,1,2025-01-22
22b,22b_00048,2025-01-22__22b_00048,4,vertical,"very long dance (35 runs annotated, skipped a few on edge of frame)","(0.21693045781865616, 0.9761870601839528)",797,833,"(797, 833)",22b_00048_waggle_annotations.csv,17:55:00,20250122,0.216930457818656,0.976187060183953,167.471192290848,924,/media/geko/VERBATIM HD/SA2025_dances/George/mp4/20250122/00048.mp4,1,2025-01-22
22b,22b_00048,2025-01-22__22b_00048,5,vertical,"very long dance (35 runs annotated, skipped a few on edge of frame)","(-0.49972245348957717, 0.8661855860486004)",766,781,"(766, 781)",22b_00048_waggle_annotations.csv,17:55:00,20250122,-0.499722453489577,0.8661855860486,209.981639368849,968,/media/geko/VERBATIM HD/SA2025_dances/George/mp4/20250122/00048.mp4,1,2025-01-22
22b,22b_00048,2025-01-22__22b_00048,6,vertical,"very long dance (35 runs annotated, skipped a few on edge of frame)","(0.1643989873053573, 0.9863939238321437)",842,880,"(842, 880)",22b_00048_waggle_annotations.csv,17:55:00,20250122,0.164398987305357,0.986393923832144,170.537677791974,999,/media/geko/VERBATIM HD/SA2025_dances/George/mp4/20250122/00048.mp4,1,2025-01-22
22b,22b_00048,2025-01-22__22b_00048,7,vertical,"very long dance (35 runs annotated, skipped a few on edge of frame)","(0.08789381029635715, 0.996129850025381)",843,855,"(843, 855)",22b_00048_waggle_annotations.csv,17:55:00,20250122,0.0878938102963572,0.996129850025381,174.957548930829,1044,/media/geko/VERBATIM HD/SA2025_dances/George/mp4/20250122/00048.mp4,1,2025-01-22
22b,22b_00048,2025-01-22__22b_00048,8,vertical,"very long dance (35 runs annotated, skipped a few on edge of frame)","(-0.7071067811865476, 0.7071067811865476)",831,817,"(831, 817)",22b_00048_waggle_annotations.csv,17:55:00,20250122,-0.707106781186548,0.707106781186548,225,1079,/media/geko/VERBATIM HD/SA2025_dances/George/mp4/20250122/00048.mp4,1,2025-01-22
22b,22b_00048,2025-01-22__22b_00048,9,vertical,"very long dance (35 runs annotated, skipped a few on edge of frame)","(0.12403473458920847, 0.9922778767136677)",867,846,"(867, 846)",22b_00048_waggle_annotations.csv,17:55:00,20250122,0.124034734589208,0.992277876713668,172.874983651098,1125,/media/geko/VERBATIM HD/SA2025_dances/George/mp4/20250122/00048.mp4,1,2025-01-22
22b,22b_00048,2025-01-22__22b_00048,10,vertical,"very long dance (35 runs annotated, skipped a few on edge of frame)","(-0.7474093186836597, 0.6643638388299198)",1049,907,"(1049, 907)",22b_00048_waggle_annotations.csv,17:55:00,20250122,-0.74740931868366,0.66436383882992,228.36646066343,1354,/media/geko/VERBATIM HD/SA2025_dances/George/mp4/20250122/00048.mp4,1,2025-01-22
22b,22b_00048,2025-01-22__22b_00048,11,vertical,"very long dance (35 runs annotated, skipped a few on edge of frame)","(-0.03770900990025203, 0.9992887623566787)",1030,903,"(1030, 903)",22b_00048_waggle_annotations.csv,17:55:00,20250122,-0.037709009900252,0.999288762356679,182.161079488226,1405,/media/geko/VERBATIM HD/SA2025_dances/George/mp4/20250122/00048.mp4,1,2025-01-22
22b,22b_00048,2025-01-22__22b_00048,12,vertical,"very long dance (35 runs annotated, skipped a few on edge of frame)","(-0.12403473458920847, 0.9922778767136677)",995,887,"(995, 887)",22b_00048_waggle_annotations.csv,17:55:00,20250122,-0.124034734589208,0.992277876713668,187.125016348902,1450,/media/geko/VERBATIM HD/SA2025_dances/George/mp4/20250122/00048.mp4,1,2025-01-22
22b,22b_00048,2025-01-22__22b_00048,13,vertical,"very long dance (35 runs annotated, skipped a few on edge of frame)","(0.09950371902099892, 0.9950371902099892)",1034,905,"(1034, 905)",22b_00048_waggle_annotations.csv,17:55:00,20250122,0.0995037190209989,0.995037190209989,174.2894068625,1488,/media/geko/VERBATIM HD/SA2025_dances/George/mp4/20250122/00048.mp4,1,2025-01-22
22b,22b_00048,2025-01-22__22b_00048,14,vertical,"very long dance (35 runs annotated, skipped a few on edge of frame)","(-0.3396444637775567, 0.9405538996916954)",1054,877,"(1054, 877)",22b_00048_waggle_annotations.csv,17:55:00,20250122,-0.339644463777557,0.940553899691695,199.855214369321,1534,/media/geko/VERBATIM HD/SA2025_dances/George/mp4/20250122/00048.mp4,1,2025-01-22
22b,22b_00048,2025-01-22__22b_00048,15,vertical,"very long dance (35 runs annotated, skipped a few on edge of frame)","(0.49613893835683387, 0.8682431421244593)",1038,865,"(1038, 865)",22b_00048_waggle_annotations.csv,17:55:00,20250122,0.496138938356834,0.868243142124459,150.255118703058,1574,/media/geko/VERBATIM HD/SA2025_dances/George/mp4/20250122/00048.mp4,1,2025-01-22
22b,22b_00048,2025-01-22__22b_00048,16,vertical,"very long dance (35 runs annotated, skipped a few on edge of frame)","(-0.24253562503633297, 0.9701425001453319)",984,874,"(984, 874)",22b_00048_waggle_annotations.csv,17:55:00,20250122,-0.242535625036333,0.970142500145332,194.036243467926,1620,/media/geko/VERBATIM HD/SA2025_dances/George/mp4/20250122/00048.mp4,1,2025-01-22
22b,22b_00048,2025-01-22__22b_00048,17,vertical,"very long dance (35 runs annotated, skipped a few on edge of frame)","(0.13120871902808304, 0.9913547659899606)",1017,870,"(1017, 870)",22b_00048_waggle_annotations.csv,17:55:00,20250122,0.131208719028083,0.991354765989961,172.460554860491,1665,/media/geko/VERBATIM HD/SA2025_dances/George/mp4/20250122/00048.mp4,1,2025-01-22
22b,22b_00048,2025-01-22__22b_00048,18,vertical,"very long dance (35 runs annotated, skipped a few on edge of frame)","(-0.38074980525429486, 0.924678098474716)",995,878,"(995, 878)",22b_00048_waggle_annotations.csv,17:55:00,20250122,-0.380749805254295,0.924678098474716,202.38013505196,1701,/media/geko/VERBATIM HD/SA2025_dances/George/mp4/20250122/00048.mp4,1,2025-01-22
22b,22b_00048,2025-01-22__22b_00048,19,vertical,"very long dance (35 runs annotated, skipped a few on edge of frame)","(0.4008188340197078, 0.9161573349021892)",1007,891,"(1007, 891)",22b_00048_waggle_annotations.csv,17:55:00,20250122,0.400818834019708,0.916157334902189,156.370622269343,1747,/media/geko/VERBATIM HD/SA2025_dances/George/mp4/20250122/00048.mp4,1,2025-01-22
22b,22b_00048,2025-01-22__22b_00048,20,vertical,"very long dance (35 runs annotated, skipped a few on edge of frame)","(-0.3643993485805122, 0.9312427797057534)",950,881,"(950, 881)",22b_00048_waggle_annotations.csv,17:55:00,20250122,-0.364399348580512,0.931242779705753,201.370622269343,1784,/media/geko/VERBATIM HD/SA2025_dances/George/mp4/20250122/00048.mp4,1,2025-01-22
22b,22b_00048,2025-01-22__22b_00048,21,vertical,"very long dance (35 runs annotated, skipped a few on edge of frame)","(0.3624462611549484, 0.9320046715412958)",959,894,"(959, 894)",22b_00048_waggle_annotations.csv,17:55:00,20250122,0.362446261154948,0.932004671541296,158.749494492867,1837,/media/geko/VERBATIM HD/SA2025_dances/George/mp4/20250122/00048.mp4,1,2025-01-22
22b,22b_00048,2025-01-22__22b_00048,22,vertical,"very long dance (35 runs annotated, skipped a few on edge of frame)","(-0.25766265056033233, 0.9662349396012463)",925,895,"(925, 895)",22b_00048_waggle_annotations.csv,17:55:00,20250122,-0.257662650560332,0.966234939601246,194.931417178138,1879,/media/geko/VERBATIM HD/SA2025_dances/George/mp4/20250122/00048.mp4,1,2025-01-22
22b,22b_00048,2025-01-22__22b_00048,23,vertical,"very long dance (35 runs annotated, skipped a few on edge of frame)","(0.5038710255240862, 0.8637789008984335)",994,884,"(994, 884)",22b_00048_waggle_annotations.csv,17:55:00,20250122,0.503871025524086,0.863778900898434,149.743562836471,1955,/media/geko/VERBATIM HD/SA2025_dances/George/mp4/20250122/00048.mp4,1,2025-01-22
22b,22b_00048,2025-01-22__22b_00048,24,vertical,"very long dance (35 runs annotated, skipped a few on edge of frame)","(-0.52999894000318, 0.847998304005088)",979,899,"(979, 899)",22b_00048_waggle_annotations.csv,17:55:00,20250122,-0.52999894000318,0.847998304005088,212.005383208084,1996,/media/geko/VERBATIM HD/SA2025_dances/George/mp4/20250122/00048.mp4,1,2025-01-22
22b,22b_00048,2025-01-22__22b_00048,25,vertical,"very long dance (35 runs annotated, skipped a few on edge of frame)","(-0.22485950669875843, 0.9743911956946198)",972,902,"(972, 902)",22b_00048_waggle_annotations.csv,17:55:00,20250122,-0.224859506698758,0.97439119569462,192.994616791917,2077,/media/geko/VERBATIM HD/SA2025_dances/George/mp4/20250122/00048.mp4,1,2025-01-22
22b,22b_00048,2025-01-22__22b_00048,26,vertical,"very long dance (35 runs annotated, skipped a few on edge of frame)","(-0.6316729511622358, 0.7752349855172893)",921,884,"(921, 884)",22b_00048_waggle_annotations.csv,17:55:00,20250122,-0.631672951162236,0.775234985517289,219.173657970444,2134,/media/geko/VERBATIM HD/SA2025_dances/George/mp4/20250122/00048.mp4,1,2025-01-22
22b,22b_00048,2025-01-22__22b_00048,27,vertical,"very long dance (35 runs annotated, skipped a few on edge of frame)","(0.02630668208823282, 0.9996539193528472)",954,884,"(954, 884)",22b_00048_waggle_annotations.csv,17:55:00,20250122,0.0263066820882328,0.999653919352847,178.492564241225,2969,/media/geko/VERBATIM HD/SA2025_dances/George/mp4/20250122/00048.mp4,1,2025-01-22
22b,22b_00048,2025-01-22__22b_00048,28,vertical,"very long dance (35 runs annotated, skipped a few on edge of frame)","(-0.11043152607484653, 0.9938837346736188)",900,924,"(900, 924)",22b_00048_waggle_annotations.csv,17:55:00,20250122,-0.110431526074847,0.993883734673619,186.34019174591,3025,/media/geko/VERBATIM HD/SA2025_dances/George/mp4/20250122/00048.mp4,1,2025-01-22
22b,22b_00048,2025-01-22__22b_00048,29,vertical,"very long dance (35 runs annotated, skipped a few on edge of frame)","(-0.6097107608496923, 0.7926239891046)",912,953,"(912, 953)",22b_00048_waggle_annotations.csv,17:55:00,20250122,-0.609710760849692,0.7926239891046,217.568592028827,3120,/media/geko/VERBATIM HD/SA2025_dances/George/mp4/20250122/00048.mp4,1,2025-01-22
22b,22b_00048,2025-01-22__22b_00048,30,vertical,"very long dance (35 runs annotated, skipped a few on edge of frame)","(-0.7348034446274879, 0.6782801027330658)",820,887,"(820, 887)",22b_00048_waggle_annotations.csv,17:55:00,20250122,-0.734803444627488,0.678280102733066,227.290610042639,3394,/media/geko/VERBATIM HD/SA2025_dances/George/mp4/20250122/00048.mp4,1,2025-01-22
22b,22b_00048,2025-01-22__22b_00048,31,vertical,"very long dance (35 runs annotated, skipped a few on edge of frame)","(-0.12033136751923737, 0.9927337820337083)",866,913,"(866, 913)",22b_00048_waggle_annotations.csv,17:55:00,20250122,-0.120331367519237,0.992733782033708,186.911227119025,3453,/media/geko/VERBATIM HD/SA2025_dances/George/mp4/20250122/00048.mp4,1,2025-01-22
22b,22b_00048,2025-01-22__22b_00048,32,vertical,"very long dance (35 runs annotated, skipped a few on edge of frame)","(-0.5279341211256219, 0.8492853252890439)",773,921,"(773, 921)",22b_00048_waggle_annotations.csv,17:55:00,20250122,-0.527934121125622,0.849285325289044,211.865977693604,3610,/media/geko/VERBATIM HD/SA2025_dances/George/mp4/20250122/00048.mp4,1,2025-01-22
22b,22b_00048,2025-01-22__22b_00048,33,vertical,"very long dance (35 runs annotated, skipped a few on edge of frame)","(0.46483389898992034, 0.8853979028379435)",786,917,"(786, 917)",22b_00048_waggle_annotations.csv,17:55:00,20250122,0.46483389898992,0.885397902837944,152.300527191945,3647,/media/geko/VERBATIM HD/SA2025_dances/George/mp4/20250122/00048.mp4,1,2025-01-22
22b,22b_00048,2025-01-22__22b_00048,34,vertical,"very long dance (35 runs annotated, skipped a few on edge of frame)","(-0.29116161578269606, 0.9566738804288585)",757,915,"(757, 915)",22b_00048_waggle_annotations.csv,17:55:00,20250122,-0.291161615782696,0.956673880428859,196.927513064147,3879,/media/geko/VERBATIM HD/SA2025_dances/George/mp4/20250122/00048.mp4,1,2025-01-22
22b,22b_00048,2025-01-22__22b_00048,35,vertical,"very long dance (35 runs annotated, skipped a few on edge of frame)","(0.4558758698056578, 0.8900433648586652)",766,931,"(766, 931)",22b_00048_waggle_annotations.csv,17:55:00,20250122,0.455875869805658,0.890043364858665,152.878696595841,3927,/media/geko/VERBATIM HD/SA2025_dances/George/mp4/20250122/00048.mp4,1,2025-01-22
22b,22b_00057,2025-01-22__22b_00057,1,horizontal,some runs under the frame,"(-1.0, 0.0)",932,896,"(932, 896)",22b_00057_waggle_annotations.csv,18:16:00,20250122,−1,0,270,8,/media/geko/VERBATIM HD/SA2025_dances/George/mp4/20250122/00057.mp4,1,2025-01-22
22b,22b_00057,2025-01-22__22b_00057,2,horizontal,some runs under the frame,"(-0.9524241471993242, -0.30477572710378376)",974,852,"(974, 852)",22b_00057_waggle_annotations.csv,18:16:00,20250122,-0.952424147199324,-0.304775727103784,287.744671625057,58,/media/geko/VERBATIM HD/SA2025_dances/George/mp4/20250122/00057.mp4,1,2025-01-22
22b,22b_00057,2025-01-22__22b_00057,3,horizontal,some runs under the frame,"(-0.9942511402566916, -0.1070731997199514)",962,890,"(962, 890)",22b_00057_waggle_annotations.csv,18:16:00,20250122,-0.994251140256692,-0.107073199719951,276.146625659647,114,/media/geko/VERBATIM HD/SA2025_dances/George/mp4/20250122/00057.mp4,1,2025-01-22
22b,22b_00057,2025-01-22__22b_00057,4,horizontal,some runs under the frame,"(-0.9993849937917667, -0.035066140133044446)",942,854,"(942, 854)",22b_00057_waggle_annotations.csv,18:16:00,20250122,-0.999384993791767,-0.0350661401330444,272.009553813021,161,/media/geko/VERBATIM HD/SA2025_dances/George/mp4/20250122/00057.mp4,1,2025-01-22
22b,22b_00057,2025-01-22__22b_00057,5,horizontal,some runs under the frame,"(-0.9993474240685576, -0.036120991231393645)",934,836,"(934, 836)",22b_00057_waggle_annotations.csv,18:16:00,20250122,-0.999347424068558,-0.0361209912313936,272.070030653041,197,/media/geko/VERBATIM HD/SA2025_dances/George/mp4/20250122/00057.mp4,1,2025-01-22
22b,22b_00057,2025-01-22__22b_00057,6,horizontal,some runs under the frame,"(-0.9942070475658493, -0.10748184298009181)",898,813,"(898, 813)",22b_00057_waggle_annotations.csv,18:16:00,20250122,-0.994207047565849,-0.107481842980092,276.17017509503,245,/media/geko/VERBATIM HD/SA2025_dances/George/mp4/20250122/00057.mp4,1,2025-01-22
22b,22b_00057,2025-01-22__22b_00057,7,horizontal,some runs under the frame,"(-0.9949117176573006, 0.10075055368681525)",897,852,"(897, 852)",22b_00057_waggle_annotations.csv,18:16:00,20250122,-0.994911717657301,0.100750553686815,264.217607677636,288,/media/geko/VERBATIM HD/SA2025_dances/George/mp4/20250122/00057.mp4,1,2025-01-22
22b,22b_00057,2025-01-22__22b_00057,8,horizontal,some runs under the frame,"(-0.9892034623538708, 0.14654866108946232)",902,834,"(902, 834)",22b_00057_waggle_annotations.csv,18:16:00,20250122,-0.989203462353871,0.146548661089462,261.573030978519,333,/media/geko/VERBATIM HD/SA2025_dances/George/mp4/20250122/00057.mp4,1,2025-01-22
22b,22b_00057,2025-01-22__22b_00057,9,horizontal,some runs under the frame,"(-0.9998563940539735, 0.016946718543287685)",891,842,"(891, 842)",22b_00057_waggle_annotations.csv,18:16:00,20250122,-0.999856394053974,0.0169467185432877,269.028978068921,378,/media/geko/VERBATIM HD/SA2025_dances/George/mp4/20250122/00057.mp4,1,2025-01-22
22b,22b_00057,2025-01-22__22b_00057,10,horizontal,some runs under the frame,"(-0.999004994679079, -0.04459843726245888)",906,805,"(906, 805)",22b_00057_waggle_annotations.csv,18:16:00,20250122,-0.999004994679079,-0.0445984372624589,272.556150078578,419,/media/geko/VERBATIM HD/SA2025_dances/George/mp4/20250122/00057.mp4,1,2025-01-22
22b,22b_00057,2025-01-22__22b_00057,11,horizontal,some runs under the frame,"(-0.9975179222617703, 0.0704130298067132)",879,861,"(879, 861)",22b_00057_waggle_annotations.csv,18:16:00,20250122,-0.99751792226177,0.0704130298067132,265.962289379023,465,/media/geko/VERBATIM HD/SA2025_dances/George/mp4/20250122/00057.mp4,1,2025-01-22
22b,22b_00057,2025-01-22__22b_00057,12,horizontal,some runs under the frame,"(-0.9982048454657786, -0.05989229072794672)",877,850,"(877, 850)",22b_00057_waggle_annotations.csv,18:16:00,20250122,-0.998204845465779,-0.0598922907279467,273.433630362451,506,/media/geko/VERBATIM HD/SA2025_dances/George/mp4/20250122/00057.mp4,1,2025-01-22
22b,22b_00057,2025-01-22__22b_00057,13,horizontal,some runs under the frame,"(-0.9771763639228009, -0.2124296443310437)",892,896,"(892, 896)",22b_00057_waggle_annotations.csv,18:16:00,20250122,-0.977176363922801,-0.212429644331044,282.264773727892,547,/media/geko/VERBATIM HD/SA2025_dances/George/mp4/20250122/00057.mp4,1,2025-01-22
22b,22b_00057,2025-01-22__22b_00057,14,horizontal,some runs under the frame,"(-0.9951750001597838, -0.09811584508617587)",852,891,"(852, 891)",22b_00057_waggle_annotations.csv,18:16:00,20250122,-0.995175000159784,-0.0981158450861759,275.630682757635,592,/media/geko/VERBATIM HD/SA2025_dances/George/mp4/20250122/00057.mp4,1,2025-01-22
22b,22b_00057,2025-01-22__22b_00057,15,horizontal,some runs under the frame,"(-0.9175556253099242, 0.39760743763430045)",827,956,"(827, 956)",22b_00057_waggle_annotations.csv,18:16:00,20250122,-0.917555625309924,0.3976074376343,246.571307191255,648,/media/geko/VERBATIM HD/SA2025_dances/George/mp4/20250122/00057.mp4,1,2025-01-22
22b,22b_00057,2025-01-22__22b_00057,16,horizontal,some runs under the frame,"(-0.9849172563070865, 0.17302600448638006)",799,955,"(799, 955)",22b_00057_waggle_annotations.csv,18:16:00,20250122,-0.984917256307087,0.17302600448638,260.036195810093,687,/media/geko/VERBATIM HD/SA2025_dances/George/mp4/20250122/00057.mp4,1,2025-01-22
22b,22b_00057,2025-01-22__22b_00057,17,horizontal,some runs under the frame,"(-0.9979253089684582, 0.06438227799796505)",799,958,"(799, 958)",22b_00057_waggle_annotations.csv,18:16:00,20250122,-0.997925308968458,0.0643822779979651,266.308614013549,726,/media/geko/VERBATIM HD/SA2025_dances/George/mp4/20250122/00057.mp4,1,2025-01-22
22b,22b_00057,2025-01-22__22b_00057,18,horizontal,some runs under the frame,"(-0.9929467931694284, 0.11856081112470786)",763,966,"(763, 966)",22b_00057_waggle_annotations.csv,18:16:00,20250122,-0.992946793169428,0.118560811124708,263.190949820387,824,/media/geko/VERBATIM HD/SA2025_dances/George/mp4/20250122/00057.mp4,1,2025-01-22
22b,22b_151042dome,2025-01-22__22b_151042dome,1,antisolar,,"(0.9996876464081228, 0.02499219116020307)",599,693,"(599, 693)",22b_151042dome_waggle_annotations.csv,15:10:42,20250122,0.999687646408123,0.0249921911602031,91.4320961841647,1624,C:\Users\frida\Documents\PhD\Waggle_dance\wd_SA2025\dome\rightcameraangle_probably\20250122\2025-01-22 15-10-42.mkv,1,2025-01-22
22b,22b_151042dome,2025-01-22__22b_151042dome,2,antisolar,,"(0.9970544855015816, -0.07669649888473705)",627,729,"(627, 729)",22b_151042dome_waggle_annotations.csv,15:10:42,20250122,0.997054485501582,-0.0766964988847371,85.6012946450045,1741,C:\Users\frida\Documents\PhD\Waggle_dance\wd_SA2025\dome\rightcameraangle_probably\20250122\2025-01-22 15-10-42.mkv,1,2025-01-22
22b,22b_151042dome,2025-01-22__22b_151042dome,3,antisolar,,"(-0.13216372009101796, -0.9912279006826346)",623,719,"(623, 719)",22b_151042dome_waggle_annotations.csv,15:10:42,20250122,-0.132163720091018,-0.991227900682635,352.405356631409,1995,C:\Users\frida\Documents\PhD\Waggle_dance\wd_SA2025\dome\rightcameraangle_probably\20250122\2025-01-22 15-10-42.mkv,1,2025-01-22
22b,22b_151042dome,2025-01-22__22b_151042dome,4,antisolar,,"(0.22082565259779516, 0.9753132989735953)",665,724,"(665, 724)",22b_151042dome_waggle_annotations.csv,15:10:42,20250122,0.220825652597795,0.975313298973595,167.242467839123,2060,C:\Users\frida\Documents\PhD\Waggle_dance\wd_SA2025\dome\rightcameraangle_probably\20250122\2025-01-22 15-10-42.mkv,1,2025-01-22
22b,22b_151042dome,2025-01-22__22b_151042dome,5,antisolar,,"(0.04912095919979347, 0.9987928370624672)",629,819,"(629, 819)",22b_151042dome_waggle_annotations.csv,15:10:42,20250122,0.0491209591997935,0.998792837062467,177.184443315789,2183,C:\Users\frida\Documents\PhD\Waggle_dance\wd_SA2025\dome\rightcameraangle_probably\20250122\2025-01-22 15-10-42.mkv,1,2025-01-22
22b,22b_151042dome,2025-01-22__22b_151042dome,6,antisolar,,"(0.8647889466100895, 0.5021355173865036)",687,816,"(687, 816)",22b_151042dome_waggle_annotations.csv,15:10:42,20250122,0.86478894661009,0.502135517386504,120.141385552075,2339,C:\Users\frida\Documents\PhD\Waggle_dance\wd_SA2025\dome\rightcameraangle_probably\20250122\2025-01-22 15-10-42.mkv,1,2025-01-22
22b,22b_151042dome,2025-01-22__22b_151042dome,7,antisolar,,"(0.5881716976750462, 0.8087360843031886)",692,855,"(692, 855)",22b_151042dome_waggle_annotations.csv,15:10:42,20250122,0.588171697675046,0.808736084303189,143.972626614896,2522,C:\Users\frida\Documents\PhD\Waggle_dance\wd_SA2025\dome\rightcameraangle_probably\20250122\2025-01-22 15-10-42.mkv,1,2025-01-22
22b,22b_152133dome,2025-01-22__22b_152133dome,1,solar,"60, solar, north is 90deg to left, dancing opposite to feeder location","(0.0, 0.0)",476,581,"(476, 581)",22b_152133dome_waggle_annotations.csv,15:21:33,20250122,0,0,180,276,C:\Users\frida\Documents\PhD\Waggle_dance\wd_SA2025\dome\rightcameraangle_probably\20250122\2025-01-22 15-21-33.mkv,1,2025-01-22
22b,22b_152133dome,2025-01-22__22b_152133dome,2,solar,"61, solar, north is 90deg to left, dancing opposite to feeder location","(-0.17503333471749452, 0.9845625077859066)",711,729,"(711, 729)",22b_152133dome_waggle_annotations.csv,15:21:33,20250122,-0.175033334717495,0.984562507785907,190.080597987542,313,C:\Users\frida\Documents\PhD\Waggle_dance\wd_SA2025\dome\rightcameraangle_probably\20250122\2025-01-22 15-21-33.mkv,1,2025-01-22
22b,22b_152133dome,2025-01-22__22b_152133dome,3,solar,"62, solar, north is 90deg to left, dancing opposite to feeder location","(0.13216372009101796, 0.9912279006826347)",653,740,"(653, 740)",22b_152133dome_waggle_annotations.csv,15:21:33,20250122,0.132163720091018,0.991227900682635,172.405356631409,411,C:\Users\frida\Documents\PhD\Waggle_dance\wd_SA2025\dome\rightcameraangle_probably\20250122\2025-01-22 15-21-33.mkv,1,2025-01-22
22b,22b_152133dome,2025-01-22__22b_152133dome,4,solar,"63, solar, north is 90deg to left, dancing opposite to feeder location","(-0.9982331517348171, -0.0594186399842153)",680,784,"(680, 784)",22b_152133dome_waggle_annotations.csv,15:21:33,20250122,-0.998233151734817,-0.0594186399842153,273.406443754995,529,C:\Users\frida\Documents\PhD\Waggle_dance\wd_SA2025\dome\rightcameraangle_probably\20250122\2025-01-22 15-21-33.mkv,1,2025-01-22
22b,22b_152133dome,2025-01-22__22b_152133dome,5,solar,"64, solar, north is 90deg to left, dancing opposite to feeder location","(-0.27881019486395536, 0.9603462267536241)",596,752,"(596, 752)",22b_152133dome_waggle_annotations.csv,15:21:33,20250122,-0.278810194863955,0.960346226753624,196.189206257027,650,C:\Users\frida\Documents\PhD\Waggle_dance\wd_SA2025\dome\rightcameraangle_probably\20250122\2025-01-22 15-21-33.mkv,1,2025-01-22
22b,22b_152133dome,2025-01-22__22b_152133dome,6,solar,"65, solar, north is 90deg to left, dancing opposite to feeder location","(0.3085046980374365, 0.9512228189487626)",699,751,"(699, 751)",22b_152133dome_waggle_annotations.csv,15:21:33,20250122,0.308504698037437,0.951222818948763,162.030860259843,765,C:\Users\frida\Documents\PhD\Waggle_dance\wd_SA2025\dome\rightcameraangle_probably\20250122\2025-01-22 15-21-33.mkv,1,2025-01-22
22b,22b_152133dome,2025-01-22__22b_152133dome,7,solar,"66, solar, north is 90deg to left, dancing opposite to feeder location","(0.4762831485407526, -0.879291966536774)",588,720,"(588, 720)",22b_152133dome_waggle_annotations.csv,15:21:33,20250122,0.476283148540753,-0.879291966536774,28.4429286243634,914,C:\Users\frida\Documents\PhD\Waggle_dance\wd_SA2025\dome\rightcameraangle_probably\20250122\2025-01-22 15-21-33.mkv,1,2025-01-22
22b,22b_152133dome,2025-01-22__22b_152133dome,8,solar,"67, solar, north is 90deg to left, dancing opposite to feeder location","(-0.49613893835683387, 0.8682431421244593)",578,702,"(578, 702)",22b_152133dome_waggle_annotations.csv,15:21:33,20250122,-0.496138938356834,0.868243142124459,209.744881296942,989,C:\Users\frida\Documents\PhD\Waggle_dance\wd_SA2025\dome\rightcameraangle_probably\20250122\2025-01-22 15-21-33.mkv,1,2025-01-22
22b,22b_152133dome,2025-01-22__22b_152133dome,9,solar,"68, solar, north is 90deg to left, dancing opposite to feeder location","(-0.7071067811865476, -0.7071067811865476)",595,764,"(595, 764)",22b_152133dome_waggle_annotations.csv,15:21:33,20250122,-0.707106781186548,-0.707106781186548,315,1263,C:\Users\frida\Documents\PhD\Waggle_dance\wd_SA2025\dome\rightcameraangle_probably\20250122\2025-01-22 15-21-33.mkv,1,2025-01-22
22b,22b_00042,2025-01-23__22b_00042,1,horizontal,"possibly with view of the sky, double-check","(0.8841933840737239, 0.46712103309555225)",1669,825,"(1669, 825)",22b_00042_waggle_annotations.csv,12:24:00,20250123,0.884193384073724,0.467121033095552,117.847578259788,41,/media/geko/VERBATIM HD/SA2025_dances/George/mp4/20250123/00042.mp4,1,2025-01-23
22b,22b_00042,2025-01-23__22b_00042,2,horizontal,"possibly with view of the sky, double-check","(0.9161573349021892, 0.4008188340197078)",1829,805,"(1829, 805)",22b_00042_waggle_annotations.csv,12:24:00,20250123,0.916157334902189,0.400818834019708,113.629377730657,224,/media/geko/VERBATIM HD/SA2025_dances/George/mp4/20250123/00042.mp4,1,2025-01-23
22b,22b_00042,2025-01-23__22b_00042,3,horizontal,"possibly with view of the sky, double-check","(0.8320502943378436, 0.554700196225229)",1801,781,"(1801, 781)",22b_00042_waggle_annotations.csv,12:24:00,20250123,0.832050294337844,0.554700196225229,123.69006752598,256,/media/geko/VERBATIM HD/SA2025_dances/George/mp4/20250123/00042.mp4,1,2025-01-23
22b,22b_00042,2025-01-23__22b_00042,4,horizontal,"possibly with view of the sky, double-check","(0.9086768439633127, 0.41750017155071123)",1853,803,"(1853, 803)",22b_00042_waggle_annotations.csv,12:24:00,20250123,0.908676843963313,0.417500171550711,114.676863170337,305,/media/geko/VERBATIM HD/SA2025_dances/George/mp4/20250123/00042.mp4,1,2025-01-23
22b,22b_00047,2025-01-23__22b_00047,1,vertical,,"(0.5759535324331855, 0.8174824331309729)",1352,913,"(1352, 913)",22b_00047_waggle_annotations.csv,15:31:00,20250123,0.575953532433186,0.817482433130973,144.833563964207,377,/media/geko/VERBATIM HD/SA2025_dances/George/mp4/20250123/00047.mp4,1,2025-01-23
22b,22b_00047,2025-01-23__22b_00047,2,vertical,,"(-0.3624462611549484, 0.9320046715412958)",1302,942,"(1302, 942)",22b_00047_waggle_annotations.csv,15:31:00,20250123,-0.362446261154948,0.932004671541296,201.250505507133,436,/media/geko/VERBATIM HD/SA2025_dances/George/mp4/20250123/00047.mp4,1,2025-01-23
22b,22b_00047,2025-01-23__22b_00047,3,vertical,,"(0.27472112789737807, 0.9615239476408232)",1345,902,"(1345, 902)",22b_00047_waggle_annotations.csv,15:31:00,20250123,0.274721127897378,0.961523947640823,164.054604099077,511,/media/geko/VERBATIM HD/SA2025_dances/George/mp4/20250123/00047.mp4,1,2025-01-23
22b,22b_00047,2025-01-23__22b_00047,4,vertical,,"(-0.4696129729783403, 0.8828723891992798)",1220,843,"(1220, 843)",22b_00047_waggle_annotations.csv,15:31:00,20250123,-0.46961297297834,0.88287238919928,208.009176708014,563,/media/geko/VERBATIM HD/SA2025_dances/George/mp4/20250123/00047.mp4,1,2025-01-23
22b,22b_00048,2025-01-23__22b_00048,1,vertical,,"(0.09950371902099892, 0.9950371902099892)",1828,768,"(1828, 768)",22b_00048_waggle_annotations.csv,15:37:00,20250123,0.0995037190209989,0.995037190209989,174.2894068625,5696,/media/geko/VERBATIM HD/SA2025_dances/George/mp4/20250123/00048.mp4,1,2025-01-23
22b,22b_00048,2025-01-23__22b_00048,2,vertical,,"(0.09950371902099892, 0.9950371902099892)",1802,796,"(1802, 796)",22b_00048_waggle_annotations.csv,15:37:00,20250123,0.0995037190209989,0.995037190209989,174.2894068625,5833,/media/geko/VERBATIM HD/SA2025_dances/George/mp4/20250123/00048.mp4,1,2025-01-23
22b,22b_00048,2025-01-23__22b_00048,3,vertical,,"(0.26311740579210874, 0.9647638212377321)",1784,843,"(1784, 843)",22b_00048_waggle_annotations.csv,15:37:00,20250123,0.263117405792109,0.964763821237732,164.744881296942,5880,/media/geko/VERBATIM HD/SA2025_dances/George/mp4/20250123/00048.mp4,1,2025-01-23
22b,22b_00048,2025-01-23__22b_00048,4,vertical,,"(0.029399051601892736, 0.999567754464353)",1759,899,"(1759, 899)",22b_00048_waggle_annotations.csv,15:37:00,20250123,0.0293990516018927,0.999567754464353,178.315315682104,5923,/media/geko/VERBATIM HD/SA2025_dances/George/mp4/20250123/00048.mp4,1,2025-01-23
22b,22b_00048,2025-01-23__22b_00048,5,vertical,,"(0.4579565896743105, 0.8889745564266028)",1728,845,"(1728, 845)",22b_00048_waggle_annotations.csv,15:37:00,20250123,0.457956589674311,0.888974556426603,152.744671625057,5990,/media/geko/VERBATIM HD/SA2025_dances/George/mp4/20250123/00048.mp4,1,2025-01-23
22b,22b_00048,2025-01-23__22b_00048,6,vertical,,"(-0.1811624294769345, 0.983453188589073)",1587,850,"(1587, 850)",22b_00048_waggle_annotations.csv,15:37:00,20250123,-0.181162429476935,0.983453188589073,190.437475351118,6038,/media/geko/VERBATIM HD/SA2025_dances/George/mp4/20250123/00048.mp4,1,2025-01-23
22b,22b_00048,2025-01-23__22b_00048,7,vertical,,"(0.2060104810498419, 0.9785497849867489)",1616,822,"(1616, 822)",22b_00048_waggle_annotations.csv,15:37:00,20250123,0.206010481049842,0.978549784986749,168.111341960372,6083,/media/geko/VERBATIM HD/SA2025_dances/George/mp4/20250123/00048.mp4,1,2025-01-23
22b,22b_00048,2025-01-23__22b_00048,8,vertical,,"(-0.14834045293024462, 0.9889363528682975)",1579,876,"(1579, 876)",22b_00048_waggle_annotations.csv,15:37:00,20250123,-0.148340452930245,0.988936352868298,188.530765609948,6130,/media/geko/VERBATIM HD/SA2025_dances/George/mp4/20250123/00048.mp4,1,2025-01-23
22b,22b_00048,2025-01-23__22b_00048,9,vertical,,"(0.32599068331940423, 0.9453729816262721)",1589,850,"(1589, 850)",22b_00048_waggle_annotations.csv,15:37:00,20250123,0.325990683319404,0.945372981626272,160.974393962431,6181,/media/geko/VERBATIM HD/SA2025_dances/George/mp4/20250123/00048.mp4,1,2025-01-23
22b,22b_00048,2025-01-23__22b_00048,10,vertical,,"(0.37789699742661165, 0.9258476436951986)",1546,831,"(1546, 831)",22b_00048_waggle_annotations.csv,15:37:00,20250123,0.377896997426612,0.925847643695199,157.796521467943,6230,/media/geko/VERBATIM HD/SA2025_dances/George/mp4/20250123/00048.mp4,1,2025-01-23
22b,22b_00048,2025-01-23__22b_00048,11,vertical,,"(0.17134117475124774, 0.9852117548196745)",1593,803,"(1593, 803)",22b_00048_waggle_annotations.csv,15:37:00,20250123,0.171341174751248,0.985211754819675,170.134193056916,6277,/media/geko/VERBATIM HD/SA2025_dances/George/mp4/20250123/00048.mp4,1,2025-01-23
22b,22b_00048,2025-01-23__22b_00048,12,vertical,,"(-0.039968038348871575, 0.9992009587217894)",1524,777,"(1524, 777)",22b_00048_waggle_annotations.csv,15:37:00,20250123,-0.0399680383488716,0.999200958721789,182.290610042639,6321,/media/geko/VERBATIM HD/SA2025_dances/George/mp4/20250123/00048.mp4,1,2025-01-23
22b,22b_00048,2025-01-23__22b_00048,13,vertical,,"(0.3022438607339301, 0.953230637699318)",1563,814,"(1563, 814)",22b_00048_waggle_annotations.csv,15:37:00,20250123,0.30224386073393,0.953230637699318,162.407575437818,6371,/media/geko/VERBATIM HD/SA2025_dances/George/mp4/20250123/00048.mp4,1,2025-01-23
22b,22b_00048,2025-01-23__22b_00048,14,vertical,,"(-0.447213595499958, 0.894427190999916)",1488,841,"(1488, 841)",22b_00048_waggle_annotations.csv,15:37:00,20250123,-0.447213595499958,0.894427190999916,206.565051177078,6416,/media/geko/VERBATIM HD/SA2025_dances/George/mp4/20250123/00048.mp4,1,2025-01-23
22b,22b_00048,2025-01-23__22b_00048,15,vertical,,"(0.1537070062818706, 0.9881164689548823)",1501,838,"(1501, 838)",22b_00048_waggle_annotations.csv,15:37:00,20250123,0.153707006281871,0.988116468954882,171.158185439808,6466,/media/geko/VERBATIM HD/SA2025_dances/George/mp4/20250123/00048.mp4,1,2025-01-23
22b,22b_00048,2025-01-23__22b_00048,16,vertical,,"(0.03446227583977888, 0.9994059993535875)",1488,839,"(1488, 839)",22b_00048_waggle_annotations.csv,15:37:00,20250123,0.0344622758397789,0.999405999353588,178.025065989118,6507,/media/geko/VERBATIM HD/SA2025_dances/George/mp4/20250123/00048.mp4,1,2025-01-23
22b,22b_00048,2025-01-23__22b_00048,17,vertical,,"(0.34570535882735637, 0.9383431168171101)",1544,821,"(1544, 821)",22b_00048_waggle_annotations.csv,15:37:00,20250123,0.345705358827356,0.93834311681711,159.775140568832,6558,/media/geko/VERBATIM HD/SA2025_dances/George/mp4/20250123/00048.mp4,1,2025-01-23
22b,22b_00048,2025-01-23__22b_00048,18,vertical,,"(-0.0808158687660548, 0.9967290481146759)",1488,822,"(1488, 822)",22b_00048_waggle_annotations.csv,15:37:00,20250123,-0.0808158687660548,0.996729048114676,184.635463426903,6599,/media/geko/VERBATIM HD/SA2025_dances/George/mp4/20250123/00048.mp4,1,2025-01-23
22b,22b_00048,2025-01-23__22b_00048,19,vertical,,"(0.3905498468561695, 0.9205817818752566)",1546,852,"(1546, 852)",22b_00048_waggle_annotations.csv,15:37:00,20250123,0.39054984685617,0.920581781875257,157.011283197919,6645,/media/geko/VERBATIM HD/SA2025_dances/George/mp4/20250123/00048.mp4,1,2025-01-23
22b,22b_00048,2025-01-23__22b_00048,20,vertical,,"(-0.06336447318278195, 0.9979904526288157)",1471,841,"(1471, 841)",22b_00048_waggle_annotations.csv,15:37:00,20250123,-0.063364473182782,0.997990452628816,183.632950739488,6690,/media/geko/VERBATIM HD/SA2025_dances/George/mp4/20250123/00048.mp4,1,2025-01-23
22b,22b_00048,2025-01-23__22b_00048,21,vertical,,"(0.284088329691374, 0.9587981127083872)",1515,823,"(1515, 823)",22b_00048_waggle_annotations.csv,15:37:00,20250123,0.284088329691374,0.958798112708387,163.495638618245,6740,/media/geko/VERBATIM HD/SA2025_dances/George/mp4/20250123/00048.mp4,1,2025-01-23
22b,22b_00048,2025-01-23__22b_00048,22,vertical,,"(-0.0847998304005088, 0.9963980072059784)",1422,814,"(1422, 814)",22b_00048_waggle_annotations.csv,15:37:00,20250123,-0.0847998304005088,0.996398007205978,184.864514437761,6780,/media/geko/VERBATIM HD/SA2025_dances/George/mp4/20250123/00048.mp4,1,2025-01-23
22b,22b_00048,2025-01-23__22b_00048,23,vertical,,"(0.13511320473331348, 0.9908301680442989)",1495,810,"(1495, 810)",22b_00048_waggle_annotations.csv,15:37:00,20250123,0.135113204733313,0.990830168044299,172.234833981575,6824,/media/geko/VERBATIM HD/SA2025_dances/George/mp4/20250123/00048.mp4,1,2025-01-23
22b,22b_00048,2025-01-23__22b_00048,24,vertical,,"(-0.24837535026770383, 0.968663866044045)",1455,836,"(1455, 836)",22b_00048_waggle_annotations.csv,15:37:00,20250123,-0.248375350267704,0.968663866044045,194.381394591091,6863,/media/geko/VERBATIM HD/SA2025_dances/George/mp4/20250123/00048.mp4,1,2025-01-23
22b,22b_00048,2025-01-23__22b_00048,25,vertical,,"(0.23464053310389682, 0.9720822085732868)",1498,775,"(1498, 775)",22b_00048_waggle_annotations.csv,15:37:00,20250123,0.234640533103897,0.972082208573287,166.429565614839,6912,/media/geko/VERBATIM HD/SA2025_dances/George/mp4/20250123/00048.mp4,1,2025-01-23
22b,22b_00048,2025-01-23__22b_00048,26,vertical,,"(-0.13391789600139503, 0.9909924304103233)",1405,782,"(1405, 782)",22b_00048_waggle_annotations.csv,15:37:00,20250123,-0.133917896001395,0.990992430410323,187.696051722017,6954,/media/geko/VERBATIM HD/SA2025_dances/George/mp4/20250123/00048.mp4,1,2025-01-23
22b,22b_00048,2025-01-23__22b_00048,27,vertical,,"(0.3271105638831663, 0.9449860734402582)",1448,768,"(1448, 768)",22b_00048_waggle_annotations.csv,15:37:00,20250123,0.327110563883166,0.944986073440258,160.906507999514,6997,/media/geko/VERBATIM HD/SA2025_dances/George/mp4/20250123/00048.mp4,1,2025-01-23
22b,22b_00048,2025-01-23__22b_00048,28,vertical,,"(-0.31622776601683794, 0.9486832980505138)",1370,780,"(1370, 780)",22b_00048_waggle_annotations.csv,15:37:00,20250123,-0.316227766016838,0.948683298050514,198.434948822922,7048,/media/geko/VERBATIM HD/SA2025_dances/George/mp4/20250123/00048.mp4,1,2025-01-23
22b,22b_00049,2025-01-23__22b_00049,1,vertical,,"(0.36039927920216236, 0.9327981344055968)",1823,826,"(1823, 826)",22b_00049_waggle_annotations.csv,15:45:00,20250123,0.360399279202162,0.932798134405597,158.875280853928,4653,/media/geko/VERBATIM HD/SA2025_dances/George/mp4/20250123/00049.mp4,1,2025-01-23
22b,22b_00049,2025-01-23__22b_00049,2,vertical,,"(-0.2564346990245533, 0.9665615578617778)",1802,855,"(1802, 855)",22b_00049_waggle_annotations.csv,15:45:00,20250123,-0.256434699024553,0.966561557861778,194.858614447925,4701,/media/geko/VERBATIM HD/SA2025_dances/George/mp4/20250123/00049.mp4,1,2025-01-23
22b,22b_00049,2025-01-23__22b_00049,3,vertical,,"(0.2533593918376833, 0.9673722233802453)",1836,852,"(1836, 852)",22b_00049_waggle_annotations.csv,15:45:00,20250123,0.253359391837683,0.967372223380245,165.32360686255,4741,/media/geko/VERBATIM HD/SA2025_dances/George/mp4/20250123/00049.mp4,1,2025-01-23
22b,22b_00049,2025-01-23__22b_00049,4,vertical,,"(-0.2676438637860946, 0.9635179096299405)",1805,827,"(1805, 827)",22b_00049_waggle_annotations.csv,15:45:00,20250123,-0.267643863786095,0.963517909629941,195.524110996754,4791,/media/geko/VERBATIM HD/SA2025_dances/George/mp4/20250123/00049.mp4,1,2025-01-23
22b,22b_00049,2025-01-23__22b_00049,5,vertical,,"(0.2290393337255473, 0.973417168333576)",1817,806,"(1817, 806)",22b_00049_waggle_annotations.csv,15:45:00,20250123,0.229039333725547,0.973417168333576,166.759480084813,4847,/media/geko/VERBATIM HD/SA2025_dances/George/mp4/20250123/00049.mp4,1,2025-01-23
22b,22b_00049,2025-01-23__22b_00049,6,vertical,,"(0.0, 1.0)",1748,817,"(1748, 817)",22b_00049_waggle_annotations.csv,15:45:00,20250123,0,1,180,4913,/media/geko/VERBATIM HD/SA2025_dances/George/mp4/20250123/00049.mp4,1,2025-01-23
22b,22b_00049,2025-01-23__22b_00049,7,vertical,,"(-0.058722021951470346, 0.9982743731749959)",1653,844,"(1653, 844)",22b_00049_waggle_annotations.csv,15:45:00,20250123,-0.0587220219514703,0.998274373174996,183.36646066343,4970,/media/geko/VERBATIM HD/SA2025_dances/George/mp4/20250123/00049.mp4,1,2025-01-23
22b,22b_00049,2025-01-23__22b_00049,8,vertical,,"(0.14834045293024462, 0.9889363528682975)",1603,855,"(1603, 855)",22b_00049_waggle_annotations.csv,15:45:00,20250123,0.148340452930245,0.988936352868298,171.469234390052,5021,/media/geko/VERBATIM HD/SA2025_dances/George/mp4/20250123/00049.mp4,1,2025-01-23
22b,22b_00049,2025-01-23__22b_00049,9,vertical,,"(-0.17503333471749452, 0.9845625077859066)",1597,843,"(1597, 843)",22b_00049_waggle_annotations.csv,15:45:00,20250123,-0.175033334717495,0.984562507785907,190.080597987542,5067,/media/geko/VERBATIM HD/SA2025_dances/George/mp4/20250123/00049.mp4,1,2025-01-23
22b,22b_00049,2025-01-23__22b_00049,10,vertical,,"(0.12933918406776806, 0.9916004111862218)",1660,853,"(1660, 853)",22b_00049_waggle_annotations.csv,15:45:00,20250123,0.129339184067768,0.991600411186222,172.568592028827,5116,/media/geko/VERBATIM HD/SA2025_dances/George/mp4/20250123/00049.mp4,1,2025-01-23
22b,22b_00049,2025-01-23__22b_00049,11,vertical,,"(-0.1900219065658609, 0.9817798505902814)",1533,837,"(1533, 837)",22b_00049_waggle_annotations.csv,15:45:00,20250123,-0.190021906565861,0.981779850590281,190.954062643398,5191,/media/geko/VERBATIM HD/SA2025_dances/George/mp4/20250123/00049.mp4,1,2025-01-23
22b,22b_00049,2025-01-23__22b_00049,12,vertical,,"(0.2940858488375231, 0.95577900872195)",1561,868,"(1561, 868)",22b_00049_waggle_annotations.csv,15:45:00,20250123,0.294085848837523,0.95577900872195,162.897271030948,5240,/media/geko/VERBATIM HD/SA2025_dances/George/mp4/20250123/00049.mp4,1,2025-01-23
22b,22b_00049,2025-01-23__22b_00049,13,vertical,,"(-0.19151035941964858, 0.981490592025699)",1463,913,"(1463, 913)",22b_00049_waggle_annotations.csv,15:45:00,20250123,-0.191510359419649,0.981490592025699,191.040940180324,5296,/media/geko/VERBATIM HD/SA2025_dances/George/mp4/20250123/00049.mp4,1,2025-01-23
22b,22b_00049,2025-01-23__22b_00049,14,vertical,,"(0.35389209741589106, 0.9352862574562836)",1510,874,"(1510, 874)",22b_00049_waggle_annotations.csv,15:45:00,20250123,0.353892097415891,0.935286257456284,159.274441134439,5352,/media/geko/VERBATIM HD/SA2025_dances/George/mp4/20250123/00049.mp4,1,2025-01-23
22b,22b_00049,2025-01-23__22b_00049,15,vertical,,"(-0.2940858488375231, 0.9557790087219501)",1479,863,"(1479, 863)",22b_00049_waggle_annotations.csv,15:45:00,20250123,-0.294085848837523,0.95577900872195,197.102728969052,5395,/media/geko/VERBATIM HD/SA2025_dances/George/mp4/20250123/00049.mp4,1,2025-01-23
22b,22b_00049,2025-01-23__22b_00049,16,vertical,,"(0.32432432432432434, 0.9459459459459459)",1544,921,"(1544, 921)",22b_00049_waggle_annotations.csv,15:45:00,20250123,0.324324324324324,0.945945945945946,161.075355583949,5466,/media/geko/VERBATIM HD/SA2025_dances/George/mp4/20250123/00049.mp4,1,2025-01-23
22b,22b_00049,2025-01-23__22b_00049,17,vertical,,"(0.03843312210120439, 0.9992611746313143)",1509,950,"(1509, 950)",22b_00049_waggle_annotations.csv,15:45:00,20250123,0.0384331221012044,0.999261174631314,177.797401838234,5506,/media/geko/VERBATIM HD/SA2025_dances/George/mp4/20250123/00049.mp4,1,2025-01-23
22b,22b_00049,2025-01-23__22b_00049,18,vertical,,"(-0.42046101278394726, 0.9073106065337809)",1500,923,"(1500, 923)",22b_00049_waggle_annotations.csv,15:45:00,20250123,-0.420461012783947,0.907310606533781,204.863696571752,5600,/media/geko/VERBATIM HD/SA2025_dances/George/mp4/20250123/00049.mp4,1,2025-01-23
22b,22b_00049,2025-01-23__22b_00049,19,vertical,,"(0.3363363969981562, 0.9417419115948374)",1557,914,"(1557, 914)",22b_00049_waggle_annotations.csv,15:45:00,20250123,0.336336396998156,0.941741911594837,160.346175941947,5651,/media/geko/VERBATIM HD/SA2025_dances/George/mp4/20250123/00049.mp4,1,2025-01-23
22b,22b_00049,2025-01-23__22b_00049,20,vertical,,"(-0.02855977389887699, 0.9995920864606946)",1537,891,"(1537, 891)",22b_00049_waggle_annotations.csv,15:45:00,20250123,-0.028559773898877,0.999592086460695,181.636577041617,5696,/media/geko/VERBATIM HD/SA2025_dances/George/mp4/20250123/00049.mp4,1,2025-01-23
22b,22b_00049,2025-01-23__22b_00049,21,vertical,,"(0.25163385176495073, 0.9678225067882721)",1541,927,"(1541, 927)",22b_00049_waggle_annotations.csv,15:45:00,20250123,0.251633851764951,0.967822506788272,165.425783801961,5771,/media/geko/VERBATIM HD/SA2025_dances/George/mp4/20250123/00049.mp4,1,2025-01-23
22b,22b_00018,2025-01-24__22b_00018,1,vertical,edge of frame,"(0.5881716976750462, 0.8087360843031884)",681,887,"(681, 887)",22b_00018_waggle_annotations.csv,17:41:00,20250124,0.588171697675046,0.808736084303188,143.972626614896,21,E:\2026Trackathon\James\mp4\20250124\00018.mp4,1,2025-01-24
22b,22b_00018,2025-01-24__22b_00018,2,vertical,edge of frame,"(-0.3314859950125598, 0.9434601396511317)",674,889,"(674, 889)",22b_00018_waggle_annotations.csv,17:41:00,20250124,-0.33148599501256,0.943460139651132,199.358994175695,74,E:\2026Trackathon\James\mp4\20250124\00018.mp4,1,2025-01-24
22b,22b_00018,2025-01-24__22b_00018,3,vertical,edge of frame,"(-0.0854011413464358, 0.996346649041751)",661,862,"(661, 862)",22b_00018_waggle_annotations.csv,17:41:00,20250124,-0.0854011413464358,0.996346649041751,184.899092453788,147,E:\2026Trackathon\James\mp4\20250124\00018.mp4,1,2025-01-24
22b,22b_00041,2025-01-25__22b_00041,1,vertical,,"(0.9103664774626047, -0.413802944301184)",652,848,"(652, 848)",22b_00041_waggle_annotations.csv,11:58:00,20250125,0.910366477462605,-0.413802944301184,65.5560452195835,921,E:\2026Trackathon\James\mp4\20250125\00041.mp4,1,2025-01-25
22b,22b_00041,2025-01-25__22b_00041,2,vertical,,"(1.0, 0.0)",622,777,"(622, 777)",22b_00041_waggle_annotations.csv,11:58:00,20250125,1,0,90,975,E:\2026Trackathon\James\mp4\20250125\00041.mp4,1,2025-01-25
22b,22b_00041,2025-01-25__22b_00041,3,vertical,,"(0.9984603532054125, 0.05547001962252291)",852,814,"(852, 814)",22b_00041_waggle_annotations.csv,11:58:00,20250125,0.998460353205413,0.0554700196225229,93.1798301198642,1133,E:\2026Trackathon\James\mp4\20250125\00041.mp4,1,2025-01-25
22b,22b_00041,2025-01-25__22b_00041,4,vertical,,"(0.9679968981658008, -0.25096215878372613)",912,800,"(912, 800)",22b_00041_waggle_annotations.csv,11:58:00,20250125,0.967996898165801,-0.250962158783726,75.4655449194599,1189,E:\2026Trackathon\James\mp4\20250125\00041.mp4,1,2025-01-25
22b,22b_00041,2025-01-25__22b_00041,5,vertical,,"(0.9899494936611665, -0.1414213562373095)",929,810,"(929, 810)",22b_00041_waggle_annotations.csv,11:58:00,20250125,0.989949493661167,-0.14142135623731,81.869897645844,1234,E:\2026Trackathon\James\mp4\20250125\00041.mp4,1,2025-01-25
22b,22b_00041,2025-01-25__22b_00041,6,vertical,,"(0.9377487607237036, -0.34731435582359393)",896,775,"(896, 775)",22b_00041_waggle_annotations.csv,11:58:00,20250125,0.937748760723704,-0.347314355823594,69.6768631703371,1281,E:\2026Trackathon\James\mp4\20250125\00041.mp4,1,2025-01-25
22b,22b_00041,2025-01-25__22b_00041,7,vertical,,"(0.9935326726564043, -0.11354659116073192)",943,761,"(943, 761)",22b_00041_waggle_annotations.csv,11:58:00,20250125,0.993532672656404,-0.113546591160732,83.480198248343,1332,E:\2026Trackathon\James\mp4\20250125\00041.mp4,1,2025-01-25
22b,22b_00041,2025-01-25__22b_00041,8,vertical,,"(0.9209672510685588, -0.389639990836698)",982,750,"(982, 750)",22b_00041_waggle_annotations.csv,11:58:00,20250125,0.920967251068559,-0.389639990836698,67.0678995624102,1387,E:\2026Trackathon\James\mp4\20250125\00041.mp4,1,2025-01-25
22b,22b_00041,2025-01-25__22b_00041,9,vertical,,"(0.8682431421244593, -0.49613893835683387)",1022,771,"(1022, 771)",22b_00041_waggle_annotations.csv,11:58:00,20250125,0.868243142124459,-0.496138938356834,60.2551187030578,1446,E:\2026Trackathon\James\mp4\20250125\00041.mp4,1,2025-01-25
22b,22b_00041,2025-01-25__22b_00041,10,vertical,,"(0.9805806756909202, -0.19611613513818404)",1056,759,"(1056, 759)",22b_00041_waggle_annotations.csv,11:58:00,20250125,0.98058067569092,-0.196116135138184,78.6900675259798,1489,E:\2026Trackathon\James\mp4\20250125\00041.mp4,1,2025-01-25
22b,22b_00041,2025-01-25__22b_00041,11,vertical,,"(0.8160244811016552, -0.5780173407803391)",1104,751,"(1104, 751)",22b_00041_waggle_annotations.csv,11:58:00,20250125,0.816024481101655,-0.578017340780339,54.6887865603668,1550,E:\2026Trackathon\James\mp4\20250125\00041.mp4,1,2025-01-25
22b,22b_00041,2025-01-25__22b_00041,12,vertical,,"(0.8682431421244593, -0.49613893835683387)",1112,732,"(1112, 732)",22b_00041_waggle_annotations.csv,11:58:00,20250125,0.868243142124459,-0.496138938356834,60.2551187030578,1601,E:\2026Trackathon\James\mp4\20250125\00041.mp4,1,2025-01-25
22b,22b_00041,2025-01-25__22b_00041,13,vertical,,"(0.9977851578566089, -0.06651901052377393)",1155,714,"(1155, 714)",22b_00041_waggle_annotations.csv,11:58:00,20250125,0.997785157856609,-0.0665190105237739,86.1859251657097,1835,E:\2026Trackathon\James\mp4\20250125\00041.mp4,1,2025-01-25
22b,22b_00041,2025-01-25__22b_00041,14,vertical,,"(0.9125093245149513, -0.40905590409290915)",1156,664,"(1156, 664)",22b_00041_waggle_annotations.csv,11:58:00,20250125,0.912509324514951,-0.409055904092909,65.8544580395784,1903,E:\2026Trackathon\James\mp4\20250125\00041.mp4,1,2025-01-25
22b,22b_00041,2025-01-25__22b_00041,15,vertical,,"(0.985460115744348, -0.16990691650764622)",1197,648,"(1197, 648)",22b_00041_waggle_annotations.csv,11:58:00,20250125,0.985460115744348,-0.169906916507646,80.2175929681927,1967,E:\2026Trackathon\James\mp4\20250125\00041.mp4,1,2025-01-25
22b,22b_00041,2025-01-25__22b_00041,16,vertical,,"(0.7772448707074855, -0.6291982286679645)",1195,675,"(1195, 675)",22b_00041_waggle_annotations.csv,11:58:00,20250125,0.777244870707486,-0.629198228667965,51.0090059574945,2021,E:\2026Trackathon\James\mp4\20250125\00041.mp4,1,2025-01-25
22b,22b_00041,2025-01-25__22b_00041,17,vertical,,"(0.9945054529214061, -0.10468478451804275)",1140,841,"(1140, 841)",22b_00041_waggle_annotations.csv,11:58:00,20250125,0.994505452921406,-0.104684784518043,83.9909940425055,2435,E:\2026Trackathon\James\mp4\20250125\00041.mp4,1,2025-01-25
22b,22b_00041,2025-01-25__22b_00041,18,vertical,,"(0.9950371902099892, -0.09950371902099892)",1131,857,"(1131, 857)",22b_00041_waggle_annotations.csv,11:58:00,20250125,0.995037190209989,-0.0995037190209989,84.2894068625004,2494,E:\2026Trackathon\James\mp4\20250125\00041.mp4,1,2025-01-25
22b,22b_00041,2025-01-25__22b_00041,19,vertical,,"(0.9653633930282663, -0.2609090251427747)",1223,843,"(1223, 843)",22b_00041_waggle_annotations.csv,11:58:00,20250125,0.965363393028266,-0.260909025142775,74.8759926916895,3339,E:\2026Trackathon\James\mp4\20250125\00041.mp4,1,2025-01-25
22b,22b_00041,2025-01-25__22b_00041,20,vertical,,"(0.9738412097417932, -0.2272296156064184)",1264,844,"(1264, 844)",22b_00041_waggle_annotations.csv,11:58:00,20250125,0.973841209741793,-0.227229615606418,76.8659776936037,3383,E:\2026Trackathon\James\mp4\20250125\00041.mp4,1,2025-01-25
22b,22b_00041,2025-01-25__22b_00041,21,vertical,,"(0.9838699100999075, -0.17888543819998318)",943,832,"(943, 832)",22b_00041_waggle_annotations.csv,11:58:00,20250125,0.983869910099908,-0.178885438199983,79.695153531234,4029,E:\2026Trackathon\James\mp4\20250125\00041.mp4,1,2025-01-25
22b,22b_00041,2025-01-25__22b_00041,22,vertical,,"(0.9908301680442989, -0.13511320473331348)",959,767,"(959, 767)",22b_00041_waggle_annotations.csv,11:58:00,20250125,0.990830168044299,-0.135113204733313,82.2348339815747,4084,E:\2026Trackathon\James\mp4\20250125\00041.mp4,1,2025-01-25
22b,22b_00042,2025-01-25__22b_00042,1,horizontal,"some runs missed due to lighting, parasol moving","(0.8240419241993676, 0.5665288228870652)",852,853,"(852, 853)",22b_00042_waggle_annotations.csv,12:04:00,20250125,0.824041924199368,0.566528822887065,124.508522987668,45,E:\2026Trackathon\James\mp4\20250125\00042.mp4,1,2025-01-25
22b,22b_00042,2025-01-25__22b_00042,2,horizontal,"some runs missed due to lighting, parasol moving","(0.9670745372626465, 0.2544932992796438)",846,847,"(846, 847)",22b_00042_waggle_annotations.csv,12:04:00,20250125,0.967074537262647,0.254493299279644,104.743562836471,87,E:\2026Trackathon\James\mp4\20250125\00042.mp4,1,2025-01-25
22b,22b_00042,2025-01-25__22b_00042,3,horizontal,"some runs missed due to lighting, parasol moving","(0.9743911956946198, -0.22485950669875843)",856,852,"(856, 852)",22b_00042_waggle_annotations.csv,12:04:00,20250125,0.97439119569462,-0.224859506698758,77.0053832080835,137,E:\2026Trackathon\James\mp4\20250125\00042.mp4,1,2025-01-25
22b,22b_00042,2025-01-25__22b_00042,4,horizontal,"some runs missed due to lighting, parasol moving","(0.7926239891046, 0.6097107608496923)",858,833,"(858, 833)",22b_00042_waggle_annotations.csv,12:04:00,20250125,0.7926239891046,0.609710760849692,127.568592028827,232,E:\2026Trackathon\James\mp4\20250125\00042.mp4,1,2025-01-25
22b,22b_00042,2025-01-25__22b_00042,5,horizontal,"some runs missed due to lighting, parasol moving","(0.7071067811865476, 0.7071067811865476)",882,855,"(882, 855)",22b_00042_waggle_annotations.csv,12:04:00,20250125,0.707106781186548,0.707106781186548,135,281,E:\2026Trackathon\James\mp4\20250125\00042.mp4,1,2025-01-25
22b,22b_00042,2025-01-25__22b_00042,6,horizontal,"some runs missed due to lighting, parasol moving","(0.9828721869343219, 0.18428853505018536)",880,826,"(880, 826)",22b_00042_waggle_annotations.csv,12:04:00,20250125,0.982872186934322,0.184288535050185,100.619655276155,335,E:\2026Trackathon\James\mp4\20250125\00042.mp4,1,2025-01-25
22b,22b_00042,2025-01-25__22b_00042,7,horizontal,"some runs missed due to lighting, parasol moving","(0.6246950475544243, 0.7808688094430304)",893,845,"(893, 845)",22b_00042_waggle_annotations.csv,12:04:00,20250125,0.624695047554424,0.78086880944303,141.34019174591,394,E:\2026Trackathon\James\mp4\20250125\00042.mp4,1,2025-01-25
22b,22b_00042,2025-01-25__22b_00042,8,horizontal,"some runs missed due to lighting, parasol moving","(0.8320502943378436, 0.554700196225229)",904,831,"(904, 831)",22b_00042_waggle_annotations.csv,12:04:00,20250125,0.832050294337844,0.554700196225229,123.69006752598,442,E:\2026Trackathon\James\mp4\20250125\00042.mp4,1,2025-01-25
22b,22b_00042,2025-01-25__22b_00042,9,horizontal,"some runs missed due to lighting, parasol moving","(0.7071067811865476, 0.7071067811865476)",913,849,"(913, 849)",22b_00042_waggle_annotations.csv,12:04:00,20250125,0.707106781186548,0.707106781186548,135,488,E:\2026Trackathon\James\mp4\20250125\00042.mp4,1,2025-01-25
22b,22b_00042,2025-01-25__22b_00042,10,horizontal,"some runs missed due to lighting, parasol moving","(1.0, 0.0)",923,834,"(923, 834)",22b_00042_waggle_annotations.csv,12:04:00,20250125,1,0,90,543,E:\2026Trackathon\James\mp4\20250125\00042.mp4,1,2025-01-25
22b,22b_00042,2025-01-25__22b_00042,11,horizontal,"some runs missed due to lighting, parasol moving","(0.813733471206735, 0.5812381937190965)",948,862,"(948, 862)",22b_00042_waggle_annotations.csv,12:04:00,20250125,0.813733471206735,0.581238193719097,125.537677791974,595,E:\2026Trackathon\James\mp4\20250125\00042.mp4,1,2025-01-25
22b,22b_00042,2025-01-25__22b_00042,12,horizontal,"some runs missed due to lighting, parasol moving","(0.8192319205190405, 0.5734623443633283)",993,791,"(993, 791)",22b_00042_waggle_annotations.csv,12:04:00,20250125,0.819231920519041,0.573462344363328,124.992020198559,753,E:\2026Trackathon\James\mp4\20250125\00042.mp4,1,2025-01-25
22b,22b_00042,2025-01-25__22b_00042,13,horizontal,"some runs missed due to lighting, parasol moving","(0.6643638388299198, 0.7474093186836597)",869,836,"(869, 836)",22b_00042_waggle_annotations.csv,12:04:00,20250125,0.66436383882992,0.74740931868366,138.36646066343,1177,E:\2026Trackathon\James\mp4\20250125\00042.mp4,1,2025-01-25
22b,22b_00046,2025-01-25__22b_00046,1,horizontal,"on edge of frame, most runs not tracked","(0.6689647316224497, 0.7432941462471664)",825,905,"(825, 905)",22b_00046_waggle_annotations.csv,12:12:00,20250125,0.66896473162245,0.743294146247166,138.012787504183,11,E:\2026Trackathon\James\mp4\20250125\00046.mp4,1,2025-01-25
22b,22b_00046,2025-01-25__22b_00046,2,horizontal,"on edge of frame, most runs not tracked","(0.9874406319167053, 0.15799050110667284)",858,895,"(858, 895)",22b_00046_waggle_annotations.csv,12:12:00,20250125,0.987440631916705,0.157990501106673,99.0902769208223,45,E:\2026Trackathon\James\mp4\20250125\00046.mp4,1,2025-01-25
22b,22b_00026,2025-01-26__22b_00026,1,horizontal,,"(-0.9912279006826347, -0.13216372009101796)",1359,824,"(1359, 824)",22b_00026_waggle_annotations.csv,15:24:00,,-0.991227900682635,-0.132163720091018,277.594643368591,37,E:\2026Trackathon\James\mp4\20250126\00026.mp4,1,2025-01-26
22b,22b_00036,2025-01-26__22b_00036,1,vertical,,"(0.09950371902099892, 0.9950371902099892)",1159,858,"(1159, 858)",22b_00036_waggle_annotations.csv,18:14:00,,0.0995037190209989,0.995037190209989,174.2894068625,3719,E:\2026Trackathon\James\mp4\20250126\00036.mp4,1,2025-01-26
22b,22b_00036,2025-01-26__22b_00036,2,vertical,,"(0.3011313679370973, 0.9535826651341416)",1143,913,"(1143, 913)",22b_00036_waggle_annotations.csv,18:14:00,,0.301131367937097,0.953582665134142,162.474431626277,3781,E:\2026Trackathon\James\mp4\20250126\00036.mp4,1,2025-01-26
22b,22b_00036,2025-01-26__22b_00036,3,vertical,,"(0.1168412475673972, 0.9931506043228762)",1120,907,"(1120, 907)",22b_00036_waggle_annotations.csv,18:14:00,,0.116841247567397,0.993150604322876,173.290163192243,3824,E:\2026Trackathon\James\mp4\20250126\00036.mp4,1,2025-01-26
22b,22b_00036,2025-01-26__22b_00036,4,vertical,,"(0.9363291775690445, 0.3511234415883917)",1134,900,"(1134, 900)",22b_00036_waggle_annotations.csv,18:14:00,,0.936329177569045,0.351123441588392,110.556045219583,3874,E:\2026Trackathon\James\mp4\20250126\00036.mp4,1,2025-01-26
22b,22b_00036,2025-01-26__22b_00036,5,vertical,,"(0.9852117548196745, 0.17134117475124774)",945,884,"(945, 884)",22b_00036_waggle_annotations.csv,18:14:00,,0.985211754819675,0.171341174751248,99.8658069430844,4024,E:\2026Trackathon\James\mp4\20250126\00036.mp4,1,2025-01-26
22b,22b_00036,2025-01-26__22b_00036,6,vertical,,"(-0.09053574604251853, 0.9958932064677039)",915,901,"(915, 901)",22b_00036_waggle_annotations.csv,18:14:00,,-0.0905357460425185,0.995893206467704,185.194428907735,4049,E:\2026Trackathon\James\mp4\20250126\00036.mp4,1,2025-01-26
22b,22b_00036,2025-01-26__22b_00036,7,vertical,,"(0.9954954725939521, 0.09480909262799544)",949,869,"(949, 869)",22b_00036_waggle_annotations.csv,18:14:00,,0.995495472593952,0.0948090926279954,95.4403320310055,4086,E:\2026Trackathon\James\mp4\20250126\00036.mp4,1,2025-01-26
22b,22b_00036,2025-01-26__22b_00036,8,vertical,,"(0.0, 1.0)",923,884,"(923, 884)",22b_00036_waggle_annotations.csv,18:14:00,,0,1,180,4119,E:\2026Trackathon\James\mp4\20250126\00036.mp4,1,2025-01-26
22b,22b_00036,2025-01-26__22b_00036,9,vertical,,"(0.7071067811865476, 0.7071067811865476)",1014,807,"(1014, 807)",22b_00036_waggle_annotations.csv,18:14:00,,0.707106781186548,0.707106781186548,135,4164,E:\2026Trackathon\James\mp4\20250126\00036.mp4,1,2025-01-26
22b,22b_00036,2025-01-26__22b_00036,10,vertical,,"(-0.04163054471218133, 0.999133073092352)",950,828,"(950, 828)",22b_00036_waggle_annotations.csv,18:14:00,,-0.0416305447121813,0.999133073092352,182.385944030389,4200,E:\2026Trackathon\James\mp4\20250126\00036.mp4,1,2025-01-26
22b,22b_00036,2025-01-26__22b_00036,11,vertical,,"(1.0, 0.0)",970,779,"(970, 779)",22b_00036_waggle_annotations.csv,18:14:00,,1,0,90,4230,E:\2026Trackathon\James\mp4\20250126\00036.mp4,1,2025-01-26
22b,22b_00036,2025-01-26__22b_00036,12,vertical,,"(0.4374657188493062, 0.899235088745796)",948,851,"(948, 851)",22b_00036_waggle_annotations.csv,18:14:00,,0.437465718849306,0.899235088745796,154.057704510128,4263,E:\2026Trackathon\James\mp4\20250126\00036.mp4,1,2025-01-26
22b,22b_00036,2025-01-26__22b_00036,13,vertical,,"(-0.06237828615518053, 0.9980525784828885)",910,878,"(910, 878)",22b_00036_waggle_annotations.csv,18:14:00,,-0.0623782861551805,0.998052578482889,183.576334374997,4303,E:\2026Trackathon\James\mp4\20250126\00036.mp4,1,2025-01-26
22b,22b_00036,2025-01-26__22b_00036,14,vertical,,"(0.9838699100999074, 0.17888543819998318)",902,881,"(902, 881)",22b_00036_waggle_annotations.csv,18:14:00,,0.983869910099907,0.178885438199983,100.304846468766,4335,E:\2026Trackathon\James\mp4\20250126\00036.mp4,1,2025-01-26
22b,22b_00036,2025-01-26__22b_00036,15,vertical,,"(0.0, 1.0)",924,870,"(924, 870)",22b_00036_waggle_annotations.csv,18:14:00,,0,1,180,4376,E:\2026Trackathon\James\mp4\20250126\00036.mp4,1,2025-01-26
22b,22b_00036,2025-01-26__22b_00036,16,vertical,,"(0.9987523388778445, 0.04993761694389223)",901,889,"(901, 889)",22b_00036_waggle_annotations.csv,18:14:00,,0.998752338877845,0.0499376169438922,92.8624052261118,4406,E:\2026Trackathon\James\mp4\20250126\00036.mp4,1,2025-01-26
22b,22b_00036,2025-01-26__22b_00036,17,vertical,,"(-0.039968038348871575, 0.9992009587217894)",910,846,"(910, 846)",22b_00036_waggle_annotations.csv,18:14:00,,-0.0399680383488716,0.999200958721789,182.290610042639,4447,E:\2026Trackathon\James\mp4\20250126\00036.mp4,1,2025-01-26
22b,22b_00036,2025-01-26__22b_00036,18,vertical,,"(0.9778024140774094, 0.20952908873087345)",943,875,"(943, 875)",22b_00036_waggle_annotations.csv,18:14:00,,0.977802414077409,0.209529088730873,102.094757077012,4513,E:\2026Trackathon\James\mp4\20250126\00036.mp4,1,2025-01-26
22b,22b_00036,2025-01-26__22b_00036,19,vertical,,"(0.052558833122763673, 0.9986178293325098)",875,900,"(875, 900)",22b_00036_waggle_annotations.csv,18:14:00,,0.0525588331227637,0.99861782933251,176.987212495817,4562,E:\2026Trackathon\James\mp4\20250126\00036.mp4,1,2025-01-26
22b,22b_00036,2025-01-26__22b_00036,20,vertical,,"(-0.09480909262799544, 0.9954954725939521)",873,955,"(873, 955)",22b_00036_waggle_annotations.csv,18:14:00,,-0.0948090926279954,0.995495472593952,185.440332031006,4638,E:\2026Trackathon\James\mp4\20250126\00036.mp4,1,2025-01-26
22b,22b_00036,2025-01-26__22b_00036,21,vertical,,"(0.9743911956946198, 0.22485950669875843)",926,954,"(926, 954)",22b_00036_waggle_annotations.csv,18:14:00,,0.97439119569462,0.224859506698758,102.994616791917,4700,E:\2026Trackathon\James\mp4\20250126\00036.mp4,1,2025-01-26
22b,22b_00036,2025-01-26__22b_00036,22,vertical,,"(-0.688749461914693, 0.7249994335944138)",1054,972,"(1054, 972)",22b_00036_waggle_annotations.csv,18:14:00,,-0.688749461914693,0.724999433594414,223.531199285614,4840,E:\2026Trackathon\James\mp4\20250126\00036.mp4,1,2025-01-26
22b,22b_00036,2025-01-26__22b_00036,23,vertical,,"(0.9996349698728535, 0.02701716134791496)",1041,946,"(1041, 946)",22b_00036_waggle_annotations.csv,18:14:00,,0.999634969872854,0.027017161347915,91.548157698978,4865,E:\2026Trackathon\James\mp4\20250126\00036.mp4,1,2025-01-26
22b,22b_00036,2025-01-26__22b_00036,24,vertical,,"(0.23464053310389682, 0.9720822085732868)",1056,955,"(1056, 955)",22b_00036_waggle_annotations.csv,18:14:00,,0.234640533103897,0.972082208573287,166.429565614839,4903,E:\2026Trackathon\James\mp4\20250126\00036.mp4,1,2025-01-26
22b,22b_00036,2025-01-26__22b_00036,25,vertical,,"(1.0, 0.0)",1040,916,"(1040, 916)",22b_00036_waggle_annotations.csv,18:14:00,,1,0,90,4934,E:\2026Trackathon\James\mp4\20250126\00036.mp4,1,2025-01-26
22b,22b_00036,2025-01-26__22b_00036,26,vertical,,"(0.379556356256306, 0.925168618374746)",1019,933,"(1019, 933)",22b_00036_waggle_annotations.csv,18:14:00,,0.379556356256306,0.925168618374746,157.693794945092,4969,E:\2026Trackathon\James\mp4\20250126\00036.mp4,1,2025-01-26
22b,22b_00036,2025-01-26__22b_00036,27,vertical,,"(0.9838699100999074, -0.17888543819998318)",1019,920,"(1019, 920)",22b_00036_waggle_annotations.csv,18:14:00,,0.983869910099907,-0.178885438199983,79.695153531234,5002,E:\2026Trackathon\James\mp4\20250126\00036.mp4,1,2025-01-26
22b,22b_00036,2025-01-26__22b_00036,28,vertical,,"(0.38074980525429486, 0.924678098474716)",1012,935,"(1012, 935)",22b_00036_waggle_annotations.csv,18:14:00,,0.380749805254295,0.924678098474716,157.61986494804,5043,E:\2026Trackathon\James\mp4\20250126\00036.mp4,1,2025-01-26
22b,22b_00043,2025-01-26__22b_00043,1,horizontal,,"(-0.9946917938265513, -0.1028991510855053)",897,870,"(897, 870)",22b_00043_waggle_annotations.csv,18:28:00,,-0.994691793826551,-0.102899151085505,275.906141113771,593,E:\2026Trackathon\James\mp4\20250126\00043.mp4,1,2025-01-26
22b,22b_00043,2025-01-26__22b_00043,2,horizontal,,"(1.0, 0.0)",925,864,"(925, 864)",22b_00043_waggle_annotations.csv,18:28:00,,1,0,90,757,E:\2026Trackathon\James\mp4\20250126\00043.mp4,1,2025-01-26
22b,22b_00043,2025-01-26__22b_00043,3,horizontal,,"(0.9103664774626047, -0.413802944301184)",800,843,"(800, 843)",22b_00043_waggle_annotations.csv,18:28:00,,0.910366477462605,-0.413802944301184,65.5560452195835,899,E:\2026Trackathon\James\mp4\20250126\00043.mp4,1,2025-01-26
22b,22b_00043,2025-01-26__22b_00043,4,horizontal,,"(-0.9877629653290692, 0.1559625734730109)",778,779,"(778, 779)",22b_00043_waggle_annotations.csv,18:28:00,,-0.987762965329069,0.155962573473011,261.027373385104,925,E:\2026Trackathon\James\mp4\20250126\00043.mp4,1,2025-01-26
22b,22b_00046,2025-01-26__22b_00046,1,horizontal,,"(1.0, 0.0)",1084,840,"(1084, 840)",22b_00046_waggle_annotations.csv,18:34:00,,1,0,90,87,E:\2026Trackathon\James\mp4\20250126\00046.mp4,1,2025-01-26
22b,22b_00046,2025-01-26__22b_00046,2,horizontal,,"(0.9805806756909201, -0.19611613513818402)",1051,873,"(1051, 873)",22b_00046_waggle_annotations.csv,18:34:00,,0.98058067569092,-0.196116135138184,78.6900675259798,232,E:\2026Trackathon\James\mp4\20250126\00046.mp4,1,2025-01-26
22b,22b_00046,2025-01-26__22b_00046,3,horizontal,,"(1.0, 0.0)",997,857,"(997, 857)",22b_00046_waggle_annotations.csv,18:34:00,,1,0,90,305,E:\2026Trackathon\James\mp4\20250126\00046.mp4,1,2025-01-26
22b,22b_00046,2025-01-26__22b_00046,4,horizontal,,"(0.9970544855015815, 0.07669649888473704)",1018,861,"(1018, 861)",22b_00046_waggle_annotations.csv,18:34:00,,0.997054485501582,0.076696498884737,94.3987053549955,390,E:\2026Trackathon\James\mp4\20250126\00046.mp4,1,2025-01-26
22b,22b_00046,2025-01-26__22b_00046,5,horizontal,,"(0.9847835588179369, 0.17378533390904768)",1037,868,"(1037, 868)",22b_00046_waggle_annotations.csv,18:34:00,,0.984783558817937,0.173785333909048,100.007979801441,475,E:\2026Trackathon\James\mp4\20250126\00046.mp4,1,2025-01-26
22b,22b_00046,2025-01-26__22b_00046,6,horizontal,,"(0.9615239476408232, 0.27472112789737807)",1052,866,"(1052, 866)",22b_00046_waggle_annotations.csv,18:34:00,,0.961523947640823,0.274721127897378,105.945395900923,569,E:\2026Trackathon\James\mp4\20250126\00046.mp4,1,2025-01-26
22b,22b_00046,2025-01-26__22b_00046,7,horizontal,,"(0.970142500145332, 0.242535625036333)",1078,851,"(1078, 851)",22b_00046_waggle_annotations.csv,18:34:00,,0.970142500145332,0.242535625036333,104.036243467926,652,E:\2026Trackathon\James\mp4\20250126\00046.mp4,1,2025-01-26
22b,22b_00046,2025-01-26__22b_00046,8,horizontal,,"(0.9980525784828885, 0.06237828615518053)",1069,850,"(1069, 850)",22b_00046_waggle_annotations.csv,18:34:00,,0.998052578482889,0.0623782861551805,93.5763343749974,728,E:\2026Trackathon\James\mp4\20250126\00046.mp4,1,2025-01-26
22b,22b_00046,2025-01-26__22b_00046,9,horizontal,,"(0.9973337235915658, -0.07297563831157798)",1112,849,"(1112, 849)",22b_00046_waggle_annotations.csv,18:34:00,,0.997333723591566,-0.072975638311578,85.8150838748816,972,E:\2026Trackathon\James\mp4\20250126\00046.mp4,1,2025-01-26
22b,22b_00046,2025-01-26__22b_00046,10,horizontal,,"(0.9544799780350297, -0.2982749931359468)",1134,835,"(1134, 835)",22b_00046_waggle_annotations.csv,18:34:00,,0.95447997803503,-0.298274993135947,72.6459753637387,1059,E:\2026Trackathon\James\mp4\20250126\00046.mp4,1,2025-01-26
22b,22b_00046,2025-01-26__22b_00046,11,horizontal,,"(0.9486832980505138, 0.31622776601683794)",1083,833,"(1083, 833)",22b_00046_waggle_annotations.csv,18:34:00,,0.948683298050514,0.316227766016838,108.434948822922,1113,E:\2026Trackathon\James\mp4\20250126\00046.mp4,1,2025-01-26
22b,22b_00046,2025-01-26__22b_00046,12,horizontal,,"(0.9284766908852594, -0.3713906763541038)",1088,858,"(1088, 858)",22b_00046_waggle_annotations.csv,18:34:00,,0.928476690885259,-0.371390676354104,68.1985905136482,1164,E:\2026Trackathon\James\mp4\20250126\00046.mp4,1,2025-01-26
22b,22b_00046,2025-01-26__22b_00046,13,horizontal,,"(0.9912279006826347, -0.13216372009101796)",1091,872,"(1091, 872)",22b_00046_waggle_annotations.csv,18:34:00,,0.991227900682635,-0.132163720091018,82.4053566314086,1256,E:\2026Trackathon\James\mp4\20250126\00046.mp4,1,2025-01-26
22b,22b_00013,2025-01-27__22b_00013,1,vertical,,"(0.242535625036333, -0.970142500145332)",918,700,"(918, 700)",22b_00013_waggle_annotations.csv,11:21:00,,0.242535625036333,-0.970142500145332,14.0362434679265,631,E:\2026Trackathon\James\mp4\20250127\00013.mp4,1,2025-01-27
22b,22b_00013,2025-01-27__22b_00013,2,vertical,,"(0.2631174057921088, -0.9647638212377322)",966,707,"(966, 707)",22b_00013_waggle_annotations.csv,11:21:00,,0.263117405792109,-0.964763821237732,15.2551187030578,888,E:\2026Trackathon\James\mp4\20250127\00013.mp4,1,2025-01-27
22b,22b_00013,2025-01-27__22b_00013,3,vertical,,"(0.5144957554275265, -0.8574929257125441)",997,686,"(997, 686)",22b_00013_waggle_annotations.csv,11:21:00,,0.514495755427527,-0.857492925712544,30.9637565320735,931,E:\2026Trackathon\James\mp4\20250127\00013.mp4,1,2025-01-27
22b,22b_00013,2025-01-27__22b_00013,4,vertical,,"(0.3328201177351375, -0.9429903335828895)",1014,608,"(1014, 608)",22b_00013_waggle_annotations.csv,11:21:00,,0.332820117735138,-0.94299033358289,19.4400348281762,1004,E:\2026Trackathon\James\mp4\20250127\00013.mp4,1,2025-01-27
22b,22b_00013,2025-01-27__22b_00013,5,vertical,,"(0.6178215519319035, -0.7863183388224225)",1053,613,"(1053, 613)",22b_00013_waggle_annotations.csv,11:21:00,,0.617821551931904,-0.786318338822423,38.1572265873691,1055,E:\2026Trackathon\James\mp4\20250127\00013.mp4,1,2025-01-27
22b,22b_00013,2025-01-27__22b_00013,6,vertical,,"(0.31622776601683794, -0.9486832980505138)",1057,594,"(1057, 594)",22b_00013_waggle_annotations.csv,11:21:00,,0.316227766016838,-0.948683298050514,18.434948822922,1104,E:\2026Trackathon\James\mp4\20250127\00013.mp4,1,2025-01-27
22b,22b_00013,2025-01-27__22b_00013,7,vertical,,"(0.5038710255240862, -0.8637789008984335)",1068,572,"(1068, 572)",22b_00013_waggle_annotations.csv,11:21:00,,0.503871025524086,-0.863778900898434,30.2564371635293,1155,E:\2026Trackathon\James\mp4\20250127\00013.mp4,1,2025-01-27
22b,22b_00013,2025-01-27__22b_00013,8,vertical,,"(0.8, -0.6)",1052,508,"(1052, 508)",22b_00013_waggle_annotations.csv,11:21:00,,0.8,-0.6,53.130102354156,1220,E:\2026Trackathon\James\mp4\20250127\00013.mp4,1,2025-01-27
22b,22b_00013,2025-01-27__22b_00013,9,vertical,,"(0.5812381937190965, -0.813733471206735)",1091,498,"(1091, 498)",22b_00013_waggle_annotations.csv,11:21:00,,0.581238193719097,-0.813733471206735,35.5376777919744,1332,E:\2026Trackathon\James\mp4\20250127\00013.mp4,1,2025-01-27
22b,22b_00058,2025-01-27__22b_00058,1,horizontal,,"(-0.9459459459459459, 0.32432432432432434)",1196,950,"(1196, 950)",22b_00058_waggle_annotations.csv,18:09:00,,-0.945945945945946,0.324324324324324,251.075355583949,103,/media/geko/VERBATIM HD/SA2025_dances/George/mp4/20250127/00058.mp4,1,2025-01-27
22b,22b_00058,2025-01-27__22b_00058,2,horizontal,,"(-0.9975295184354294, -0.07024855763629784)",1266,884,"(1266, 884)",22b_00058_waggle_annotations.csv,18:09:00,,-0.997529518435429,-0.0702485576362978,274.028263666485,311,/media/geko/VERBATIM HD/SA2025_dances/George/mp4/20250127/00058.mp4,1,2025-01-27
22b,22b_00058,2025-01-27__22b_00058,3,horizontal,,"(-0.9778024140774095, 0.20952908873087348)",1284,935,"(1284, 935)",22b_00058_waggle_annotations.csv,18:09:00,,-0.97780241407741,0.209529088730873,257.905242922988,404,/media/geko/VERBATIM HD/SA2025_dances/George/mp4/20250127/00058.mp4,1,2025-01-27
22b,22b_00058,2025-01-27__22b_00058,4,horizontal,,"(-0.96, 0.28)",1268,940,"(1268, 940)",22b_00058_waggle_annotations.csv,18:09:00,,−01.36.00,00.28,253.739795291688,501,/media/geko/VERBATIM HD/SA2025_dances/George/mp4/20250127/00058.mp4,1,2025-01-27
22b,22b_00058,2025-01-27__22b_00058,5,horizontal,,"(-0.9761870601839528, 0.21693045781865616)",1276,944,"(1276, 944)",22b_00058_waggle_annotations.csv,18:09:00,,-0.976187060183953,0.216930457818656,257.471192290849,596,/media/geko/VERBATIM HD/SA2025_dances/George/mp4/20250127/00058.mp4,1,2025-01-27
22b,22b_00058,2025-01-27__22b_00058,6,horizontal,,"(-0.9820064469806473, 0.18884739365012448)",1253,945,"(1253, 945)",22b_00058_waggle_annotations.csv,18:09:00,,-0.982006446980647,0.188847393650124,259.114472945341,685,/media/geko/VERBATIM HD/SA2025_dances/George/mp4/20250127/00058.mp4,1,2025-01-27
22b,22b_00002,2025-01-28__22b_00002,1,vertical,,"(-0.6050832675335579, -0.7961621941231025)",1318,758,"(1318, 758)",22b_00002_waggle_annotations.csv,08:10:00,,-0.605083267533558,-0.796162194123103,322.765166018425,296,E:\2026Trackathon\James\mp4\20250128\00002.mp4,1,2025-01-28
22b,22b_00002,2025-01-28__22b_00002,2,vertical,,"(-0.30782028541466255, -0.9514445185544115)",1308,745,"(1308, 745)",22b_00002_waggle_annotations.csv,08:10:00,,-0.307820285414663,-0.951444518554412,342.072080237993,349,E:\2026Trackathon\James\mp4\20250128\00002.mp4,1,2025-01-28
22b,22b_00006,2025-01-28__22b_00006,1,vertical,,"(-0.6043864813742317, -0.7966912709023963)",1157,687,"(1157, 687)",22b_00006_waggle_annotations.csv,08:21:00,,-0.604386481374232,-0.796691270902396,322.815293546767,2334,E:\2026Trackathon\James\mp4\20250128\00006.mp4,1,2025-01-28
22b,22b_00006,2025-01-28__22b_00006,2,vertical,,"(-0.6702862579687701, -0.7421026427511382)",1148,705,"(1148, 705)",22b_00006_waggle_annotations.csv,08:21:00,,-0.67028625796877,-0.742102642751138,317.910837826168,2385,E:\2026Trackathon\James\mp4\20250128\00006.mp4,1,2025-01-28
22b,22b_00006,2025-01-28__22b_00006,3,vertical,,"(-0.5491778866608372, -0.8357054797012741)",1119,665,"(1119, 665)",22b_00006_waggle_annotations.csv,08:21:00,,-0.549177886660837,-0.835705479701274,326.689369175439,2433,E:\2026Trackathon\James\mp4\20250128\00006.mp4,1,2025-01-28
22b,22b_00006,2025-01-28__22b_00006,4,vertical,,"(-0.8087360843031886, -0.5881716976750462)",1080,650,"(1080, 650)",22b_00006_waggle_annotations.csv,08:21:00,,-0.808736084303189,-0.588171697675046,306.027373385104,2479,E:\2026Trackathon\James\mp4\20250128\00006.mp4,1,2025-01-28
22b,22b_00006,2025-01-28__22b_00006,5,vertical,,"(-0.7682212795973759, -0.6401843996644799)",1102,643,"(1102, 643)",22b_00006_waggle_annotations.csv,08:21:00,,-0.768221279597376,-0.64018439966448,309.805571092265,2521,E:\2026Trackathon\James\mp4\20250128\00006.mp4,1,2025-01-28
22b,22b_00006,2025-01-28__22b_00006,6,vertical,,"(-0.6401843996644799, -0.7682212795973759)",1069,632,"(1069, 632)",22b_00006_waggle_annotations.csv,08:21:00,,-0.64018439966448,-0.768221279597376,320.194428907735,2568,E:\2026Trackathon\James\mp4\20250128\00006.mp4,1,2025-01-28
22b,22b_00006,2025-01-28__22b_00006,7,vertical,,"(-0.7071067811865476, -0.7071067811865476)",1094,600,"(1094, 600)",22b_00006_waggle_annotations.csv,08:21:00,,-0.707106781186548,-0.707106781186548,315,2624,E:\2026Trackathon\James\mp4\20250128\00006.mp4,1,2025-01-28
22b,22b_00006,2025-01-28__22b_00006,8,vertical,,"(-0.6904757466825006, -0.7233555441435721)",1110,592,"(1110, 592)",22b_00006_waggle_annotations.csv,08:21:00,,-0.690475746682501,-0.723355544143572,316.33221985387,2673,E:\2026Trackathon\James\mp4\20250128\00006.mp4,1,2025-01-28
22b,22b_00006,2025-01-28__22b_00006,9,vertical,,"(-0.5547001962252291, -0.8320502943378437)",1108,544,"(1108, 544)",22b_00006_waggle_annotations.csv,08:21:00,,-0.554700196225229,-0.832050294337844,326.30993247402,2726,E:\2026Trackathon\James\mp4\20250128\00006.mp4,1,2025-01-28
22b,22b_00006,2025-01-28__22b_00006,10,vertical,,"(-0.7327934916262993, -0.6804510993672779)",1063,517,"(1063, 517)",22b_00006_waggle_annotations.csv,08:21:00,,-0.732793491626299,-0.680451099367278,312.878903603339,2782,E:\2026Trackathon\James\mp4\20250128\00006.mp4,1,2025-01-28
22b,22b_00006,2025-01-28__22b_00006,11,vertical,,"(-0.6904757466825006, -0.7233555441435721)",1020,556,"(1020, 556)",22b_00006_waggle_annotations.csv,08:21:00,,-0.690475746682501,-0.723355544143572,316.33221985387,2846,E:\2026Trackathon\James\mp4\20250128\00006.mp4,1,2025-01-28
22b,22b_00006,2025-01-28__22b_00006,12,vertical,,"(-0.40613846605344767, -0.9138115486202573)",1047,514,"(1047, 514)",22b_00006_waggle_annotations.csv,08:21:00,,-0.406138466053448,-0.913811548620257,336.037511025422,2972,E:\2026Trackathon\James\mp4\20250128\00006.mp4,1,2025-01-28
22b,22b_00010,2025-01-28__22b_00010,1,deg_10,,"(-0.59001658934231, -0.807391122257898)",824,903,"(824, 903)",22b_00010_waggle_annotations.csv,08:29:00,,-0.59001658934231,-0.807391122257898,323.841814560192,249,E:\2026Trackathon\James\mp4\20250128\00010.mp4,1,2025-01-28
22b,22b_00010,2025-01-28__22b_00010,2,deg_10,,"(-0.5623100214072791, -0.8269265020695281)",753,896,"(753, 896)",22b_00010_waggle_annotations.csv,08:29:00,,-0.562310021407279,-0.826926502069528,325.784297867563,298,E:\2026Trackathon\James\mp4\20250128\00010.mp4,1,2025-01-28
22b,22b_00010,2025-01-28__22b_00010,3,deg_10,,"(-0.6945945136995674, -0.7194014606174091)",719,891,"(719, 891)",22b_00010_waggle_annotations.csv,08:29:00,,-0.694594513699567,-0.719401460617409,316.005086005254,342,E:\2026Trackathon\James\mp4\20250128\00010.mp4,1,2025-01-28
22b,22b_00010,2025-01-28__22b_00010,4,deg_10,,"(-0.7949512460450776, -0.6066733193501908)",645,874,"(645, 874)",22b_00010_waggle_annotations.csv,08:29:00,,-0.794951246045078,-0.606673319350191,307.349349044641,437,E:\2026Trackathon\James\mp4\20250128\00010.mp4,1,2025-01-28
22b,22b_00012,2025-01-28__22b_00012,1,horizontal,,"(-0.7961621941231025, -0.6050832675335579)",621,651,"(621, 651)",22b_00012_waggle_annotations.csv,08:34:00,,-0.796162194123103,-0.605083267533558,307.234833981575,831,E:\2026Trackathon\James\mp4\20250128\00012.mp4,1,2025-01-28
22b,22b_00012,2025-01-28__22b_00012,2,horizontal,,"(-0.8, -0.6)",936,800,"(936, 800)",22b_00012_waggle_annotations.csv,08:34:00,,-0.8,-0.6,306.869897645844,1267,E:\2026Trackathon\James\mp4\20250128\00012.mp4,1,2025-01-28
22b,22b_00012,2025-01-28__22b_00012,3,horizontal,,"(-0.5754934061746135, -0.8178064193007666)",845,796,"(845, 796)",22b_00012_waggle_annotations.csv,08:34:00,,-0.575493406174614,-0.817806419300767,324.865806943084,1477,E:\2026Trackathon\James\mp4\20250128\00012.mp4,1,2025-01-28
22b,22b_00012,2025-01-28__22b_00012,4,horizontal,,"(-0.5144957554275266, -0.8574929257125442)",821,786,"(821, 786)",22b_00012_waggle_annotations.csv,08:34:00,,-0.514495755427527,-0.857492925712544,329.036243467926,1536,E:\2026Trackathon\James\mp4\20250128\00012.mp4,1,2025-01-28
22b,22b_00012,2025-01-28__22b_00012,5,horizontal,,"(-0.7415357791237711, -0.6709133239691262)",765,757,"(765, 757)",22b_00012_waggle_annotations.csv,08:34:00,,-0.741535779123771,-0.670913323969126,312.137594773888,1578,E:\2026Trackathon\James\mp4\20250128\00012.mp4,1,2025-01-28
22b,22b_00012,2025-01-28__22b_00012,6,horizontal,,"(-0.8944271909999159, -0.4472135954999579)",733,768,"(733, 768)",22b_00012_waggle_annotations.csv,08:34:00,,-0.894427190999916,-0.447213595499958,296.565051177078,1623,E:\2026Trackathon\James\mp4\20250128\00012.mp4,1,2025-01-28
22b,22b_00012,2025-01-28__22b_00012,7,horizontal,,"(-0.8865848461654547, -0.46256600669501985)",702,715,"(702, 715)",22b_00012_waggle_annotations.csv,08:34:00,,-0.886584846165455,-0.46256600669502,297.552811576718,1669,E:\2026Trackathon\James\mp4\20250128\00012.mp4,1,2025-01-28
22b,22b_00012,2025-01-28__22b_00012,8,horizontal,,"(-0.8426962598121401, -0.5383892771022006)",577,773,"(577, 773)",22b_00012_waggle_annotations.csv,08:34:00,,-0.84269625981214,-0.538389277102201,302.574057134573,1730,E:\2026Trackathon\James\mp4\20250128\00012.mp4,1,2025-01-28
22b,22b_00028,2025-01-28__22b_00028,1,horizontal,,"(-0.7249994335944138, -0.688749461914693)",828,925,"(828, 925)",22b_00028_waggle_annotations.csv,10:53:00,,-0.724999433594414,-0.688749461914693,313.531199285614,52,E:\2026Trackathon\James\mp4\20250128\00028.mp4,1,2025-01-28
22b,22b_00028,2025-01-28__22b_00028,2,horizontal,,"(-0.9906211292434748, 0.13663739713703102)",681,835,"(681, 835)",22b_00028_waggle_annotations.csv,10:53:00,,-0.990621129243475,0.136637397137031,262.146686698022,119,E:\2026Trackathon\James\mp4\20250128\00028.mp4,1,2025-01-28
22b,22b_00028,2025-01-28__22b_00028,3,horizontal,,"(-0.6936416870658706, -0.720320213491481)",746,934,"(746, 934)",22b_00028_waggle_annotations.csv,10:53:00,,-0.693641687065871,-0.720320213491481,316.080924186661,226,E:\2026Trackathon\James\mp4\20250128\00028.mp4,1,2025-01-28
22b,22b_00031,2025-01-28__22b_00031,1,horizontal,,"(-0.658504607868518, -0.7525766947068778)",1255,909,"(1255, 909)",22b_00031_waggle_annotations.csv,10:56:00,,-0.658504607868518,-0.752576694706878,318.81407483429,425,E:\2026Trackathon\James\mp4\20250128\00031.mp4,1,2025-01-28
22b,22b_00031,2025-01-28__22b_00031,2,horizontal,,"(-0.7779411802037216, -0.6283371070876212)",676,937,"(676, 937)",22b_00031_waggle_annotations.csv,10:56:00,,-0.777941180203722,-0.628337107087621,308.927543592792,638,E:\2026Trackathon\James\mp4\20250128\00031.mp4,1,2025-01-28
22b,22b_00031,2025-01-28__22b_00031,3,horizontal,,"(0.21951219512195122, -0.975609756097561)",648,934,"(648, 934)",22b_00031_waggle_annotations.csv,10:56:00,,0.219512195121951,-0.975609756097561,12.6803834918198,749,E:\2026Trackathon\James\mp4\20250128\00031.mp4,1,2025-01-28
22b,22b_00031,2025-01-28__22b_00031,4,horizontal,,"(0.6246950475544243, -0.7808688094430304)",764,960,"(764, 960)",22b_00031_waggle_annotations.csv,10:56:00,,0.624695047554424,-0.78086880944303,38.6598082540901,811,E:\2026Trackathon\James\mp4\20250128\00031.mp4,1,2025-01-28
22b,22b_00031,2025-01-28__22b_00031,5,horizontal,,"(-0.7198442954206852, -0.6941355705842321)",768,962,"(768, 962)",22b_00031_waggle_annotations.csv,10:56:00,,-0.719844295420685,-0.694135570584232,313.95837332399,849,E:\2026Trackathon\James\mp4\20250128\00031.mp4,1,2025-01-28
22b,22b_00047,2025-01-28__22b_00047,1,vertical,,"(-0.6675450157520258, 0.7445694406464903)",1781,834,"(1781, 834)",22b_00047_waggle_annotations.csv,15:27:00,,-0.667545015752026,0.74456944064649,221.877869537884,7,E:\2026Trackathon\James\mp4\20250128\00047.mp4,1,2025-01-28
22b,22b_00047,2025-01-28__22b_00047,2,vertical,,"(0.4115867224264983, 0.9113705996586747)",1797,884,"(1797, 884)",22b_00047_waggle_annotations.csv,15:27:00,,0.411586722426498,0.911370599658675,155.695450734063,60,E:\2026Trackathon\James\mp4\20250128\00047.mp4,1,2025-01-28
22b,22b_00047,2025-01-28__22b_00047,3,vertical,,"(0.0, 1.0)",1848,880,"(1848, 880)",22b_00047_waggle_annotations.csv,15:27:00,,0,1,180,145,E:\2026Trackathon\James\mp4\20250128\00047.mp4,1,2025-01-28
22b,22b_00048,2025-01-28__22b_00048,1,vertical,,"(-0.8700221858486124, 0.49301257198088033)",905,992,"(905, 992)",22b_00048_waggle_annotations.csv,15:32:00,,-0.870022185848612,0.49301257198088,240.461217740442,335,E:\2026Trackathon\James\mp4\20250128\00048.mp4,1,2025-01-28
22b,22b_00048,2025-01-28__22b_00048,2,vertical,,"(0.46135273664198945, 0.8872168012345951)",939,964,"(939, 964)",22b_00048_waggle_annotations.csv,15:32:00,,0.461352736641989,0.887216801234595,152.525568373723,413,E:\2026Trackathon\James\mp4\20250128\00048.mp4,1,2025-01-28
22b,22b_00048,2025-01-28__22b_00048,3,vertical,,"(-0.030289126640769135, 0.9995411791453814)",827,967,"(827, 967)",22b_00048_waggle_annotations.csv,15:32:00,,-0.0302891266407691,0.999541179145381,181.735704588928,548,E:\2026Trackathon\James\mp4\20250128\00048.mp4,1,2025-01-28
22b,22b_00048,2025-01-28__22b_00048,4,vertical,,"(0.4157597602677944, 0.9094744755858002)",895,972,"(895, 972)",22b_00048_waggle_annotations.csv,15:32:00,,0.415759760267794,0.9094744755858,155.432828679399,595,E:\2026Trackathon\James\mp4\20250128\00048.mp4,1,2025-01-28
22b,22b_00048,2025-01-28__22b_00048,5,vertical,,"(-0.17888543819998318, 0.9838699100999075)",867,949,"(867, 949)",22b_00048_waggle_annotations.csv,15:32:00,,-0.178885438199983,0.983869910099908,190.304846468766,640,E:\2026Trackathon\James\mp4\20250128\00048.mp4,1,2025-01-28
22b,22b_00048,2025-01-28__22b_00048,6,vertical,,"(0.22485950669875843, 0.9743911956946198)",839,951,"(839, 951)",22b_00048_waggle_annotations.csv,15:32:00,,0.224859506698758,0.97439119569462,167.005383208084,675,E:\2026Trackathon\James\mp4\20250128\00048.mp4,1,2025-01-28
22b,22b_00048,2025-01-28__22b_00048,7,vertical,,"(-0.27881019486395536, 0.9603462267536241)",888,949,"(888, 949)",22b_00048_waggle_annotations.csv,15:32:00,,-0.278810194863955,0.960346226753624,196.189206257027,726,E:\2026Trackathon\James\mp4\20250128\00048.mp4,1,2025-01-28
22b,22b_00048,2025-01-28__22b_00048,8,vertical,,"(0.0, 1.0)",949,980,"(949, 980)",22b_00048_waggle_annotations.csv,15:32:00,,0,1,180,770,E:\2026Trackathon\James\mp4\20250128\00048.mp4,1,2025-01-28
22b,22b_00048,2025-01-28__22b_00048,9,vertical,,"(-0.1414213562373095, 0.9899494936611665)",937,971,"(937, 971)",22b_00048_waggle_annotations.csv,15:32:00,,-0.14142135623731,0.989949493661167,188.130102354156,806,E:\2026Trackathon\James\mp4\20250128\00048.mp4,1,2025-01-28
22b,22b_00048,2025-01-28__22b_00048,10,vertical,,"(0.5547001962252291, 0.8320502943378437)",959,989,"(959, 989)",22b_00048_waggle_annotations.csv,15:32:00,,0.554700196225229,0.832050294337844,146.30993247402,860,E:\2026Trackathon\James\mp4\20250128\00048.mp4,1,2025-01-28
22b,22b_00048,2025-01-28__22b_00048,11,vertical,,"(0.1643989873053573, 0.9863939238321437)",890,985,"(890, 985)",22b_00048_waggle_annotations.csv,15:32:00,,0.164398987305357,0.986393923832144,170.537677791974,900,E:\2026Trackathon\James\mp4\20250128\00048.mp4,1,2025-01-28
22b,22b_00048,2025-01-28__22b_00048,12,vertical,,"(0.49613893835683387, 0.8682431421244593)",901,984,"(901, 984)",22b_00048_waggle_annotations.csv,15:32:00,,0.496138938356834,0.868243142124459,150.255118703058,949,E:\2026Trackathon\James\mp4\20250128\00048.mp4,1,2025-01-28
22b,22b_00048,2025-01-28__22b_00048,13,vertical,,"(0.06049506040189035, 0.9981684966311908)",849,960,"(849, 960)",22b_00048_waggle_annotations.csv,15:32:00,,0.0604950604018904,0.998168496631191,176.531770741083,990,E:\2026Trackathon\James\mp4\20250128\00048.mp4,1,2025-01-28
22b,22b_00048,2025-01-28__22b_00048,14,vertical,,"(0.39391929857916763, 0.9191450300180578)",903,958,"(903, 958)",22b_00048_waggle_annotations.csv,15:32:00,,0.393919298579168,0.919145030018058,156.801409486352,1035,E:\2026Trackathon\James\mp4\20250128\00048.mp4,1,2025-01-28
22b,22b_00048,2025-01-28__22b_00048,15,vertical,,"(0.04993761694389223, 0.9987523388778445)",870,982,"(870, 982)",22b_00048_waggle_annotations.csv,15:32:00,,0.0499376169438922,0.998752338877845,177.137594773888,1075,E:\2026Trackathon\James\mp4\20250128\00048.mp4,1,2025-01-28
22b,22b_00048,2025-01-28__22b_00048,16,vertical,,"(0.4190581774617469, 0.9079593845004517)",896,983,"(896, 983)",22b_00048_waggle_annotations.csv,15:32:00,,0.419058177461747,0.907959384500452,155.224859431168,1116,E:\2026Trackathon\James\mp4\20250128\00048.mp4,1,2025-01-28
22b,22b_00048,2025-01-28__22b_00048,17,vertical,,"(-0.06237828615518053, 0.9980525784828885)",882,955,"(882, 955)",22b_00048_waggle_annotations.csv,15:32:00,,-0.0623782861551805,0.998052578482889,183.576334374997,1155,E:\2026Trackathon\James\mp4\20250128\00048.mp4,1,2025-01-28
22b,22b_00048,2025-01-28__22b_00048,18,vertical,,"(0.8253072612498318, 0.5646839155919902)",1574,933,"(1574, 933)",22b_00048_waggle_annotations.csv,15:32:00,,0.825307261249832,0.56468391559199,124.380344723845,1494,E:\2026Trackathon\James\mp4\20250128\00048.mp4,1,2025-01-28
22b,22b_00048,2025-01-28__22b_00048,19,vertical,,"(-0.6561787149247866, 0.7546055221635046)",1305,956,"(1305, 956)",22b_00048_waggle_annotations.csv,15:32:00,,-0.656178714924787,0.754605522163505,15145056.57.00,1568,E:\2026Trackathon\James\mp4\20250128\00048.mp4,1,2025-01-28
22b,22b_00048,2025-01-28__22b_00048,20,vertical,,"(0.7619393177594593, 0.6476484200955405)",1556,941,"(1556, 941)",22b_00048_waggle_annotations.csv,15:32:00,,0.761939317759459,0.647648420095541,130.364536573097,1698,E:\2026Trackathon\James\mp4\20250128\00048.mp4,1,2025-01-28
22b,22b_00053,2025-01-28__22b_00053,1,deg_10,,"(-0.6804510993672779, 0.7327934916262993)",895,946,"(895, 946)",22b_00053_waggle_annotations.csv,15:44:00,,-0.680451099367278,0.732793491626299,222.878903603339,310,E:\2026Trackathon\James\mp4\20250128\00053.mp4,1,2025-01-28
22b,22b_00053,2025-01-28__22b_00053,2,deg_11,,"(0.38074980525429486, 0.924678098474716)",909,943,"(909, 943)",22b_00053_waggle_annotations.csv,15:44:00,,0.380749805254295,0.924678098474716,157.61986494804,348,E:\2026Trackathon\James\mp4\20250128\00053.mp4,1,2025-01-28
22b,22b_00053,2025-01-28__22b_00053,3,deg_12,,"(-0.838443616300637, 0.5449883505954141)",871,938,"(871, 938)",22b_00053_waggle_annotations.csv,15:44:00,,-0.838443616300637,0.544988350595414,236.976132444203,438,E:\2026Trackathon\James\mp4\20250128\00053.mp4,1,2025-01-28
22b,22b_00053,2025-01-28__22b_00053,4,deg_13,,"(0.5038710255240862, 0.8637789008984335)",839,929,"(839, 929)",22b_00053_waggle_annotations.csv,15:44:00,,0.503871025524086,0.863778900898434,149.743562836471,478,E:\2026Trackathon\James\mp4\20250128\00053.mp4,1,2025-01-28
22b,22b_00053,2025-01-28__22b_00053,5,deg_14,,"(-0.853281833651959, 0.5214500094539749)",827,926,"(827, 926)",22b_00053_waggle_annotations.csv,15:44:00,,-0.853281833651959,0.521450009453975,238.570434385162,519,E:\2026Trackathon\James\mp4\20250128\00053.mp4,1,2025-01-28
22b,22b_00053,2025-01-28__22b_00053,6,deg_15,,"(-0.8, 0.6)",803,931,"(803, 931)",22b_00053_waggle_annotations.csv,15:44:00,,-0.8,0.6,233.130102354156,571,E:\2026Trackathon\James\mp4\20250128\00053.mp4,1,2025-01-28
22b,22b_00053,2025-01-28__22b_00053,7,deg_16,,"(0.0, 1.0)",803,949,"(803, 949)",22b_00053_waggle_annotations.csv,15:44:00,,0,1,180,604,E:\2026Trackathon\James\mp4\20250128\00053.mp4,1,2025-01-28
22b,22b_00053,2025-01-28__22b_00053,8,deg_17,,"(-0.7295372041400852, 0.6839411288813297)",788,943,"(788, 943)",22b_00053_waggle_annotations.csv,15:44:00,,-0.729537204140085,0.68394112888133,226.847610265995,660,E:\2026Trackathon\James\mp4\20250128\00053.mp4,1,2025-01-28
22b,22b_00053,2025-01-28__22b_00053,9,deg_18,,"(0.20952908873087345, 0.9778024140774094)",795,952,"(795, 952)",22b_00053_waggle_annotations.csv,15:44:00,,0.209529088730873,0.977802414077409,167.905242922988,696,E:\2026Trackathon\James\mp4\20250128\00053.mp4,1,2025-01-28
22b,22b_00053,2025-01-28__22b_00053,10,deg_19,,"(-0.5881716976750462, 0.8087360843031884)",774,943,"(774, 943)",22b_00053_waggle_annotations.csv,15:44:00,,-0.588171697675046,0.808736084303188,216.027373385104,753,E:\2026Trackathon\James\mp4\20250128\00053.mp4,1,2025-01-28
22b,22b_00053,2025-01-28__22b_00053,11,deg_20,,"(-0.5407575913134987, 0.8411784753765535)",806,933,"(806, 933)",22b_00053_waggle_annotations.csv,15:44:00,,-0.540757591313499,0.841178475376554,212.735226272108,813,E:\2026Trackathon\James\mp4\20250128\00053.mp4,1,2025-01-28
22b,22b_00053,2025-01-28__22b_00053,12,deg_21,,"(-0.9042486467459909, 0.4270063054078291)",760,901,"(760, 901)",22b_00053_waggle_annotations.csv,15:44:00,,-0.904248646745991,0.427006305407829,244.722277764447,859,E:\2026Trackathon\James\mp4\20250128\00053.mp4,1,2025-01-28
22b,22b_00053,2025-01-28__22b_00053,13,deg_22,,"(-0.5665288228870652, 0.8240419241993676)",760,938,"(760, 938)",22b_00053_waggle_annotations.csv,15:44:00,,-0.566528822887065,0.824041924199368,214.508522987668,902,E:\2026Trackathon\James\mp4\20250128\00053.mp4,1,2025-01-28
22b,22b_00053,2025-01-28__22b_00053,14,deg_23,,"(-0.7719302356170498, 0.6357072528610997)",731,897,"(731, 897)",22b_00053_waggle_annotations.csv,15:44:00,,-0.77193023561705,0.6357072528611,230.527540151656,945,E:\2026Trackathon\James\mp4\20250128\00053.mp4,1,2025-01-28
22b,22b_00053,2025-01-28__22b_00053,15,deg_24,,"(-0.5070201265633938, 0.8619342151577695)",738,927,"(738, 927)",22b_00053_waggle_annotations.csv,15:44:00,,-0.507020126563394,0.86193421515777,210.46554491946,997,E:\2026Trackathon\James\mp4\20250128\00053.mp4,1,2025-01-28
22b,22b_00053,2025-01-28__22b_00053,16,deg_25,,"(-0.8778955729143844, 0.4788521306805733)",717,936,"(717, 936)",22b_00053_waggle_annotations.csv,15:44:00,,-0.877895572914384,0.478852130680573,241.389540334035,1047,E:\2026Trackathon\James\mp4\20250128\00053.mp4,1,2025-01-28
22b,22b_00053,2025-01-28__22b_00053,17,deg_26,,"(-0.8619342151577695, 0.5070201265633938)",694,930,"(694, 930)",22b_00053_waggle_annotations.csv,15:44:00,,-0.86193421515777,0.507020126563394,239.53445508054,1086,E:\2026Trackathon\James\mp4\20250128\00053.mp4,1,2025-01-28
22b,22b_00053,2025-01-28__22b_00053,18,deg_27,,"(-0.9486832980505138, 0.31622776601683794)",671,924,"(671, 924)",22b_00053_waggle_annotations.csv,15:44:00,,-0.948683298050514,0.316227766016838,251.565051177078,1130,E:\2026Trackathon\James\mp4\20250128\00053.mp4,1,2025-01-28
22b,22b_00053,2025-01-28__22b_00053,19,deg_28,,"(-0.1643989873053573, 0.9863939238321437)",668,947,"(668, 947)",22b_00053_waggle_annotations.csv,15:44:00,,-0.164398987305357,0.986393923832144,189.462322208026,1174,E:\2026Trackathon\James\mp4\20250128\00053.mp4,1,2025-01-28
22b,22b_00053,2025-01-28__22b_00053,20,deg_29,,"(-0.7893522173763262, 0.6139406135149204)",700,938,"(700, 938)",22b_00053_waggle_annotations.csv,15:44:00,,-0.789352217376326,0.61394061351492,232.125016348902,1215,E:\2026Trackathon\James\mp4\20250128\00053.mp4,1,2025-01-28
22b,22b_00053,2025-01-28__22b_00053,21,deg_30,,"(-0.8858315352801555, 0.4640069946705576)",637,942,"(637, 942)",22b_00053_waggle_annotations.csv,15:44:00,,-0.885831535280156,0.464006994670558,242.354024636261,1356,E:\2026Trackathon\James\mp4\20250128\00053.mp4,1,2025-01-28
22b,22b_00053,2025-01-28__22b_00053,22,deg_31,,"(-0.9593655015712707, 0.28216632399155017)",612,952,"(612, 952)",22b_00053_waggle_annotations.csv,15:44:00,,-0.959365501571271,0.28216632399155,253.610459665965,1442,E:\2026Trackathon\James\mp4\20250128\00053.mp4,1,2025-01-28
22b,22b_00055,2025-01-28__22b_00055,1,horizontal,,"(0.6667948594698258, 0.7452413135250994)",1053,942,"(1053, 942)",22b_00055_waggle_annotations.csv,15:49:00,,0.666794859469826,0.745241313525099,138.179830119864,254,E:\2026Trackathon\James\mp4\20250128\00055.mp4,1,2025-01-28
22b,22b_00055,2025-01-28__22b_00055,2,horizontal,,"(-0.9333456062030595, -0.3589790793088691)",1055,938,"(1055, 938)",22b_00055_waggle_annotations.csv,15:49:00,,-0.93334560620306,-0.358979079308869,291.037511025422,296,E:\2026Trackathon\James\mp4\20250128\00055.mp4,1,2025-01-28
22b,22b_00055,2025-01-28__22b_00055,3,horizontal,,"(0.8502651466878618, 0.5263546146162954)",1017,944,"(1017, 944)",22b_00055_waggle_annotations.csv,15:49:00,,0.850265146687862,0.526354614616295,121.759480084813,425,E:\2026Trackathon\James\mp4\20250128\00055.mp4,1,2025-01-28
22b,22b_00055,2025-01-28__22b_00055,4,horizontal,,"(-0.9170700562532349, 0.39872611141444997)",1020,952,"(1020, 952)",22b_00055_waggle_annotations.csv,15:49:00,,-0.917070056253235,0.39872611141445,246.501434324048,469,E:\2026Trackathon\James\mp4\20250128\00055.mp4,1,2025-01-28
22b,22b_00055,2025-01-28__22b_00055,5,horizontal,,"(-0.9986178293325098, 0.052558833122763673)",1012,948,"(1012, 948)",22b_00055_waggle_annotations.csv,15:49:00,,-0.99861782933251,0.0525588331227637,266.987212495817,540,E:\2026Trackathon\James\mp4\20250128\00055.mp4,1,2025-01-28
22b,22b_00055,2025-01-28__22b_00055,6,horizontal,,"(-0.8619342151577695, 0.5070201265633938)",977,947,"(977, 947)",22b_00055_waggle_annotations.csv,15:49:00,,-0.86193421515777,0.507020126563394,239.53445508054,810,E:\2026Trackathon\James\mp4\20250128\00055.mp4,1,2025-01-28
22b,22b_00055,2025-01-28__22b_00055,7,horizontal,,"(0.49301257198088033, 0.8700221858486124)",982,947,"(982, 947)",22b_00055_waggle_annotations.csv,15:49:00,,0.49301257198088,0.870022185848612,150.461217740442,942,E:\2026Trackathon\James\mp4\20250128\00055.mp4,1,2025-01-28
22b,22b_00055,2025-01-28__22b_00055,8,horizontal,,"(-0.809942121543021, 0.5865098121518428)",995,944,"(995, 944)",22b_00055_waggle_annotations.csv,15:49:00,,-0.809942121543021,0.586509812151843,234.090276920822,985,E:\2026Trackathon\James\mp4\20250128\00055.mp4,1,2025-01-28
22b,22b_00055,2025-01-28__22b_00055,9,horizontal,,"(-0.7071067811865476, 0.7071067811865476)",969,937,"(969, 937)",22b_00055_waggle_annotations.csv,15:49:00,,-0.707106781186548,0.707106781186548,225,1079,E:\2026Trackathon\James\mp4\20250128\00055.mp4,1,2025-01-28
22b,22b_00055,2025-01-28__22b_00055,10,horizontal,,"(-0.9635179096299405, 0.2676438637860946)",955,883,"(955, 883)",22b_00055_waggle_annotations.csv,15:49:00,,-0.963517909629941,0.267643863786095,254.475889003246,1225,E:\2026Trackathon\James\mp4\20250128\00055.mp4,1,2025-01-28
22b,22b_00055,2025-01-28__22b_00055,11,horizontal,,"(-0.997630328422983, 0.06880209161537815)",956,916,"(956, 916)",22b_00055_waggle_annotations.csv,15:49:00,,-0.997630328422983,0.0688020916153782,266.054813770962,1293,E:\2026Trackathon\James\mp4\20250128\00055.mp4,1,2025-01-28
22b,22b_00055,2025-01-28__22b_00055,12,horizontal,,"(0.8882176431559488, 0.4594229188737666)",975,911,"(975, 911)",22b_00055_waggle_annotations.csv,15:49:00,,0.888217643155949,0.459422918873767,117.34987578007,1333,E:\2026Trackathon\James\mp4\20250128\00055.mp4,1,2025-01-28
22b,22b_00055,2025-01-28__22b_00055,13,horizontal,,"(-0.9175556253099241, 0.3976074376343004)",964,930,"(964, 930)",22b_00055_waggle_annotations.csv,15:49:00,,-0.917555625309924,0.3976074376343,246.571307191255,1371,E:\2026Trackathon\James\mp4\20250128\00055.mp4,1,2025-01-28
22b,22b_00055,2025-01-28__22b_00055,14,horizontal,,"(-0.4008188340197078, 0.9161573349021892)",978,952,"(978, 952)",22b_00055_waggle_annotations.csv,15:49:00,,-0.400818834019708,0.916157334902189,203.629377730657,1414,E:\2026Trackathon\James\mp4\20250128\00055.mp4,1,2025-01-28
22b,22b_00055,2025-01-28__22b_00055,15,horizontal,,"(-0.9037378388935388, 0.42808634473904467)",867,894,"(867, 894)",22b_00055_waggle_annotations.csv,15:49:00,,-0.903737838893539,0.428086344739045,244.653824058053,1448,E:\2026Trackathon\James\mp4\20250128\00055.mp4,1,2025-01-28
22b,22b_00055,2025-01-28__22b_00055,16,horizontal,,"(-0.9912279006826347, -0.13216372009101796)",934,721,"(934, 721)",22b_00055_waggle_annotations.csv,15:49:00,,-0.991227900682635,-0.132163720091018,277.594643368591,1511,E:\2026Trackathon\James\mp4\20250128\00055.mp4,1,2025-01-28
22b,22b_00055,2025-01-28__22b_00055,17,horizontal,,"(-0.9990561583550596, 0.04343722427630694)",860,752,"(860, 752)",22b_00055_waggle_annotations.csv,15:49:00,,-0.99905615835506,0.0434372242763069,267.510447078001,1559,E:\2026Trackathon\James\mp4\20250128\00055.mp4,1,2025-01-28
22b,22b_00055,2025-01-28__22b_00055,18,horizontal,,"(-1.0, 0.0)",794,848,"(794, 848)",22b_00055_waggle_annotations.csv,15:49:00,,−1,0,270,1611,E:\2026Trackathon\James\mp4\20250128\00055.mp4,1,2025-01-28
22b,22b_00055,2025-01-28__22b_00055,19,horizontal,,"(-0.9486832980505138, 0.31622776601683794)",761,927,"(761, 927)",22b_00055_waggle_annotations.csv,15:49:00,,-0.948683298050514,0.316227766016838,251.565051177078,1654,E:\2026Trackathon\James\mp4\20250128\00055.mp4,1,2025-01-28
22b,22b_00055,2025-01-28__22b_00055,20,horizontal,,"(-0.9662349396012463, 0.25766265056033233)",784,860,"(784, 860)",22b_00055_waggle_annotations.csv,15:49:00,,-0.966234939601246,0.257662650560332,255.068582821862,1692,E:\2026Trackathon\James\mp4\20250128\00055.mp4,1,2025-01-28
22b,22b_00055,2025-01-28__22b_00055,21,horizontal,,"(-0.7327934916262993, 0.6804510993672779)",791,944,"(791, 944)",22b_00055_waggle_annotations.csv,15:49:00,,-0.732793491626299,0.680451099367278,227.121096396661,1744,E:\2026Trackathon\James\mp4\20250128\00055.mp4,1,2025-01-28
22b,22b_00055,2025-01-28__22b_00055,22,horizontal,,"(-0.9320046715412958, 0.3624462611549484)",799,931,"(799, 931)",22b_00055_waggle_annotations.csv,15:49:00,,-0.932004671541296,0.362446261154948,248.749494492867,1793,E:\2026Trackathon\James\mp4\20250128\00055.mp4,1,2025-01-28
22b,22b_00055,2025-01-28__22b_00055,23,horizontal,,"(-0.996815278536125, -0.07974522228289)",802,877,"(802, 877)",22b_00055_waggle_annotations.csv,15:49:00,,-0.996815278536125,-0.07974522228289,274.573921259901,1832,E:\2026Trackathon\James\mp4\20250128\00055.mp4,1,2025-01-28
22b,22b_2025-01-26 14-34-55,2025-01-26__22b_2025-01-26 14-34-55,1,antisolar,,"(0.14925269233005106, -0.9887990866865883)",746,732,"(746, 732)",22b_2025-01-26 14-34-55_waggle_annotations.csv,14:34:55,,0.149252692330051,-0.988799086686588,8.58362148011395,418,C:\Users\frida\Documents\PhD\Waggle_dance\wd_SA2025\dome\wrongcameraangle\20250126\2025-01-26 14-34-55.mkv,1,2025-01-26
22b,22b_2025-01-26 14-34-55,2025-01-26__22b_2025-01-26 14-34-55,2,antisolar,,"(-0.04473130094381649, -0.9989990544119017)",696,743,"(696, 743)",22b_2025-01-26 14-34-55_waggle_annotations.csv,14:34:55,,-0.0447313009438165,-0.998999054411902,357.436229788535,508,C:\Users\frida\Documents\PhD\Waggle_dance\wd_SA2025\dome\wrongcameraangle\20250126\2025-01-26 14-34-55.mkv,1,2025-01-26
22b,22b_2025-01-26 14-34-55,2025-01-26__22b_2025-01-26 14-34-55,3,antisolar,,"(0.2290393337255473, -0.973417168333576)",750,779,"(750, 779)",22b_2025-01-26 14-34-55_waggle_annotations.csv,14:34:55,,0.229039333725547,-0.973417168333576,13.2405199151872,574,C:\Users\frida\Documents\PhD\Waggle_dance\wd_SA2025\dome\wrongcameraangle\20250126\2025-01-26 14-34-55.mkv,1,2025-01-26
22b,22b_2025-01-27 11-41-59,2025-01-27__22b_2025-01-27 11-41-59,1,antisolar,,"(0.9976303284229832, 0.06880209161537815)",856,994,"(856, 994)",22b_2025-01-27 11-41-59_waggle_annotations.csv,11:41:59,,0.997630328422983,0.0688020916153782,93.9451862290376,586,C:\Users\frida\Documents\PhD\Waggle_dance\wd_SA2025\dome\rightcameraangle_probably\20250127\2025-01-27 11-41-59.mkv,1,2025-01-27
22b,22b_2025-01-27 11-41-59,2025-01-27__22b_2025-01-27 11-41-59,2,antisolar,,"(0.46712103309555225, -0.8841933840737239)",871,968,"(871, 968)",22b_2025-01-27 11-41-59_waggle_annotations.csv,11:41:59,,0.467121033095552,-0.884193384073724,27.8475782597882,675,C:\Users\frida\Documents\PhD\Waggle_dance\wd_SA2025\dome\rightcameraangle_probably\20250127\2025-01-27 11-41-59.mkv,1,2025-01-27
22b,22b_2025-01-27 11-41-59,2025-01-27__22b_2025-01-27 11-41-59,3,antisolar,,"(-0.2998265967403946, 0.9539937169012556)",799,1043,"(799, 1043)",22b_2025-01-27 11-41-59_waggle_annotations.csv,11:41:59,,-0.299826596740395,0.953993716901256,197.447188423282,904,C:\Users\frida\Documents\PhD\Waggle_dance\wd_SA2025\dome\rightcameraangle_probably\20250127\2025-01-27 11-41-59.mkv,1,2025-01-27
22b,22b_2025-01-27 11-41-59,2025-01-27__22b_2025-01-27 11-41-59,4,antisolar,,"(0.9987523388778446, 0.04993761694389223)",693,878,"(693, 878)",22b_2025-01-27 11-41-59_waggle_annotations.csv,11:41:59,,0.998752338877845,0.0499376169438922,92.8624052261118,1163,C:\Users\frida\Documents\PhD\Waggle_dance\wd_SA2025\dome\rightcameraangle_probably\20250127\2025-01-27 11-41-59.mkv,1,2025-01-27
22b,22b_2025-01-27 11-41-59,2025-01-27__22b_2025-01-27 11-41-59,5,antisolar,,"(0.19611613513818404, -0.9805806756909201)",591,878,"(591, 878)",22b_2025-01-27 11-41-59_waggle_annotations.csv,11:41:59,,0.196116135138184,-0.98058067569092,11.3099324740202,1340,C:\Users\frida\Documents\PhD\Waggle_dance\wd_SA2025\dome\rightcameraangle_probably\20250127\2025-01-27 11-41-59.mkv,1,2025-01-27
22b,22b_2025-01-27 11-41-59,2025-01-27__22b_2025-01-27 11-41-59,6,antisolar,,"(0.9964482918573746, 0.0842068979034401)",648,818,"(648, 818)",22b_2025-01-27 11-41-59_waggle_annotations.csv,11:41:59,,0.996448291857375,0.0842068979034401,94.83041995829,1490,C:\Users\frida\Documents\PhD\Waggle_dance\wd_SA2025\dome\rightcameraangle_probably\20250127\2025-01-27 11-41-59.mkv,1,2025-01-27
22b,22b_2025-01-27 11-41-59,2025-01-27__22b_2025-01-27 11-41-59,7,antisolar,,"(0.38461538461538464, -0.9230769230769231)",705,699,"(705, 699)",22b_2025-01-27 11-41-59_waggle_annotations.csv,11:41:59,,0.384615384615385,-0.923076923076923,22.6198649480404,1627,C:\Users\frida\Documents\PhD\Waggle_dance\wd_SA2025\dome\rightcameraangle_probably\20250127\2025-01-27 11-41-59.mkv,1,2025-01-27
22b,22b_2025-01-27 11-41-59,2025-01-27__22b_2025-01-27 11-41-59,8,antisolar,,"(0.9737478478855778, -0.227629367038187)",751,781,"(751, 781)",22b_2025-01-27 11-41-59_waggle_annotations.csv,11:41:59,,0.973747847885578,-0.227629367038187,76.8424572599852,1726,C:\Users\frida\Documents\PhD\Waggle_dance\wd_SA2025\dome\rightcameraangle_probably\20250127\2025-01-27 11-41-59.mkv,1,2025-01-27
22b,22b_2025-01-27 11-41-59,2025-01-27__22b_2025-01-27 11-41-59,9,antisolar,,"(0.14980537942799493, -0.9887155042247666)",830,720,"(830, 720)",22b_2025-01-27 11-41-59_waggle_annotations.csv,11:41:59,,0.149805379427995,-0.988715504224767,8.61564818416411,1915,C:\Users\frida\Documents\PhD\Waggle_dance\wd_SA2025\dome\rightcameraangle_probably\20250127\2025-01-27 11-41-59.mkv,1,2025-01-27
22b,22b_2025-01-27 11-41-59,2025-01-27__22b_2025-01-27 11-41-59,10,antisolar,,"(-0.19611613513818404, 0.9805806756909201)",767,860,"(767, 860)",22b_2025-01-27 11-41-59_waggle_annotations.csv,11:41:59,,-0.196116135138184,0.98058067569092,191.30993247402,2169,C:\Users\frida\Documents\PhD\Waggle_dance\wd_SA2025\dome\rightcameraangle_probably\20250127\2025-01-27 11-41-59.mkv,1,2025-01-27
22b,22b_2025-01-27 11-41-59,2025-01-27__22b_2025-01-27 11-41-59,11,antisolar,,"(0.0808158687660548, 0.9967290481146759)",744,764,"(744, 764)",22b_2025-01-27 11-41-59_waggle_annotations.csv,11:41:59,,0.0808158687660548,0.996729048114676,175.364536573097,2451,C:\Users\frida\Documents\PhD\Waggle_dance\wd_SA2025\dome\rightcameraangle_probably\20250127\2025-01-27 11-41-59.mkv,1,2025-01-27
22b,22b_2025-01-27 11-41-59,2025-01-27__22b_2025-01-27 11-41-59,12,antisolar,,"(0.2553911228370322, 0.9668378221687647)",792,832,"(792, 832)",22b_2025-01-27 11-41-59_waggle_annotations.csv,11:41:59,,0.255391122837032,0.966837822168765,165.203237754943,2585,C:\Users\frida\Documents\PhD\Waggle_dance\wd_SA2025\dome\rightcameraangle_probably\20250127\2025-01-27 11-41-59.mkv,1,2025-01-27
22b,22b_2025-01-27 11-41-59,2025-01-27__22b_2025-01-27 11-41-59,13,antisolar,,"(0.17981617126567406, 0.9837002310416287)",751,743,"(751, 743)",22b_2025-01-27 11-41-59_waggle_annotations.csv,11:41:59,,0.179816171265674,0.983700231041629,169.640947511916,2866,C:\Users\frida\Documents\PhD\Waggle_dance\wd_SA2025\dome\rightcameraangle_probably\20250127\2025-01-27 11-41-59.mkv,1,2025-01-27
22b,22b_2025-01-27 11-41-59,2025-01-27__22b_2025-01-27 11-41-59,14,antisolar,,"(0.9591147545964189, -0.2830174685694351)",744,779,"(744, 779)",22b_2025-01-27 11-41-59_waggle_annotations.csv,11:41:59,,0.959114754596419,-0.283017468569435,73.5596204783198,2989,C:\Users\frida\Documents\PhD\Waggle_dance\wd_SA2025\dome\rightcameraangle_probably\20250127\2025-01-27 11-41-59.mkv,1,2025-01-27
22b,22b_2025-01-27 11-41-59,2025-01-27__22b_2025-01-27 11-41-59,15,antisolar,,"(0.6893633606476435, 0.7244157349178627)",730,737,"(730, 737)",22b_2025-01-27 11-41-59_waggle_annotations.csv,11:41:59,,0.689363360647644,0.724415734917863,136.420265546399,3126,C:\Users\frida\Documents\PhD\Waggle_dance\wd_SA2025\dome\rightcameraangle_probably\20250127\2025-01-27 11-41-59.mkv,1,2025-01-27
22b,22b_2025-01-28 07-57-05,2025-01-28__22b_2025-01-28 07-57-05,1,antisolar,,"(0.1626404509781636, -0.9866854026008591)",667,870,"(667, 870)",22b_2025-01-28 07-57-05_waggle_annotations.csv,07:57:05,,0.162640450978164,-0.986685402600859,9.36019080191333,106,C:\Users\frida\Documents\PhD\Waggle_dance\wd_SA2025\dome\rightcameraangle_probably\20250128\2025-01-28 07-57-05.mkv,1,2025-01-28
22b,22b_2025-01-28 07-57-05,2025-01-28__22b_2025-01-28 07-57-05,2,antisolar,,"(0.19776944698048, -0.9802485632945529)",633,834,"(633, 834)",22b_2025-01-28 07-57-05_waggle_annotations.csv,07:57:05,,0.19776944698048,-0.980248563294553,11.4065525839724,202,C:\Users\frida\Documents\PhD\Waggle_dance\wd_SA2025\dome\rightcameraangle_probably\20250128\2025-01-28 07-57-05.mkv,1,2025-01-28
22b,22b_2025-01-28 07-57-05,2025-01-28__22b_2025-01-28 07-57-05,3,antisolar,,"(0.2081076444648586, -0.9781059289848355)",723,892,"(723, 892)",22b_2025-01-28 07-57-05_waggle_annotations.csv,07:57:05,,0.208107644464859,-0.978105928984836,12.0114783863654,341,C:\Users\frida\Documents\PhD\Waggle_dance\wd_SA2025\dome\rightcameraangle_probably\20250128\2025-01-28 07-57-05.mkv,1,2025-01-28
22b,22b_2025-01-28 10-20-24,2025-01-28__22b_2025-01-28 10-20-24,1,antisolar,,"(-0.9429903335828895, -0.3328201177351375)",568,832,"(568, 832)",22b_2025-01-28 10-20-24_waggle_annotations.csv,10:20:24,,-0.94299033358289,-0.332820117735138,289.440034828176,279,C:\Users\frida\Documents\PhD\Waggle_dance\wd_SA2025\dome\rightcameraangle_probably\20250128\2025-01-28 10-20-24.mkv,1,2025-01-28
22b,22b_2025-01-28 10-20-24,2025-01-28__22b_2025-01-28 10-20-24,2,antisolar,,"(0.9921397562025528, -0.1251347440255472)",549,848,"(549, 848)",22b_2025-01-28 10-20-24_waggle_annotations.csv,10:20:24,,0.992139756202553,-0.125134744025547,82.8114628572634,367,C:\Users\frida\Documents\PhD\Waggle_dance\wd_SA2025\dome\rightcameraangle_probably\20250128\2025-01-28 10-20-24.mkv,1,2025-01-28
22b,22b_2025-01-28 10-20-24,2025-01-28__22b_2025-01-28 10-20-24,3,antisolar,,"(-0.7525766947068778, 0.658504607868518)",620,822,"(620, 822)",22b_2025-01-28 10-20-24_waggle_annotations.csv,10:20:24,,-0.752576694706878,0.658504607868518,228.81407483429,514,C:\Users\frida\Documents\PhD\Waggle_dance\wd_SA2025\dome\rightcameraangle_probably\20250128\2025-01-28 10-20-24.mkv,1,2025-01-28
22b,22b_2025-01-28 10-20-24,2025-01-28__22b_2025-01-28 10-20-24,4,antisolar,,"(-0.9941724026247171, 0.10780182679063197)",612,794,"(612, 794)",22b_2025-01-28 10-20-24_waggle_annotations.csv,10:20:24,,-0.994172402624717,0.107801826790632,263.811384036758,607,C:\Users\frida\Documents\PhD\Waggle_dance\wd_SA2025\dome\rightcameraangle_probably\20250128\2025-01-28 10-20-24.mkv,1,2025-01-28
22b,22b_2025-01-28 10-20-24,2025-01-28__22b_2025-01-28 10-20-24,5,antisolar,,"(0.8623750634816897, -0.5062699377653701)",547,771,"(547, 771)",22b_2025-01-28 10-20-24_waggle_annotations.csv,10:20:24,,0.86237506348169,-0.50626993776537,59.5843099990113,758,C:\Users\frida\Documents\PhD\Waggle_dance\wd_SA2025\dome\rightcameraangle_probably\20250128\2025-01-28 10-20-24.mkv,1,2025-01-28
22b,22b_2025-01-28 10-20-24,2025-01-28__22b_2025-01-28 10-20-24,6,antisolar,,"(-0.01360418311318335, -0.9999074588189764)",584,754,"(584, 754)",22b_2025-01-28 10-20-24_waggle_annotations.csv,10:20:24,,-0.0136041831131834,-0.999907458818976,359.220513678882,868,C:\Users\frida\Documents\PhD\Waggle_dance\wd_SA2025\dome\rightcameraangle_probably\20250128\2025-01-28 10-20-24.mkv,1,2025-01-28
22b,22b_2025-01-28 10-20-58,2025-01-28__22b_2025-01-28 10-20-58,1,antisolar,,"(0.0977439955678188, 0.9952115912359734)",643,966,"(643, 966)",22b_2025-01-28 10-20-58_waggle_annotations.csv,10:20:58,,0.0977439955678188,0.995211591235973,174.390725553554,151,C:\Users\frida\Documents\PhD\Waggle_dance\wd_SA2025\dome\rightcameraangle_probably\20250128\2025-01-28 10-20-58.mkv,1,2025-01-28
22b,22b_2025-01-28 10-20-58,2025-01-28__22b_2025-01-28 10-20-58,2,antisolar,,"(0.9946053011701648, -0.1037318412263362)",610,844,"(610, 844)",22b_2025-01-28 10-20-58_waggle_annotations.csv,10:20:58,,0.994605301170165,-0.103731841226336,84.045892568835,276,C:\Users\frida\Documents\PhD\Waggle_dance\wd_SA2025\dome\rightcameraangle_probably\20250128\2025-01-28 10-20-58.mkv,1,2025-01-28
22b,22b_2025-01-28 10-20-58,2025-01-28__22b_2025-01-28 10-20-58,3,antisolar,,"(-0.22779436848661222, -0.9737092613741464)",636,767,"(636, 767)",22b_2025-01-28 10-20-58_waggle_annotations.csv,10:20:58,,-0.227794368486612,-0.973709261374146,346.832748305122,401,C:\Users\frida\Documents\PhD\Waggle_dance\wd_SA2025\dome\rightcameraangle_probably\20250128\2025-01-28 10-20-58.mkv,1,2025-01-28
22b,22b_2025-01-28 10-20-58,2025-01-28__22b_2025-01-28 10-20-58,4,antisolar,,"(0.9378221987901906, -0.3471160086431225)",638,888,"(638, 888)",22b_2025-01-28 10-20-58_waggle_annotations.csv,10:20:58,,0.937822198790191,-0.347116008643123,69.6889815668385,476,C:\Users\frida\Documents\PhD\Waggle_dance\wd_SA2025\dome\rightcameraangle_probably\20250128\2025-01-28 10-20-58.mkv,1,2025-01-28
22b,22b_2025-01-28 10-20-58,2025-01-28__22b_2025-01-28 10-20-58,5,antisolar,,"(0.9697184926071524, -0.24422539813809763)",625,899,"(625, 899)",22b_2025-01-28 10-20-58_waggle_annotations.csv,10:20:58,,0.969718492607152,-0.244225398138098,75.8639382018529,601,C:\Users\frida\Documents\PhD\Waggle_dance\wd_SA2025\dome\rightcameraangle_probably\20250128\2025-01-28 10-20-58.mkv,1,2025-01-28
22b,22b_2025-01-28 10-20-58,2025-01-28__22b_2025-01-28 10-20-58,6,antisolar,,"(0.7867888316398677, -0.6172222730967928)",601,831,"(601, 831)",22b_2025-01-28 10-20-58_waggle_annotations.csv,10:20:58,,0.786788831639868,-0.617222273096793,51.886427331432,704,C:\Users\frida\Documents\PhD\Waggle_dance\wd_SA2025\dome\rightcameraangle_probably\20250128\2025-01-28 10-20-58.mkv,1,2025-01-28
22b,22b_2025-01-28 10-20-58,2025-01-28__22b_2025-01-28 10-20-58,7,antisolar,,"(0.9989990544119017, -0.0447313009438165)",618,842,"(618, 842)",22b_2025-01-28 10-20-58_waggle_annotations.csv,10:20:58,,0.998999054411902,-0.0447313009438165,87.436229788535,795,C:\Users\frida\Documents\PhD\Waggle_dance\wd_SA2025\dome\rightcameraangle_probably\20250128\2025-01-28 10-20-58.mkv,1,2025-01-28
22b,22b_2025-01-28 10-20-58,2025-01-28__22b_2025-01-28 10-20-58,8,antisolar,,"(0.8233415899867544, -0.5675461445539763)",629,823,"(629, 823)",22b_2025-01-28 10-20-58_waggle_annotations.csv,10:20:58,,0.823341589986754,-0.567546144553976,55.4207123967945,891,C:\Users\frida\Documents\PhD\Waggle_dance\wd_SA2025\dome\rightcameraangle_probably\20250128\2025-01-28 10-20-58.mkv,1,2025-01-28
22b,22b_2025-01-28 10-20-58,2025-01-28__22b_2025-01-28 10-20-58,9,antisolar,,"(0.9911113298049744, -0.13303507782617105)",585,826,"(585, 826)",22b_2025-01-28 10-20-58_waggle_annotations.csv,10:20:58,,0.991111329804974,-0.133035077826171,82.3549867283293,991,C:\Users\frida\Documents\PhD\Waggle_dance\wd_SA2025\dome\rightcameraangle_probably\20250128\2025-01-28 10-20-58.mkv,1,2025-01-28
22b,22b_2025-01-28 10-20-58,2025-01-28__22b_2025-01-28 10-20-58,10,antisolar,,"(0.8581682633119991, -0.5133685146598567)",608,848,"(608, 848)",22b_2025-01-28 10-20-58_waggle_annotations.csv,10:20:58,,0.858168263311999,-0.513368514659857,59.1115335422163,1095,C:\Users\frida\Documents\PhD\Waggle_dance\wd_SA2025\dome\rightcameraangle_probably\20250128\2025-01-28 10-20-58.mkv,1,2025-01-28
22b,22b_2025-01-28 10-20-58,2025-01-28__22b_2025-01-28 10-20-58,11,antisolar,,"(0.8, -0.6)",696,847,"(696, 847)",22b_2025-01-28 10-20-58_waggle_annotations.csv,10:20:58,,0.8,-0.6,53.130102354156,1219,C:\Users\frida\Documents\PhD\Waggle_dance\wd_SA2025\dome\rightcameraangle_probably\20250128\2025-01-28 10-20-58.mkv,1,2025-01-28
22b,22b_2025-01-28 10-20-58,2025-01-28__22b_2025-01-28 10-20-58,12,antisolar,,"(0.25315793440681805, -0.9674249636260547)",734,819,"(734, 819)",22b_2025-01-28 10-20-58_waggle_annotations.csv,10:20:58,,0.253157934406818,-0.967424963626055,14.6644614884111,1302,C:\Users\frida\Documents\PhD\Waggle_dance\wd_SA2025\dome\rightcameraangle_probably\20250128\2025-01-28 10-20-58.mkv,1,2025-01-28
22b,22b_2025-01-28 10-20-58,2025-01-28__22b_2025-01-28 10-20-58,13,antisolar,,"(0.539666114720432, -0.8418791389638739)",741,789,"(741, 789)",22b_2025-01-28 10-20-58_waggle_annotations.csv,10:20:58,,0.539666114720432,-0.841879138963874,32.6609127216738,1427,C:\Users\frida\Documents\PhD\Waggle_dance\wd_SA2025\dome\rightcameraangle_probably\20250128\2025-01-28 10-20-58.mkv,1,2025-01-28
22b,22b_2025-01-28 10-20-58,2025-01-28__22b_2025-01-28 10-20-58,14,antisolar,,"(-0.9778024140774094, -0.20952908873087345)",713,852,"(713, 852)",22b_2025-01-28 10-20-58_waggle_annotations.csv,10:20:58,,-0.977802414077409,-0.209529088730873,282.094757077012,1539,C:\Users\frida\Documents\PhD\Waggle_dance\wd_SA2025\dome\rightcameraangle_probably\20250128\2025-01-28 10-20-58.mkv,1,2025-01-28
22b,22b_2025-01-28 10-20-58,2025-01-28__22b_2025-01-28 10-20-58,15,antisolar,,"(0.8082364962283556, -0.588858018680659)",621,840,"(621, 840)",22b_2025-01-28 10-20-58_waggle_annotations.csv,10:20:58,,0.808236496228356,-0.588858018680659,53.9239884436314,1672,C:\Users\frida\Documents\PhD\Waggle_dance\wd_SA2025\dome\rightcameraangle_probably\20250128\2025-01-28 10-20-58.mkv,1,2025-01-28
22b,22b_2025-01-28 10-20-58,2025-01-28__22b_2025-01-28 10-20-58,16,antisolar,,"(0.1214350307859162, -0.9925993820761847)",664,843,"(664, 843)",22b_2025-01-28 10-20-58_waggle_annotations.csv,10:20:58,,0.121435030785916,-0.992599382076185,6.97492951599615,1776,C:\Users\frida\Documents\PhD\Waggle_dance\wd_SA2025\dome\rightcameraangle_probably\20250128\2025-01-28 10-20-58.mkv,1,2025-01-28
22b,22b_2025-01-28 10-20-58,2025-01-28__22b_2025-01-28 10-20-58,17,antisolar,,"(0.2775396528207745, -0.9607141828411424)",677,848,"(677, 848)",22b_2025-01-28 10-20-58_waggle_annotations.csv,10:20:58,,0.277539652820775,-0.960714182841142,16.1134182330893,1879,C:\Users\frida\Documents\PhD\Waggle_dance\wd_SA2025\dome\rightcameraangle_probably\20250128\2025-01-28 10-20-58.mkv,1,2025-01-28
22b,22b_2025-01-28 10-20-58,2025-01-28__22b_2025-01-28 10-20-58,18,antisolar,,"(0.462056545285723, -0.8868504659516295)",681,820,"(681, 820)",22b_2025-01-28 10-20-58_waggle_annotations.csv,10:20:58,,0.462056545285723,-0.88685046595163,27.5198924309502,1962,C:\Users\frida\Documents\PhD\Waggle_dance\wd_SA2025\dome\rightcameraangle_probably\20250128\2025-01-28 10-20-58.mkv,1,2025-01-28
22b,22b_2025-01-28 10-20-58,2025-01-28__22b_2025-01-28 10-20-58,19,antisolar,,"(0.9103664774626048, -0.413802944301184)",694,789,"(694, 789)",22b_2025-01-28 10-20-58_waggle_annotations.csv,10:20:58,,0.910366477462605,-0.413802944301184,65.5560452195835,2069,C:\Users\frida\Documents\PhD\Waggle_dance\wd_SA2025\dome\rightcameraangle_probably\20250128\2025-01-28 10-20-58.mkv,1,2025-01-28
22b,22b_2025-01-28 10-24-26,2025-01-28__22b_2025-01-28 10-24-26,1,antisolar,,"(-0.7183583039594634, -0.6956733048870593)",633,802,"(633, 802)",22b_2025-01-28 10-24-26_waggle_annotations.csv,10:24:26,,-0.718358303959463,-0.695673304887059,314.080895216286,5936,C:\Users\frida\Documents\PhD\Waggle_dance\wd_SA2025\dome\rightcameraangle_probably\20250128\2025-01-28 10-24-26.mkv,1,2025-01-28
22b,22b_2025-01-28 10-24-26,2025-01-28__22b_2025-01-28 10-24-26,2,antisolar,,"(0.961041068270092, -0.27640561698033617)",583,772,"(583, 772)",22b_2025-01-28 10-24-26_waggle_annotations.csv,10:24:26,,0.961041068270092,-0.276405616980336,73.9542027190524,6063,C:\Users\frida\Documents\PhD\Waggle_dance\wd_SA2025\dome\rightcameraangle_probably\20250128\2025-01-28 10-24-26.mkv,1,2025-01-28
22b,22b_2025-01-28 10-24-26,2025-01-28__22b_2025-01-28 10-24-26,3,antisolar,,"(0.9771763639228008, -0.21242964433104367)",618,755,"(618, 755)",22b_2025-01-28 10-24-26_waggle_annotations.csv,10:24:26,,0.977176363922801,-0.212429644331044,77.7352262721076,6197,C:\Users\frida\Documents\PhD\Waggle_dance\wd_SA2025\dome\rightcameraangle_probably\20250128\2025-01-28 10-24-26.mkv,1,2025-01-28
22b,22b_2025-01-28 10-24-26,2025-01-28__22b_2025-01-28 10-24-26,4,antisolar,,"(0.6525231353598773, 0.7577688023534059)",618,763,"(618, 763)",22b_2025-01-28 10-24-26_waggle_annotations.csv,10:24:26,,0.652523135359877,0.757768802353406,139.267893300291,6320,C:\Users\frida\Documents\PhD\Waggle_dance\wd_SA2025\dome\rightcameraangle_probably\20250128\2025-01-28 10-24-26.mkv,1,2025-01-28
22b,22b_2025-01-28 10-24-26,2025-01-28__22b_2025-01-28 10-24-26,5,antisolar,,"(0.7300213986321196, -0.6834242880811332)",630,820,"(630, 820)",22b_2025-01-28 10-24-26_waggle_annotations.csv,10:24:26,,0.73002139863212,-0.683424288081133,46.8881880067409,6427,C:\Users\frida\Documents\PhD\Waggle_dance\wd_SA2025\dome\rightcameraangle_probably\20250128\2025-01-28 10-24-26.mkv,1,2025-01-28
22b,22b_2025-01-28 10-24-26,2025-01-28__22b_2025-01-28 10-24-26,6,antisolar,,"(-0.7966912709023963, 0.6043864813742317)",670,789,"(670, 789)",22b_2025-01-28 10-24-26_waggle_annotations.csv,10:24:26,,-0.796691270902396,0.604386481374232,232.815293546767,6577,C:\Users\frida\Documents\PhD\Waggle_dance\wd_SA2025\dome\rightcameraangle_probably\20250128\2025-01-28 10-24-26.mkv,1,2025-01-28
22b,22b_2025-01-28 10-24-26,2025-01-28__22b_2025-01-28 10-24-26,7,antisolar,,"(0.6417226326736842, -0.7669368049026958)",663,807,"(663, 807)",22b_2025-01-28 10-24-26_waggle_annotations.csv,10:24:26,,0.641722632673684,-0.766936804902696,39.9203921399854,6711,C:\Users\frida\Documents\PhD\Waggle_dance\wd_SA2025\dome\rightcameraangle_probably\20250128\2025-01-28 10-24-26.mkv,1,2025-01-28
22b,22b_2025-01-28 10-24-26,2025-01-28__22b_2025-01-28 10-24-26,8,antisolar,,"(0.9861798660721001, -0.16567821750011283)",638,808,"(638, 808)",22b_2025-01-28 10-24-26_waggle_annotations.csv,10:24:26,,0.9861798660721,-0.165678217500113,80.4633642415406,6859,C:\Users\frida\Documents\PhD\Waggle_dance\wd_SA2025\dome\rightcameraangle_probably\20250128\2025-01-28 10-24-26.mkv,1,2025-01-28
22b,22b_2025-01-28 10-24-26,2025-01-28__22b_2025-01-28 10-24-26,9,antisolar,,"(0.4472135954999579, -0.8944271909999159)",632,789,"(632, 789)",22b_2025-01-28 10-24-26_waggle_annotations.csv,10:24:26,,0.447213595499958,-0.894427190999916,26.565051177078,6948,C:\Users\frida\Documents\PhD\Waggle_dance\wd_SA2025\dome\rightcameraangle_probably\20250128\2025-01-28 10-24-26.mkv,1,2025-01-28
22b,22b_2025-01-28 10-24-26,2025-01-28__22b_2025-01-28 10-24-26,10,antisolar,,"(0.2945457661312232, -0.9556373745590796)",648,827,"(648, 827)",22b_2025-01-28 10-24-26_waggle_annotations.csv,10:24:26,,0.294545766131223,-0.95563737455908,17.1303015268436,7025,C:\Users\frida\Documents\PhD\Waggle_dance\wd_SA2025\dome\rightcameraangle_probably\20250128\2025-01-28 10-24-26.mkv,1,2025-01-28
22b,22b_2025-01-28 10-24-26,2025-01-28__22b_2025-01-28 10-24-26,11,antisolar,,"(0.8823529411764706, -0.47058823529411764)",530,798,"(530, 798)",22b_2025-01-28 10-24-26_waggle_annotations.csv,10:24:26,,0.882352941176471,-0.470588235294118,61.927513064147,7275,C:\Users\frida\Documents\PhD\Waggle_dance\wd_SA2025\dome\rightcameraangle_probably\20250128\2025-01-28 10-24-26.mkv,1,2025-01-28
22b,22b_2025-01-28 10-24-26,2025-01-28__22b_2025-01-28 10-24-26,12,antisolar,,"(0.21420791411070747, -0.9767880883448261)",638,815,"(638, 815)",22b_2025-01-28 10-24-26_waggle_annotations.csv,10:24:26,,0.214207914110707,-0.976788088344826,12.3690615259255,7506,C:\Users\frida\Documents\PhD\Waggle_dance\wd_SA2025\dome\rightcameraangle_probably\20250128\2025-01-28 10-24-26.mkv,1,2025-01-28
22b,22b_2025-01-28 10-24-26,2025-01-28__22b_2025-01-28 10-24-26,13,antisolar,,"(0.9476810187845454, -0.3192188694853205)",615,832,"(615, 832)",22b_2025-01-28 10-24-26_waggle_annotations.csv,10:24:26,,0.947681018784545,-0.319218869485321,71.384307992669,7572,C:\Users\frida\Documents\PhD\Waggle_dance\wd_SA2025\dome\rightcameraangle_probably\20250128\2025-01-28 10-24-26.mkv,1,2025-01-28
22b,22b_2025-01-28 10-24-26,2025-01-28__22b_2025-01-28 10-24-26,14,antisolar,,"(0.682067677316591, -0.7312890560920151)",641,836,"(641, 836)",22b_2025-01-28 10-24-26_waggle_annotations.csv,10:24:26,,0.682067677316591,-0.731289056092015,43.0054306987582,7692,C:\Users\frida\Documents\PhD\Waggle_dance\wd_SA2025\dome\rightcameraangle_probably\20250128\2025-01-28 10-24-26.mkv,1,2025-01-28
22b,22b_2025-01-28 10-24-26,2025-01-28__22b_2025-01-28 10-24-26,15,antisolar,,"(-0.17951730220874781, -0.9837548161039381)",678,852,"(678, 852)",22b_2025-01-28 10-24-26_waggle_annotations.csv,10:24:26,,-0.179517302208748,-0.983754816103938,349.658354705521,7794,C:\Users\frida\Documents\PhD\Waggle_dance\wd_SA2025\dome\rightcameraangle_probably\20250128\2025-01-28 10-24-26.mkv,1,2025-01-28
22b,22b_2025-01-28 10-24-26,2025-01-28__22b_2025-01-28 10-24-26,16,antisolar,,"(-0.7435806952781954, -0.6686462066067493)",663,820,"(663, 820)",22b_2025-01-28 10-24-26_waggle_annotations.csv,10:24:26,,-0.743580695278195,-0.668646206606749,311.962664177048,7924,C:\Users\frida\Documents\PhD\Waggle_dance\wd_SA2025\dome\rightcameraangle_probably\20250128\2025-01-28 10-24-26.mkv,1,2025-01-28
22b,22b_2025-01-28 10-24-26,2025-01-28__22b_2025-01-28 10-24-26,17,antisolar,,"(0.7546055221635046, -0.6561787149247866)",631,878,"(631, 878)",22b_2025-01-28 10-24-26_waggle_annotations.csv,10:24:26,,0.754605522163505,-0.656178714924787,48.9909130984298,7995,C:\Users\frida\Documents\PhD\Waggle_dance\wd_SA2025\dome\rightcameraangle_probably\20250128\2025-01-28 10-24-26.mkv,1,2025-01-28
22b,22b_2025-01-28 10-30-19,2025-01-28__22b_2025-01-28 10-30-19,1,antisolar,,"(0.1111491026875895, -0.9938037416772708)",634,899,"(634, 899)",22b_2025-01-28 10-30-19_waggle_annotations.csv,10:30:19,,0.11114910268759,-0.993803741677271,6.38156053259345,467,C:\Users\frida\Documents\PhD\Waggle_dance\wd_SA2025\dome\rightcameraangle_probably\20250128\2025-01-28 10-30-19.mkv,1,2025-01-28
22b,22b_2025-01-28 10-30-19,2025-01-28__22b_2025-01-28 10-30-19,2,antisolar,,"(0.3521387758758062, -0.9359477990383271)",681,859,"(681, 859)",22b_2025-01-28 10-30-19_waggle_annotations.csv,10:30:19,,0.352138775875806,-0.935947799038327,20.6181881231045,699,C:\Users\frida\Documents\PhD\Waggle_dance\wd_SA2025\dome\rightcameraangle_probably\20250128\2025-01-28 10-30-19.mkv,1,2025-01-28
22b,22b_2025-01-28 10-30-19,2025-01-28__22b_2025-01-28 10-30-19,3,antisolar,,"(0.2398473294739359, 0.9708106192992644)",704,841,"(704, 841)",22b_2025-01-28 10-30-19_waggle_annotations.csv,10:30:19,,0.239847329473936,0.970810619299264,166.122470196792,805,C:\Users\frida\Documents\PhD\Waggle_dance\wd_SA2025\dome\rightcameraangle_probably\20250128\2025-01-28 10-30-19.mkv,1,2025-01-28
22b,22b_2025-01-28 10-30-19,2025-01-28__22b_2025-01-28 10-30-19,4,antisolar,,"(0.16829646289202074, 0.9857364255104072)",551,803,"(551, 803)",22b_2025-01-28 10-30-19_waggle_annotations.csv,10:30:19,,0.168296462892021,0.985736425510407,170.311213439633,1072,C:\Users\frida\Documents\PhD\Waggle_dance\wd_SA2025\dome\rightcameraangle_probably\20250128\2025-01-28 10-30-19.mkv,1,2025-01-28
22b,22b_2025-01-28 10-30-19,2025-01-28__22b_2025-01-28 10-30-19,5,antisolar,,"(0.5778169244170984, -0.8161664057391514)",635,836,"(635, 836)",22b_2025-01-28 10-30-19_waggle_annotations.csv,10:30:19,,0.577816924417098,-0.816166405739151,35.2971427671476,1246,C:\Users\frida\Documents\PhD\Waggle_dance\wd_SA2025\dome\rightcameraangle_probably\20250128\2025-01-28 10-30-19.mkv,1,2025-01-28
22b,22b_2025-01-28 10-30-19,2025-01-28__22b_2025-01-28 10-30-19,6,antisolar,,"(0.31991671891309637, -0.9474456675503239)",693,874,"(693, 874)",22b_2025-01-28 10-30-19_waggle_annotations.csv,10:30:19,,0.319916718913096,-0.947445667550324,18.6578884741195,1445,C:\Users\frida\Documents\PhD\Waggle_dance\wd_SA2025\dome\rightcameraangle_probably\20250128\2025-01-28 10-30-19.mkv,1,2025-01-28
22b,22b_2025-01-28 10-30-19,2025-01-28__22b_2025-01-28 10-30-19,7,antisolar,,"(0.5157807723445755, 0.8567206049113288)",646,832,"(646, 832)",22b_2025-01-28 10-30-19_waggle_annotations.csv,10:30:19,,0.515780772344576,0.856720604911329,148.950342813377,1566,C:\Users\frida\Documents\PhD\Waggle_dance\wd_SA2025\dome\rightcameraangle_probably\20250128\2025-01-28 10-30-19.mkv,1,2025-01-28
22b,22b_2025-01-28 10-30-19,2025-01-28__22b_2025-01-28 10-30-19,8,antisolar,,"(0.982123011927037, -0.1882402439526821)",642,871,"(642, 871)",22b_2025-01-28 10-30-19_waggle_annotations.csv,10:30:19,,0.982123011927037,-0.188240243952682,79.1498953702026,1641,C:\Users\frida\Documents\PhD\Waggle_dance\wd_SA2025\dome\rightcameraangle_probably\20250128\2025-01-28 10-30-19.mkv,1,2025-01-28
22b,22b_2025-01-28 10-30-19,2025-01-28__22b_2025-01-28 10-30-19,9,antisolar,,"(-0.3905498468561695, 0.9205817818752566)",547,818,"(547, 818)",22b_2025-01-28 10-30-19_waggle_annotations.csv,10:30:19,,-0.39054984685617,0.920581781875257,202.988716802081,1785,C:\Users\frida\Documents\PhD\Waggle_dance\wd_SA2025\dome\rightcameraangle_probably\20250128\2025-01-28 10-30-19.mkv,1,2025-01-28
22b,22b_2025-01-28 10-30-19,2025-01-28__22b_2025-01-28 10-30-19,10,antisolar,,"(0.5465366482420273, -0.8374351868224612)",663,838,"(663, 838)",22b_2025-01-28 10-30-19_waggle_annotations.csv,10:30:19,,0.546536648242027,-0.837435186822461,33.1297354684121,1882,C:\Users\frida\Documents\PhD\Waggle_dance\wd_SA2025\dome\rightcameraangle_probably\20250128\2025-01-28 10-30-19.mkv,1,2025-01-28
22b,22b_2025-01-28 10-30-19,2025-01-28__22b_2025-01-28 10-30-19,11,antisolar,,"(0.898298727842108, -0.4393852473140745)",617,814,"(617, 814)",22b_2025-01-28 10-30-19_waggle_annotations.csv,10:30:19,,0.898298727842108,-0.439385247314075,63.9353359217143,1989,C:\Users\frida\Documents\PhD\Waggle_dance\wd_SA2025\dome\rightcameraangle_probably\20250128\2025-01-28 10-30-19.mkv,1,2025-01-28
22b,22b_2025-01-28 10-30-19,2025-01-28__22b_2025-01-28 10-30-19,12,antisolar,,"(0.12054312539583119, -0.9927080914950803)",574,803,"(574, 803)",22b_2025-01-28 10-30-19_waggle_annotations.csv,10:30:19,,0.120543125395831,-0.99270809149508,6.92344891481053,2122,C:\Users\frida\Documents\PhD\Waggle_dance\wd_SA2025\dome\rightcameraangle_probably\20250128\2025-01-28 10-30-19.mkv,1,2025-01-28
22b,22b_2025-01-28 10-30-19,2025-01-28__22b_2025-01-28 10-30-19,13,antisolar,,"(0.6902779206169379, -0.7235443264298024)",607,859,"(607, 859)",22b_2025-01-28 10-30-19_waggle_annotations.csv,10:30:19,,0.690277920616938,-0.723544326429802,43.6521127198014,2201,C:\Users\frida\Documents\PhD\Waggle_dance\wd_SA2025\dome\rightcameraangle_probably\20250128\2025-01-28 10-30-19.mkv,1,2025-01-28
22b,22b_2025-01-28 10-30-19,2025-01-28__22b_2025-01-28 10-30-19,14,antisolar,,"(-0.05056813233323342, -0.9987206135813601)",599,878,"(599, 878)",22b_2025-01-28 10-30-19_waggle_annotations.csv,10:30:19,,-0.0505681323332334,-0.99872061358136,357.101423200718,2284,C:\Users\frida\Documents\PhD\Waggle_dance\wd_SA2025\dome\rightcameraangle_probably\20250128\2025-01-28 10-30-19.mkv,1,2025-01-28
22b,22b_2025-01-28 10-30-19,2025-01-28__22b_2025-01-28 10-30-19,15,antisolar,,"(0.5446054428532057, -0.8386923819939368)",609,919,"(609, 919)",22b_2025-01-28 10-30-19_waggle_annotations.csv,10:30:19,,0.544605442853206,-0.838692381993937,32.9977051012163,2398,C:\Users\frida\Documents\PhD\Waggle_dance\wd_SA2025\dome\rightcameraangle_probably\20250128\2025-01-28 10-30-19.mkv,1,2025-01-28
22b,22b_2025-01-28 10-30-19,2025-01-28__22b_2025-01-28 10-30-19,16,antisolar,,"(0.1531029945087537, -0.9882102372837739)",649,821,"(649, 821)",22b_2025-01-28 10-30-19_waggle_annotations.csv,10:30:19,,0.153102994508754,-0.988210237283774,8.80679269443531,2668,C:\Users\frida\Documents\PhD\Waggle_dance\wd_SA2025\dome\rightcameraangle_probably\20250128\2025-01-28 10-30-19.mkv,1,2025-01-28
22b,22b_2025-01-28 10-30-19,2025-01-28__22b_2025-01-28 10-30-19,17,antisolar,,"(0.8011036138787402, -0.5985256885300932)",680,818,"(680, 818)",22b_2025-01-28 10-30-19_waggle_annotations.csv,10:30:19,,0.80110361387874,-0.598525688530093,53.2356193242095,2766,C:\Users\frida\Documents\PhD\Waggle_dance\wd_SA2025\dome\rightcameraangle_probably\20250128\2025-01-28 10-30-19.mkv,1,2025-01-28
22b,22b_2025-01-28 10-44-09,2025-01-28__22b_2025-01-28 10-44-09,1,solar,,"(-0.42083651920484416, -0.9071364969526641)",796,752,"(796, 752)",22b_2025-01-28 10-44-09_waggle_annotations.csv,10:44:09,,-0.420836519204844,-0.907136496952664,335.112588289075,204,C:\Users\frida\Documents\PhD\Waggle_dance\wd_SA2025\dome\rightcameraangle_probably\20250128\2025-01-28 10-44-09.mkv,1,2025-01-28
22b,22b_2025-01-28 10-44-09,2025-01-28__22b_2025-01-28 10-44-09,2,solar,,"(-0.4713772711872174, -0.8819316686728583)",811,742,"(811, 742)",22b_2025-01-28 10-44-09_waggle_annotations.csv,10:44:09,,-0.471377271187217,-0.881931668672858,331.876264616711,410,C:\Users\frida\Documents\PhD\Waggle_dance\wd_SA2025\dome\rightcameraangle_probably\20250128\2025-01-28 10-44-09.mkv,1,2025-01-28
22b,22b_2025-01-28 10-44-09,2025-01-28__22b_2025-01-28 10-44-09,3,solar,,"(-0.6610305430689966, -0.7503589948350772)",812,712,"(812, 712)",22b_2025-01-28 10-44-09_waggle_annotations.csv,10:44:09,,-0.661030543068997,-0.750358994835077,318.621484704117,512,C:\Users\frida\Documents\PhD\Waggle_dance\wd_SA2025\dome\rightcameraangle_probably\20250128\2025-01-28 10-44-09.mkv,1,2025-01-28
22b,22b_2025-01-28 10-44-09,2025-01-28__22b_2025-01-28 10-44-09,4,solar,,"(-0.16829646289202074, -0.9857364255104072)",790,754,"(790, 754)",22b_2025-01-28 10-44-09_waggle_annotations.csv,10:44:09,,-0.168296462892021,-0.985736425510407,350.311213439633,608,C:\Users\frida\Documents\PhD\Waggle_dance\wd_SA2025\dome\rightcameraangle_probably\20250128\2025-01-28 10-44-09.mkv,1,2025-01-28
22b,22b_2025-01-28 10-44-09,2025-01-28__22b_2025-01-28 10-44-09,5,solar,,"(-0.44308710645105004, -0.8964785642149151)",819,738,"(819, 738)",22b_2025-01-28 10-44-09_waggle_annotations.csv,10:44:09,,-0.44308710645105,-0.896478564214915,333.698982804181,693,C:\Users\frida\Documents\PhD\Waggle_dance\wd_SA2025\dome\rightcameraangle_probably\20250128\2025-01-28 10-44-09.mkv,1,2025-01-28
22b,22b_2025-01-28 10-44-09,2025-01-28__22b_2025-01-28 10-44-09,6,solar,,"(0.24086835797177691, -0.9705577953568658)",708,815,"(708, 815)",22b_2025-01-28 10-44-09_waggle_annotations.csv,10:44:09,,0.240868357971777,-0.970557795356866,13.9377972082542,804,C:\Users\frida\Documents\PhD\Waggle_dance\wd_SA2025\dome\rightcameraangle_probably\20250128\2025-01-28 10-44-09.mkv,1,2025-01-28
22b,22b_2025-01-28 10-44-09,2025-01-28__22b_2025-01-28 10-44-09,7,solar,,"(0.02127178149057585, -0.999773730057065)",781,798,"(781, 798)",22b_2025-01-28 10-44-09_waggle_annotations.csv,10:44:09,,0.0212717814905759,-0.999773730057065,1.2188752351313,889,C:\Users\frida\Documents\PhD\Waggle_dance\wd_SA2025\dome\rightcameraangle_probably\20250128\2025-01-28 10-44-09.mkv,1,2025-01-28
22b,22b_2025-01-28 10-44-09,2025-01-28__22b_2025-01-28 10-44-09,8,solar,,"(0.11400590984727985, -0.9934800715262958)",724,767,"(724, 767)",22b_2025-01-28 10-44-09_waggle_annotations.csv,10:44:09,,0.11400590984728,-0.993480071526296,6.54629078329404,986,C:\Users\frida\Documents\PhD\Waggle_dance\wd_SA2025\dome\rightcameraangle_probably\20250128\2025-01-28 10-44-09.mkv,1,2025-01-28
22b,22b_2025-01-28 10-44-09,2025-01-28__22b_2025-01-28 10-44-09,9,solar,,"(-0.1643989873053573, -0.9863939238321437)",760,761,"(760, 761)",22b_2025-01-28 10-44-09_waggle_annotations.csv,10:44:09,,-0.164398987305357,-0.986393923832144,350.537677791974,1088,C:\Users\frida\Documents\PhD\Waggle_dance\wd_SA2025\dome\rightcameraangle_probably\20250128\2025-01-28 10-44-09.mkv,1,2025-01-28
22b,22b_2025-01-28 10-44-09,2025-01-28__22b_2025-01-28 10-44-09,10,solar,,"(-0.05547001962252291, -0.9984603532054125)",766,750,"(766, 750)",22b_2025-01-28 10-44-09_waggle_annotations.csv,10:44:09,,-0.0554700196225229,-0.998460353205413,356.820169880136,1187,C:\Users\frida\Documents\PhD\Waggle_dance\wd_SA2025\dome\rightcameraangle_probably\20250128\2025-01-28 10-44-09.mkv,1,2025-01-28
22b,22b_2025-01-28 10-44-09,2025-01-28__22b_2025-01-28 10-44-09,11,solar,,"(-0.09053574604251853, -0.9958932064677039)",774,724,"(774, 724)",22b_2025-01-28 10-44-09_waggle_annotations.csv,10:44:09,,-0.0905357460425185,-0.995893206467704,354.805571092265,1296,C:\Users\frida\Documents\PhD\Waggle_dance\wd_SA2025\dome\rightcameraangle_probably\20250128\2025-01-28 10-44-09.mkv,1,2025-01-28
22b,22b_2025-01-28 10-44-09,2025-01-28__22b_2025-01-28 10-44-09,12,solar,,"(-0.19201160638565623, -0.9813926548600207)",760,723,"(760, 723)",22b_2025-01-28 10-44-09_waggle_annotations.csv,10:44:09,,-0.192011606385656,-0.981392654860021,348.929797422061,1379,C:\Users\frida\Documents\PhD\Waggle_dance\wd_SA2025\dome\rightcameraangle_probably\20250128\2025-01-28 10-44-09.mkv,1,2025-01-28
22b,22b_2025-01-28 10-44-09,2025-01-28__22b_2025-01-28 10-44-09,13,solar,,"(0.5646839155919902, -0.8253072612498318)",752,786,"(752, 786)",22b_2025-01-28 10-44-09_waggle_annotations.csv,10:44:09,,0.56468391559199,-0.825307261249832,34.3803447238449,1446,C:\Users\frida\Documents\PhD\Waggle_dance\wd_SA2025\dome\rightcameraangle_probably\20250128\2025-01-28 10-44-09.mkv,1,2025-01-28
22b,22b_2025-01-28 10-44-09,2025-01-28__22b_2025-01-28 10-44-09,14,solar,,"(0.2108378722530513, -0.9775210440823288)",792,731,"(792, 731)",22b_2025-01-28 10-44-09_waggle_annotations.csv,10:44:09,,0.210837872253051,-0.977521044082329,12.1714582085875,1567,C:\Users\frida\Documents\PhD\Waggle_dance\wd_SA2025\dome\rightcameraangle_probably\20250128\2025-01-28 10-44-09.mkv,1,2025-01-28
22b,22b_2025-01-28 10-44-09,2025-01-28__22b_2025-01-28 10-44-09,15,solar,,"(-0.462243581643947, -0.8867529933577759)",784,758,"(784, 758)",22b_2025-01-28 10-44-09_waggle_annotations.csv,10:44:09,,-0.462243581643947,-0.886752993357776,332.468023251278,1665,C:\Users\frida\Documents\PhD\Waggle_dance\wd_SA2025\dome\rightcameraangle_probably\20250128\2025-01-28 10-44-09.mkv,1,2025-01-28
22b,22b_2025-01-28 10-44-09,2025-01-28__22b_2025-01-28 10-44-09,16,solar,,"(-0.4052638196853044, -0.9141997792901053)",750,743,"(750, 743)",22b_2025-01-28 10-44-09_waggle_annotations.csv,10:44:09,,-0.405263819685304,-0.914199779290105,336.092339505828,1787,C:\Users\frida\Documents\PhD\Waggle_dance\wd_SA2025\dome\rightcameraangle_probably\20250128\2025-01-28 10-44-09.mkv,1,2025-01-28
22b,22b_2025-01-28 10-44-09,2025-01-28__22b_2025-01-28 10-44-09,17,solar,,"(0.7371541402007414, -0.6757246285173463)",774,769,"(774, 769)",22b_2025-01-28 10-44-09_waggle_annotations.csv,10:44:09,,0.737154140200741,-0.675724628517346,47.4895529219992,1913,C:\Users\frida\Documents\PhD\Waggle_dance\wd_SA2025\dome\rightcameraangle_probably\20250128\2025-01-28 10-44-09.mkv,1,2025-01-28
22b,22b_2025-01-28 10-44-09,2025-01-28__22b_2025-01-28 10-44-09,18,solar,,"(0.6843142041691718, -0.7291872667376421)",782,787,"(782, 787)",22b_2025-01-28 10-44-09_waggle_annotations.csv,10:44:09,,0.684314204169172,-0.729187266737642,43.1816970355482,2025,C:\Users\frida\Documents\PhD\Waggle_dance\wd_SA2025\dome\rightcameraangle_probably\20250128\2025-01-28 10-44-09.mkv,1,2025-01-28
22b,22b_2025-01-28 10-44-09,2025-01-28__22b_2025-01-28 10-44-09,19,solar,,"(0.7371541402007414, -0.6757246285173463)",804,762,"(804, 762)",22b_2025-01-28 10-44-09_waggle_annotations.csv,10:44:09,,0.737154140200741,-0.675724628517346,47.4895529219992,2133,C:\Users\frida\Documents\PhD\Waggle_dance\wd_SA2025\dome\rightcameraangle_probably\20250128\2025-01-28 10-44-09.mkv,1,2025-01-28
22b,22b_2025-01-28 10-44-09,2025-01-28__22b_2025-01-28 10-44-09,20,solar,,"(-0.7071067811865476, -0.7071067811865476)",760,718,"(760, 718)",22b_2025-01-28 10-44-09_waggle_annotations.csv,10:44:09,,-0.707106781186548,-0.707106781186548,315,2234,C:\Users\frida\Documents\PhD\Waggle_dance\wd_SA2025\dome\rightcameraangle_probably\20250128\2025-01-28 10-44-09.mkv,1,2025-01-28
22b,22b_2025-01-28 10-44-09,2025-01-28__22b_2025-01-28 10-44-09,21,solar,,"(-0.37812508342441775, -0.9257545145908158)",778,735,"(778, 735)",22b_2025-01-28 10-44-09_waggle_annotations.csv,10:44:09,,-0.378125083424418,-0.925754514590816,337.782405730482,2367,C:\Users\frida\Documents\PhD\Waggle_dance\wd_SA2025\dome\rightcameraangle_probably\20250128\2025-01-28 10-44-09.mkv,1,2025-01-28
22b,22b_2025-01-28 10-44-09,2025-01-28__22b_2025-01-28 10-44-09,22,solar,,"(-0.48564293117863205, -0.8741572761215377)",760,668,"(760, 668)",22b_2025-01-28 10-44-09_waggle_annotations.csv,10:44:09,,-0.485642931178632,-0.874157276121538,330.945395900923,2484,C:\Users\frida\Documents\PhD\Waggle_dance\wd_SA2025\dome\rightcameraangle_probably\20250128\2025-01-28 10-44-09.mkv,1,2025-01-28
22b,22b_2025-01-28 10-44-09,2025-01-28__22b_2025-01-28 10-44-09,23,solar,,"(-0.1414213562373095, -0.9899494936611665)",718,677,"(718, 677)",22b_2025-01-28 10-44-09_waggle_annotations.csv,10:44:09,,-0.14142135623731,-0.989949493661167,351.869897645844,2623,C:\Users\frida\Documents\PhD\Waggle_dance\wd_SA2025\dome\rightcameraangle_probably\20250128\2025-01-28 10-44-09.mkv,1,2025-01-28
22b,22b_2025-01-28 10-44-09,2025-01-28__22b_2025-01-28 10-44-09,24,solar,,"(-0.10468478451804275, -0.9945054529214061)",717,646,"(717, 646)",22b_2025-01-28 10-44-09_waggle_annotations.csv,10:44:09,,-0.104684784518043,-0.994505452921406,353.990994042505,2720,C:\Users\frida\Documents\PhD\Waggle_dance\wd_SA2025\dome\rightcameraangle_probably\20250128\2025-01-28 10-44-09.mkv,1,2025-01-28
22b,22b_2025-01-28 10-44-09,2025-01-28__22b_2025-01-28 10-44-09,25,solar,,"(-0.2963992148724529, -0.9550641368112371)",707,656,"(707, 656)",22b_2025-01-28 10-44-09_waggle_annotations.csv,10:44:09,,-0.296399214872453,-0.955064136811237,342.75854060106,2814,C:\Users\frida\Documents\PhD\Waggle_dance\wd_SA2025\dome\rightcameraangle_probably\20250128\2025-01-28 10-44-09.mkv,1,2025-01-28
22b,22b_2025-01-28 10-44-09,2025-01-28__22b_2025-01-28 10-44-09,26,solar,,"(-0.35305725243424235, -0.9356017189507422)",736,680,"(736, 680)",22b_2025-01-28 10-44-09_waggle_annotations.csv,10:44:09,,-0.353057252434242,-0.935601718950742,339.325575239126,2918,C:\Users\frida\Documents\PhD\Waggle_dance\wd_SA2025\dome\rightcameraangle_probably\20250128\2025-01-28 10-44-09.mkv,1,2025-01-28
22b,22b_2025-01-28 10-48-54,2025-01-28__22b_2025-01-28 10-48-54,1,solar,,"(-0.7769328276609829, -0.6295834982770034)",812,781,"(812, 781)",22b_2025-01-28 10-48-54_waggle_annotations.csv,10:48:54,,-0.776932827660983,-0.629583498277003,309.019400475237,463,C:\Users\frida\Documents\PhD\Waggle_dance\wd_SA2025\dome\rightcameraangle_probably\20250128\2025-01-28 10-48-54.mkv,1,2025-01-28
22b,22b_2025-01-28 10-48-54,2025-01-28__22b_2025-01-28 10-48-54,2,solar,,"(-0.847998304005088, -0.52999894000318)",817,790,"(817, 790)",22b_2025-01-28 10-48-54_waggle_annotations.csv,10:48:54,,-0.847998304005088,-0.52999894000318,302.005383208084,566,C:\Users\frida\Documents\PhD\Waggle_dance\wd_SA2025\dome\rightcameraangle_probably\20250128\2025-01-28 10-48-54.mkv,1,2025-01-28
22b,22b_2025-01-28 10-48-54,2025-01-28__22b_2025-01-28 10-48-54,3,solar,,"(-0.2457466701883614, -0.9693340879652034)",816,730,"(816, 730)",22b_2025-01-28 10-48-54_waggle_annotations.csv,10:48:54,,-0.245746670188361,-0.969334087965203,345.774036101248,672,C:\Users\frida\Documents\PhD\Waggle_dance\wd_SA2025\dome\rightcameraangle_probably\20250128\2025-01-28 10-48-54.mkv,1,2025-01-28
22b,22b_2025-01-28 10-48-54,2025-01-28__22b_2025-01-28 10-48-54,4,solar,,"(-0.48564293117863205, -0.8741572761215377)",693,588,"(693, 588)",22b_2025-01-28 10-48-54_waggle_annotations.csv,10:48:54,,-0.485642931178632,-0.874157276121538,330.945395900923,1409,C:\Users\frida\Documents\PhD\Waggle_dance\wd_SA2025\dome\rightcameraangle_probably\20250128\2025-01-28 10-48-54.mkv,1,2025-01-28
22b,22b_2025-01-28 10-48-54,2025-01-28__22b_2025-01-28 10-48-54,5,solar,,"(-0.4472135954999579, -0.8944271909999159)",740,701,"(740, 701)",22b_2025-01-28 10-48-54_waggle_annotations.csv,10:48:54,,-0.447213595499958,-0.894427190999916,333.434948822922,1634,C:\Users\frida\Documents\PhD\Waggle_dance\wd_SA2025\dome\rightcameraangle_probably\20250128\2025-01-28 10-48-54.mkv,1,2025-01-28
22b,22b_2025-01-28 10-48-54,2025-01-28__22b_2025-01-28 10-48-54,6,solar,,"(-0.41905817746174695, -0.9079593845004517)",754,647,"(754, 647)",22b_2025-01-28 10-48-54_waggle_annotations.csv,10:48:54,,-0.419058177461747,-0.907959384500452,335.224859431168,1725,C:\Users\frida\Documents\PhD\Waggle_dance\wd_SA2025\dome\rightcameraangle_probably\20250128\2025-01-28 10-48-54.mkv,1,2025-01-28
22b,22b_2025-01-28 10-48-54,2025-01-28__22b_2025-01-28 10-48-54,7,solar,,"(-0.3511234415883917, -0.9363291775690445)",763,669,"(763, 669)",22b_2025-01-28 10-48-54_waggle_annotations.csv,10:48:54,,-0.351123441588392,-0.936329177569045,339.443954780417,1852,C:\Users\frida\Documents\PhD\Waggle_dance\wd_SA2025\dome\rightcameraangle_probably\20250128\2025-01-28 10-48-54.mkv,1,2025-01-28
22b,22b_2025-01-28 10-48-54,2025-01-28__22b_2025-01-28 10-48-54,8,solar,,"(-0.5661754080856661, -0.8242847853011903)",741,690,"(741, 690)",22b_2025-01-28 10-48-54_waggle_annotations.csv,10:48:54,,-0.566175408085666,-0.82428478530119,325.516046384545,1951,C:\Users\frida\Documents\PhD\Waggle_dance\wd_SA2025\dome\rightcameraangle_probably\20250128\2025-01-28 10-48-54.mkv,1,2025-01-28
22b,22b_2025-01-28 10-48-54,2025-01-28__22b_2025-01-28 10-48-54,9,solar,,"(-0.242535625036333, -0.970142500145332)",760,703,"(760, 703)",22b_2025-01-28 10-48-54_waggle_annotations.csv,10:48:54,,-0.242535625036333,-0.970142500145332,345.963756532074,2054,C:\Users\frida\Documents\PhD\Waggle_dance\wd_SA2025\dome\rightcameraangle_probably\20250128\2025-01-28 10-48-54.mkv,1,2025-01-28
22b,22b_2025-01-28 10-48-54,2025-01-28__22b_2025-01-28 10-48-54,10,solar,,"(-0.7688448758147391, -0.6394353422617632)",752,687,"(752, 687)",22b_2025-01-28 10-48-54_waggle_annotations.csv,10:48:54,,-0.768844875814739,-0.639435342261763,309.749727270267,2163,C:\Users\frida\Documents\PhD\Waggle_dance\wd_SA2025\dome\rightcameraangle_probably\20250128\2025-01-28 10-48-54.mkv,1,2025-01-28
22b,22b_2025-01-28 10-48-54,2025-01-28__22b_2025-01-28 10-48-54,11,solar,,"(-0.22819132278932835, -0.973616310567801)",723,654,"(723, 654)",22b_2025-01-28 10-48-54_waggle_annotations.csv,10:48:54,,-0.228191322789328,-0.973616310567801,346.809389287793,2269,C:\Users\frida\Documents\PhD\Waggle_dance\wd_SA2025\dome\rightcameraangle_probably\20250128\2025-01-28 10-48-54.mkv,1,2025-01-28
22b,22b_2025-01-28 10-48-54,2025-01-28__22b_2025-01-28 10-48-54,12,solar,,"(-0.5547001962252291, -0.8320502943378436)",699,673,"(699, 673)",22b_2025-01-28 10-48-54_waggle_annotations.csv,10:48:54,,-0.554700196225229,-0.832050294337844,326.30993247402,2389,C:\Users\frida\Documents\PhD\Waggle_dance\wd_SA2025\dome\rightcameraangle_probably\20250128\2025-01-28 10-48-54.mkv,1,2025-01-28
22b,22b_2025-01-28 10-48-54,2025-01-28__22b_2025-01-28 10-48-54,13,solar,,"(-0.33633639699815626, -0.9417419115948374)",712,628,"(712, 628)",22b_2025-01-28 10-48-54_waggle_annotations.csv,10:48:54,,-0.336336396998156,-0.941741911594837,340.346175941947,2507,C:\Users\frida\Documents\PhD\Waggle_dance\wd_SA2025\dome\rightcameraangle_probably\20250128\2025-01-28 10-48-54.mkv,1,2025-01-28
22b,22b_2025-01-28 10-53-54,2025-01-28__22b_2025-01-28 10-53-54,1,solar,,"(0.9964482918573746, -0.0842068979034401)",776,812,"(776, 812)",22b_2025-01-28 10-53-54_waggle_annotations.csv,10:53:54,,0.996448291857375,-0.0842068979034401,85.1695800417101,1062,C:\Users\frida\Documents\PhD\Waggle_dance\wd_SA2025\dome\rightcameraangle_probably\20250128\2025-01-28 10-53-54.mkv,1,2025-01-28
22b,22b_2025-01-28 10-53-54,2025-01-28__22b_2025-01-28 10-53-54,2,solar,,"(-0.5525371627866357, 0.8334882625086538)",769,779,"(769, 779)",22b_2025-01-28 10-53-54_waggle_annotations.csv,10:53:54,,-0.552537162786636,0.833488262508654,213.541247654123,1209,C:\Users\frida\Documents\PhD\Waggle_dance\wd_SA2025\dome\rightcameraangle_probably\20250128\2025-01-28 10-53-54.mkv,1,2025-01-28
22b,22b_2025-01-28 10-53-54,2025-01-28__22b_2025-01-28 10-53-54,3,solar,,"(-0.3823517927262997, 0.9240168324218909)",726,794,"(726, 794)",22b_2025-01-28 10-53-54_waggle_annotations.csv,10:53:54,,-0.3823517927263,0.924016832421891,202.479434397103,1293,C:\Users\frida\Documents\PhD\Waggle_dance\wd_SA2025\dome\rightcameraangle_probably\20250128\2025-01-28 10-53-54.mkv,1,2025-01-28
22b,22b_2025-01-28 10-53-54,2025-01-28__22b_2025-01-28 10-53-54,4,solar,,"(-0.615772523004787, -0.7879239810491361)",739,813,"(739, 813)",22b_2025-01-28 10-53-54_waggle_annotations.csv,10:53:54,,-0.615772523004787,-0.787923981049136,321.991925346668,1395,C:\Users\frida\Documents\PhD\Waggle_dance\wd_SA2025\dome\rightcameraangle_probably\20250128\2025-01-28 10-53-54.mkv,1,2025-01-28
22b,22b_2025-01-28 10-53-54,2025-01-28__22b_2025-01-28 10-53-54,5,solar,,"(0.7784130394753294, -0.6277524511897817)",745,820,"(745, 820)",22b_2025-01-28 10-53-54_waggle_annotations.csv,10:53:54,,0.778413039475329,-0.627752451189782,51.1155035662854,1463,C:\Users\frida\Documents\PhD\Waggle_dance\wd_SA2025\dome\rightcameraangle_probably\20250128\2025-01-28 10-53-54.mkv,1,2025-01-28
22b,22b_2025-01-28 10-53-54,2025-01-28__22b_2025-01-28 10-53-54,6,solar,,"(0.8035571933447457, -0.5952275506257376)",731,825,"(731, 825)",22b_2025-01-28 10-53-54_waggle_annotations.csv,10:53:54,,0.803557193344746,-0.595227550625738,53.4711446330148,1557,C:\Users\frida\Documents\PhD\Waggle_dance\wd_SA2025\dome\rightcameraangle_probably\20250128\2025-01-28 10-53-54.mkv,1,2025-01-28
22b,22b_2025-01-28 10-53-54,2025-01-28__22b_2025-01-28 10-53-54,7,solar,,"(0.9897582589218776, -0.1427535950368093)",758,843,"(758, 843)",22b_2025-01-28 10-53-54_waggle_annotations.csv,10:53:54,,0.989758258921878,-0.142753595036809,81.7927835880819,1752,C:\Users\frida\Documents\PhD\Waggle_dance\wd_SA2025\dome\rightcameraangle_probably\20250128\2025-01-28 10-53-54.mkv,1,2025-01-28
22b,22b_2025-01-28 10-53-54,2025-01-28__22b_2025-01-28 10-53-54,8,solar,,"(0.8320502943378436, -0.554700196225229)",791,881,"(791, 881)",22b_2025-01-28 10-53-54_waggle_annotations.csv,10:53:54,,0.832050294337844,-0.554700196225229,56.3099324740202,1866,C:\Users\frida\Documents\PhD\Waggle_dance\wd_SA2025\dome\rightcameraangle_probably\20250128\2025-01-28 10-53-54.mkv,1,2025-01-28
22b,22b_2025-01-28 10-53-54,2025-01-28__22b_2025-01-28 10-53-54,9,solar,,"(0.9849570246463139, 0.17279947800812523)",783,866,"(783, 866)",22b_2025-01-28 10-53-54_waggle_annotations.csv,10:53:54,,0.984957024646314,0.172799478008125,99.9506266879516,1953,C:\Users\frida\Documents\PhD\Waggle_dance\wd_SA2025\dome\rightcameraangle_probably\20250128\2025-01-28 10-53-54.mkv,1,2025-01-28
22b,22b_2025-01-28 10-53-54,2025-01-28__22b_2025-01-28 10-53-54,10,solar,,"(0.822730338093269, -0.5684318699553494)",817,911,"(817, 911)",22b_2025-01-28 10-53-54_waggle_annotations.csv,10:53:54,,0.822730338093269,-0.568431869955349,55.3590524880837,2052,C:\Users\frida\Documents\PhD\Waggle_dance\wd_SA2025\dome\rightcameraangle_probably\20250128\2025-01-28 10-53-54.mkv,1,2025-01-28
22b,22b_2025-01-28 10-53-54,2025-01-28__22b_2025-01-28 10-53-54,11,solar,,"(0.778753909083283, -0.6273295378726446)",872,877,"(872, 877)",22b_2025-01-28 10-53-54_waggle_annotations.csv,10:53:54,,0.778753909083283,-0.627329537872645,51.1466256596467,2226,C:\Users\frida\Documents\PhD\Waggle_dance\wd_SA2025\dome\rightcameraangle_probably\20250128\2025-01-28 10-53-54.mkv,1,2025-01-28
22b,22b_2025-01-28 14-56-08,2025-01-28__22b_2025-01-28 14-56-08,1,antisolar,,"(0.6941355705842321, 0.7198442954206852)",764,894,"(764, 894)",22b_2025-01-28 14-56-08_waggle_annotations.csv,14:56:08,,0.694135570584232,0.719844295420685,136.04162667601,542,C:\Users\frida\Documents\PhD\Waggle_dance\wd_SA2025\dome\rightcameraangle_probably\20250128\2025-01-28 14-56-08.mkv,1,2025-01-28
22b,22b_2025-01-28 14-56-08,2025-01-28__22b_2025-01-28 14-56-08,2,antisolar,,"(0.744835335723058, 0.6672483215852395)",779,850,"(779, 850)",22b_2025-01-28 14-56-08_waggle_annotations.csv,14:56:08,,0.744835335723058,0.66724832158524,131.855042535302,655,C:\Users\frida\Documents\PhD\Waggle_dance\wd_SA2025\dome\rightcameraangle_probably\20250128\2025-01-28 14-56-08.mkv,1,2025-01-28
22b,22b_antisolar_2025-01-21 11-47-07,2025-01-28__22b_antisolar_2025-01-21 11-47-07,1,antisolar,,"(0.19177540524666087, 0.9814388386152644)",747,703,"(747, 703)",22b_antisolar_2025-01-21 11-47-07_waggle_annotations.csv,11:47:07,,0.191775405246661,0.981438838615264,168.943587019752,398,C:\Users\frida\Documents\PhD\Waggle_dance\wd_SA2025\dome\rightcameraangle_probably\20250121\2025-01-21 11-47-07.mkv,1,2025-01-21
22b,22b_antisolar_2025-01-21 11-47-07,2025-01-28__22b_antisolar_2025-01-21 11-47-07,2,antisolar,,"(0.047565149415449405, -0.9988681377244375)",800,698,"(800, 698)",22b_antisolar_2025-01-21 11-47-07_waggle_annotations.csv,11:47:07,,0.0475651494154494,-0.998868137724438,2.72631099390627,449,C:\Users\frida\Documents\PhD\Waggle_dance\wd_SA2025\dome\rightcameraangle_probably\20250121\2025-01-21 11-47-07.mkv,1,2025-01-21
22b,22b_antisolar_2025-01-21 11-47-07,2025-01-28__22b_antisolar_2025-01-21 11-47-07,3,antisolar,,"(-0.5183017160933442, 0.8551978315540179)",732,678,"(732, 678)",22b_antisolar_2025-01-21 11-47-07_waggle_annotations.csv,11:47:07,,-0.518301716093344,0.855197831554018,211.218402764346,549,C:\Users\frida\Documents\PhD\Waggle_dance\wd_SA2025\dome\rightcameraangle_probably\20250121\2025-01-21 11-47-07.mkv,1,2025-01-21
22b,22b_antisolar_2025-01-21 11-47-07,2025-01-28__22b_antisolar_2025-01-21 11-47-07,4,antisolar,,"(-0.5407575913134987, 0.8411784753765535)",596,718,"(596, 718)",22b_antisolar_2025-01-21 11-47-07_waggle_annotations.csv,11:47:07,,-0.540757591313499,0.841178475376554,212.735226272108,631,C:\Users\frida\Documents\PhD\Waggle_dance\wd_SA2025\dome\rightcameraangle_probably\20250121\2025-01-21 11-47-07.mkv,1,2025-01-21
22b,22b_antisolar_2025-01-21 11-47-07,2025-01-28__22b_antisolar_2025-01-21 11-47-07,5,antisolar,,"(0.04756514941544941, -0.9988681377244376)",686,812,"(686, 812)",22b_antisolar_2025-01-21 11-47-07_waggle_annotations.csv,11:47:07,,0.0475651494154494,-0.998868137724438,2.72631099390627,940,C:\Users\frida\Documents\PhD\Waggle_dance\wd_SA2025\dome\rightcameraangle_probably\20250121\2025-01-21 11-47-07.mkv,1,2025-01-21
22b,22b_antisolar_2025-01-21 11-47-07,2025-01-28__22b_antisolar_2025-01-21 11-47-07,6,antisolar,,"(-0.4767630403778865, -0.8790318556967283)",687,784,"(687, 784)",22b_antisolar_2025-01-21 11-47-07_waggle_annotations.csv,11:47:07,,-0.476763040377887,-0.879031855696728,331.525796389926,1051,C:\Users\frida\Documents\PhD\Waggle_dance\wd_SA2025\dome\rightcameraangle_probably\20250121\2025-01-21 11-47-07.mkv,1,2025-01-21
22b,22b_antisolar_2025-01-21 11-47-07,2025-01-28__22b_antisolar_2025-01-21 11-47-07,7,antisolar,,"(0.9998000599800071, -0.01999600119960014)",681,757,"(681, 757)",22b_antisolar_2025-01-21 11-47-07_waggle_annotations.csv,11:47:07,,0.999800059980007,-0.0199960011996001,88.8542371618249,1131,C:\Users\frida\Documents\PhD\Waggle_dance\wd_SA2025\dome\rightcameraangle_probably\20250121\2025-01-21 11-47-07.mkv,1,2025-01-21
22b,22b_antisolar_2025-01-21 11-47-07,2025-01-28__22b_antisolar_2025-01-21 11-47-07,8,antisolar,,"(-0.9363291775690445, 0.3511234415883917)",698,732,"(698, 732)",22b_antisolar_2025-01-21 11-47-07_waggle_annotations.csv,11:47:07,,-0.936329177569045,0.351123441588392,249.443954780417,1299,C:\Users\frida\Documents\PhD\Waggle_dance\wd_SA2025\dome\rightcameraangle_probably\20250121\2025-01-21 11-47-07.mkv,1,2025-01-21
22b,22b_antisolar_2025-01-21 11-47-07,2025-01-28__22b_antisolar_2025-01-21 11-47-07,9,antisolar,,"(-0.1988467861990293, -0.9800305891237872)",717,699,"(717, 699)",22b_antisolar_2025-01-21 11-47-07_waggle_annotations.csv,11:47:07,,-0.198846786199029,-0.980030589123787,348.530469667133,1404,C:\Users\frida\Documents\PhD\Waggle_dance\wd_SA2025\dome\rightcameraangle_probably\20250121\2025-01-21 11-47-07.mkv,1,2025-01-21
22b,22b_antisolar_2025-01-21 11-47-07,2025-01-28__22b_antisolar_2025-01-21 11-47-07,10,antisolar,,"(0.23162052730603974, 0.9728062146853669)",700,723,"(700, 723)",22b_antisolar_2025-01-21 11-47-07_waggle_annotations.csv,11:47:07,,0.23162052730604,0.972806214685367,166.607502246249,1527,C:\Users\frida\Documents\PhD\Waggle_dance\wd_SA2025\dome\rightcameraangle_probably\20250121\2025-01-21 11-47-07.mkv,1,2025-01-21
22b,22b_antisolar_2025-01-21 11-47-07,2025-01-28__22b_antisolar_2025-01-21 11-47-07,11,antisolar,,"(-0.9899494936611665, 0.1414213562373095)",783,688,"(783, 688)",22b_antisolar_2025-01-21 11-47-07_waggle_annotations.csv,11:47:07,,-0.989949493661167,0.14142135623731,261.869897645844,1655,C:\Users\frida\Documents\PhD\Waggle_dance\wd_SA2025\dome\rightcameraangle_probably\20250121\2025-01-21 11-47-07.mkv,1,2025-01-21
22b,22b_antisolar_2025-01-21 11-47-07,2025-01-28__22b_antisolar_2025-01-21 11-47-07,12,antisolar,,"(-0.4891416382295137, -0.8722043669634701)",704,506,"(704, 506)",22b_antisolar_2025-01-21 11-47-07_waggle_annotations.csv,11:47:07,,-0.489141638229514,-0.87220436696347,330.715820451457,1792,C:\Users\frida\Documents\PhD\Waggle_dance\wd_SA2025\dome\rightcameraangle_probably\20250121\2025-01-21 11-47-07.mkv,1,2025-01-21
22b,22b_solar_2025-01-21 12-03-51,2025-01-28__22b_solar_2025-01-21 12-03-51,1,solar,,"(0.016126934718260072, 0.9998699525321245)",813,595,"(813, 595)",22b_solar_2025-01-21 12-03-51_waggle_annotations.csv,12:03:51,,0.0161269347182601,0.999869952532125,179.075954647227,1900,C:\Users\frida\Documents\PhD\Waggle_dance\wd_SA2025\dome\rightcameraangle_probably\20250121\2025-01-21 12-03-51.mkv,1,2025-01-21
22b,22b_solar_2025-01-21 12-03-51,2025-01-28__22b_solar_2025-01-21 12-03-51,2,solar,,"(0.5299989400031799, -0.8479983040050879)",803,594,"(803, 594)",22b_solar_2025-01-21 12-03-51_waggle_annotations.csv,12:03:51,,0.52999894000318,-0.847998304005088,32.0053832080835,1997,C:\Users\frida\Documents\PhD\Waggle_dance\wd_SA2025\dome\rightcameraangle_probably\20250121\2025-01-21 12-03-51.mkv,1,2025-01-21
22b,22b_solar_2025-01-21 12-03-51,2025-01-28__22b_solar_2025-01-21 12-03-51,3,solar,,"(-0.9970544855015815, -0.07669649888473704)",800,547,"(800, 547)",22b_solar_2025-01-21 12-03-51_waggle_annotations.csv,12:03:51,,-0.997054485501582,-0.076696498884737,274.398705354996,2040,C:\Users\frida\Documents\PhD\Waggle_dance\wd_SA2025\dome\rightcameraangle_probably\20250121\2025-01-21 12-03-51.mkv,1,2025-01-21
22b,22b_solar_2025-01-21 12-03-51,2025-01-28__22b_solar_2025-01-21 12-03-51,4,solar,,"(-0.8645071866841928, -0.5026204573745306)",838,524,"(838, 524)",22b_solar_2025-01-21 12-03-51_waggle_annotations.csv,12:03:51,,-0.864507186684193,-0.502620457374531,300.173520029644,2105,C:\Users\frida\Documents\PhD\Waggle_dance\wd_SA2025\dome\rightcameraangle_probably\20250121\2025-01-21 12-03-51.mkv,1,2025-01-21
22b,22b_solar_2025-01-21 12-03-51,2025-01-28__22b_solar_2025-01-21 12-03-51,5,solar,,"(-0.6291982286679645, -0.7772448707074855)",831,538,"(831, 538)",22b_solar_2025-01-21 12-03-51_waggle_annotations.csv,12:03:51,,-0.629198228667965,-0.777244870707486,321.009005957495,2172,C:\Users\frida\Documents\PhD\Waggle_dance\wd_SA2025\dome\rightcameraangle_probably\20250121\2025-01-21 12-03-51.mkv,1,2025-01-21
22b,22b_solar_2025-01-21 12-03-51,2025-01-28__22b_solar_2025-01-21 12-03-51,6,solar,,"(-0.2780580765410573, 0.9605642644145616)",797,531,"(797, 531)",22b_solar_2025-01-21 12-03-51_waggle_annotations.csv,12:03:51,,-0.278058076541057,0.960564264414562,196.144338780283,2195,C:\Users\frida\Documents\PhD\Waggle_dance\wd_SA2025\dome\rightcameraangle_probably\20250121\2025-01-21 12-03-51.mkv,1,2025-01-21
22b,22b_solar_2025-01-21 12-03-51,2025-01-28__22b_solar_2025-01-21 12-03-51,7,solar,,"(0.5547001962252291, 0.8320502943378437)",868,581,"(868, 581)",22b_solar_2025-01-21 12-03-51_waggle_annotations.csv,12:03:51,,0.554700196225229,0.832050294337844,146.30993247402,2265,C:\Users\frida\Documents\PhD\Waggle_dance\wd_SA2025\dome\rightcameraangle_probably\20250121\2025-01-21 12-03-51.mkv,1,2025-01-21
22b,22b_solar_2025-01-21 12-03-51,2025-01-28__22b_solar_2025-01-21 12-03-51,8,solar,,"(-0.6305926250944657, 0.7761140001162655)",835,560,"(835, 560)",22b_solar_2025-01-21 12-03-51_waggle_annotations.csv,12:03:51,,-0.630592625094466,0.776114000116266,219.09385888623,2339,C:\Users\frida\Documents\PhD\Waggle_dance\wd_SA2025\dome\rightcameraangle_probably\20250121\2025-01-21 12-03-51.mkv,1,2025-01-21
22b,22b_solar_2025-01-21 12-03-51,2025-01-28__22b_solar_2025-01-21 12-03-51,9,solar,,"(-0.9743911956946198, 0.22485950669875843)",856,593,"(856, 593)",22b_solar_2025-01-21 12-03-51_waggle_annotations.csv,12:03:51,,-0.97439119569462,0.224859506698758,257.005383208084,2440,C:\Users\frida\Documents\PhD\Waggle_dance\wd_SA2025\dome\rightcameraangle_probably\20250121\2025-01-21 12-03-51.mkv,1,2025-01-21
22b,22b_solar_2025-01-21 12-03-51,2025-01-28__22b_solar_2025-01-21 12-03-51,10,solar,,"(0.0, 1.0)",812,582,"(812, 582)",22b_solar_2025-01-21 12-03-51_waggle_annotations.csv,12:03:51,,0,1,180,2529,C:\Users\frida\Documents\PhD\Waggle_dance\wd_SA2025\dome\rightcameraangle_probably\20250121\2025-01-21 12-03-51.mkv,1,2025-01-21
22b,22b_solar_2025-01-21 12-03-51,2025-01-28__22b_solar_2025-01-21 12-03-51,11,solar,,"(0.9809931051744287, -0.19404259223230458)",841,604,"(841, 604)",22b_solar_2025-01-21 12-03-51_waggle_annotations.csv,12:03:51,,0.980993105174429,-0.194042592232305,78.8112000717482,2556,C:\Users\frida\Documents\PhD\Waggle_dance\wd_SA2025\dome\rightcameraangle_probably\20250121\2025-01-21 12-03-51.mkv,1,2025-01-21
22b,22b_solar_2025-01-21 12-03-51,2025-01-28__22b_solar_2025-01-21 12-03-51,12,solar,,"(-0.9665615578617778, 0.2564346990245533)",845,629,"(845, 629)",22b_solar_2025-01-21 12-03-51_waggle_annotations.csv,12:03:51,,-0.966561557861778,0.256434699024553,255.141385552075,2601,C:\Users\frida\Documents\PhD\Waggle_dance\wd_SA2025\dome\rightcameraangle_probably\20250121\2025-01-21 12-03-51.mkv,1,2025-01-21
22b,22b_solar_2025-01-21 12-03-51,2025-01-28__22b_solar_2025-01-21 12-03-51,13,solar,,"(-0.5070201265633938, 0.8619342151577695)",837,555,"(837, 555)",22b_solar_2025-01-21 12-03-51_waggle_annotations.csv,12:03:51,,-0.507020126563394,0.86193421515777,210.46554491946,2715,C:\Users\frida\Documents\PhD\Waggle_dance\wd_SA2025\dome\rightcameraangle_probably\20250121\2025-01-21 12-03-51.mkv,1,2025-01-21
22b,22b_solar_2025-01-21 12-03-51,2025-01-28__22b_solar_2025-01-21 12-03-51,14,solar,,"(-0.7393423814787864, -0.6733296688467518)",818,566,"(818, 566)",22b_solar_2025-01-21 12-03-51_waggle_annotations.csv,12:03:51,,-0.739342381478786,-0.673329668846752,312.324573343971,2741,C:\Users\frida\Documents\PhD\Waggle_dance\wd_SA2025\dome\rightcameraangle_probably\20250121\2025-01-21 12-03-51.mkv,1,2025-01-21
22b,22b_solar_2025-01-21 12-03-51,2025-01-28__22b_solar_2025-01-21 12-03-51,15,solar,,"(0.26311740579210874, 0.9647638212377321)",841,609,"(841, 609)",22b_solar_2025-01-21 12-03-51_waggle_annotations.csv,12:03:51,,0.263117405792109,0.964763821237732,164.744881296942,2837,C:\Users\frida\Documents\PhD\Waggle_dance\wd_SA2025\dome\rightcameraangle_probably\20250121\2025-01-21 12-03-51.mkv,1,2025-01-21
22b,22b_solar_2025-01-21 12-03-51,2025-01-28__22b_solar_2025-01-21 12-03-51,16,solar,,"(0.41790560823214434, 0.9084904526785746)",791,586,"(791, 586)",22b_solar_2025-01-21 12-03-51_waggle_annotations.csv,12:03:51,,0.417905608232144,0.908490452678575,155.297569772229,2959,C:\Users\frida\Documents\PhD\Waggle_dance\wd_SA2025\dome\rightcameraangle_probably\20250121\2025-01-21 12-03-51.mkv,1,2025-01-21
22b,22b_solar_2025-01-21 12-03-51,2025-01-28__22b_solar_2025-01-21 12-03-51,17,solar,,"(-0.3615278544908723, 0.9323613089501445)",721,643,"(721, 643)",22b_solar_2025-01-21 12-03-51_waggle_annotations.csv,12:03:51,,-0.361527854490872,0.932361308950145,201.194056481542,3163,C:\Users\frida\Documents\PhD\Waggle_dance\wd_SA2025\dome\rightcameraangle_probably\20250121\2025-01-21 12-03-51.mkv,1,2025-01-21
22b,22b_solar_2025-01-21 12-03-51,2025-01-28__22b_solar_2025-01-21 12-03-51,18,solar,,"(-0.08853979028379436, 0.9960726406926864)",881,686,"(881, 686)",22b_solar_2025-01-21 12-03-51_waggle_annotations.csv,12:03:51,,-0.0885397902837944,0.996072640692686,185.079607860015,3262,C:\Users\frida\Documents\PhD\Waggle_dance\wd_SA2025\dome\rightcameraangle_probably\20250121\2025-01-21 12-03-51.mkv,1,2025-01-21