"waggle_run","stimulus","notes","start_x","start_y","csv_file","time","direction_u","direction_v","start_frame","annotation_session","calibration_file","calibration_id","calibration_video_name","calibration_n_annotations","calibration_mean_north_deg","calibration_circular_sd_deg","calibration_R","declination_deg","true_north_video_deg","calibration_notes","waggle_true_bearing_deg","video_file","day","ID_d","ID","utc_time","sast_time","sun_az","sun_el","feeder_az","angle","signed_angle","bearing"
1,"vertical","",855,652,"22b_00028_waggle_annotations.csv","16:56:00",-0.08304547985374,0.99654575824488,34,1,"","","",NA,NA,NA,NA,NA,NA,NA,NA,"20250119/00028.mp4","2025-01-19","22b_00028_16:56:00_2025-01-19","22b",2025-01-19 14:56:00,2025-01-19 16:56:00,258.053554130697,23.8593714519636,-149.394490232683,-3.05845142170136,-175.236358309274,184.763641690726
2,"vertical","",850,712,"22b_00028_waggle_annotations.csv","16:56:00",0,NA,46,1,"","","",NA,NA,NA,NA,NA,NA,NA,NA,"20250119/00028.mp4","2025-01-19","22b_00028_16:56:00_2025-01-19","22b",2025-01-19 14:56:00,2025-01-19 16:56:00,258.053554130697,23.8593714519636,-149.394490232683,3.14159265358979,180,180
3,"vertical","",847,660,"22b_00028_waggle_annotations.csv","16:56:00",-0.263117405792109,0.964763821237732,85,1,"","","",NA,NA,NA,NA,NA,NA,NA,NA,"20250119/00028.mp4","2025-01-19","22b_00028_16:56:00_2025-01-19","22b",2025-01-19 14:56:00,2025-01-19 16:56:00,258.053554130697,23.8593714519636,-149.394490232683,-2.87534060443886,-164.744881296942,195.255118703058
4,"vertical","",830,693,"22b_00028_waggle_annotations.csv","16:56:00",0,NA,91,1,"","","",NA,NA,NA,NA,NA,NA,NA,NA,"20250119/00028.mp4","2025-01-19","22b_00028_16:56:00_2025-01-19","22b",2025-01-19 14:56:00,2025-01-19 16:56:00,258.053554130697,23.8593714519636,-149.394490232683,3.14159265358979,180,180
5,"vertical","",869,670,"22b_00028_waggle_annotations.csv","16:56:00",-0.295683728071131,0.955285890691346,125,1,"","","",NA,NA,NA,NA,NA,NA,NA,NA,"20250119/00028.mp4","2025-01-19","22b_00028_16:56:00_2025-01-19","22b",2025-01-19 14:56:00,2025-01-19 16:56:00,258.053554130697,23.8593714519636,-149.394490232683,-2.84142148275968,-162.801458779934,197.198541220066
6,"vertical","",871,704,"22b_00028_waggle_annotations.csv","16:56:00",0,NA,134,1,"","","",NA,NA,NA,NA,NA,NA,NA,NA,"20250119/00028.mp4","2025-01-19","22b_00028_16:56:00_2025-01-19","22b",2025-01-19 14:56:00,2025-01-19 16:56:00,258.053554130697,23.8593714519636,-149.394490232683,3.14159265358979,180,180
7,"vertical","",837,648,"22b_00028_waggle_annotations.csv","16:56:00",-0.542525431475665,0.840039377768771,172,1,"","","",NA,NA,NA,NA,NA,NA,NA,NA,"20250119/00028.mp4","2025-01-19","22b_00028_16:56:00_2025-01-19","22b",2025-01-19 14:56:00,2025-01-19 16:56:00,258.053554130697,23.8593714519636,-149.394490232683,-2.56815212743496,-147.144278049567,212.855721950433
8,"vertical","",831,690,"22b_00028_waggle_annotations.csv","16:56:00",-0.298274993135947,0.95447997803503,217,1,"","","",NA,NA,NA,NA,NA,NA,NA,NA,"20250119/00028.mp4","2025-01-19","22b_00028_16:56:00_2025-01-19","22b",2025-01-19 14:56:00,2025-01-19 16:56:00,258.053554130697,23.8593714519636,-149.394490232683,-2.83870778521483,-162.645975363739,197.354024636261
9,"vertical","",835,722,"22b_00028_waggle_annotations.csv","16:56:00",0,NA,225,1,"","","",NA,NA,NA,NA,NA,NA,NA,NA,"20250119/00028.mp4","2025-01-19","22b_00028_16:56:00_2025-01-19","22b",2025-01-19 14:56:00,2025-01-19 16:56:00,258.053554130697,23.8593714519636,-149.394490232683,3.14159265358979,180,180
10,"vertical","",894,635,"22b_00028_waggle_annotations.csv","16:56:00",-0.695611358841102,0.718418288639171,272,1,"","","",NA,NA,NA,NA,NA,NA,NA,NA,"20250119/00028.mp4","2025-01-19","22b_00028_16:56:00_2025-01-19","22b",2025-01-19 14:56:00,2025-01-19 16:56:00,258.053554130697,23.8593714519636,-149.394490232683,-2.37232212403599,-135.924045352773,224.075954647227
11,"vertical","",829,678,"22b_00028_waggle_annotations.csv","16:56:00",0,NA,291,1,"","","",NA,NA,NA,NA,NA,NA,NA,NA,"20250119/00028.mp4","2025-01-19","22b_00028_16:56:00_2025-01-19","22b",2025-01-19 14:56:00,2025-01-19 16:56:00,258.053554130697,23.8593714519636,-149.394490232683,3.14159265358979,180,180
12,"vertical","",843,711,"22b_00028_waggle_annotations.csv","16:56:00",-0.662910367319787,0.748698767796465,453,1,"","","",NA,NA,NA,NA,NA,NA,NA,NA,"20250119/00028.mp4","2025-01-19","22b_00028_16:56:00_2025-01-19","22b",2025-01-19 14:56:00,2025-01-19 16:56:00,258.053554130697,23.8593714519636,-149.394490232683,-2.41689331564429,-138.477786519798,221.522213480202
13,"vertical","",973,727,"22b_00028_waggle_annotations.csv","16:56:00",-0.74740931868366,0.66436383882992,645,1,"","","",NA,NA,NA,NA,NA,NA,NA,NA,"20250119/00028.mp4","2025-01-19","22b_00028_16:56:00_2025-01-19","22b",2025-01-19 14:56:00,2025-01-19 16:56:00,258.053554130697,23.8593714519636,-149.394490232683,-2.29743866747662,-131.63353933657,228.36646066343
14,"vertical","",899,684,"22b_00028_waggle_annotations.csv","16:56:00",-0.507985019944294,0.861365903383803,705,1,"","","",NA,NA,NA,NA,NA,NA,NA,NA,"20250119/00028.mp4","2025-01-19","22b_00028_16:56:00_2025-01-19","22b",2025-01-19 14:56:00,2025-01-19 16:56:00,258.053554130697,23.8593714519636,-149.394490232683,-2.60874876597041,-149.470294100066,210.529705899934
15,"vertical","",848,625,"22b_00028_waggle_annotations.csv","16:56:00",-0.627752451189782,0.778413039475329,808,1,"","","",NA,NA,NA,NA,NA,NA,NA,NA,"20250119/00028.mp4","2025-01-19","22b_00028_16:56:00_2025-01-19","22b",2025-01-19 14:56:00,2025-01-19 16:56:00,258.053554130697,23.8593714519636,-149.394490232683,-2.46293016284147,-141.115503566285,218.884496433715
16,"vertical","",877,618,"22b_00028_waggle_annotations.csv","16:56:00",-0.416654710493214,0.909064822894284,856,1,"","","",NA,NA,NA,NA,NA,NA,NA,NA,"20250119/00028.mp4","2025-01-19","22b_00028_16:56:00_2025-01-19","22b",2025-01-19 14:56:00,2025-01-19 16:56:00,258.053554130697,23.8593714519636,-149.394490232683,-2.7118303744931,-155.376435213836,204.623564786164
17,"vertical","",853,601,"22b_00028_waggle_annotations.csv","16:56:00",-0.790415052175244,0.612571665435814,897,1,"","","",NA,NA,NA,NA,NA,NA,NA,NA,"20250119/00028.mp4","2025-01-19","22b_00028_16:56:00_2025-01-19","22b",2025-01-19 14:56:00,2025-01-19 16:56:00,258.053554130697,23.8593714519636,-149.394490232683,-2.23010639512776,-127.775684305955,232.224315694045
18,"vertical","",836,579,"22b_00028_waggle_annotations.csv","16:56:00",-0.14142135623731,0.989949493661167,950,1,"","","",NA,NA,NA,NA,NA,NA,NA,NA,"20250119/00028.mp4","2025-01-19","22b_00028_16:56:00_2025-01-19","22b",2025-01-19 14:56:00,2025-01-19 16:56:00,258.053554130697,23.8593714519636,-149.394490232683,-2.99969559898563,-171.869897645844,188.130102354156
19,"vertical","",784,570,"22b_00028_waggle_annotations.csv","16:56:00",-0.875577684026794,0.483077342911335,991,1,"","","",NA,NA,NA,NA,NA,NA,NA,NA,"20250119/00028.mp4","2025-01-19","22b_00028_16:56:00_2025-01-19","22b",2025-01-19 14:56:00,2025-01-19 16:56:00,258.053554130697,23.8593714519636,-149.394490232683,-2.07496228827406,-118.886581766911,241.113418233089
20,"vertical","",821,568,"22b_00028_waggle_annotations.csv","16:56:00",-0.242535625036333,0.970142500145332,1029,1,"","","",NA,NA,NA,NA,NA,NA,NA,NA,"20250119/00028.mp4","2025-01-19","22b_00028_16:56:00_2025-01-19","22b",2025-01-19 14:56:00,2025-01-19 16:56:00,258.053554130697,23.8593714519636,-149.394490232683,-2.89661399046294,-165.963756532074,194.036243467926
21,"vertical","",812,503,"22b_00028_waggle_annotations.csv","16:56:00",-0.498964444866946,0.866622456874169,1125,1,"","","",NA,NA,NA,NA,NA,NA,NA,NA,"20250119/00028.mp4","2025-01-19","22b_00028_16:56:00_2025-01-19","22b",2025-01-19 14:56:00,2025-01-19 16:56:00,258.053554130697,23.8593714519636,-149.394490232683,-2.61918922187326,-150.068488159492,209.931511840508
22,"vertical","",764,493,"22b_00028_waggle_annotations.csv","16:56:00",-0.656178714924787,0.754605522163505,1168,1,"","","",NA,NA,NA,NA,NA,NA,NA,NA,"20250119/00028.mp4","2025-01-19","22b_00028_16:56:00_2025-01-19","22b",2025-01-19 14:56:00,2025-01-19 16:56:00,258.053554130697,23.8593714519636,-149.394490232683,NA,NA,NA
23,"vertical","",776,492,"22b_00028_waggle_annotations.csv","16:56:00",-0.548026257310873,0.836461129579754,1230,1,"","","",NA,NA,NA,NA,NA,NA,NA,NA,"20250119/00028.mp4","2025-01-19","22b_00028_16:56:00_2025-01-19","22b",2025-01-19 14:56:00,2025-01-19 16:56:00,258.053554130697,23.8593714519636,-149.394490232683,-2.56158987938212,-146.768288932021,213.231711067979
24,"vertical","",758,444,"22b_00028_waggle_annotations.csv","16:56:00",-0.839570157152151,0.543251278157274,1275,1,"","","",NA,NA,NA,NA,NA,NA,NA,NA,"20250119/00028.mp4","2025-01-19","22b_00028_16:56:00_2025-01-19","22b",2025-01-19 14:56:00,2025-01-19 16:56:00,258.053554130697,23.8593714519636,-149.394490232683,-2.1451011569696,-122.905242922988,237.094757077012
25,"vertical","",813,436,"22b_00028_waggle_annotations.csv","16:56:00",-0.238221527797648,0.971210844098105,1319,1,"","","",NA,NA,NA,NA,NA,NA,NA,NA,"20250119/00028.mp4","2025-01-19","22b_00028_16:56:00_2025-01-19","22b",2025-01-19 14:56:00,2025-01-19 16:56:00,258.053554130697,23.8593714519636,-149.394490232683,-2.90105840564388,-166.218402764346,193.781597235654
26,"vertical","",390,558,"22b_00028_waggle_annotations.csv","16:56:00",-0.107481842980092,0.994207047565849,1489,1,"","","",NA,NA,NA,NA,NA,NA,NA,NA,"20250119/00028.mp4","2025-01-19","22b_00028_16:56:00_2025-01-19","22b",2025-01-19 14:56:00,2025-01-19 16:56:00,258.053554130697,23.8593714519636,-149.394490232683,-3.03390278275697,-173.82982490497,186.17017509503
27,"vertical","",383,598,"22b_00028_waggle_annotations.csv","16:56:00",-0.888620657054864,0.458642919770252,1542,1,"","","",NA,NA,NA,NA,NA,NA,NA,NA,"20250119/00028.mp4","2025-01-19","22b_00028_16:56:00_2025-01-19","22b",2025-01-19 14:56:00,2025-01-19 16:56:00,258.053554130697,23.8593714519636,-149.394490232683,-2.04726374626861,-117.299572211333,242.700427788667
28,"vertical","",375,607,"22b_00028_waggle_annotations.csv","16:56:00",-0.316227766016838,0.948683298050514,1580,1,"","","",NA,NA,NA,NA,NA,NA,NA,NA,"20250119/00028.mp4","2025-01-19","22b_00028_16:56:00_2025-01-19","22b",2025-01-19 14:56:00,2025-01-19 16:56:00,258.053554130697,23.8593714519636,-149.394490232683,-2.81984209919315,-161.565051177078,198.434948822922
29,"vertical","",344,626,"22b_00028_waggle_annotations.csv","16:56:00",-0.74740931868366,0.66436383882992,1619,1,"","","",NA,NA,NA,NA,NA,NA,NA,NA,"20250119/00028.mp4","2025-01-19","22b_00028_16:56:00_2025-01-19","22b",2025-01-19 14:56:00,2025-01-19 16:56:00,258.053554130697,23.8593714519636,-149.394490232683,-2.29743866747662,-131.63353933657,228.36646066343
30,"vertical","",339,629,"22b_00028_waggle_annotations.csv","16:56:00",-0.544988350595414,0.838443616300637,1665,1,"","","",NA,NA,NA,NA,NA,NA,NA,NA,"20250119/00028.mp4","2025-01-19","22b_00028_16:56:00_2025-01-19","22b",2025-01-19 14:56:00,2025-01-19 16:56:00,258.053554130697,23.8593714519636,-149.394490232683,-2.5652174329986,-146.976132444203,213.023867555797
31,"vertical","",328,655,"22b_00028_waggle_annotations.csv","16:56:00",-0.50571949971242,0.862697970097658,1709,1,"","","",NA,NA,NA,NA,NA,NA,NA,NA,"20250119/00028.mp4","2025-01-19","22b_00028_16:56:00_2025-01-19","22b",2025-01-19 14:56:00,2025-01-19 16:56:00,258.053554130697,23.8593714519636,-149.394490232683,-2.61137688081317,-149.620873988632,210.379126011368
32,"vertical","",333,673,"22b_00028_waggle_annotations.csv","16:56:00",-0.481918749772156,0.876215908676647,1748,1,"","","",NA,NA,NA,NA,NA,NA,NA,NA,"20250119/00028.mp4","2025-01-19","22b_00028_16:56:00_2025-01-19","22b",2025-01-19 14:56:00,2025-01-19 16:56:00,258.053554130697,23.8593714519636,-149.394490232683,-2.63874944266193,-151.189206257027,208.810793742973
33,"vertical","",339,644,"22b_00028_waggle_annotations.csv","16:56:00",-0.631672951162236,0.775234985517289,1799,1,"","","",NA,NA,NA,NA,NA,NA,NA,NA,"20250119/00028.mp4","2025-01-19","22b_00028_16:56:00_2025-01-19","22b",2025-01-19 14:56:00,2025-01-19 16:56:00,258.053554130697,23.8593714519636,-149.394490232683,-2.45788334195543,-140.826342029556,219.173657970444
34,"vertical","",391,675,"22b_00028_waggle_annotations.csv","16:56:00",-0.265928998125813,0.963992618206074,1842,1,"","","",NA,NA,NA,NA,NA,NA,NA,NA,"20250119/00028.mp4","2025-01-19","22b_00028_16:56:00_2025-01-19","22b",2025-01-19 14:56:00,2025-01-19 16:56:00,258.053554130697,23.8593714519636,-149.394490232683,-2.87242516080409,-164.577838681261,195.422161318739
35,"vertical","",358,664,"22b_00028_waggle_annotations.csv","16:56:00",-0.429056814568288,0.90327750435429,1884,1,"","","",NA,NA,NA,NA,NA,NA,NA,NA,"20250119/00028.mp4","2025-01-19","22b_00028_16:56:00_2025-01-19","22b",2025-01-19 14:56:00,2025-01-19 16:56:00,258.053554130697,23.8593714519636,-149.394490232683,-2.69814431717006,-154.592281891052,205.407718108948
36,"vertical","",358,678,"22b_00028_waggle_annotations.csv","16:56:00",-0.565528355551528,0.824728851845978,1934,1,"","","",NA,NA,NA,NA,NA,NA,NA,NA,"20250119/00028.mp4","2025-01-19","22b_00028_16:56:00_2025-01-19","22b",2025-01-19 14:56:00,2025-01-19 16:56:00,258.053554130697,23.8593714519636,-149.394490232683,-2.54051889909204,-145.561010691196,214.438989308804
37,"vertical","",339,678,"22b_00028_waggle_annotations.csv","16:56:00",-0.566528822887065,0.824041924199368,1988,1,"","","",NA,NA,NA,NA,NA,NA,NA,NA,"20250119/00028.mp4","2025-01-19","22b_00028_16:56:00_2025-01-19","22b",2025-01-19 14:56:00,2025-01-19 16:56:00,258.053554130697,23.8593714519636,-149.394490232683,-2.53930530745484,-145.491477012332,214.508522987668
38,"vertical","",369,656,"22b_00028_waggle_annotations.csv","16:56:00",-0.224859506698758,0.97439119569462,2030,1,"","","",NA,NA,NA,NA,NA,NA,NA,NA,"20250119/00028.mp4","2025-01-19","22b_00028_16:56:00_2025-01-19","22b",2025-01-19 14:56:00,2025-01-19 16:56:00,258.053554130697,23.8593714519636,-149.394490232683,-2.9147938055359,-167.005383208083,192.994616791917
39,"vertical","",189,635,"22b_00028_waggle_annotations.csv","16:56:00",-0.435560928104281,0.900159251415514,2106,1,"","","",NA,NA,NA,NA,NA,NA,NA,NA,"20250119/00028.mp4","2025-01-19","22b_00028_16:56:00_2025-01-19","22b",2025-01-19 14:56:00,2025-01-19 16:56:00,258.053554130697,23.8593714519636,-149.394490232683,-2.69093132750916,-154.179008025811,205.820991974189
1,"vertical","",317,618,"22b_00030_waggle_annotations.csv","17:04:00",-0.565842496912414,0.824513352643803,1171,1,"","","",NA,NA,NA,NA,NA,NA,NA,NA,"20250119/00030.mp4","2025-01-19","22b_00030_17:04:00_2025-01-19","22b",2025-01-19 15:04:00,2025-01-19 17:04:00,257.354193076893,22.0998579580496,-150.093851286486,-2.54013794672952,-145.539183728628,214.460816271372
2,"vertical","",343,634,"22b_00030_waggle_annotations.csv","17:04:00",0.607450107570797,0.794357832977196,1214,1,"","","",NA,NA,NA,NA,NA,NA,NA,NA,"20250119/00030.mp4","2025-01-19","22b_00030_17:04:00_2025-01-19","22b",2025-01-19 15:04:00,2025-01-19 17:04:00,257.354193076893,22.0998579580496,-150.093851286486,2.48874602248901,142.594643368591,142.594643368591
3,"vertical","",370,658,"22b_00030_waggle_annotations.csv","17:04:00",-0.829722110200009,0.55817669231637,1260,1,"","","",NA,NA,NA,NA,NA,NA,NA,NA,"20250119/00030.mp4","2025-01-19","22b_00030_17:04:00_2025-01-19","22b",2025-01-19 15:04:00,2025-01-19 17:04:00,257.354193076893,22.0998579580496,-150.093851286486,-2.16298300634455,-123.929797422061,236.070202577939
4,"vertical","",416,638,"22b_00030_waggle_annotations.csv","17:04:00",0.0939225945956681,0.995579502714082,1311,1,"","","",NA,NA,NA,NA,NA,NA,NA,NA,"20250119/00030.mp4","2025-01-19","22b_00030_17:04:00_2025-01-19","22b",2025-01-19 15:04:00,2025-01-19 17:04:00,257.354193076893,22.0998579580496,-150.093851286486,3.04753141896181,174.610688240027,174.610688240027
5,"vertical","",376,583,"22b_00030_waggle_annotations.csv","17:04:00",-0.592680527647226,0.805437640135973,1363,1,"","","",NA,NA,NA,NA,NA,NA,NA,NA,"20250119/00030.mp4","2025-01-19","22b_00030_17:04:00_2025-01-19","22b",2025-01-19 15:04:00,2025-01-19 17:04:00,257.354193076893,22.0998579580496,-150.093851286486,-2.50720983311371,-143.652541791115,216.347458208885
6,"vertical","",455,602,"22b_00030_waggle_annotations.csv","17:04:00",-0.378975996145941,0.925406502216832,1408,1,"","","",NA,NA,NA,NA,NA,NA,NA,NA,"20250119/00030.mp4","2025-01-19","22b_00030_17:04:00_2025-01-19","22b",2025-01-19 15:04:00,2025-01-19 17:04:00,257.354193076893,22.0998579580496,-150.093851286486,-2.75290315308356,-157.729732079945,202.270267920055
7,"vertical","",414,612,"22b_00030_waggle_annotations.csv","17:04:00",-0.759256602365297,0.650791373455969,1456,1,"","","",NA,NA,NA,NA,NA,NA,NA,NA,"20250119/00030.mp4","2025-01-19","22b_00030_17:04:00_2025-01-19","22b",2025-01-19 15:04:00,2025-01-19 17:04:00,257.354193076893,22.0998579580496,-150.093851286486,-2.27942259892256,-130.601294645004,229.398705354996
8,"vertical","",480,614,"22b_00030_waggle_annotations.csv","17:04:00",-0.200396236148707,0.979714932282566,1494,1,"","","",NA,NA,NA,NA,NA,NA,NA,NA,"20250119/00030.mp4","2025-01-19","22b_00030_17:04:00_2025-01-19","22b",2025-01-19 15:04:00,2025-01-19 17:04:00,257.354193076893,22.0998579580496,-150.093851286486,-2.9398303092695,-168.439869205782,191.560130794218
9,"vertical","",447,553,"22b_00030_waggle_annotations.csv","17:04:00",-0.695225115827465,0.718792068906362,1537,1,"","","",NA,NA,NA,NA,NA,NA,NA,NA,"20250119/00030.mp4","2025-01-19","22b_00030_17:04:00_2025-01-19","22b",2025-01-19 15:04:00,2025-01-19 17:04:00,257.354193076893,22.0998579580496,-150.093851286486,-2.37285961390628,-135.954841253872,224.045158746128
10,"vertical","",496,577,"22b_00030_waggle_annotations.csv","17:04:00",-0.32314385329151,0.946349856067995,1577,1,"","","",NA,NA,NA,NA,NA,NA,NA,NA,"20250119/00030.mp4","2025-01-19","22b_00030_17:04:00_2025-01-19","22b",2025-01-19 15:04:00,2025-01-19 17:04:00,257.354193076893,22.0998579580496,-150.093851286486,-2.81254295874946,-161.146841235581,198.853158764419
11,"vertical","",451,524,"22b_00030_waggle_annotations.csv","17:04:00",-0.691222645967364,0.722641857147699,1621,1,"","","",NA,NA,NA,NA,NA,NA,NA,NA,"20250119/00030.mp4","2025-01-19","22b_00030_17:04:00_2025-01-19","22b",2025-01-19 15:04:00,2025-01-19 17:04:00,257.354193076893,22.0998579580496,-150.093851286486,-2.37841305551907,-136.273030020057,223.726969979943
12,"vertical","",448,529,"22b_00030_waggle_annotations.csv","17:04:00",-0.578017340780339,0.816024481101655,1667,1,"","","",NA,NA,NA,NA,NA,NA,NA,NA,"20250119/00030.mp4","2025-01-19","22b_00030_17:04:00_2025-01-19","22b",2025-01-19 15:04:00,2025-01-19 17:04:00,257.354193076893,22.0998579580496,-150.093851286486,-2.52529571619373,-144.688786560367,215.311213439633
13,"vertical","",441,449,"22b_00030_waggle_annotations.csv","17:04:00",-0.707106781186548,0.707106781186548,1723,1,"","","",NA,NA,NA,NA,NA,NA,NA,NA,"20250119/00030.mp4","2025-01-19","22b_00030_17:04:00_2025-01-19","22b",2025-01-19 15:04:00,2025-01-19 17:04:00,257.354193076893,22.0998579580496,-150.093851286486,-2.35619449019235,-135,225
14,"vertical","",475,465,"22b_00030_waggle_annotations.csv","17:04:00",-0.59001658934231,0.807391122257898,1763,1,"","","",NA,NA,NA,NA,NA,NA,NA,NA,"20250119/00030.mp4","2025-01-19","22b_00030_17:04:00_2025-01-19","22b",2025-01-19 15:04:00,2025-01-19 17:04:00,257.354193076893,22.0998579580496,-150.093851286486,-2.51051326611847,-143.841814560192,216.158185439808
15,"vertical","",444,427,"22b_00030_waggle_annotations.csv","17:04:00",-0.656780744804202,0.754081595886306,1803,1,"","","",NA,NA,NA,NA,NA,NA,NA,NA,"20250119/00030.mp4","2025-01-19","22b_00030_17:04:00_2025-01-19","22b",2025-01-19 15:04:00,2025-01-19 17:04:00,257.354193076893,22.0998579580496,-150.093851286486,-2.4250509794934,-138.945186229038,221.054813770962
16,"vertical","",479,495,"22b_00030_waggle_annotations.csv","17:04:00",0.0787024854200107,0.996898148653469,1857,1,"","","",NA,NA,NA,NA,NA,NA,NA,NA,"20250119/00030.mp4","2025-01-19","22b_00030_17:04:00_2025-01-19","22b",2025-01-19 15:04:00,2025-01-19 17:04:00,257.354193076893,22.0998579580496,-150.093851286486,3.06280869260065,175.486011541999,175.486011541999
17,"vertical","",475,449,"22b_00030_waggle_annotations.csv","17:04:00",-0.5749455167129,0.818191696860666,1899,1,"","","",NA,NA,NA,NA,NA,NA,NA,NA,"20250119/00030.mp4","2025-01-19","22b_00030_17:04:00_2025-01-19","22b",2025-01-19 15:04:00,2025-01-19 17:04:00,257.354193076893,22.0998579580496,-150.093851286486,-2.52905509697949,-144.904183212974,215.095816787026
18,"vertical","",551,448,"22b_00030_waggle_annotations.csv","17:04:00",0,1,1943,1,"","","",NA,NA,NA,NA,NA,NA,NA,NA,"20250119/00030.mp4","2025-01-19","22b_00030_17:04:00_2025-01-19","22b",2025-01-19 15:04:00,2025-01-19 17:04:00,257.354193076893,22.0998579580496,-150.093851286486,3.14159265358979,180,180
19,"vertical","",528,419,"22b_00030_waggle_annotations.csv","17:04:00",-0.554700196225229,0.832050294337844,1990,1,"","","",NA,NA,NA,NA,NA,NA,NA,NA,"20250119/00030.mp4","2025-01-19","22b_00030_17:04:00_2025-01-19","22b",2025-01-19 15:04:00,2025-01-19 17:04:00,257.354193076893,22.0998579580496,-150.093851286486,-2.55359005004222,-146.30993247402,213.69006752598
20,"vertical","",517,423,"22b_00030_waggle_annotations.csv","17:04:00",-0.524888702996461,0.85117086972399,2033,1,"","","",NA,NA,NA,NA,NA,NA,NA,NA,"20250119/00030.mp4","2025-01-19","22b_00030_17:04:00_2025-01-19","22b",2025-01-19 15:04:00,2025-01-19 17:04:00,257.354193076893,22.0998579580496,-150.093851286486,-2.58900830329907,-148.339248903363,211.660751096637
21,"vertical","",496,389,"22b_00030_waggle_annotations.csv","17:04:00",-0.603442670185537,0.797406385602316,2077,1,"","","",NA,NA,NA,NA,NA,NA,NA,NA,"20250119/00030.mp4","2025-01-19","22b_00030_17:04:00_2025-01-19","22b",2025-01-19 15:04:00,2025-01-19 17:04:00,257.354193076893,22.0998579580496,-150.093851286486,-2.4937812266627,-142.88313931673,217.11686068327
22,"vertical","",529,388,"22b_00030_waggle_annotations.csv","17:04:00",-0.60881878513905,0.793309326090278,2118,1,"","","",NA,NA,NA,NA,NA,NA,NA,NA,"20250119/00030.mp4","2025-01-19","22b_00030_17:04:00_2025-01-19","22b",2025-01-19 15:04:00,2025-01-19 17:04:00,257.354193076893,22.0998579580496,-150.093851286486,-2.4870218862664,-142.49585763973,217.50414236027
23,"vertical","",462,384,"22b_00030_waggle_annotations.csv","17:04:00",-0.707106781186548,0.707106781186548,2169,1,"","","",NA,NA,NA,NA,NA,NA,NA,NA,"20250119/00030.mp4","2025-01-19","22b_00030_17:04:00_2025-01-19","22b",2025-01-19 15:04:00,2025-01-19 17:04:00,257.354193076893,22.0998579580496,-150.093851286486,-2.35619449019235,-135,225
24,"vertical","",522,380,"22b_00030_waggle_annotations.csv","17:04:00",-0.474099823035017,0.880471099922175,2207,1,"","","",NA,NA,NA,NA,NA,NA,NA,NA,"20250119/00030.mp4","2025-01-19","22b_00030_17:04:00_2025-01-19","22b",2025-01-19 15:04:00,2025-01-19 17:04:00,257.354193076893,22.0998579580496,-150.093851286486,-2.64765128467022,-151.699244233994,208.300755766006
25,"vertical","",511,423,"22b_00030_waggle_annotations.csv","17:04:00",-0.64018439966448,0.768221279597376,2263,1,"","","",NA,NA,NA,NA,NA,NA,NA,NA,"20250119/00030.mp4","2025-01-19","22b_00030_17:04:00_2025-01-19","22b",2025-01-19 15:04:00,2025-01-19 17:04:00,257.354193076893,22.0998579580496,-150.093851286486,-2.44685437739309,-140.194428907735,219.805571092265
26,"vertical","",528,463,"22b_00030_waggle_annotations.csv","17:04:00",-0.111794773067865,0.993731316158802,2305,1,"","","",NA,NA,NA,NA,NA,NA,NA,NA,"20250119/00030.mp4","2025-01-19","22b_00030_17:04:00_2025-01-19","22b",2025-01-19 15:04:00,2025-01-19 17:04:00,257.354193076893,22.0998579580496,-150.093851286486,-3.0295636911638,-173.581213269761,186.418786730239
27,"vertical","",528,399,"22b_00030_waggle_annotations.csv","17:04:00",-0.570081548206294,0.821588113591424,2345,1,"","","",NA,NA,NA,NA,NA,NA,NA,NA,"20250119/00030.mp4","2025-01-19","22b_00030_17:04:00_2025-01-19","22b",2025-01-19 15:04:00,2025-01-19 17:04:00,257.354193076893,22.0998579580496,-150.093851286486,-2.53498754499527,-145.244087446459,214.755912553541
28,"vertical","",575,434,"22b_00030_waggle_annotations.csv","17:04:00",-0.560848145169515,0.827918690488332,2388,1,"","","",NA,NA,NA,NA,NA,NA,NA,NA,"20250119/00030.mp4","2025-01-19","22b_00030_17:04:00_2025-01-19","22b",2025-01-19 15:04:00,2025-01-19 17:04:00,257.354193076893,22.0998579580496,-150.093851286486,-2.54618277811107,-145.885527054659,214.114472945341
29,"vertical","",560,419,"22b_00030_waggle_annotations.csv","17:04:00",-0.511483859767683,0.859292884409707,2439,1,"","","",NA,NA,NA,NA,NA,NA,NA,NA,"20250119/00030.mp4","2025-01-19","22b_00030_17:04:00_2025-01-19","22b",2025-01-19 15:04:00,2025-01-19 17:04:00,257.354193076893,22.0998579580496,-150.093851286486,-2.60468191084975,-149.237280465761,210.762719534239
30,"vertical","",596,423,"22b_00030_waggle_annotations.csv","17:04:00",-0.156767544200708,0.987635528464463,2483,1,"","","",NA,NA,NA,NA,NA,NA,NA,NA,"20250119/00030.mp4","2025-01-19","22b_00030_17:04:00_2025-01-19","22b",2025-01-19 15:04:00,2025-01-19 17:04:00,257.354193076893,22.0998579580496,-150.093851286486,-2.9841757808632,-170.980677568618,189.019322431382
31,"vertical","",578,395,"22b_00030_waggle_annotations.csv","17:04:00",-0.666330983530245,0.745656100617179,2538,1,"","","",NA,NA,NA,NA,NA,NA,NA,NA,"20250119/00030.mp4","2025-01-19","22b_00030_17:04:00_2025-01-19","22b",2025-01-19 15:04:00,2025-01-19 17:04:00,257.354193076893,22.0998579580496,-150.093851286486,-2.41231527289352,-138.215483991748,221.784516008252
32,"vertical","",563,442,"22b_00030_waggle_annotations.csv","17:04:00",-0.175790638483658,0.984427575508482,2584,1,"","","",NA,NA,NA,NA,NA,NA,NA,NA,"20250119/00030.mp4","2025-01-19","22b_00030_17:04:00_2025-01-19","22b",2025-01-19 15:04:00,2025-01-19 17:04:00,257.354193076893,22.0998579580496,-150.093851286486,-2.96488379751975,-169.875328344602,190.124671655398
33,"vertical","",537,423,"22b_00030_waggle_annotations.csv","17:04:00",-0.489534756707639,0.871983785385481,2623,1,"","","",NA,NA,NA,NA,NA,NA,NA,NA,"20250119/00030.mp4","2025-01-19","22b_00030_17:04:00_2025-01-19","22b",2025-01-19 15:04:00,2025-01-19 17:04:00,257.354193076893,22.0998579580496,-150.093851286486,-2.63003652641949,-150.689992929084,209.310007070916
34,"vertical","",599,437,"22b_00030_waggle_annotations.csv","17:04:00",-0.559472855001063,0.828848674075648,2667,1,"","","",NA,NA,NA,NA,NA,NA,NA,NA,"20250119/00030.mp4","2025-01-19","22b_00030_17:04:00_2025-01-19","22b",2025-01-19 15:04:00,2025-01-19 17:04:00,257.354193076893,22.0998579580496,-150.093851286486,-2.54784298687903,-145.980650010174,214.019349989826
35,"vertical","",565,447,"22b_00030_waggle_annotations.csv","17:04:00",-0.491321186931909,0.870978467742929,2708,1,"","","",NA,NA,NA,NA,NA,NA,NA,NA,"20250119/00030.mp4","2025-01-19","22b_00030_17:04:00_2025-01-19","22b",2025-01-19 15:04:00,2025-01-19 17:04:00,257.354193076893,22.0998579580496,-150.093851286486,-2.62798664886704,-150.57254359681,209.42745640319
36,"vertical","",586,437,"22b_00030_waggle_annotations.csv","17:04:00",-0.586509812151843,0.809942121543021,2753,1,"","","",NA,NA,NA,NA,NA,NA,NA,NA,"20250119/00030.mp4","2025-01-19","22b_00030_17:04:00_2025-01-19","22b",2025-01-19 15:04:00,2025-01-19 17:04:00,257.354193076893,22.0998579580496,-150.093851286486,-2.51484975237874,-144.090276920822,215.909723079178
37,"vertical","",564,427,"22b_00030_waggle_annotations.csv","17:04:00",-0.502135517386504,0.86478894661009,2801,1,"","","",NA,NA,NA,NA,NA,NA,NA,NA,"20250119/00030.mp4","2025-01-19","22b_00030_17:04:00_2025-01-19","22b",2025-01-19 15:04:00,2025-01-19 17:04:00,257.354193076893,22.0998579580496,-150.093851286486,-2.61552623459304,-149.858614447925,210.141385552075
38,"vertical","",603,458,"22b_00030_waggle_annotations.csv","17:04:00",-0.720833064901856,0.693108716251785,2852,1,"","","",NA,NA,NA,NA,NA,NA,NA,NA,"20250119/00030.mp4","2025-01-19","22b_00030_17:04:00_2025-01-19","22b",2025-01-19 15:04:00,2025-01-19 17:04:00,257.354193076893,22.0998579580496,-150.093851286486,-2.33658915933515,-133.876697285925,226.123302714075
39,"vertical","",549,445,"22b_00030_waggle_annotations.csv","17:04:00",-0.64018439966448,0.768221279597376,2933,1,"","","",NA,NA,NA,NA,NA,NA,NA,NA,"20250119/00030.mp4","2025-01-19","22b_00030_17:04:00_2025-01-19","22b",2025-01-19 15:04:00,2025-01-19 17:04:00,257.354193076893,22.0998579580496,-150.093851286486,-2.44685437739309,-140.194428907735,219.805571092265
40,"vertical","",346,725,"22b_00030_waggle_annotations.csv","17:04:00",-0.511483859767683,0.859292884409707,3099,1,"","","",NA,NA,NA,NA,NA,NA,NA,NA,"20250119/00030.mp4","2025-01-19","22b_00030_17:04:00_2025-01-19","22b",2025-01-19 15:04:00,2025-01-19 17:04:00,257.354193076893,22.0998579580496,-150.093851286486,-2.60468191084975,-149.237280465761,210.762719534239
41,"vertical","",283,718,"22b_00030_waggle_annotations.csv","17:04:00",-0.258736085224084,0.965948051503245,3292,1,"","","",NA,NA,NA,NA,NA,NA,NA,NA,"20250119/00030.mp4","2025-01-19","22b_00030_17:04:00_2025-01-19","22b",2025-01-19 15:04:00,2025-01-19 17:04:00,257.354193076893,22.0998579580496,-150.093851286486,-2.87987915118859,-165.004920870824,194.995079129176
42,"vertical","",268,652,"22b_00030_waggle_annotations.csv","17:04:00",-0.738955843913329,0.673753857685683,3338,1,"","","",NA,NA,NA,NA,NA,NA,NA,NA,"20250119/00030.mp4","2025-01-19","22b_00030_17:04:00_2025-01-19","22b",2025-01-19 15:04:00,2025-01-19 17:04:00,257.354193076893,22.0998579580496,-150.093851286486,-2.31007337417783,-132.357454705935,227.642545294065
43,"vertical","",268,677,"22b_00030_waggle_annotations.csv","17:04:00",-0.707106781186548,0.707106781186548,3375,1,"","","",NA,NA,NA,NA,NA,NA,NA,NA,"20250119/00030.mp4","2025-01-19","22b_00030_17:04:00_2025-01-19","22b",2025-01-19 15:04:00,2025-01-19 17:04:00,257.354193076893,22.0998579580496,-150.093851286486,-2.35619449019235,-135,225
44,"vertical","",283,676,"22b_00030_waggle_annotations.csv","17:04:00",-0.611447501075765,0.791285001392167,3423,1,"","","",NA,NA,NA,NA,NA,NA,NA,NA,"20250119/00030.mp4","2025-01-19","22b_00030_17:04:00_2025-01-19","22b",2025-01-19 15:04:00,2025-01-19 17:04:00,257.354193076893,22.0998579580496,-150.093851286486,-2.48370404840759,-142.305759533311,217.694240466689
45,"vertical","",324,688,"22b_00030_waggle_annotations.csv","17:04:00",-0.271460165021806,0.962449675986404,3466,1,"","","",NA,NA,NA,NA,NA,NA,NA,NA,"20250119/00030.mp4","2025-01-19","22b_00030_17:04:00_2025-01-19","22b",2025-01-19 15:04:00,2025-01-19 17:04:00,257.354193076893,22.0998579580496,-150.093851286486,-2.86668281210912,-164.248826336547,195.751173663453
46,"vertical","",313,674,"22b_00030_waggle_annotations.csv","17:04:00",-0.681603655103505,0.731721570919939,3515,1,"","","",NA,NA,NA,NA,NA,NA,NA,NA,"20250119/00030.mp4","2025-01-19","22b_00030_17:04:00_2025-01-19","22b",2025-01-19 15:04:00,2025-01-19 17:04:00,257.354193076893,22.0998579580496,-150.093851286486,-2.39164063045106,-137.030914236853,222.969085763147
47,"vertical","",335,646,"22b_00030_waggle_annotations.csv","17:04:00",-0.395829347571776,0.918324086366519,3557,1,"","","",NA,NA,NA,NA,NA,NA,NA,NA,"20250119/00030.mp4","2025-01-19","22b_00030_17:04:00_2025-01-19","22b",2025-01-19 15:04:00,2025-01-19 17:04:00,257.354193076893,22.0998579580496,-150.093851286486,-2.73462186822102,-156.682291613245,203.317708386755
48,"vertical","",285,656,"22b_00030_waggle_annotations.csv","17:04:00",-0.734803444627488,0.678280102733066,3608,1,"","","",NA,NA,NA,NA,NA,NA,NA,NA,"20250119/00030.mp4","2025-01-19","22b_00030_17:04:00_2025-01-19","22b",2025-01-19 15:04:00,2025-01-19 17:04:00,257.354193076893,22.0998579580496,-150.093851286486,-2.31621580306905,-132.709389957361,227.290610042639
49,"vertical","",290,659,"22b_00030_waggle_annotations.csv","17:04:00",-0.103912021640983,0.994586492849407,3652,1,"","","",NA,NA,NA,NA,NA,NA,NA,NA,"20250119/00030.mp4","2025-01-19","22b_00030_17:04:00_2025-01-19","22b",2025-01-19 15:04:00,2025-01-19 17:04:00,257.354193076893,22.0998579580496,-150.093851286486,-3.0374927154802,-174.035512898747,185.964487101253
50,"vertical","",245,631,"22b_00030_waggle_annotations.csv","17:04:00",-0.638017864750323,0.770021560905562,3715,1,"","","",NA,NA,NA,NA,NA,NA,NA,NA,"20250119/00030.mp4","2025-01-19","22b_00030_17:04:00_2025-01-19","22b",2025-01-19 15:04:00,2025-01-19 17:04:00,257.354193076893,22.0998579580496,-150.093851286486,-2.44967127135093,-140.355825042855,219.644174957145
51,"vertical","",287,621,"22b_00030_waggle_annotations.csv","17:04:00",-0.716229588144914,0.697864726910429,3758,1,"","","",NA,NA,NA,NA,NA,NA,NA,NA,"20250119/00030.mp4","2025-01-19","22b_00030_17:04:00_2025-01-19","22b",2025-01-19 15:04:00,2025-01-19 17:04:00,257.354193076893,22.0998579580496,-150.093851286486,-2.34320820727217,-134.255940797111,225.744059202889
1,"vertical","",606,472,"22b_00035_waggle_annotations.csv","17:21:00",-0.760833951959086,0.64894660608275,655,1,"","","",NA,NA,NA,NA,NA,NA,NA,NA,"20250119/00035.mp4","2025-01-19","22b_00035_17:21:00_2025-01-19","22b",2025-01-19 15:21:00,2025-01-19 17:21:00,255.848743055761,18.3790448528385,-151.599301307618,-2.27699541922289,-130.462227492093,229.537772507907
2,"vertical","",647,461,"22b_00035_waggle_annotations.csv","17:21:00",0.0525588331227637,0.99861782933251,692,1,"","","",NA,NA,NA,NA,NA,NA,NA,NA,"20250119/00035.mp4","2025-01-19","22b_00035_17:21:00_2025-01-19","22b",2025-01-19 15:21:00,2025-01-19 17:21:00,255.848743055761,18.3790448528385,-151.599301307618,3.08900959197886,176.987212495817,176.987212495817
3,"vertical","",626,418,"22b_00035_waggle_annotations.csv","17:21:00",-0.78086880944303,0.624695047554424,725,1,"","","",NA,NA,NA,NA,NA,NA,NA,NA,"20250119/00035.mp4","2025-01-19","22b_00035_17:21:00_2025-01-19","22b",2025-01-19 15:21:00,2025-01-19 17:21:00,255.848743055761,18.3790448528385,-151.599301307618,-2.24553726901845,-128.65980825409,231.34019174591
4,"vertical","",666,408,"22b_00035_waggle_annotations.csv","17:21:00",-0.401990062035198,0.915644030191284,767,1,"","","",NA,NA,NA,NA,NA,NA,NA,NA,"20250119/00035.mp4","2025-01-19","22b_00035_17:21:00_2025-01-19","22b",2025-01-19 15:21:00,2025-01-19 17:21:00,255.848743055761,18.3790448528385,-151.599301307618,-2.72790344031093,-156.297354049034,203.702645950966
5,"vertical","",633,378,"22b_00035_waggle_annotations.csv","17:21:00",-0.782280144548,0.622926781769704,807,1,"","","",NA,NA,NA,NA,NA,NA,NA,NA,"20250119/00035.mp4","2025-01-19","22b_00035_17:21:00_2025-01-19","22b",2025-01-19 15:21:00,2025-01-19 17:21:00,255.848743055761,18.3790448528385,-151.599301307618,-2.24327482943975,-128.530180014827,231.469819985173
6,"vertical","",692,386,"22b_00035_waggle_annotations.csv","17:21:00",0.409055904092909,0.912509324514951,851,1,"","","",NA,NA,NA,NA,NA,NA,NA,NA,"20250119/00035.mp4","2025-01-19","22b_00035_17:21:00_2025-01-19","22b",2025-01-19 15:21:00,2025-01-19 17:21:00,255.848743055761,18.3790448528385,-151.599301307618,2.72017344670198,155.854458039578,155.854458039578
7,"vertical","",692,327,"22b_00035_waggle_annotations.csv","17:21:00",-0.760833951959086,0.64894660608275,883,1,"","","",NA,NA,NA,NA,NA,NA,NA,NA,"20250119/00035.mp4","2025-01-19","22b_00035_17:21:00_2025-01-19","22b",2025-01-19 15:21:00,2025-01-19 17:21:00,255.848743055761,18.3790448528385,-151.599301307618,-2.27699541922289,-130.462227492093,229.537772507907
8,"vertical","",746,356,"22b_00035_waggle_annotations.csv","17:21:00",-0.348186529603627,0.937425272009765,925,1,"","","",NA,NA,NA,NA,NA,NA,NA,NA,"20250119/00035.mp4","2025-01-19","22b_00035_17:21:00_2025-01-19","22b",2025-01-19 15:21:00,2025-01-19 17:21:00,255.848743055761,18.3790448528385,-151.599301307618,-2.78595676928904,-159.623564786164,200.376435213836
9,"vertical","",743,332,"22b_00035_waggle_annotations.csv","17:21:00",-0.807391122257898,0.59001658934231,967,1,"","","",NA,NA,NA,NA,NA,NA,NA,NA,"20250119/00035.mp4","2025-01-19","22b_00035_17:21:00_2025-01-19","22b",2025-01-19 15:21:00,2025-01-19 17:21:00,255.848743055761,18.3790448528385,-151.599301307618,-2.20187571426622,-126.158185439808,233.841814560192
10,"vertical","",756,339,"22b_00035_waggle_annotations.csv","17:21:00",-0.160071158553662,0.987105477747585,1008,1,"","","",NA,NA,NA,NA,NA,NA,NA,NA,"20250119/00035.mp4","2025-01-19","22b_00035_17:21:00_2025-01-19","22b",2025-01-19 15:21:00,2025-01-19 17:21:00,255.848743055761,18.3790448528385,-151.599301307618,-2.98082991296395,-170.788973459183,189.211026540817
11,"vertical","",758,315,"22b_00035_waggle_annotations.csv","17:21:00",-0.49301257198088,0.870022185848612,1052,1,"","","",NA,NA,NA,NA,NA,NA,NA,NA,"20250119/00035.mp4","2025-01-19","22b_00035_17:21:00_2025-01-19","22b",2025-01-19 15:21:00,2025-01-19 17:21:00,255.848743055761,18.3790448528385,-151.599301307618,-2.62604364613082,-150.461217740442,209.538782259558
12,"vertical","",814,341,"22b_00035_waggle_annotations.csv","17:21:00",-0.460317164455,0.887754531448929,1105,1,"","","",NA,NA,NA,NA,NA,NA,NA,NA,"20250119/00035.mp4","2025-01-19","22b_00035_17:21:00_2025-01-19","22b",2025-01-19 15:21:00,2025-01-19 17:21:00,255.848743055761,18.3790448528385,-151.599301307618,-2.66324022221114,-152.592424562182,207.407575437818
13,"vertical","",720,326,"22b_00035_waggle_annotations.csv","17:21:00",-0.689655172413793,0.724137931034483,1161,1,"","","",NA,NA,NA,NA,NA,NA,NA,NA,"20250119/00035.mp4","2025-01-19","22b_00035_17:21:00_2025-01-19","22b",2025-01-19 15:21:00,2025-01-19 17:21:00,255.848743055761,18.3790448528385,-151.599301307618,-2.38057989936506,-136.397181027296,223.602818972704
1,"vertical","",547,706,"22b_00039_waggle_annotations.csv","17:31:00",-0.713808759938232,0.700340670128077,22,1,"","","",NA,NA,NA,NA,NA,NA,NA,NA,"20250119/00039.mp4","2025-01-19","22b_00039_17:31:00_2025-01-19","22b",2025-01-19 15:31:00,2025-01-19 17:31:00,254.947571117212,16.2031333609232,-152.500473246168,-2.34667096859873,-134.454342406584,225.545657593416
2,"vertical","",593,726,"22b_00039_waggle_annotations.csv","17:31:00",-0.590509994384217,0.80703032565843,65,1,"","","",NA,NA,NA,NA,NA,NA,NA,NA,"20250119/00039.mp4","2025-01-19","22b_00039_17:31:00_2025-01-19","22b",2025-01-19 15:31:00,2025-01-19 17:31:00,254.947571117212,16.2031333609232,-152.500473246168,-2.50990201925082,-143.806792694435,216.193207305565
3,"vertical","",596,711,"22b_00039_waggle_annotations.csv","17:31:00",-0.865031189261803,0.501718089771846,109,1,"","","",NA,NA,NA,NA,NA,NA,NA,NA,"20250119/00039.mp4","2025-01-19","22b_00039_17:31:00_2025-01-19","22b",2025-01-19 15:31:00,2025-01-19 17:31:00,254.947571117212,16.2031333609232,-152.500473246168,-2.0963801203465,-120.113733150982,239.886266849018
4,"vertical","",603,719,"22b_00039_waggle_annotations.csv","17:31:00",-0.622244125575368,0.782823254756108,155,1,"","","",NA,NA,NA,NA,NA,NA,NA,NA,"20250119/00039.mp4","2025-01-19","22b_00039_17:31:00_2025-01-19","22b",2025-01-19 15:31:00,2025-01-19 17:31:00,254.947571117212,16.2031333609232,-152.500473246168,-2.46998649733605,-141.519801751657,218.480198248343
5,"vertical","",554,695,"22b_00039_waggle_annotations.csv","17:31:00",-0.916157334902189,0.400818834019708,191,1,"","","",NA,NA,NA,NA,NA,NA,NA,NA,"20250119/00039.mp4","2025-01-19","22b_00039_17:31:00_2025-01-19","22b",2025-01-19 15:31:00,2025-01-19 17:31:00,254.947571117212,16.2031333609232,-152.500473246168,-1.98320676839229,-113.629377730657,246.370622269343
6,"vertical","",596,718,"22b_00039_waggle_annotations.csv","17:31:00",-0.36884552030541,0.929490711169634,234,1,"","","",NA,NA,NA,NA,NA,NA,NA,NA,"20250119/00039.mp4","2025-01-19","22b_00039_17:31:00_2025-01-19","22b",2025-01-19 15:31:00,2025-01-19 17:31:00,254.947571117212,16.2031333609232,-152.500473246168,-2.76382599564997,-158.355564859286,201.644435140714
7,"vertical","",599,683,"22b_00039_waggle_annotations.csv","17:31:00",-0.923076923076923,0.384615384615385,280,1,"","","",NA,NA,NA,NA,NA,NA,NA,NA,"20250119/00039.mp4","2025-01-19","22b_00039_17:31:00_2025-01-19","22b",2025-01-19 15:31:00,2025-01-19 17:31:00,254.947571117212,16.2031333609232,-152.500473246168,-1.96558744649465,-112.61986494804,247.38013505196
8,"vertical","",567,695,"22b_00039_waggle_annotations.csv","17:31:00",-0.455875869805658,0.890043364858665,324,1,"","","",NA,NA,NA,NA,NA,NA,NA,NA,"20250119/00039.mp4","2025-01-19","22b_00039_17:31:00_2025-01-19","22b",2025-01-19 15:31:00,2025-01-19 17:31:00,254.947571117212,16.2031333609232,-152.500473246168,-2.66823661175487,-152.878696595841,207.121303404159
9,"vertical","",558,672,"22b_00039_waggle_annotations.csv","17:31:00",-0.73376067401817,0.679408031498305,375,1,"","","",NA,NA,NA,NA,NA,NA,NA,NA,"20250119/00039.mp4","2025-01-19","22b_00039_17:31:00_2025-01-19","22b",2025-01-19 15:31:00,2025-01-19 17:31:00,254.947571117212,16.2031333609232,-152.500473246168,-2.31775190017115,-132.797401838234,227.202598161766
10,"vertical","",571,697,"22b_00039_waggle_annotations.csv","17:31:00",-0.707106781186548,0.707106781186548,417,1,"","","",NA,NA,NA,NA,NA,NA,NA,NA,"20250119/00039.mp4","2025-01-19","22b_00039_17:31:00_2025-01-19","22b",2025-01-19 15:31:00,2025-01-19 17:31:00,254.947571117212,16.2031333609232,-152.500473246168,-2.35619449019235,-135,225
11,"vertical","",535,684,"22b_00039_waggle_annotations.csv","17:31:00",-0.762756963467112,0.64668525163516,466,1,"","","",NA,NA,NA,NA,NA,NA,NA,NA,"20250119/00039.mp4","2025-01-19","22b_00039_17:31:00_2025-01-19","22b",2025-01-19 15:31:00,2025-01-19 17:31:00,254.947571117212,16.2031333609232,-152.500473246168,-2.27402696783065,-130.292147755628,229.707852244372
12,"vertical","",564,697,"22b_00039_waggle_annotations.csv","17:31:00",-0.672672793996312,0.739940073395944,508,1,"","","",NA,NA,NA,NA,NA,NA,NA,NA,"20250119/00039.mp4","2025-01-19","22b_00039_17:31:00_2025-01-19","22b",2025-01-19 15:31:00,2025-01-19 17:31:00,254.947571117212,16.2031333609232,-152.500473246168,-2.40377759346932,-137.726310993906,222.273689006094
13,"vertical","",554,726,"22b_00039_waggle_annotations.csv","17:31:00",-0.784882765533426,0.619644288579021,555,1,"","","",NA,NA,NA,NA,NA,NA,NA,NA,"20250119/00039.mp4","2025-01-19","22b_00039_17:31:00_2025-01-19","22b",2025-01-19 15:31:00,2025-01-19 17:31:00,254.947571117212,16.2031333609232,-152.500473246168,-2.23908574562548,-128.290163192243,231.709836807757
14,"vertical","",564,726,"22b_00039_waggle_annotations.csv","17:31:00",-0.77039432112469,0.637567714034226,601,1,"","","",NA,NA,NA,NA,NA,NA,NA,NA,"20250119/00039.mp4","2025-01-19","22b_00039_17:31:00_2025-01-19","22b",2025-01-19 15:31:00,2025-01-19 17:31:00,254.947571117212,16.2031333609232,-152.500473246168,-2.26213325556437,-129.610688240027,230.389311759973
15,"vertical","",556,729,"22b_00039_waggle_annotations.csv","17:31:00",-0.678280102733066,0.734803444627488,650,1,"","","",NA,NA,NA,NA,NA,NA,NA,NA,"20250119/00039.mp4","2025-01-19","22b_00039_17:31:00_2025-01-19","22b",2025-01-19 15:31:00,2025-01-19 17:31:00,254.947571117212,16.2031333609232,-152.500473246168,-2.39617317731564,-137.290610042639,222.709389957361
16,"vertical","",533,736,"22b_00039_waggle_annotations.csv","17:31:00",-0.447213595499958,0.894427190999916,700,1,"","","",NA,NA,NA,NA,NA,NA,NA,NA,"20250119/00039.mp4","2025-01-19","22b_00039_17:31:00_2025-01-19","22b",2025-01-19 15:31:00,2025-01-19 17:31:00,254.947571117212,16.2031333609232,-152.500473246168,-2.67794504458899,-153.434948822922,206.565051177078
17,"vertical","",496,691,"22b_00039_waggle_annotations.csv","17:31:00",-0.658504607868518,0.752576694706878,755,1,"","","",NA,NA,NA,NA,NA,NA,NA,NA,"20250119/00039.mp4","2025-01-19","22b_00039_17:31:00_2025-01-19","22b",2025-01-19 15:31:00,2025-01-19 17:31:00,254.947571117212,16.2031333609232,-152.500473246168,-2.42276265396816,-138.81407483429,221.18592516571
18,"vertical","",497,716,"22b_00039_waggle_annotations.csv","17:31:00",-0.295683728071131,0.955285890691346,804,1,"","","",NA,NA,NA,NA,NA,NA,NA,NA,"20250119/00039.mp4","2025-01-19","22b_00039_17:31:00_2025-01-19","22b",2025-01-19 15:31:00,2025-01-19 17:31:00,254.947571117212,16.2031333609232,-152.500473246168,-2.84142148275968,-162.801458779934,197.198541220066
19,"vertical","",531,729,"22b_00039_waggle_annotations.csv","17:31:00",-0.868243142124459,0.496138938356834,849,1,"","","",NA,NA,NA,NA,NA,NA,NA,NA,"20250119/00039.mp4","2025-01-19","22b_00039_17:31:00_2025-01-19","22b",2025-01-19 15:31:00,2025-01-19 17:31:00,254.947571117212,16.2031333609232,-152.500473246168,-2.08994244104142,-119.744881296942,240.255118703058
1,"vertical","",382,821,"22b_00041_waggle_annotations.csv","17:35:00",-0.899235088745796,0.437465718849306,1384,1,"","","",NA,NA,NA,NA,NA,NA,NA,NA,"20250119/00041.mp4","2025-01-19","22b_00041_17:35:00_2025-01-19","22b",2025-01-19 15:35:00,2025-01-19 17:35:00,254.583256377198,15.3358180404889,-152.864787986181,-2.02357479861844,-115.942295489872,244.057704510128
2,"vertical","",415,814,"22b_00041_waggle_annotations.csv","17:35:00",-0.487366159264137,0.873197702014912,1419,1,"","","",NA,NA,NA,NA,NA,NA,NA,NA,"20250119/00041.mp4","2025-01-19","22b_00041_17:35:00_2025-01-19","22b",2025-01-19 15:35:00,2025-01-19 17:35:00,254.583256377198,15.3358180404889,-152.864787986181,-2.63252176516741,-150.832386620422,209.167613379578
3,"vertical","",394,785,"22b_00041_waggle_annotations.csv","17:35:00",-0.857492925712544,0.514495755427527,1454,1,"","","",NA,NA,NA,NA,NA,NA,NA,NA,"20250119/00041.mp4","2025-01-19","22b_00041_17:35:00_2025-01-19","22b",2025-01-19 15:35:00,2025-01-19 17:35:00,254.583256377198,15.3358180404889,-152.864787986181,-2.11121582706549,-120.963756532074,239.036243467926
4,"vertical","",391,806,"22b_00041_waggle_annotations.csv","17:35:00",-0.263117405792109,0.964763821237732,1497,1,"","","",NA,NA,NA,NA,NA,NA,NA,NA,"20250119/00041.mp4","2025-01-19","22b_00041_17:35:00_2025-01-19","22b",2025-01-19 15:35:00,2025-01-19 17:35:00,254.583256377198,15.3358180404889,-152.864787986181,-2.87534060443886,-164.744881296942,195.255118703058
5,"vertical","",380,792,"22b_00041_waggle_annotations.csv","17:35:00",-0.737154140200741,0.675724628517346,1542,1,"","","",NA,NA,NA,NA,NA,NA,NA,NA,"20250119/00041.mp4","2025-01-19","22b_00041_17:35:00_2025-01-19","22b",2025-01-19 15:35:00,2025-01-19 17:35:00,254.583256377198,15.3358180404889,-152.864787986181,-2.31274359480082,-132.510447078001,227.489552921999
6,"vertical","",346,796,"22b_00041_waggle_annotations.csv","17:35:00",-0.334409845170765,0.942427745481247,1590,1,"","","",NA,NA,NA,NA,NA,NA,NA,NA,"20250119/00041.mp4","2025-01-19","22b_00041_17:35:00_2025-01-19","22b",2025-01-19 15:35:00,2025-01-19 17:35:00,254.583256377198,15.3358180404889,-152.864787986181,-2.80061370009345,-160.463345061872,199.536654938128
7,"vertical","",333,797,"22b_00041_waggle_annotations.csv","17:35:00",-0.585490553844358,0.810679228399881,1636,1,"","","",NA,NA,NA,NA,NA,NA,NA,NA,"20250119/00041.mp4","2025-01-19","22b_00041_17:35:00_2025-01-19","22b",2025-01-19 15:35:00,2025-01-19 17:35:00,254.583256377198,15.3358180404889,-152.864787986181,-2.51610761335057,-144.162347045722,215.837652954278
1,"horizontal","",1476,735,"22b_horiz_00054_waggle_annotations.csv","18:00:00",NA,0,1439,1,"19_00046_waggle_annotations.csv","19_00046","C:\Users\frida\Documents\PhD\Waggle_dance\wd_SA2025\wd_annotator\mp4\20250119\00046.mp4",10,166.777,0.509,1,-21.27,188.047,NA,81.953,"20250119/00054.mp4","2025-01-19","22b_horiz_00054_18:00:00_2025-01-19","22b",2025-01-19 16:00:00,2025-01-19 18:00:00,252.246585689401,9.96280021661375,-155.201458673978,-1.5707963267949,-90,270
2,"horizontal","",1265,804,"22b_horiz_00054_waggle_annotations.csv","18:00:00",-0.992645877550526,0.12105437531104,1527,1,"19_00046_waggle_annotations.csv","19_00046","C:\Users\frida\Documents\PhD\Waggle_dance\wd_SA2025\wd_annotator\mp4\20250119\00046.mp4",10,166.777,0.509,1,-21.27,188.047,NA,75.000042531826,"20250119/00054.mp4","2025-01-19","22b_horiz_00054_18:00:00_2025-01-19","22b",2025-01-19 16:00:00,2025-01-19 18:00:00,252.246585689401,9.96280021661375,-155.201458673978,-1.69214832736566,-96.952957468174,263.047042531826
3,"horizontal","",1235,793,"22b_horiz_00054_waggle_annotations.csv","18:00:00",-0.997880105965818,-0.0650791373455969,1606,1,"19_00046_waggle_annotations.csv","19_00046","C:\Users\frida\Documents\PhD\Waggle_dance\wd_SA2025\wd_annotator\mp4\20250119\00046.mp4",10,166.777,0.509,1,-21.27,188.047,NA,85.68439699916,"20250119/00054.mp4","2025-01-19","22b_horiz_00054_18:00:00_2025-01-19","22b",2025-01-19 16:00:00,2025-01-19 18:00:00,252.246585689401,9.96280021661375,-155.201458673978,-1.50567116346052,-86.26860300084,273.73139699916
4,"horizontal","",1203,802,"22b_horiz_00054_waggle_annotations.csv","18:00:00",-0.987440631916705,0.157990501106673,1655,1,"19_00046_waggle_annotations.csv","19_00046","C:\Users\frida\Documents\PhD\Waggle_dance\wd_SA2025\wd_annotator\mp4\20250119\00046.mp4",10,166.777,0.509,1,-21.27,188.047,NA,72.862723079178,"20250119/00054.mp4","2025-01-19","22b_horiz_00054_18:00:00_2025-01-19","22b",2025-01-19 16:00:00,2025-01-19 18:00:00,252.246585689401,9.96280021661375,-155.201458673978,-1.72945158898129,-99.090276920822,260.909723079178
5,"horizontal","",1236,750,"22b_horiz_00054_waggle_annotations.csv","18:00:00",-0.97439119569462,-0.224859506698758,1700,1,"19_00046_waggle_annotations.csv","19_00046","C:\Users\frida\Documents\PhD\Waggle_dance\wd_SA2025\wd_annotator\mp4\20250119\00046.mp4",10,166.777,0.509,1,-21.27,188.047,NA,94.947616791917,"20250119/00054.mp4","2025-01-19","22b_horiz_00054_18:00:00_2025-01-19","22b",2025-01-19 16:00:00,2025-01-19 18:00:00,252.246585689401,9.96280021661375,-155.201458673978,-1.343997478741,-77.005383208083,282.994616791917
6,"horizontal","",1219,755,"22b_horiz_00054_waggle_annotations.csv","18:00:00",-0.992277876713668,-0.124034734589208,1742,1,"19_00046_waggle_annotations.csv","19_00046","C:\Users\frida\Documents\PhD\Waggle_dance\wd_SA2025\wd_annotator\mp4\20250119\00046.mp4",10,166.777,0.509,1,-21.27,188.047,NA,89.078016348902,"20250119/00054.mp4","2025-01-19","22b_horiz_00054_18:00:00_2025-01-19","22b",2025-01-19 16:00:00,2025-01-19 18:00:00,252.246585689401,9.96280021661375,-155.201458673978,-1.44644133224813,-82.874983651098,277.125016348902
7,"horizontal","",1226,734,"22b_horiz_00054_waggle_annotations.csv","18:00:00",-0.992277876713668,-0.124034734589208,1789,1,"19_00046_waggle_annotations.csv","19_00046","C:\Users\frida\Documents\PhD\Waggle_dance\wd_SA2025\wd_annotator\mp4\20250119\00046.mp4",10,166.777,0.509,1,-21.27,188.047,NA,89.078016348902,"20250119/00054.mp4","2025-01-19","22b_horiz_00054_18:00:00_2025-01-19","22b",2025-01-19 16:00:00,2025-01-19 18:00:00,252.246585689401,9.96280021661375,-155.201458673978,-1.44644133224813,-82.874983651098,277.125016348902
8,"horizontal","",1201,709,"22b_horiz_00054_waggle_annotations.csv","18:00:00",-0.992277876713668,0.124034734589208,1845,1,"19_00046_waggle_annotations.csv","19_00046","C:\Users\frida\Documents\PhD\Waggle_dance\wd_SA2025\wd_annotator\mp4\20250119\00046.mp4",10,166.777,0.509,1,-21.27,188.047,NA,74.827983651098,"20250119/00054.mp4","2025-01-19","22b_horiz_00054_18:00:00_2025-01-19","22b",2025-01-19 16:00:00,2025-01-19 18:00:00,252.246585689401,9.96280021661375,-155.201458673978,-1.69515132134166,-97.125016348902,262.874983651098
9,"horizontal","",1212,699,"22b_horiz_00054_waggle_annotations.csv","18:00:00",-0.993883734673619,-0.110431526074847,1890,1,"19_00046_waggle_annotations.csv","19_00046","C:\Users\frida\Documents\PhD\Waggle_dance\wd_SA2025\wd_annotator\mp4\20250119\00046.mp4",10,166.777,0.509,1,-21.27,188.047,NA,88.29319174591,"20250119/00054.mp4","2025-01-19","22b_horiz_00054_18:00:00_2025-01-19","22b",2025-01-19 16:00:00,2025-01-19 18:00:00,252.246585689401,9.96280021661375,-155.201458673978,-1.460139105621,-83.65980825409,276.34019174591
10,"horizontal","",1206,716,"22b_horiz_00054_waggle_annotations.csv","18:00:00",-0.999028234937562,-0.0440747750707748,1930,1,"19_00046_waggle_annotations.csv","19_00046","C:\Users\frida\Documents\PhD\Waggle_dance\wd_SA2025\wd_annotator\mp4\20250119\00046.mp4",10,166.777,0.509,1,-21.27,188.047,NA,84.47911691162,"20250119/00054.mp4","2025-01-19","22b_horiz_00054_18:00:00_2025-01-19","22b",2025-01-19 16:00:00,2025-01-19 18:00:00,252.246585689401,9.96280021661375,-155.201458673978,-1.52670726939682,-87.4738830883799,272.52611691162
11,"horizontal","",1220,711,"22b_horiz_00054_waggle_annotations.csv","18:00:00",-0.999891886047579,-0.0147042924418762,1979,1,"19_00046_waggle_annotations.csv","19_00046","C:\Users\frida\Documents\PhD\Waggle_dance\wd_SA2025\wd_annotator\mp4\20250119\00046.mp4",10,166.777,0.509,1,-21.27,188.047,NA,82.79552426074,"20250119/00054.mp4","2025-01-19","22b_horiz_00054_18:00:00_2025-01-19","22b",2025-01-19 16:00:00,2025-01-19 18:00:00,252.246585689401,9.96280021661375,-155.201458673978,-1.55609150441705,-89.15747573926,270.84252426074
12,"horizontal","",1214,740,"22b_horiz_00054_waggle_annotations.csv","18:00:00",-0.996072640692686,-0.0885397902837944,2023,1,"19_00046_waggle_annotations.csv","19_00046","C:\Users\frida\Documents\PhD\Waggle_dance\wd_SA2025\wd_annotator\mp4\20250119\00046.mp4",10,166.777,0.509,1,-21.27,188.047,NA,87.032607860015,"20250119/00054.mp4","2025-01-19","22b_horiz_00054_18:00:00_2025-01-19","22b",2025-01-19 16:00:00,2025-01-19 18:00:00,252.246585689401,9.96280021661375,-155.201458673978,-1.48214044492745,-84.920392139985,275.079607860015
13,"horizontal","",1178,781,"22b_horiz_00054_waggle_annotations.csv","18:00:00",-0.99905615835506,-0.0434372242763069,2065,1,"19_00046_waggle_annotations.csv","19_00046","C:\Users\frida\Documents\PhD\Waggle_dance\wd_SA2025\wd_annotator\mp4\20250119\00046.mp4",10,166.777,0.509,1,-21.27,188.047,NA,84.442552921999,"20250119/00054.mp4","2025-01-19","22b_horiz_00054_18:00:00_2025-01-19","22b",2025-01-19 16:00:00,2025-01-19 18:00:00,252.246585689401,9.96280021661375,-155.201458673978,-1.52734543140337,-87.510447078001,272.489552921999
14,"horizontal","",1082,802,"22b_horiz_00054_waggle_annotations.csv","18:00:00",-0.998687663476589,-0.0512147519731584,2157,1,"19_00046_waggle_annotations.csv","19_00046","C:\Users\frida\Documents\PhD\Waggle_dance\wd_SA2025\wd_annotator\mp4\20250119\00046.mp4",10,166.777,0.509,1,-21.27,188.047,NA,84.888673446421,"20250119/00054.mp4","2025-01-19","22b_horiz_00054_18:00:00_2025-01-19","22b",2025-01-19 16:00:00,2025-01-19 18:00:00,252.246585689401,9.96280021661375,-155.201458673978,-1.51955915939148,-87.064326553579,272.935673446421
15,"horizontal","",1071,809,"22b_horiz_00054_waggle_annotations.csv","18:00:00",-0.998646416445549,-0.0520128341898724,2241,1,"19_00046_waggle_annotations.csv","19_00046","C:\Users\frida\Documents\PhD\Waggle_dance\wd_SA2025\wd_annotator\mp4\20250119\00046.mp4",10,166.777,0.509,1,-21.27,188.047,NA,84.934461219982,"20250119/00054.mp4","2025-01-19","22b_horiz_00054_18:00:00_2025-01-19","22b",2025-01-19 16:00:00,2025-01-19 18:00:00,252.246585689401,9.96280021661375,-155.201458673978,-1.51876001198568,-87.018538780018,272.981461219982
16,"horizontal","",1054,816,"22b_horiz_00054_waggle_annotations.csv","18:00:00",-0.997458699830735,-0.0712470499879097,2325,1,"19_00046_waggle_annotations.csv","19_00046","C:\Users\frida\Documents\PhD\Waggle_dance\wd_SA2025\wd_annotator\mp4\20250119\00046.mp4",10,166.777,0.509,1,-21.27,188.047,NA,86.038616779975,"20250119/00054.mp4","2025-01-19","22b_horiz_00054_18:00:00_2025-01-19","22b",2025-01-19 16:00:00,2025-01-19 18:00:00,252.246585689401,9.96280021661375,-155.201458673978,-1.4994888620096,-85.914383220025,274.085616779975
1,"horizontal","",999,797,"22b_horiz_00059_waggle_annotations.csv","18:12:00",-0.815507144735218,0.578747005941122,34,1,"19_00046_waggle_annotations.csv","19_00046","C:\Users\frida\Documents\PhD\Waggle_dance\wd_SA2025\wd_annotator\mp4\20250119\00046.mp4",10,166.777,0.509,1,-21.27,188.047,NA,46.590538112931,"20250119/00059.mp4","2025-01-19","22b_horiz_00059_18:12:00_2025-01-19","22b",2025-01-19 16:12:00,2025-01-19 18:12:00,251.081930423971,7.42222615293233,-156.366113939408,-2.18798771833526,-125.362461887069,234.637538112931
2,"horizontal","",1015,790,"22b_horiz_00059_waggle_annotations.csv","18:12:00",-0.99244848306821,0.12266217206461,83,1,"19_00046_waggle_annotations.csv","19_00046","C:\Users\frida\Documents\PhD\Waggle_dance\wd_SA2025\wd_annotator\mp4\20250119\00046.mp4",10,166.777,0.509,1,-21.27,188.047,NA,74.907230875133,"20250119/00059.mp4","2025-01-19","22b_horiz_00059_18:12:00_2025-01-19","22b",2025-01-19 16:12:00,2025-01-19 18:12:00,251.081930423971,7.42222615293233,-156.366113939408,-1.69376819635918,-97.045769124867,262.954230875133
3,"horizontal","",948,765,"22b_horiz_00059_waggle_annotations.csv","18:12:00",NA,0,114,1,"19_00046_waggle_annotations.csv","19_00046","C:\Users\frida\Documents\PhD\Waggle_dance\wd_SA2025\wd_annotator\mp4\20250119\00046.mp4",10,166.777,0.509,1,-21.27,188.047,NA,81.953,"20250119/00059.mp4","2025-01-19","22b_horiz_00059_18:12:00_2025-01-19","22b",2025-01-19 16:12:00,2025-01-19 18:12:00,251.081930423971,7.42222615293233,-156.366113939408,-1.5707963267949,-90,270
4,"horizontal","",912,719,"22b_horiz_00059_waggle_annotations.csv","18:12:00",-0.999791818463446,-0.0204039146625193,161,1,"19_00046_waggle_annotations.csv","19_00046","C:\Users\frida\Documents\PhD\Waggle_dance\wd_SA2025\wd_annotator\mp4\20250119\00046.mp4",10,166.777,0.509,1,-21.27,188.047,NA,83.122139327907,"20250119/00059.mp4","2025-01-19","22b_horiz_00059_18:12:00_2025-01-19","22b",2025-01-19 16:12:00,2025-01-19 18:12:00,251.081930423971,7.42222615293233,-156.366113939408,-1.55039099610837,-88.830860672093,271.169139327907
5,"horizontal","",939,723,"22b_horiz_00059_waggle_annotations.csv","18:12:00",-0.983453188589073,0.181162429476935,211,1,"19_00046_waggle_annotations.csv","19_00046","C:\Users\frida\Documents\PhD\Waggle_dance\wd_SA2025\wd_annotator\mp4\20250119\00046.mp4",10,166.777,0.509,1,-21.27,188.047,NA,71.515524648882,"20250119/00059.mp4","2025-01-19","22b_horiz_00059_18:12:00_2025-01-19","22b",2025-01-19 16:12:00,2025-01-19 18:12:00,251.081930423971,7.42222615293233,-156.366113939408,-1.75296463726766,-100.437475351118,259.562524648882
6,"horizontal","",969,674,"22b_horiz_00059_waggle_annotations.csv","18:12:00",-0.997575100836221,0.0695982628490387,257,1,"19_00046_waggle_annotations.csv","19_00046","C:\Users\frida\Documents\PhD\Waggle_dance\wd_SA2025\wd_annotator\mp4\20250119\00046.mp4",10,166.777,0.509,1,-21.27,188.047,NA,NA,"20250119/00059.mp4","2025-01-19","22b_horiz_00059_18:12:00_2025-01-19","22b",2025-01-19 16:12:00,2025-01-19 18:12:00,251.081930423971,7.42222615293233,-156.366113939408,NA,NA,NA
7,"horizontal","",982,695,"22b_horiz_00059_waggle_annotations.csv","18:12:00",-0.999013806466209,0.0444006136207204,301,1,"19_00046_waggle_annotations.csv","19_00046","C:\Users\frida\Documents\PhD\Waggle_dance\wd_SA2025\wd_annotator\mp4\20250119\00046.mp4",10,166.777,0.509,1,-21.27,188.047,NA,79.408195620187,"20250119/00059.mp4","2025-01-19","22b_horiz_00059_18:12:00_2025-01-19","22b",2025-01-19 16:12:00,2025-01-19 18:12:00,251.081930423971,7.42222615293233,-156.366113939408,-1.61521154204181,-92.544804379813,267.455195620187
8,"horizontal","",961,698,"22b_horiz_00059_waggle_annotations.csv","18:12:00",-0.999822048223522,-0.0188645669476136,344,1,"19_00046_waggle_annotations.csv","19_00046","C:\Users\frida\Documents\PhD\Waggle_dance\wd_SA2025\wd_annotator\mp4\20250119\00046.mp4",10,166.777,0.509,1,-21.27,188.047,NA,83.033924186661,"20250119/00059.mp4","2025-01-19","22b_horiz_00059_18:12:00_2025-01-19","22b",2025-01-19 16:12:00,2025-01-19 18:12:00,251.081930423971,7.42222615293233,-156.366113939408,-1.55193064077322,-88.919075813339,271.080924186661
9,"horizontal","",948,691,"22b_horiz_00059_waggle_annotations.csv","18:12:00",-0.999512076087079,0.0312347523777212,389,1,"19_00046_waggle_annotations.csv","19_00046","C:\Users\frida\Documents\PhD\Waggle_dance\wd_SA2025\wd_annotator\mp4\20250119\00046.mp4",10,166.777,0.509,1,-21.27,188.047,NA,80.163089391754,"20250119/00059.mp4","2025-01-19","22b_horiz_00059_18:12:00_2025-01-19","22b",2025-01-19 16:12:00,2025-01-19 18:12:00,251.081930423971,7.42222615293233,-156.366113939408,-1.60203616022516,-91.789910608246,268.210089391754
10,"horizontal","",997,637,"22b_horiz_00059_waggle_annotations.csv","18:12:00",-0.9998611400396,-0.0166643523339933,444,1,"19_00046_waggle_annotations.csv","19_00046","C:\Users\frida\Documents\PhD\Waggle_dance\wd_SA2025\wd_annotator\mp4\20250119\00046.mp4",10,166.777,0.509,1,-21.27,188.047,NA,82.907841253872,"20250119/00059.mp4","2025-01-19","22b_horiz_00059_18:12:00_2025-01-19","22b",2025-01-19 16:12:00,2025-01-19 18:12:00,251.081930423971,7.42222615293233,-156.366113939408,-1.55413120308096,-89.045158746128,270.954841253872
11,"horizontal","",957,706,"22b_horiz_00059_waggle_annotations.csv","18:12:00",NA,0,490,1,"19_00046_waggle_annotations.csv","19_00046","C:\Users\frida\Documents\PhD\Waggle_dance\wd_SA2025\wd_annotator\mp4\20250119\00046.mp4",10,166.777,0.509,1,-21.27,188.047,NA,81.953,"20250119/00059.mp4","2025-01-19","22b_horiz_00059_18:12:00_2025-01-19","22b",2025-01-19 16:12:00,2025-01-19 18:12:00,251.081930423971,7.42222615293233,-156.366113939408,-1.5707963267949,-90,270
12,"horizontal","",960,715,"22b_horiz_00059_waggle_annotations.csv","18:12:00",-0.999614420652718,-0.0277670672403533,528,1,"19_00046_waggle_annotations.csv","19_00046","C:\Users\frida\Documents\PhD\Waggle_dance\wd_SA2025\wd_annotator\mp4\20250119\00046.mp4",10,166.777,0.509,1,-21.27,188.047,NA,83.544140271195,"20250119/00059.mp4","2025-01-19","22b_horiz_00059_18:12:00_2025-01-19","22b",2025-01-19 16:12:00,2025-01-19 18:12:00,251.081930423971,7.42222615293233,-156.366113939408,-1.54302569020147,-88.408859728805,271.591140271195
13,"horizontal","",940,702,"22b_horiz_00059_waggle_annotations.csv","18:12:00",-0.996898148653469,0.0787024854200107,571,1,"19_00046_waggle_annotations.csv","19_00046","C:\Users\frida\Documents\PhD\Waggle_dance\wd_SA2025\wd_annotator\mp4\20250119\00046.mp4",10,166.777,0.509,1,-21.27,188.047,NA,77.439011541999,"20250119/00059.mp4","2025-01-19","22b_horiz_00059_18:12:00_2025-01-19","22b",2025-01-19 16:12:00,2025-01-19 18:12:00,251.081930423971,7.42222615293233,-156.366113939408,-1.64958028778404,-94.513988458001,265.486011541999
14,"horizontal","",958,718,"22b_horiz_00059_waggle_annotations.csv","18:12:00",-0.998371334423977,-0.0570497905385129,614,1,"19_00046_waggle_annotations.csv","19_00046","C:\Users\frida\Documents\PhD\Waggle_dance\wd_SA2025\wd_annotator\mp4\20250119\00046.mp4",10,166.777,0.509,1,-21.27,188.047,NA,85.223487923184,"20250119/00059.mp4","2025-01-19","22b_horiz_00059_18:12:00_2025-01-19","22b",2025-01-19 16:12:00,2025-01-19 18:12:00,251.081930423971,7.42222615293233,-156.366113939408,-1.51371554438862,-86.729512076816,273.270487923184
15,"horizontal","",964,706,"22b_horiz_00059_waggle_annotations.csv","18:12:00",-0.999834751713323,-0.018178813667515,662,1,"19_00046_waggle_annotations.csv","19_00046","C:\Users\frida\Documents\PhD\Waggle_dance\wd_SA2025\wd_annotator\mp4\20250119\00046.mp4",10,166.777,0.509,1,-21.27,188.047,NA,82.99462667601,"20250119/00059.mp4","2025-01-19","22b_horiz_00059_18:12:00_2025-01-19","22b",2025-01-19 16:12:00,2025-01-19 18:12:00,251.081930423971,7.42222615293233,-156.366113939408,-1.55261651172192,-88.95837332399,271.04162667601
16,"horizontal","",874,692,"22b_horiz_00059_waggle_annotations.csv","18:12:00",-0.962964019714182,0.269629925519971,713,1,"19_00046_waggle_annotations.csv","19_00046","C:\Users\frida\Documents\PhD\Waggle_dance\wd_SA2025\wd_annotator\mp4\20250119\00046.mp4",10,166.777,0.509,1,-21.27,188.047,NA,66.310753542791,"20250119/00059.mp4","2025-01-19","22b_horiz_00059_18:12:00_2025-01-19","22b",2025-01-19 16:12:00,2025-01-19 18:12:00,251.081930423971,7.42222615293233,-156.366113939408,-1.84380502988161,-105.642246457209,254.357753542791
17,"horizontal","",939,705,"22b_horiz_00059_waggle_annotations.csv","18:12:00",NA,0,748,1,"19_00046_waggle_annotations.csv","19_00046","C:\Users\frida\Documents\PhD\Waggle_dance\wd_SA2025\wd_annotator\mp4\20250119\00046.mp4",10,166.777,0.509,1,-21.27,188.047,NA,81.953,"20250119/00059.mp4","2025-01-19","22b_horiz_00059_18:12:00_2025-01-19","22b",2025-01-19 16:12:00,2025-01-19 18:12:00,251.081930423971,7.42222615293233,-156.366113939408,-1.5707963267949,-90,270
18,"horizontal","",915,687,"22b_horiz_00059_waggle_annotations.csv","18:12:00",-0.970142500145332,0.242535625036333,795,1,"19_00046_waggle_annotations.csv","19_00046","C:\Users\frida\Documents\PhD\Waggle_dance\wd_SA2025\wd_annotator\mp4\20250119\00046.mp4",10,166.777,0.509,1,-21.27,188.047,NA,67.916756532074,"20250119/00059.mp4","2025-01-19","22b_horiz_00059_18:12:00_2025-01-19","22b",2025-01-19 16:12:00,2025-01-19 18:12:00,251.081930423971,7.42222615293233,-156.366113939408,-1.81577498992175,-104.036243467926,255.963756532074
19,"horizontal","",905,726,"22b_horiz_00059_waggle_annotations.csv","18:12:00",-0.986393923832144,-0.164398987305357,840,1,"19_00046_waggle_annotations.csv","19_00046","C:\Users\frida\Documents\PhD\Waggle_dance\wd_SA2025\wd_annotator\mp4\20250119\00046.mp4",10,166.777,0.509,1,-21.27,188.047,NA,91.415322208026,"20250119/00059.mp4","2025-01-19","22b_horiz_00059_18:12:00_2025-01-19","22b",2025-01-19 16:12:00,2025-01-19 18:12:00,251.081930423971,7.42222615293233,-156.366113939408,-1.40564764938026,-80.537677791974,279.462322208026
20,"horizontal","",930,743,"22b_horiz_00059_waggle_annotations.csv","18:12:00",-0.997925308968458,-0.0643822779979651,899,1,"19_00046_waggle_annotations.csv","19_00046","C:\Users\frida\Documents\PhD\Waggle_dance\wd_SA2025\wd_annotator\mp4\20250119\00046.mp4",10,166.777,0.509,1,-21.27,188.047,NA,85.644385986451,"20250119/00059.mp4","2025-01-19","22b_horiz_00059_18:12:00_2025-01-19","22b",2025-01-19 16:12:00,2025-01-19 18:12:00,251.081930423971,7.42222615293233,-156.366113939408,-1.50636948736935,-86.308614013549,273.691385986451
21,"horizontal","",936,732,"22b_horiz_00059_waggle_annotations.csv","18:12:00",-0.995307161766705,-0.0967659740606519,947,1,"19_00046_waggle_annotations.csv","19_00046","C:\Users\frida\Documents\PhD\Waggle_dance\wd_SA2025\wd_annotator\mp4\20250119\00046.mp4",10,166.777,0.509,1,-21.27,188.047,NA,87.505971033037,"20250119/00059.mp4","2025-01-19","22b_horiz_00059_18:12:00_2025-01-19","22b",2025-01-19 16:12:00,2025-01-19 18:12:00,251.081930423971,7.42222615293233,-156.366113939408,-1.47387869900053,-84.447028966963,275.552971033037
22,"horizontal","",906,711,"22b_horiz_00059_waggle_annotations.csv","18:12:00",-0.999339497946432,-0.036339618107143,995,1,"19_00046_waggle_annotations.csv","19_00046","C:\Users\frida\Documents\PhD\Waggle_dance\wd_SA2025\wd_annotator\mp4\20250119\00046.mp4",10,166.777,0.509,1,-21.27,188.047,NA,84.035565279731,"20250119/00059.mp4","2025-01-19","22b_horiz_00059_18:12:00_2025-01-19","22b",2025-01-19 16:12:00,2025-01-19 18:12:00,251.081930423971,7.42222615293233,-156.366113939408,-1.53444870577587,-87.917434720269,272.082565279731
23,"horizontal","",876,726,"22b_horiz_00059_waggle_annotations.csv","18:12:00",-0.998052578482889,-0.0623782861551805,1045,1,"19_00046_waggle_annotations.csv","19_00046","C:\Users\frida\Documents\PhD\Waggle_dance\wd_SA2025\wd_annotator\mp4\20250119\00046.mp4",10,166.777,0.509,1,-21.27,188.047,NA,85.529334374997,"20250119/00059.mp4","2025-01-19","22b_horiz_00059_18:12:00_2025-01-19","22b",2025-01-19 16:12:00,2025-01-19 18:12:00,251.081930423971,7.42222615293233,-156.366113939408,-1.50837751679895,-86.4236656250031,273.576334374997
24,"horizontal","",884,718,"22b_horiz_00059_waggle_annotations.csv","18:12:00",-0.999462943033229,-0.0327692768207616,1092,1,"19_00046_waggle_annotations.csv","19_00046","C:\Users\frida\Documents\PhD\Waggle_dance\wd_SA2025\wd_annotator\mp4\20250119\00046.mp4",10,166.777,0.509,1,-21.27,188.047,NA,83.830877447285,"20250119/00059.mp4","2025-01-19","22b_horiz_00059_18:12:00_2025-01-19","22b",2025-01-19 16:12:00,2025-01-19 18:12:00,251.081930423971,7.42222615293233,-156.366113939408,-1.53802118239083,-88.122122552715,271.877877447285
25,"horizontal","",837,712,"22b_horiz_00059_waggle_annotations.csv","18:12:00",-0.991600411186222,0.129339184067768,1141,1,"19_00046_waggle_annotations.csv","19_00046","C:\Users\frida\Documents\PhD\Waggle_dance\wd_SA2025\wd_annotator\mp4\20250119\00046.mp4",10,166.777,0.509,1,-21.27,188.047,NA,74.521592028828,"20250119/00059.mp4","2025-01-19","22b_horiz_00059_18:12:00_2025-01-19","22b",2025-01-19 16:12:00,2025-01-19 18:12:00,251.081930423971,7.42222615293233,-156.366113939408,-1.7004988639508,-97.431407971172,262.568592028828
1,"vertical","",768,594,"22b_00011_waggle_annotations.csv","08:20:00",-0.470588235294118,-0.882352941176471,49,1,"","","",NA,NA,NA,NA,NA,NA,NA,NA,"20250120/00011.mp4","2025-01-20","22b_00011_08:20:00_2025-01-20","22b",2025-01-20 06:20:00,2025-01-20 08:20:00,96.2547699334573,37.9579724436831,48.806725570078,-0.48995732625373,-28.072486935853,331.927513064147
2,"vertical","",773,577,"22b_00011_waggle_annotations.csv","08:20:00",-0.447213595499958,-0.894427190999916,105,1,"","","",NA,NA,NA,NA,NA,NA,NA,NA,"20250120/00011.mp4","2025-01-20","22b_00011_08:20:00_2025-01-20","22b",2025-01-20 06:20:00,2025-01-20 08:20:00,96.2547699334573,37.9579724436831,48.806725570078,-0.463647609000805,-26.565051177078,333.434948822922
3,"vertical","",731,556,"22b_00011_waggle_annotations.csv","08:20:00",-0.485642931178632,-0.874157276121538,150,1,"","","",NA,NA,NA,NA,NA,NA,NA,NA,"20250120/00011.mp4","2025-01-20","22b_00011_08:20:00_2025-01-20","22b",2025-01-20 06:20:00,2025-01-20 08:20:00,96.2547699334573,37.9579724436831,48.806725570078,-0.507098504392334,-29.054604099077,330.945395900923
4,"vertical","",777,456,"22b_00011_waggle_annotations.csv","08:20:00",-0.524097425664335,-0.851658316704544,224,1,"","","",NA,NA,NA,NA,NA,NA,NA,NA,"20250120/00011.mp4","2025-01-20","22b_00011_08:20:00_2025-01-20","22b",2025-01-20 06:20:00,2025-01-20 08:20:00,96.2547699334573,37.9579724436831,48.806725570078,-0.551654982528549,-31.607502246249,328.392497753751
5,"vertical","",754,473,"22b_00011_waggle_annotations.csv","08:20:00",-0.474099823035017,-0.880471099922175,274,1,"","","",NA,NA,NA,NA,NA,NA,NA,NA,"20250120/00011.mp4","2025-01-20","22b_00011_08:20:00_2025-01-20","22b",2025-01-20 06:20:00,2025-01-20 08:20:00,96.2547699334573,37.9579724436831,48.806725570078,-0.493941368919574,-28.300755766006,331.699244233994
6,"vertical","",758,536,"22b_00011_waggle_annotations.csv","08:20:00",-0.447213595499958,-0.894427190999916,399,1,"","","",NA,NA,NA,NA,NA,NA,NA,NA,"20250120/00011.mp4","2025-01-20","22b_00011_08:20:00_2025-01-20","22b",2025-01-20 06:20:00,2025-01-20 08:20:00,96.2547699334573,37.9579724436831,48.806725570078,-0.463647609000805,-26.565051177078,333.434948822922
7,"vertical","",782,563,"22b_00011_waggle_annotations.csv","08:20:00",-0.351123441588392,-0.936329177569045,460,1,"","","",NA,NA,NA,NA,NA,NA,NA,NA,"20250120/00011.mp4","2025-01-20","22b_00011_08:20:00_2025-01-20","22b",2025-01-20 06:20:00,2025-01-20 08:20:00,96.2547699334573,37.9579724436831,48.806725570078,-0.358770670270564,-20.556045219583,339.443954780417
8,"vertical","",750,558,"22b_00011_waggle_annotations.csv","08:20:00",-0.371390676354104,-0.928476690885259,503,1,"","","",NA,NA,NA,NA,NA,NA,NA,NA,"20250120/00011.mp4","2025-01-20","22b_00011_08:20:00_2025-01-20","22b",2025-01-20 06:20:00,2025-01-20 08:20:00,96.2547699334573,37.9579724436831,48.806725570078,-0.380506377112368,-21.801409486352,338.198590513648
9,"vertical","",806,817,"22b_00011_waggle_annotations.csv","08:20:00",-0.52999894000318,-0.847998304005088,742,1,"","","",NA,NA,NA,NA,NA,NA,NA,NA,"20250120/00011.mp4","2025-01-20","22b_00011_08:20:00_2025-01-20","22b",2025-01-20 06:20:00,2025-01-20 08:20:00,96.2547699334573,37.9579724436831,48.806725570078,-0.558599315343554,-32.005383208083,327.994616791917
1,"horizontal","",883,811,"22b_00019_waggle_annotations.csv","08:36:00",-0.894427190999916,-0.447213595499958,883,1,"20_00014_waggle_annotations.csv","20_00014","C:\Users\frida\Documents\PhD\Waggle_dance\wd_SA2025\wd_annotator\mp4\Fereshteh\20250120\00014.mp4",10,199.729,1.308,0.9997,-21.27,220.999,NA,75.566051177078,"20250120/00019.mp4","2025-01-20","22b_00019_08:36:00_2025-01-20","22b",2025-01-20 06:36:00,2025-01-20 08:36:00,94.8142218637529,41.5453333821896,47.3661775003735,-1.10714871779409,-63.4349488229221,296.565051177078
2,"horizontal","",867,802,"22b_00019_waggle_annotations.csv","08:36:00",-0.911921505175106,-0.410364677328798,928,1,"20_00014_waggle_annotations.csv","20_00014","C:\Users\frida\Documents\PhD\Waggle_dance\wd_SA2025\wd_annotator\mp4\Fereshteh\20250120\00014.mp4",10,199.729,1.308,0.9997,-21.27,220.999,NA,73.228745317954,"20250120/00019.mp4","2025-01-20","22b_00019_08:36:00_2025-01-20","22b",2025-01-20 06:36:00,2025-01-20 08:36:00,94.8142218637529,41.5453333821896,47.3661775003735,-1.14794240066196,-65.772254682046,294.227745317954
3,"horizontal","",874,815,"22b_00019_waggle_annotations.csv","08:36:00",-0.884918222381982,-0.465746432832622,983,1,"20_00014_waggle_annotations.csv","20_00014","C:\Users\frida\Documents\PhD\Waggle_dance\wd_SA2025\wd_annotator\mp4\Fereshteh\20250120\00014.mp4",10,199.729,1.308,0.9997,-21.27,220.999,NA,76.75954060106,"20250120/00019.mp4","2025-01-20","22b_00019_08:36:00_2025-01-20","22b",2025-01-20 06:36:00,2025-01-20 08:36:00,94.8142218637529,41.5453333821896,47.3661775003735,-1.08631839775787,-62.24145939894,297.75854060106
4,"horizontal","",867,821,"22b_00019_waggle_annotations.csv","08:36:00",-0.919145030018058,-0.393919298579168,1036,1,"20_00014_waggle_annotations.csv","20_00014","C:\Users\frida\Documents\PhD\Waggle_dance\wd_SA2025\wd_annotator\mp4\Fereshteh\20250120\00014.mp4",10,199.729,1.308,0.9997,-21.27,220.999,NA,72.199590513648,"20250120/00019.mp4","2025-01-20","22b_00019_08:36:00_2025-01-20","22b",2025-01-20 06:36:00,2025-01-20 08:36:00,94.8142218637529,41.5453333821896,47.3661775003735,-1.16590454050982,-66.801409486352,293.198590513648
5,"horizontal","",842,830,"22b_00019_waggle_annotations.csv","08:36:00",-0.926092359769548,-0.377296887313519,1087,1,"20_00014_waggle_annotations.csv","20_00014","C:\Users\frida\Documents\PhD\Waggle_dance\wd_SA2025\wd_annotator\mp4\Fereshteh\20250120\00014.mp4",10,199.729,1.308,0.9997,-21.27,220.999,NA,71.167345822082,"20250120/00019.mp4","2025-01-20","22b_00019_08:36:00_2025-01-20","22b",2025-01-20 06:36:00,2025-01-20 08:36:00,94.8142218637529,41.5453333821896,47.3661775003735,-1.18392060906388,-67.833654177918,292.166345822082
6,"horizontal","",866,805,"22b_00019_waggle_annotations.csv","08:36:00",-0.903737838893539,-0.428086344739045,1136,1,"20_00014_waggle_annotations.csv","20_00014","C:\Users\frida\Documents\PhD\Waggle_dance\wd_SA2025\wd_annotator\mp4\Fereshteh\20250120\00014.mp4",10,199.729,1.308,0.9997,-21.27,220.999,NA,74.347175941947,"20250120/00019.mp4","2025-01-20","22b_00019_08:36:00_2025-01-20","22b",2025-01-20 06:36:00,2025-01-20 08:36:00,94.8142218637529,41.5453333821896,47.3661775003735,-1.12842210381815,-64.653824058053,295.346175941947
7,"horizontal","",851,852,"22b_00019_waggle_annotations.csv","08:36:00",-0.845488903030971,-0.533992991387982,1193,1,"20_00014_waggle_annotations.csv","20_00014","C:\Users\frida\Documents\PhD\Waggle_dance\wd_SA2025\wd_annotator\mp4\Fereshteh\20250120\00014.mp4",10,199.729,1.308,0.9997,-21.27,220.999,NA,81.276644314578,"20250120/00019.mp4","2025-01-20","22b_00019_08:36:00_2025-01-20","22b",2025-01-20 06:36:00,2025-01-20 08:36:00,94.8142218637529,41.5453333821896,47.3661775003735,-1.00748006530292,-57.724355685422,302.275644314578
1,"horizontal","",521,823,"22b_00023_waggle_annotations.csv","08:53:00",-0.948683298050514,0.316227766016838,92,1,"20_00014_waggle_annotations.csv","20_00014","C:\Users\frida\Documents\PhD\Waggle_dance\wd_SA2025\wd_annotator\mp4\Fereshteh\20250120\00014.mp4",10,199.729,1.308,0.9997,-21.27,220.999,NA,30.566051177078,"20250120/00023.mp4","2025-01-20","22b_00023_08:53:00_2025-01-20","22b",2025-01-20 06:53:00,2025-01-20 08:53:00,93.2307019919646,45.3656694062492,45.7826576285852,-1.89254688119154,-108.434948822922,251.565051177078
2,"horizontal","",532,838,"22b_00023_waggle_annotations.csv","08:53:00",-0.991227900682635,0.132163720091018,148,1,"20_00014_waggle_annotations.csv","20_00014","C:\Users\frida\Documents\PhD\Waggle_dance\wd_SA2025\wd_annotator\mp4\Fereshteh\20250120\00014.mp4",10,199.729,1.308,0.9997,-21.27,220.999,NA,41.406356631409,"20250120/00023.mp4","2025-01-20","22b_00023_08:53:00_2025-01-20","22b",2025-01-20 06:53:00,2025-01-20 08:53:00,93.2307019919646,45.3656694062492,45.7826576285852,-1.70334785909156,-97.594643368591,262.405356631409
3,"horizontal","",540,848,"22b_00023_waggle_annotations.csv","08:53:00",-0.8,-0.6,191,1,"20_00014_waggle_annotations.csv","20_00014","C:\Users\frida\Documents\PhD\Waggle_dance\wd_SA2025\wd_annotator\mp4\Fereshteh\20250120\00014.mp4",10,199.729,1.308,0.9997,-21.27,220.999,NA,85.870897645844,"20250120/00023.mp4","2025-01-20","22b_00023_08:53:00_2025-01-20","22b",2025-01-20 06:53:00,2025-01-20 08:53:00,93.2307019919646,45.3656694062492,45.7826576285852,-0.927295218001613,-53.130102354156,306.869897645844
4,"horizontal","",511,850,"22b_00023_waggle_annotations.csv","08:53:00",NA,0,228,1,"20_00014_waggle_annotations.csv","20_00014","C:\Users\frida\Documents\PhD\Waggle_dance\wd_SA2025\wd_annotator\mp4\Fereshteh\20250120\00014.mp4",10,199.729,1.308,0.9997,-21.27,220.999,NA,49.001,"20250120/00023.mp4","2025-01-20","22b_00023_08:53:00_2025-01-20","22b",2025-01-20 06:53:00,2025-01-20 08:53:00,93.2307019919646,45.3656694062492,45.7826576285852,-1.5707963267949,-90,270
5,"horizontal","",530,852,"22b_00023_waggle_annotations.csv","08:53:00",-0.78086880944303,-0.624695047554424,288,1,"20_00014_waggle_annotations.csv","20_00014","C:\Users\frida\Documents\PhD\Waggle_dance\wd_SA2025\wd_annotator\mp4\Fereshteh\20250120\00014.mp4",10,199.729,1.308,0.9997,-21.27,220.999,NA,87.66080825409,"20250120/00023.mp4","2025-01-20","22b_00023_08:53:00_2025-01-20","22b",2025-01-20 06:53:00,2025-01-20 08:53:00,93.2307019919646,45.3656694062492,45.7826576285852,-0.896055384571345,-51.34019174591,308.65980825409
6,"horizontal","",500,905,"22b_00023_waggle_annotations.csv","08:53:00",-0.743294146247166,-0.66896473162245,331,1,"20_00014_waggle_annotations.csv","20_00014","C:\Users\frida\Documents\PhD\Waggle_dance\wd_SA2025\wd_annotator\mp4\Fereshteh\20250120\00014.mp4",10,199.729,1.308,0.9997,-21.27,220.999,NA,90.988212495817,"20250120/00023.mp4","2025-01-20","22b_00023_08:53:00_2025-01-20","22b",2025-01-20 06:53:00,2025-01-20 08:53:00,93.2307019919646,45.3656694062492,45.7826576285852,-0.837981225008385,-48.012787504183,311.987212495817
7,"horizontal","",480,829,"22b_00023_waggle_annotations.csv","08:53:00",-0.64018439966448,-0.768221279597376,385,1,"20_00014_waggle_annotations.csv","20_00014","C:\Users\frida\Documents\PhD\Waggle_dance\wd_SA2025\wd_annotator\mp4\Fereshteh\20250120\00014.mp4",10,199.729,1.308,0.9997,-21.27,220.999,NA,99.195428907735,"20250120/00023.mp4","2025-01-20","22b_00023_08:53:00_2025-01-20","22b",2025-01-20 06:53:00,2025-01-20 08:53:00,93.2307019919646,45.3656694062492,45.7826576285852,-0.6947382761967,-39.805571092265,320.194428907735
8,"horizontal","",454,827,"22b_00023_waggle_annotations.csv","08:53:00",-0.78086880944303,-0.624695047554424,390,1,"20_00014_waggle_annotations.csv","20_00014","C:\Users\frida\Documents\PhD\Waggle_dance\wd_SA2025\wd_annotator\mp4\Fereshteh\20250120\00014.mp4",10,199.729,1.308,0.9997,-21.27,220.999,NA,87.66080825409,"20250120/00023.mp4","2025-01-20","22b_00023_08:53:00_2025-01-20","22b",2025-01-20 06:53:00,2025-01-20 08:53:00,93.2307019919646,45.3656694062492,45.7826576285852,-0.896055384571345,-51.34019174591,308.65980825409
9,"horizontal","",448,823,"22b_00023_waggle_annotations.csv","08:53:00",-0.993883734673619,0.110431526074847,430,1,"20_00014_waggle_annotations.csv","20_00014","C:\Users\frida\Documents\PhD\Waggle_dance\wd_SA2025\wd_annotator\mp4\Fereshteh\20250120\00014.mp4",10,199.729,1.308,0.9997,-21.27,220.999,NA,42.66080825409,"20250120/00023.mp4","2025-01-20","22b_00023_08:53:00_2025-01-20","22b",2025-01-20 06:53:00,2025-01-20 08:53:00,93.2307019919646,45.3656694062492,45.7826576285852,-1.68145354796879,-96.34019174591,263.65980825409
10,"horizontal","",398,817,"22b_00023_waggle_annotations.csv","08:53:00",-0.868243142124459,-0.496138938356834,488,1,"20_00014_waggle_annotations.csv","20_00014","C:\Users\frida\Documents\PhD\Waggle_dance\wd_SA2025\wd_annotator\mp4\Fereshteh\20250120\00014.mp4",10,199.729,1.308,0.9997,-21.27,220.999,NA,78.745881296942,"20250120/00023.mp4","2025-01-20","22b_00023_08:53:00_2025-01-20","22b",2025-01-20 06:53:00,2025-01-20 08:53:00,93.2307019919646,45.3656694062492,45.7826576285852,-1.05165021254838,-60.255118703058,299.744881296942
11,"horizontal","",391,884,"22b_00023_waggle_annotations.csv","08:53:00",-0.894427190999916,-0.447213595499958,528,1,"20_00014_waggle_annotations.csv","20_00014","C:\Users\frida\Documents\PhD\Waggle_dance\wd_SA2025\wd_annotator\mp4\Fereshteh\20250120\00014.mp4",10,199.729,1.308,0.9997,-21.27,220.999,NA,75.566051177078,"20250120/00023.mp4","2025-01-20","22b_00023_08:53:00_2025-01-20","22b",2025-01-20 06:53:00,2025-01-20 08:53:00,93.2307019919646,45.3656694062492,45.7826576285852,-1.10714871779409,-63.4349488229221,296.565051177078
12,"horizontal","",384,853,"22b_00023_waggle_annotations.csv","08:53:00",-0.857492925712544,-0.514495755427527,576,1,"20_00014_waggle_annotations.csv","20_00014","C:\Users\frida\Documents\PhD\Waggle_dance\wd_SA2025\wd_annotator\mp4\Fereshteh\20250120\00014.mp4",10,199.729,1.308,0.9997,-21.27,220.999,NA,79.964756532074,"20250120/00023.mp4","2025-01-20","22b_00023_08:53:00_2025-01-20","22b",2025-01-20 06:53:00,2025-01-20 08:53:00,93.2307019919646,45.3656694062492,45.7826576285852,-1.0303768265243,-59.036243467926,300.963756532074
13,"horizontal","",333,890,"22b_00023_waggle_annotations.csv","08:53:00",-0.936329177569045,-0.351123441588392,725,1,"20_00014_waggle_annotations.csv","20_00014","C:\Users\frida\Documents\PhD\Waggle_dance\wd_SA2025\wd_annotator\mp4\Fereshteh\20250120\00014.mp4",10,199.729,1.308,0.9997,-21.27,220.999,NA,69.557045219583,"20250120/00023.mp4","2025-01-20","22b_00023_08:53:00_2025-01-20","22b",2025-01-20 06:53:00,2025-01-20 08:53:00,93.2307019919646,45.3656694062492,45.7826576285852,-1.21202565652433,-69.4439547804171,290.556045219583
14,"horizontal","",344,878,"22b_00023_waggle_annotations.csv","08:53:00",-0.894427190999916,-0.447213595499958,770,1,"20_00014_waggle_annotations.csv","20_00014","C:\Users\frida\Documents\PhD\Waggle_dance\wd_SA2025\wd_annotator\mp4\Fereshteh\20250120\00014.mp4",10,199.729,1.308,0.9997,-21.27,220.999,NA,75.566051177078,"20250120/00023.mp4","2025-01-20","22b_00023_08:53:00_2025-01-20","22b",2025-01-20 06:53:00,2025-01-20 08:53:00,93.2307019919646,45.3656694062492,45.7826576285852,-1.10714871779409,-63.4349488229221,296.565051177078
15,"horizontal","",339,861,"22b_00023_waggle_annotations.csv","08:53:00",-0.919145030018058,-0.393919298579168,831,1,"20_00014_waggle_annotations.csv","20_00014","C:\Users\frida\Documents\PhD\Waggle_dance\wd_SA2025\wd_annotator\mp4\Fereshteh\20250120\00014.mp4",10,199.729,1.308,0.9997,-21.27,220.999,NA,72.199590513648,"20250120/00023.mp4","2025-01-20","22b_00023_08:53:00_2025-01-20","22b",2025-01-20 06:53:00,2025-01-20 08:53:00,93.2307019919646,45.3656694062492,45.7826576285852,-1.16590454050982,-66.801409486352,293.198590513648
16,"horizontal","",331,846,"22b_00023_waggle_annotations.csv","08:53:00",-0.913811548620257,-0.406138466053448,864,1,"20_00014_waggle_annotations.csv","20_00014","C:\Users\frida\Documents\PhD\Waggle_dance\wd_SA2025\wd_annotator\mp4\Fereshteh\20250120\00014.mp4",10,199.729,1.308,0.9997,-21.27,220.999,NA,72.963488974578,"20250120/00023.mp4","2025-01-20","22b_00023_08:53:00_2025-01-20","22b",2025-01-20 06:53:00,2025-01-20 08:53:00,93.2307019919646,45.3656694062492,45.7826576285852,-1.15257199721567,-66.037511025422,293.962488974578
17,"horizontal","",351,820,"22b_00023_waggle_annotations.csv","08:53:00",-0.880471099922175,-0.474099823035017,920,1,"20_00014_waggle_annotations.csv","20_00014","C:\Users\frida\Documents\PhD\Waggle_dance\wd_SA2025\wd_annotator\mp4\Fereshteh\20250120\00014.mp4",10,199.729,1.308,0.9997,-21.27,220.999,NA,77.301755766006,"20250120/00023.mp4","2025-01-20","22b_00023_08:53:00_2025-01-20","22b",2025-01-20 06:53:00,2025-01-20 08:53:00,93.2307019919646,45.3656694062492,45.7826576285852,-1.07685495787532,-61.6992442339941,298.300755766006
18,"horizontal","",320,872,"22b_00023_waggle_annotations.csv","08:53:00",-0.894427190999916,-0.447213595499958,977,1,"20_00014_waggle_annotations.csv","20_00014","C:\Users\frida\Documents\PhD\Waggle_dance\wd_SA2025\wd_annotator\mp4\Fereshteh\20250120\00014.mp4",10,199.729,1.308,0.9997,-21.27,220.999,NA,75.566051177078,"20250120/00023.mp4","2025-01-20","22b_00023_08:53:00_2025-01-20","22b",2025-01-20 06:53:00,2025-01-20 08:53:00,93.2307019919646,45.3656694062492,45.7826576285852,-1.10714871779409,-63.4349488229221,296.565051177078
19,"horizontal","",295,890,"22b_00023_waggle_annotations.csv","08:53:00",-0.894427190999916,-0.447213595499958,1019,1,"20_00014_waggle_annotations.csv","20_00014","C:\Users\frida\Documents\PhD\Waggle_dance\wd_SA2025\wd_annotator\mp4\Fereshteh\20250120\00014.mp4",10,199.729,1.308,0.9997,-21.27,220.999,NA,75.566051177078,"20250120/00023.mp4","2025-01-20","22b_00023_08:53:00_2025-01-20","22b",2025-01-20 06:53:00,2025-01-20 08:53:00,93.2307019919646,45.3656694062492,45.7826576285852,-1.10714871779409,-63.4349488229221,296.565051177078
20,"horizontal","",285,845,"22b_00023_waggle_annotations.csv","08:53:00",-0.874157276121538,-0.485642931178632,1062,1,"20_00014_waggle_annotations.csv","20_00014","C:\Users\frida\Documents\PhD\Waggle_dance\wd_SA2025\wd_annotator\mp4\Fereshteh\20250120\00014.mp4",10,199.729,1.308,0.9997,-21.27,220.999,NA,78.055604099077,"20250120/00023.mp4","2025-01-20","22b_00023_08:53:00_2025-01-20","22b",2025-01-20 06:53:00,2025-01-20 08:53:00,93.2307019919646,45.3656694062492,45.7826576285852,-1.06369782240256,-60.945395900923,299.054604099077
21,"horizontal","",291,872,"22b_00023_waggle_annotations.csv","08:53:00",-0.928476690885259,-0.371390676354104,1104,1,"20_00014_waggle_annotations.csv","20_00014","C:\Users\frida\Documents\PhD\Waggle_dance\wd_SA2025\wd_annotator\mp4\Fereshteh\20250120\00014.mp4",10,199.729,1.308,0.9997,-21.27,220.999,NA,70.802409486352,"20250120/00023.mp4","2025-01-20","22b_00023_08:53:00_2025-01-20","22b",2025-01-20 06:53:00,2025-01-20 08:53:00,93.2307019919646,45.3656694062492,45.7826576285852,-1.19028994968253,-68.198590513648,291.801409486352
22,"horizontal","",309,836,"22b_00023_waggle_annotations.csv","08:53:00",-0.874157276121538,-0.485642931178632,1150,1,"20_00014_waggle_annotations.csv","20_00014","C:\Users\frida\Documents\PhD\Waggle_dance\wd_SA2025\wd_annotator\mp4\Fereshteh\20250120\00014.mp4",10,199.729,1.308,0.9997,-21.27,220.999,NA,78.055604099077,"20250120/00023.mp4","2025-01-20","22b_00023_08:53:00_2025-01-20","22b",2025-01-20 06:53:00,2025-01-20 08:53:00,93.2307019919646,45.3656694062492,45.7826576285852,-1.06369782240256,-60.945395900923,299.054604099077
23,"horizontal","",287,836,"22b_00023_waggle_annotations.csv","08:53:00",-0.874157276121538,-0.485642931178632,1195,1,"20_00014_waggle_annotations.csv","20_00014","C:\Users\frida\Documents\PhD\Waggle_dance\wd_SA2025\wd_annotator\mp4\Fereshteh\20250120\00014.mp4",10,199.729,1.308,0.9997,-21.27,220.999,NA,78.055604099077,"20250120/00023.mp4","2025-01-20","22b_00023_08:53:00_2025-01-20","22b",2025-01-20 06:53:00,2025-01-20 08:53:00,93.2307019919646,45.3656694062492,45.7826576285852,-1.06369782240256,-60.945395900923,299.054604099077
24,"horizontal","",281,847,"22b_00023_waggle_annotations.csv","08:53:00",-0.923076923076923,-0.384615384615385,1245,1,"20_00014_waggle_annotations.csv","20_00014","C:\Users\frida\Documents\PhD\Waggle_dance\wd_SA2025\wd_annotator\mp4\Fereshteh\20250120\00014.mp4",10,199.729,1.308,0.9997,-21.27,220.999,NA,71.62086494804,"20250120/00023.mp4","2025-01-20","22b_00023_08:53:00_2025-01-20","22b",2025-01-20 06:53:00,2025-01-20 08:53:00,93.2307019919646,45.3656694062492,45.7826576285852,-1.17600520709514,-67.38013505196,292.61986494804
25,"horizontal","",294,856,"22b_00023_waggle_annotations.csv","08:53:00",-0.894427190999916,-0.447213595499958,1291,1,"20_00014_waggle_annotations.csv","20_00014","C:\Users\frida\Documents\PhD\Waggle_dance\wd_SA2025\wd_annotator\mp4\Fereshteh\20250120\00014.mp4",10,199.729,1.308,0.9997,-21.27,220.999,NA,75.566051177078,"20250120/00023.mp4","2025-01-20","22b_00023_08:53:00_2025-01-20","22b",2025-01-20 06:53:00,2025-01-20 08:53:00,93.2307019919646,45.3656694062492,45.7826576285852,-1.10714871779409,-63.4349488229221,296.565051177078
26,"horizontal","",261,838,"22b_00023_waggle_annotations.csv","08:53:00",-0.948683298050514,-0.316227766016838,1332,1,"20_00014_waggle_annotations.csv","20_00014","C:\Users\frida\Documents\PhD\Waggle_dance\wd_SA2025\wd_annotator\mp4\Fereshteh\20250120\00014.mp4",10,199.729,1.308,0.9997,-21.27,220.999,NA,67.435948822922,"20250120/00023.mp4","2025-01-20","22b_00023_08:53:00_2025-01-20","22b",2025-01-20 06:53:00,2025-01-20 08:53:00,93.2307019919646,45.3656694062492,45.7826576285852,-1.24904577239825,-71.565051177078,288.434948822922
27,"horizontal","",221,854,"22b_00023_waggle_annotations.csv","08:53:00",-0.894427190999916,-0.447213595499958,1376,1,"20_00014_waggle_annotations.csv","20_00014","C:\Users\frida\Documents\PhD\Waggle_dance\wd_SA2025\wd_annotator\mp4\Fereshteh\20250120\00014.mp4",10,199.729,1.308,0.9997,-21.27,220.999,NA,75.566051177078,"20250120/00023.mp4","2025-01-20","22b_00023_08:53:00_2025-01-20","22b",2025-01-20 06:53:00,2025-01-20 08:53:00,93.2307019919646,45.3656694062492,45.7826576285852,-1.10714871779409,-63.4349488229221,296.565051177078
28,"horizontal","",173,788,"22b_00023_waggle_annotations.csv","08:53:00",-0.894427190999916,-0.447213595499958,1431,1,"20_00014_waggle_annotations.csv","20_00014","C:\Users\frida\Documents\PhD\Waggle_dance\wd_SA2025\wd_annotator\mp4\Fereshteh\20250120\00014.mp4",10,199.729,1.308,0.9997,-21.27,220.999,NA,75.566051177078,"20250120/00023.mp4","2025-01-20","22b_00023_08:53:00_2025-01-20","22b",2025-01-20 06:53:00,2025-01-20 08:53:00,93.2307019919646,45.3656694062492,45.7826576285852,-1.10714871779409,-63.4349488229221,296.565051177078
29,"horizontal","",169,810,"22b_00023_waggle_annotations.csv","08:53:00",-0.911921505175106,-0.410364677328798,1481,1,"20_00014_waggle_annotations.csv","20_00014","C:\Users\frida\Documents\PhD\Waggle_dance\wd_SA2025\wd_annotator\mp4\Fereshteh\20250120\00014.mp4",10,199.729,1.308,0.9997,-21.27,220.999,NA,73.228745317954,"20250120/00023.mp4","2025-01-20","22b_00023_08:53:00_2025-01-20","22b",2025-01-20 06:53:00,2025-01-20 08:53:00,93.2307019919646,45.3656694062492,45.7826576285852,-1.14794240066196,-65.772254682046,294.227745317954
1,"vertical","only four dance was recorded",1810,416,"22b_00035_waggle_annotations.csv","12:17:00",0.813733471206735,0.581238193719097,14,1,"","","",NA,NA,NA,NA,NA,NA,NA,NA,"20250120/00035.mp4","2025-01-20","22b_00035_12:17:00_2025-01-20","22b",2025-01-20 10:17:00,2025-01-20 12:17:00,335.605747736597,83.9277347877879,-71.8422966267824,2.19104581277771,125.537677791974,125.537677791974
2,"vertical","only four dance was recorded",1913,635,"22b_00035_waggle_annotations.csv","12:17:00",0,NA,157,1,"","","",NA,NA,NA,NA,NA,NA,NA,NA,"20250120/00035.mp4","2025-01-20","22b_00035_12:17:00_2025-01-20","22b",2025-01-20 10:17:00,2025-01-20 12:17:00,335.605747736597,83.9277347877879,-71.8422966267824,3.14159265358979,180,180
3,"vertical","only four dance was recorded",1913,590,"22b_00035_waggle_annotations.csv","12:17:00",1,0,265,1,"","","",NA,NA,NA,NA,NA,NA,NA,NA,"20250120/00035.mp4","2025-01-20","22b_00035_12:17:00_2025-01-20","22b",2025-01-20 10:17:00,2025-01-20 12:17:00,335.605747736597,83.9277347877879,-71.8422966267824,1.5707963267949,90,90
4,"vertical","only four dance was recorded",1904,619,"22b_00035_waggle_annotations.csv","12:17:00",0.8,0.6,319,1,"","","",NA,NA,NA,NA,NA,NA,NA,NA,"20250120/00035.mp4","2025-01-20","22b_00035_12:17:00_2025-01-20","22b",2025-01-20 10:17:00,2025-01-20 12:17:00,335.605747736597,83.9277347877879,-71.8422966267824,2.21429743558818,126.869897645844,126.869897645844
1,"vertical","",1460,684,"22b_00037_waggle_annotations.csv","12:21:00",0.907959384500452,0.419058177461747,29,1,"","","",NA,NA,NA,NA,NA,NA,NA,NA,"20250120/00037.mp4","2025-01-20","22b_00037_12:21:00_2025-01-20","22b",2025-01-20 10:21:00,2025-01-20 12:21:00,327.959623553452,83.5000421518579,-79.4884208099271,2.00320410236544,114.775140568832,114.775140568832
2,"vertical","",1425,717,"22b_00037_waggle_annotations.csv","12:21:00",0.847998304005088,0.52999894000318,68,1,"","","",NA,NA,NA,NA,NA,NA,NA,NA,"20250120/00037.mp4","2025-01-20","22b_00037_12:21:00_2025-01-20","22b",2025-01-20 10:21:00,2025-01-20 12:21:00,327.959623553452,83.5000421518579,-79.4884208099271,2.12939564213847,122.005383208084,122.005383208084
3,"vertical","",1457,611,"22b_00037_waggle_annotations.csv","12:21:00",0.874157276121538,0.485642931178632,116,1,"","","",NA,NA,NA,NA,NA,NA,NA,NA,"20250120/00037.mp4","2025-01-20","22b_00037_12:21:00_2025-01-20","22b",2025-01-20 10:21:00,2025-01-20 12:21:00,327.959623553452,83.5000421518579,-79.4884208099271,2.07789483118723,119.054604099077,119.054604099077
4,"vertical","",1484,641,"22b_00037_waggle_annotations.csv","12:21:00",0.907959384500452,0.419058177461747,150,1,"","","",NA,NA,NA,NA,NA,NA,NA,NA,"20250120/00037.mp4","2025-01-20","22b_00037_12:21:00_2025-01-20","22b",2025-01-20 10:21:00,2025-01-20 12:21:00,327.959623553452,83.5000421518579,-79.4884208099271,2.00320410236544,114.775140568832,114.775140568832
5,"vertical","",1509,608,"22b_00037_waggle_annotations.csv","12:21:00",0.8,0.6,202,1,"","","",NA,NA,NA,NA,NA,NA,NA,NA,"20250120/00037.mp4","2025-01-20","22b_00037_12:21:00_2025-01-20","22b",2025-01-20 10:21:00,2025-01-20 12:21:00,327.959623553452,83.5000421518579,-79.4884208099271,2.21429743558818,126.869897645844,126.869897645844
6,"vertical","",1530,625,"22b_00037_waggle_annotations.csv","12:21:00",0.894427190999916,0.447213595499958,254,1,"","","",NA,NA,NA,NA,NA,NA,NA,NA,"20250120/00037.mp4","2025-01-20","22b_00037_12:21:00_2025-01-20","22b",2025-01-20 10:21:00,2025-01-20 12:21:00,327.959623553452,83.5000421518579,-79.4884208099271,2.0344439357957,116.565051177078,116.565051177078
7,"vertical","",1519,589,"22b_00037_waggle_annotations.csv","12:21:00",0.894427190999916,0.447213595499958,307,1,"","","",NA,NA,NA,NA,NA,NA,NA,NA,"20250120/00037.mp4","2025-01-20","22b_00037_12:21:00_2025-01-20","22b",2025-01-20 10:21:00,2025-01-20 12:21:00,327.959623553452,83.5000421518579,-79.4884208099271,2.0344439357957,116.565051177078,116.565051177078
8,"vertical","",1525,600,"22b_00037_waggle_annotations.csv","12:21:00",0.707106781186548,0.707106781186548,345,1,"","","",NA,NA,NA,NA,NA,NA,NA,NA,"20250120/00037.mp4","2025-01-20","22b_00037_12:21:00_2025-01-20","22b",2025-01-20 10:21:00,2025-01-20 12:21:00,327.959623553452,83.5000421518579,-79.4884208099271,2.35619449019234,135,135
9,"vertical","",1533,559,"22b_00037_waggle_annotations.csv","12:21:00",0.986393923832144,0.164398987305357,394,1,"","","",NA,NA,NA,NA,NA,NA,NA,NA,"20250120/00037.mp4","2025-01-20","22b_00037_12:21:00_2025-01-20","22b",2025-01-20 10:21:00,2025-01-20 12:21:00,327.959623553452,83.5000421518579,-79.4884208099271,1.73594500420952,99.4623222080256,99.4623222080256
10,"vertical","",1520,511,"22b_00037_waggle_annotations.csv","12:21:00",0.936329177569045,0.351123441588392,438,1,"","","",NA,NA,NA,NA,NA,NA,NA,NA,"20250120/00037.mp4","2025-01-20","22b_00037_12:21:00_2025-01-20","22b",2025-01-20 10:21:00,2025-01-20 12:21:00,327.959623553452,83.5000421518579,-79.4884208099271,1.92956699706546,110.556045219583,110.556045219583
11,"vertical","",1554,467,"22b_00037_waggle_annotations.csv","12:21:00",0.8,0.6,483,1,"","","",NA,NA,NA,NA,NA,NA,NA,NA,"20250120/00037.mp4","2025-01-20","22b_00037_12:21:00_2025-01-20","22b",2025-01-20 10:21:00,2025-01-20 12:21:00,327.959623553452,83.5000421518579,-79.4884208099271,2.21429743558818,126.869897645844,126.869897645844
12,"vertical","",1604,481,"22b_00037_waggle_annotations.csv","12:21:00",0.8,0.6,522,1,"","","",NA,NA,NA,NA,NA,NA,NA,NA,"20250120/00037.mp4","2025-01-20","22b_00037_12:21:00_2025-01-20","22b",2025-01-20 10:21:00,2025-01-20 12:21:00,327.959623553452,83.5000421518579,-79.4884208099271,2.21429743558818,126.869897645844,126.869897645844
13,"vertical","",1649,495,"22b_00037_waggle_annotations.csv","12:21:00",0.707106781186548,0.707106781186548,567,1,"","","",NA,NA,NA,NA,NA,NA,NA,NA,"20250120/00037.mp4","2025-01-20","22b_00037_12:21:00_2025-01-20","22b",2025-01-20 10:21:00,2025-01-20 12:21:00,327.959623553452,83.5000421518579,-79.4884208099271,2.35619449019234,135,135
14,"vertical","",1682,465,"22b_00037_waggle_annotations.csv","12:21:00",0.816024481101655,0.578017340780339,608,1,"","","",NA,NA,NA,NA,NA,NA,NA,NA,"20250120/00037.mp4","2025-01-20","22b_00037_12:21:00_2025-01-20","22b",2025-01-20 10:21:00,2025-01-20 12:21:00,327.959623553452,83.5000421518579,-79.4884208099271,2.18709326419096,125.311213439633,125.311213439633
15,"vertical","",1715,471,"22b_00037_waggle_annotations.csv","12:21:00",1,0,666,1,"","","",NA,NA,NA,NA,NA,NA,NA,NA,"20250120/00037.mp4","2025-01-20","22b_00037_12:21:00_2025-01-20","22b",2025-01-20 10:21:00,2025-01-20 12:21:00,327.959623553452,83.5000421518579,-79.4884208099271,1.5707963267949,90,90
16,"vertical","",1742,492,"22b_00037_waggle_annotations.csv","12:21:00",0.514495755427527,0.857492925712544,707,1,"","","",NA,NA,NA,NA,NA,NA,NA,NA,"20250120/00037.mp4","2025-01-20","22b_00037_12:21:00_2025-01-20","22b",2025-01-20 10:21:00,2025-01-20 12:21:00,327.959623553452,83.5000421518579,-79.4884208099271,2.6011731533192,149.036243467926,149.036243467926
17,"vertical","",1813,497,"22b_00037_waggle_annotations.csv","12:21:00",0.868243142124459,0.496138938356834,757,1,"","","",NA,NA,NA,NA,NA,NA,NA,NA,"20250120/00037.mp4","2025-01-20","22b_00037_12:21:00_2025-01-20","22b",2025-01-20 10:21:00,2025-01-20 12:21:00,327.959623553452,83.5000421518579,-79.4884208099271,2.08994244104142,119.744881296942,119.744881296942
18,"vertical","",1843,536,"22b_00037_waggle_annotations.csv","12:21:00",0.928476690885259,0.371390676354104,810,1,"","","",NA,NA,NA,NA,NA,NA,NA,NA,"20250120/00037.mp4","2025-01-20","22b_00037_12:21:00_2025-01-20","22b",2025-01-20 10:21:00,2025-01-20 12:21:00,327.959623553452,83.5000421518579,-79.4884208099271,1.95130270390726,111.801409486352,111.801409486352
1,"horizontal","",1080,723,"22b_00053_waggle_annotations.csv","16:34:00",NA,0,335,1,"20_00051_waggle_annotations.csv","20_00051","C:\Users\frida\Documents\PhD\Waggle_dance\wd_SA2025\wd_annotator\mp4\Fereshteh\20250120\00051.mp4",10,190.914,0.772,0.9999,-21.27,212.184,NA,57.816,"20250120/00053.mp4","2025-01-20","22b_00053_16:34:00_2025-01-20","22b",2025-01-20 14:34:00,2025-01-20 16:34:00,260.217978573036,28.7170678334827,-147.230065790343,-1.5707963267949,-90,270
2,"horizontal","",1105,711,"22b_00053_waggle_annotations.csv","16:34:00",-0.989949493661167,0.14142135623731,381,1,"20_00051_waggle_annotations.csv","20_00051","C:\Users\frida\Documents\PhD\Waggle_dance\wd_SA2025\wd_annotator\mp4\Fereshteh\20250120\00051.mp4",10,190.914,0.772,0.9999,-21.27,212.184,NA,49.685897645844,"20250120/00053.mp4","2025-01-20","22b_00053_16:34:00_2025-01-20","22b",2025-01-20 14:34:00,2025-01-20 16:34:00,260.217978573036,28.7170678334827,-147.230065790343,-1.71269338139906,-98.130102354156,261.869897645844
3,"horizontal","",986,761,"22b_00053_waggle_annotations.csv","16:34:00",NA,0,441,1,"20_00051_waggle_annotations.csv","20_00051","C:\Users\frida\Documents\PhD\Waggle_dance\wd_SA2025\wd_annotator\mp4\Fereshteh\20250120\00051.mp4",10,190.914,0.772,0.9999,-21.27,212.184,NA,57.816,"20250120/00053.mp4","2025-01-20","22b_00053_16:34:00_2025-01-20","22b",2025-01-20 14:34:00,2025-01-20 16:34:00,260.217978573036,28.7170678334827,-147.230065790343,-1.5707963267949,-90,270
4,"horizontal","",946,795,"22b_00053_waggle_annotations.csv","16:34:00",NA,0,484,1,"20_00051_waggle_annotations.csv","20_00051","C:\Users\frida\Documents\PhD\Waggle_dance\wd_SA2025\wd_annotator\mp4\Fereshteh\20250120\00051.mp4",10,190.914,0.772,0.9999,-21.27,212.184,NA,57.816,"20250120/00053.mp4","2025-01-20","22b_00053_16:34:00_2025-01-20","22b",2025-01-20 14:34:00,2025-01-20 16:34:00,260.217978573036,28.7170678334827,-147.230065790343,-1.5707963267949,-90,270
5,"horizontal","",939,767,"22b_00053_waggle_annotations.csv","16:34:00",NA,0,534,1,"20_00051_waggle_annotations.csv","20_00051","C:\Users\frida\Documents\PhD\Waggle_dance\wd_SA2025\wd_annotator\mp4\Fereshteh\20250120\00051.mp4",10,190.914,0.772,0.9999,-21.27,212.184,NA,57.816,"20250120/00053.mp4","2025-01-20","22b_00053_16:34:00_2025-01-20","22b",2025-01-20 14:34:00,2025-01-20 16:34:00,260.217978573036,28.7170678334827,-147.230065790343,-1.5707963267949,-90,270
6,"horizontal","",986,833,"22b_00053_waggle_annotations.csv","16:34:00",-0.983869910099907,0.178885438199983,582,1,"20_00051_waggle_annotations.csv","20_00051","C:\Users\frida\Documents\PhD\Waggle_dance\wd_SA2025\wd_annotator\mp4\Fereshteh\20250120\00051.mp4",10,190.914,0.772,0.9999,-21.27,212.184,NA,47.511153531234,"20250120/00053.mp4","2025-01-20","22b_00053_16:34:00_2025-01-20","22b",2025-01-20 14:34:00,2025-01-20 16:34:00,260.217978573036,28.7170678334827,-147.230065790343,-1.75064982658737,-100.304846468766,259.695153531234
7,"horizontal","",1017,860,"22b_00053_waggle_annotations.csv","16:34:00",-0.989949493661167,0.14142135623731,629,1,"20_00051_waggle_annotations.csv","20_00051","C:\Users\frida\Documents\PhD\Waggle_dance\wd_SA2025\wd_annotator\mp4\Fereshteh\20250120\00051.mp4",10,190.914,0.772,0.9999,-21.27,212.184,NA,49.685897645844,"20250120/00053.mp4","2025-01-20","22b_00053_16:34:00_2025-01-20","22b",2025-01-20 14:34:00,2025-01-20 16:34:00,260.217978573036,28.7170678334827,-147.230065790343,-1.71269338139906,-98.130102354156,261.869897645844
8,"horizontal","",988,875,"22b_00053_waggle_annotations.csv","16:34:00",-0.994505452921406,0.104684784518043,713,1,"20_00051_waggle_annotations.csv","20_00051","C:\Users\frida\Documents\PhD\Waggle_dance\wd_SA2025\wd_annotator\mp4\Fereshteh\20250120\00051.mp4",10,190.914,0.772,0.9999,-21.27,212.184,NA,51.806994042505,"20250120/00053.mp4","2025-01-20","22b_00053_16:34:00_2025-01-20","22b",2025-01-20 14:34:00,2025-01-20 16:34:00,260.217978573036,28.7170678334827,-147.230065790343,-1.67567326552514,-96.009005957495,263.990994042505
9,"horizontal","",979,862,"22b_00053_waggle_annotations.csv","16:34:00",-0.996240588195683,0.086629616364842,765,1,"20_00051_waggle_annotations.csv","20_00051","C:\Users\frida\Documents\PhD\Waggle_dance\wd_SA2025\wd_annotator\mp4\Fereshteh\20250120\00051.mp4",10,190.914,0.772,0.9999,-21.27,212.184,NA,52.84625927189,"20250120/00053.mp4","2025-01-20","22b_00053_16:34:00_2025-01-20","22b",2025-01-20 14:34:00,2025-01-20 16:34:00,260.217978573036,28.7170678334827,-147.230065790343,-1.65753466547088,-94.96974072811,265.03025927189
10,"horizontal","",961,851,"22b_00053_waggle_annotations.csv","16:34:00",-0.989949493661167,0.14142135623731,811,1,"20_00051_waggle_annotations.csv","20_00051","C:\Users\frida\Documents\PhD\Waggle_dance\wd_SA2025\wd_annotator\mp4\Fereshteh\20250120\00051.mp4",10,190.914,0.772,0.9999,-21.27,212.184,NA,49.685897645844,"20250120/00053.mp4","2025-01-20","22b_00053_16:34:00_2025-01-20","22b",2025-01-20 14:34:00,2025-01-20 16:34:00,260.217978573036,28.7170678334827,-147.230065790343,-1.71269338139906,-98.130102354156,261.869897645844
11,"horizontal","",921,860,"22b_00053_waggle_annotations.csv","16:34:00",-0.991227900682635,0.132163720091018,867,1,"20_00051_waggle_annotations.csv","20_00051","C:\Users\frida\Documents\PhD\Waggle_dance\wd_SA2025\wd_annotator\mp4\Fereshteh\20250120\00051.mp4",10,190.914,0.772,0.9999,-21.27,212.184,NA,50.221356631409,"20250120/00053.mp4","2025-01-20","22b_00053_16:34:00_2025-01-20","22b",2025-01-20 14:34:00,2025-01-20 16:34:00,260.217978573036,28.7170678334827,-147.230065790343,-1.70334785909156,-97.594643368591,262.405356631409
12,"horizontal","",927,881,"22b_00053_waggle_annotations.csv","16:34:00",NA,0,912,1,"20_00051_waggle_annotations.csv","20_00051","C:\Users\frida\Documents\PhD\Waggle_dance\wd_SA2025\wd_annotator\mp4\Fereshteh\20250120\00051.mp4",10,190.914,0.772,0.9999,-21.27,212.184,NA,57.816,"20250120/00053.mp4","2025-01-20","22b_00053_16:34:00_2025-01-20","22b",2025-01-20 14:34:00,2025-01-20 16:34:00,260.217978573036,28.7170678334827,-147.230065790343,-1.5707963267949,-90,270
13,"horizontal","",879,873,"22b_00053_waggle_annotations.csv","16:34:00",NA,0,961,1,"20_00051_waggle_annotations.csv","20_00051","C:\Users\frida\Documents\PhD\Waggle_dance\wd_SA2025\wd_annotator\mp4\Fereshteh\20250120\00051.mp4",10,190.914,0.772,0.9999,-21.27,212.184,NA,57.816,"20250120/00053.mp4","2025-01-20","22b_00053_16:34:00_2025-01-20","22b",2025-01-20 14:34:00,2025-01-20 16:34:00,260.217978573036,28.7170678334827,-147.230065790343,-1.5707963267949,-90,270
14,"horizontal","",887,851,"22b_00053_waggle_annotations.csv","16:34:00",NA,0,1002,1,"20_00051_waggle_annotations.csv","20_00051","C:\Users\frida\Documents\PhD\Waggle_dance\wd_SA2025\wd_annotator\mp4\Fereshteh\20250120\00051.mp4",10,190.914,0.772,0.9999,-21.27,212.184,NA,57.816,"20250120/00053.mp4","2025-01-20","22b_00053_16:34:00_2025-01-20","22b",2025-01-20 14:34:00,2025-01-20 16:34:00,260.217978573036,28.7170678334827,-147.230065790343,-1.5707963267949,-90,270
15,"horizontal","",866,881,"22b_00053_waggle_annotations.csv","16:34:00",-0.894427190999916,0.447213595499958,1052,1,"20_00051_waggle_annotations.csv","20_00051","C:\Users\frida\Documents\PhD\Waggle_dance\wd_SA2025\wd_annotator\mp4\Fereshteh\20250120\00051.mp4",10,190.914,0.772,0.9999,-21.27,212.184,NA,31.250948822922,"20250120/00053.mp4","2025-01-20","22b_00053_16:34:00_2025-01-20","22b",2025-01-20 14:34:00,2025-01-20 16:34:00,260.217978573036,28.7170678334827,-147.230065790343,-2.0344439357957,-116.565051177078,243.434948822922
1,"horizontal","",1428,892,"22b_00057_waggle_annotations.csv","16:42:00",-0.957826285221151,0.287347885566345,527,1,"20_00051_waggle_annotations.csv","20_00051","C:\Users\frida\Documents\PhD\Waggle_dance\wd_SA2025\wd_annotator\mp4\Fereshteh\20250120\00051.mp4",10,190.914,0.772,0.9999,-21.27,212.184,NA,41.116755766006,"20250120/00057.mp4","2025-01-20","22b_00057_16:42:00_2025-01-20","22b",2025-01-20 14:42:00,2025-01-20 16:42:00,259.523364251424,26.9433299147303,-147.924680111956,-1.86225312127277,-106.699244233994,253.300755766006
2,"horizontal","",1438,903,"22b_00057_waggle_annotations.csv","16:42:00",-0.216930457818656,0.976187060183953,580,1,"20_00051_waggle_annotations.csv","20_00051","C:\Users\frida\Documents\PhD\Waggle_dance\wd_SA2025\wd_annotator\mp4\Fereshteh\20250120\00051.mp4",10,190.914,0.772,0.9999,-21.27,212.184,NA,340.344807709152,"20250120/00057.mp4","2025-01-20","22b_00057_16:42:00_2025-01-20","22b",2025-01-20 14:42:00,2025-01-20 16:42:00,259.523364251424,26.9433299147303,-147.924680111956,-2.92292370771584,-167.471192290848,192.528807709152
3,"horizontal","",1479,844,"22b_00057_waggle_annotations.csv","16:42:00",-0.977802414077409,-0.209529088730873,609,1,"20_00051_waggle_annotations.csv","20_00051","C:\Users\frida\Documents\PhD\Waggle_dance\wd_SA2025\wd_annotator\mp4\Fereshteh\20250120\00051.mp4",10,190.914,0.772,0.9999,-21.27,212.184,NA,69.910757077012,"20250120/00057.mp4","2025-01-20","22b_00057_16:42:00_2025-01-20","22b",2025-01-20 14:42:00,2025-01-20 16:42:00,259.523364251424,26.9433299147303,-147.924680111956,-1.35970299357215,-77.905242922988,282.094757077012
4,"horizontal","",1417,871,"22b_00057_waggle_annotations.csv","16:42:00",-0.98058067569092,-0.196116135138184,654,1,"20_00051_waggle_annotations.csv","20_00051","C:\Users\frida\Documents\PhD\Waggle_dance\wd_SA2025\wd_annotator\mp4\Fereshteh\20250120\00051.mp4",10,190.914,0.772,0.9999,-21.27,212.184,NA,69.12593247402,"20250120/00057.mp4","2025-01-20","22b_00057_16:42:00_2025-01-20","22b",2025-01-20 14:42:00,2025-01-20 16:42:00,259.523364251424,26.9433299147303,-147.924680111956,-1.37340076694502,-78.69006752598,281.30993247402
5,"horizontal","",1388,863,"22b_00057_waggle_annotations.csv","16:42:00",NA,0,700,1,"20_00051_waggle_annotations.csv","20_00051","C:\Users\frida\Documents\PhD\Waggle_dance\wd_SA2025\wd_annotator\mp4\Fereshteh\20250120\00051.mp4",10,190.914,0.772,0.9999,-21.27,212.184,NA,57.816,"20250120/00057.mp4","2025-01-20","22b_00057_16:42:00_2025-01-20","22b",2025-01-20 14:42:00,2025-01-20 16:42:00,259.523364251424,26.9433299147303,-147.924680111956,-1.5707963267949,-90,270
6,"horizontal","",1383,889,"22b_00057_waggle_annotations.csv","16:42:00",NA,0,789,1,"20_00051_waggle_annotations.csv","20_00051","C:\Users\frida\Documents\PhD\Waggle_dance\wd_SA2025\wd_annotator\mp4\Fereshteh\20250120\00051.mp4",10,190.914,0.772,0.9999,-21.27,212.184,NA,57.816,"20250120/00057.mp4","2025-01-20","22b_00057_16:42:00_2025-01-20","22b",2025-01-20 14:42:00,2025-01-20 16:42:00,259.523364251424,26.9433299147303,-147.924680111956,-1.5707963267949,-90,270
7,"horizontal","",1377,909,"22b_00057_waggle_annotations.csv","16:42:00",-0.707106781186548,0.707106781186548,828,1,"20_00051_waggle_annotations.csv","20_00051","C:\Users\frida\Documents\PhD\Waggle_dance\wd_SA2025\wd_annotator\mp4\Fereshteh\20250120\00051.mp4",10,190.914,0.772,0.9999,-21.27,212.184,NA,12.816,"20250120/00057.mp4","2025-01-20","22b_00057_16:42:00_2025-01-20","22b",2025-01-20 14:42:00,2025-01-20 16:42:00,259.523364251424,26.9433299147303,-147.924680111956,-2.35619449019235,-135,225
8,"horizontal","",1323,920,"22b_00057_waggle_annotations.csv","16:42:00",-0.102899151085505,0.994691793826551,915,1,"20_00051_waggle_annotations.csv","20_00051","C:\Users\frida\Documents\PhD\Waggle_dance\wd_SA2025\wd_annotator\mp4\Fereshteh\20250120\00051.mp4",10,190.914,0.772,0.9999,-21.27,212.184,NA,333.722141113771,"20250120/00057.mp4","2025-01-20","22b_00057_16:42:00_2025-01-20","22b",2025-01-20 14:42:00,2025-01-20 16:42:00,259.523364251424,26.9433299147303,-147.924680111956,-3.03851104506708,-174.093858886229,185.906141113771
9,"horizontal","",1315,912,"22b_00057_waggle_annotations.csv","16:42:00",-0.998168496631191,0.0604950604018904,961,1,"20_00051_waggle_annotations.csv","20_00051","C:\Users\frida\Documents\PhD\Waggle_dance\wd_SA2025\wd_annotator\mp4\Fereshteh\20250120\00051.mp4",10,190.914,0.772,0.9999,-21.27,212.184,NA,54.347770741083,"20250120/00057.mp4","2025-01-20","22b_00057_16:42:00_2025-01-20","22b",2025-01-20 14:42:00,2025-01-20 16:42:00,259.523364251424,26.9433299147303,-147.924680111956,-1.631328346577,-93.468229258917,266.531770741083
10,"horizontal","",1406,925,"22b_00057_waggle_annotations.csv","16:42:00",0,1,1082,1,"20_00051_waggle_annotations.csv","20_00051","C:\Users\frida\Documents\PhD\Waggle_dance\wd_SA2025\wd_annotator\mp4\Fereshteh\20250120\00051.mp4",10,190.914,0.772,0.9999,-21.27,212.184,NA,327.816,"20250120/00057.mp4","2025-01-20","22b_00057_16:42:00_2025-01-20","22b",2025-01-20 14:42:00,2025-01-20 16:42:00,259.523364251424,26.9433299147303,-147.924680111956,3.14159265358979,180,180
11,"horizontal","",1377,895,"22b_00057_waggle_annotations.csv","16:42:00",-0.633237790257263,0.773957299203321,1131,1,"20_00051_waggle_annotations.csv","20_00051","C:\Users\frida\Documents\PhD\Waggle_dance\wd_SA2025\wd_annotator\mp4\Fereshteh\20250120\00051.mp4",10,190.914,0.772,0.9999,-21.27,212.184,NA,7.10540686249999,"20250120/00057.mp4","2025-01-20","22b_00057_16:42:00_2025-01-20","22b",2025-01-20 14:42:00,2025-01-20 16:42:00,259.523364251424,26.9433299147303,-147.924680111956,-2.45586314268351,-140.7105931375,219.2894068625
12,"horizontal","",1364,900,"22b_00057_waggle_annotations.csv","16:42:00",-0.948683298050514,0.316227766016838,1184,1,"20_00051_waggle_annotations.csv","20_00051","C:\Users\frida\Documents\PhD\Waggle_dance\wd_SA2025\wd_annotator\mp4\Fereshteh\20250120\00051.mp4",10,190.914,0.772,0.9999,-21.27,212.184,NA,39.381051177078,"20250120/00057.mp4","2025-01-20","22b_00057_16:42:00_2025-01-20","22b",2025-01-20 14:42:00,2025-01-20 16:42:00,259.523364251424,26.9433299147303,-147.924680111956,-1.89254688119154,-108.434948822922,251.565051177078
13,"horizontal","",1372,892,"22b_00057_waggle_annotations.csv","16:42:00",-0.554700196225229,0.832050294337844,1218,1,"20_00051_waggle_annotations.csv","20_00051","C:\Users\frida\Documents\PhD\Waggle_dance\wd_SA2025\wd_annotator\mp4\Fereshteh\20250120\00051.mp4",10,190.914,0.772,0.9999,-21.27,212.184,NA,1.50606752598,"20250120/00057.mp4","2025-01-20","22b_00057_16:42:00_2025-01-20","22b",2025-01-20 14:42:00,2025-01-20 16:42:00,259.523364251424,26.9433299147303,-147.924680111956,-2.55359005004222,-146.30993247402,213.69006752598
14,"horizontal","",1288,876,"22b_00057_waggle_annotations.csv","16:42:00",-0.93334560620306,0.358979079308869,1265,1,"20_00051_waggle_annotations.csv","20_00051","C:\Users\frida\Documents\PhD\Waggle_dance\wd_SA2025\wd_annotator\mp4\Fereshteh\20250120\00051.mp4",10,190.914,0.772,0.9999,-21.27,212.184,NA,36.778488974578,"20250120/00057.mp4","2025-01-20","22b_00057_16:42:00_2025-01-20","22b",2025-01-20 14:42:00,2025-01-20 16:42:00,259.523364251424,26.9433299147303,-147.924680111956,-1.93797016061312,-111.037511025422,248.962488974578
15,"horizontal","",1250,874,"22b_00057_waggle_annotations.csv","16:42:00",-0.957826285221151,0.287347885566345,1346,1,"20_00051_waggle_annotations.csv","20_00051","C:\Users\frida\Documents\PhD\Waggle_dance\wd_SA2025\wd_annotator\mp4\Fereshteh\20250120\00051.mp4",10,190.914,0.772,0.9999,-21.27,212.184,NA,41.116755766006,"20250120/00057.mp4","2025-01-20","22b_00057_16:42:00_2025-01-20","22b",2025-01-20 14:42:00,2025-01-20 16:42:00,259.523364251424,26.9433299147303,-147.924680111956,-1.86225312127277,-106.699244233994,253.300755766006
16,"horizontal","",1253,784,"22b_00057_waggle_annotations.csv","16:42:00",-0.98058067569092,0.196116135138184,1405,1,"20_00051_waggle_annotations.csv","20_00051","C:\Users\frida\Documents\PhD\Waggle_dance\wd_SA2025\wd_annotator\mp4\Fereshteh\20250120\00051.mp4",10,190.914,0.772,0.9999,-21.27,212.184,NA,46.50606752598,"20250120/00057.mp4","2025-01-20","22b_00057_16:42:00_2025-01-20","22b",2025-01-20 14:42:00,2025-01-20 16:42:00,259.523364251424,26.9433299147303,-147.924680111956,-1.76819188664477,-101.30993247402,258.69006752598
1,"vertical","",1176,685,"22b_00002_waggle_annotations.csv","10:28:00",0.0246838347588176,-0.999695307732111,19,1,"","","",NA,NA,NA,NA,NA,NA,NA,NA,"20250121/00002.mp4","2025-01-21","22b_00002_10:28:00_2025-01-21","22b",2025-01-21 08:28:00,2025-01-21 10:28:00,80.8262379748743,66.5871279931086,33.378193611495,0.0246863420555995,1.41442321140216,1.41442321140216
2,"vertical","",1108,754,"22b_00002_waggle_annotations.csv","10:28:00",-0.257662650560332,-0.966234939601246,82,1,"","","",NA,NA,NA,NA,NA,NA,NA,NA,"20250121/00002.mp4","2025-01-21","22b_00002_10:28:00_2025-01-21","22b",2025-01-21 08:28:00,2025-01-21 10:28:00,80.8262379748743,66.5871279931086,33.378193611495,-0.26060239174735,-14.9314171781381,345.068582821862
3,"vertical","",1167,673,"22b_00002_waggle_annotations.csv","10:28:00",-0.224859506698758,-0.97439119569462,164,1,"","","",NA,NA,NA,NA,NA,NA,NA,NA,"20250121/00002.mp4","2025-01-21","22b_00002_10:28:00_2025-01-21","22b",2025-01-21 08:28:00,2025-01-21 10:28:00,80.8262379748743,66.5871279931086,33.378193611495,-0.226798848053878,-12.994616791916,347.005383208084
4,"vertical","",1208,608,"22b_00002_waggle_annotations.csv","10:28:00",0.129339184067768,-0.991600411186222,285,1,"","","",NA,NA,NA,NA,NA,NA,NA,NA,"20250121/00002.mp4","2025-01-21","22b_00002_10:28:00_2025-01-21","22b",2025-01-21 08:28:00,2025-01-21 10:28:00,80.8262379748743,66.5871279931086,33.378193611495,0.129702537155912,7.43140797117251,7.43140797117251
5,"vertical","",1211,592,"22b_00002_waggle_annotations.csv","10:28:00",-0.256722611839851,-0.966485126926496,337,1,"","","",NA,NA,NA,NA,NA,NA,NA,NA,"20250121/00002.mp4","2025-01-21","22b_00002_10:28:00_2025-01-21","22b",2025-01-21 08:28:00,2025-01-21 10:28:00,80.8262379748743,66.5871279931086,33.378193611495,-0.259629629408261,-14.875682001639,345.124317998361
1,"vertical","",995,847,"22b_00009_waggle_annotations.csv","10:52:00",0,NA,34,1,"","","",NA,NA,NA,NA,NA,NA,NA,NA,"20250121/00009.mp4","2025-01-21","22b_00009_10:52:00_2025-01-21","22b",2025-01-21 08:52:00,2025-01-21 10:52:00,75.2682623067483,71.8795284202274,27.820217943369,0,0,0
2,"vertical","",947,841,"22b_00009_waggle_annotations.csv","10:52:00",0.063164753996691,-0.998003113147718,93,1,"","","",NA,NA,NA,NA,NA,NA,NA,NA,"20250121/00009.mp4","2025-01-21","22b_00009_10:52:00_2025-01-21","22b",2025-01-21 08:52:00,2025-01-21 10:52:00,75.2682623067483,71.8795284202274,27.820217943369,0.0632068318974602,3.62148470411734,3.62148470411734
3,"vertical","",965,812,"22b_00009_waggle_annotations.csv","10:52:00",0.0253083466454832,-0.999679692496588,145,1,"","","",NA,NA,NA,NA,NA,NA,NA,NA,"20250121/00009.mp4","2025-01-21","22b_00009_10:52:00_2025-01-21","22b",2025-01-21 08:52:00,2025-01-21 10:52:00,75.2682623067483,71.8795284202274,27.820217943369,0.0253110491428483,1.45021629093343,1.45021629093343
4,"vertical","",909,811,"22b_00009_waggle_annotations.csv","10:52:00",-0.430472524881646,-0.902603681203451,335,1,"","","",NA,NA,NA,NA,NA,NA,NA,NA,"20250121/00009.mp4","2025-01-21","22b_00009_10:52:00_2025-01-21","22b",2025-01-21 08:52:00,2025-01-21 10:52:00,75.2682623067483,71.8795284202274,27.820217943369,-0.445016224755546,-25.497551493338,334.502448506662
1,"vertical","good",900,651,"22b_00014_waggle_annotations.csv","11:05:00",0.235600025621504,-0.971850105688705,134,1,"","","",NA,NA,NA,NA,NA,NA,NA,NA,"20250121/00014.mp4","2025-01-21","22b_00014_11:05:00_2025-01-21","22b",2025-01-21 09:05:00,2025-01-21 11:05:00,71.0301216449306,74.6839369562285,23.5820772815513,0.23783592745745,13.6269948598915,13.6269948598915
2,"vertical","good",871,648,"22b_00014_waggle_annotations.csv","11:05:00",0.196116135138184,-0.98058067569092,185,1,"","","",NA,NA,NA,NA,NA,NA,NA,NA,"20250121/00014.mp4","2025-01-21","22b_00014_11:05:00_2025-01-21","22b",2025-01-21 09:05:00,2025-01-21 11:05:00,71.0301216449306,74.6839369562285,23.5820772815513,0.197395559849881,11.3099324740202,11.3099324740202
3,"vertical","good",917,608,"22b_00014_waggle_annotations.csv","11:05:00",0.22560839562262,-0.97421807200677,234,1,"","","",NA,NA,NA,NA,NA,NA,NA,NA,"20250121/00014.mp4","2025-01-21","22b_00014_11:05:00_2025-01-21","22b",2025-01-21 09:05:00,2025-01-21 11:05:00,71.0301216449306,74.6839369562285,23.5820772815513,0.227567487410585,13.038656583023,13.038656583023
4,"vertical","good",656,654,"22b_00014_waggle_annotations.csv","11:05:00",0.270065431149359,-0.9628419719238,375,1,"","","",NA,NA,NA,NA,NA,NA,NA,NA,"20250121/00014.mp4","2025-01-21","22b_00014_11:05:00_2025-01-21","22b",2025-01-21 09:05:00,2025-01-21 11:05:00,71.0301216449306,74.6839369562285,23.5820772815513,0.273460987090244,15.6681604217525,15.6681604217525
5,"vertical","good",711,634,"22b_00014_waggle_annotations.csv","11:05:00",0.127164315985365,-0.991881664685851,427,1,"","","",NA,NA,NA,NA,NA,NA,NA,NA,"20250121/00014.mp4","2025-01-21","22b_00014_11:05:00_2025-01-21","22b",2025-01-21 09:05:00,2025-01-21 11:05:00,71.0301216449306,74.6839369562285,23.5820772815513,0.127509558215238,7.30575953331083,7.30575953331083
6,"vertical","good",745,595,"22b_00014_waggle_annotations.csv","11:05:00",0.389639990836698,-0.920967251068559,486,1,"","","",NA,NA,NA,NA,NA,NA,NA,NA,"20250121/00014.mp4","2025-01-21","22b_00014_11:05:00_2025-01-21","22b",2025-01-21 09:05:00,2025-01-21 11:05:00,71.0301216449306,74.6839369562285,23.5820772815513,0.400240657033974,22.9321004375898,22.9321004375898
7,"vertical","good",736,594,"22b_00014_waggle_annotations.csv","11:05:00",0.371390676354104,-0.928476690885259,541,1,"","","",NA,NA,NA,NA,NA,NA,NA,NA,"20250121/00014.mp4","2025-01-21","22b_00014_11:05:00_2025-01-21","22b",2025-01-21 09:05:00,2025-01-21 11:05:00,71.0301216449306,74.6839369562285,23.5820772815513,0.380506377112365,21.8014094863518,21.8014094863518
8,"vertical","good",716,579,"22b_00014_waggle_annotations.csv","11:05:00",0.133917896001395,-0.990992430410323,598,1,"","","",NA,NA,NA,NA,NA,NA,NA,NA,"20250121/00014.mp4","2025-01-21","22b_00014_11:05:00_2025-01-21","22b",2025-01-21 09:05:00,2025-01-21 11:05:00,71.0301216449306,74.6839369562285,23.5820772815513,0.134321441952969,7.69605172201657,7.69605172201657
9,"vertical","good",732,548,"22b_00014_waggle_annotations.csv","11:05:00",0.31977864415818,-0.947492278987199,649,1,"","","",NA,NA,NA,NA,NA,NA,NA,NA,"20250121/00014.mp4","2025-01-21","22b_00014_11:05:00_2025-01-21","22b",2025-01-21 09:05:00,2025-01-21 11:05:00,71.0301216449306,74.6839369562285,23.5820772815513,0.325495855236478,18.6495387540514,18.6495387540514
10,"vertical","good",875,596,"22b_00014_waggle_annotations.csv","11:05:00",0.160071158553662,-0.987105477747585,802,1,"","","",NA,NA,NA,NA,NA,NA,NA,NA,"20250121/00014.mp4","2025-01-21","22b_00014_11:05:00_2025-01-21","22b",2025-01-21 09:05:00,2025-01-21 11:05:00,71.0301216449306,74.6839369562285,23.5820772815513,0.160762740625835,9.21102654081667,9.21102654081667
11,"vertical","good",1173,605,"22b_00014_waggle_annotations.csv","11:05:00",0.157115048735132,-0.987580306335114,1020,1,"","","",NA,NA,NA,NA,NA,NA,NA,NA,"20250121/00014.mp4","2025-01-21","22b_00014_11:05:00_2025-01-21","22b",2025-01-21 09:05:00,2025-01-21 11:05:00,71.0301216449306,74.6839369562285,23.5820772815513,0.157768737595954,9.03948280335512,9.03948280335512
12,"vertical","good",1141,611,"22b_00014_waggle_annotations.csv","11:05:00",0.118560811124708,-0.992946793169428,1074,1,"","","",NA,NA,NA,NA,NA,NA,NA,NA,"20250121/00014.mp4","2025-01-21","22b_00014_11:05:00_2025-01-21","22b",2025-01-21 09:05:00,2025-01-21 11:05:00,71.0301216449306,74.6839369562285,23.5820772815513,0.118840344567765,6.80905017961341,6.80905017961341
13,"vertical","good",1125,585,"22b_00014_waggle_annotations.csv","11:05:00",0.236768224446861,-0.971566162385394,1126,1,"","","",NA,NA,NA,NA,NA,NA,NA,NA,"20250121/00014.mp4","2025-01-21","22b_00014_11:05:00_2025-01-21","22b",2025-01-21 09:05:00,2025-01-21 11:05:00,71.0301216449306,74.6839369562285,23.5820772815513,0.239038138948469,13.695876504409,13.695876504409
14,"vertical","good",1154,515,"22b_00014_waggle_annotations.csv","11:05:00",0.0281578447684119,-0.999603489278623,1174,1,"","","",NA,NA,NA,NA,NA,NA,NA,NA,"20250121/00014.mp4","2025-01-21","22b_00014_11:05:00_2025-01-21","22b",2025-01-21 09:05:00,2025-01-21 11:05:00,71.0301216449306,74.6839369562285,23.5820772815513,0.0281615669878924,1.61353893288118,1.61353893288118
15,"vertical","good",1138,507,"22b_00014_waggle_annotations.csv","11:05:00",0.294085848837523,-0.95577900872195,1228,1,"","","",NA,NA,NA,NA,NA,NA,NA,NA,"20250121/00014.mp4","2025-01-21","22b_00014_11:05:00_2025-01-21","22b",2025-01-21 09:05:00,2025-01-21 11:05:00,71.0301216449306,74.6839369562285,23.5820772815513,0.29849893158618,17.1027289690524,17.1027289690524
16,"vertical","good",1174,499,"22b_00014_waggle_annotations.csv","11:05:00",0.109100928001624,-0.994030677348131,1281,1,"","","",NA,NA,NA,NA,NA,NA,NA,NA,"20250121/00014.mp4","2025-01-21","22b_00014_11:05:00_2025-01-21","22b",2025-01-21 09:05:00,2025-01-21 11:05:00,71.0301216449306,74.6839369562285,23.5820772815513,0.1093185338879,6.26349061433454,6.26349061433454
1,"vertical","",1413,787,"22b_00017_waggle_annotations.csv","11:15:00",0.242535625036333,-0.970142500145332,44,1,"","","",NA,NA,NA,NA,NA,NA,NA,NA,"20250121/00017.mp4","2025-01-21","22b_00017_11:15:00_2025-01-21","22b",2025-01-21 09:15:00,2025-01-21 11:15:00,66.7516837888568,76.7868187211363,19.3036394254774,0.244978663126865,14.0362434679265,14.0362434679265
2,"vertical","",1432,740,"22b_00017_waggle_annotations.csv","11:15:00",0.375192757733183,-0.926946813223158,92,1,"","","",NA,NA,NA,NA,NA,NA,NA,NA,"20250121/00017.mp4","2025-01-21","22b_00017_11:15:00_2025-01-21","22b",2025-01-21 09:15:00,2025-01-21 11:15:00,66.7516837888568,76.7868187211363,19.3036394254774,0.384604714822214,22.0362269401455,22.0362269401455
3,"vertical","",1426,716,"22b_00017_waggle_annotations.csv","11:15:00",0.334662156534796,-0.942338177611137,145,1,"","","",NA,NA,NA,NA,NA,NA,NA,NA,"20250121/00017.mp4","2025-01-21","22b_00017_11:15:00_2025-01-21","22b",2025-01-21 09:15:00,2025-01-21 11:15:00,66.7516837888568,76.7868187211363,19.3036394254774,0.341246691107088,19.5519951732406,19.5519951732406
4,"vertical","",1437,715,"22b_00017_waggle_annotations.csv","11:15:00",0.357433315245117,-0.93393866241466,196,1,"","","",NA,NA,NA,NA,NA,NA,NA,NA,"20250121/00017.mp4","2025-01-21","22b_00017_11:15:00_2025-01-21","22b",2025-01-21 09:15:00,2025-01-21 11:15:00,66.7516837888568,76.7868187211363,19.3036394254774,0.365518206191897,20.9426505499883,20.9426505499883
5,"vertical","",1439,596,"22b_00017_waggle_annotations.csv","11:15:00",0.361916955402271,-0.932210339672517,311,1,"","","",NA,NA,NA,NA,NA,NA,NA,NA,"20250121/00017.mp4","2025-01-21","22b_00017_11:15:00_2025-01-21","22b",2025-01-21 09:15:00,2025-01-21 11:15:00,66.7516837888568,76.7868187211363,19.3036394254774,0.370323429702774,21.2179695767786,21.2179695767786
6,"vertical","",1454,584,"22b_00017_waggle_annotations.csv","11:15:00",0.355572828447083,-0.934648577632332,357,1,"","","",NA,NA,NA,NA,NA,NA,NA,NA,"20250121/00017.mp4","2025-01-21","22b_00017_11:15:00_2025-01-21","22b",2025-01-21 09:15:00,2025-01-21 11:15:00,66.7516837888568,76.7868187211363,19.3036394254774,0.363526876974438,20.8285557902068,20.8285557902068
7,"vertical","",1441,541,"22b_00017_waggle_annotations.csv","11:15:00",0.264561366565123,-0.96436885231803,406,1,"","","",NA,NA,NA,NA,NA,NA,NA,NA,"20250121/00017.mp4","2025-01-21","22b_00017_11:15:00_2025-01-21","22b",2025-01-21 09:15:00,2025-01-21 11:15:00,66.7516837888568,76.7868187211363,19.3036394254774,0.267749054020674,15.3408907640049,15.3408907640049
8,"vertical","",1475,555,"22b_00017_waggle_annotations.csv","11:15:00",0.294085848837523,-0.95577900872195,454,1,"","","",NA,NA,NA,NA,NA,NA,NA,NA,"20250121/00017.mp4","2025-01-21","22b_00017_11:15:00_2025-01-21","22b",2025-01-21 09:15:00,2025-01-21 11:15:00,66.7516837888568,76.7868187211363,19.3036394254774,0.29849893158618,17.1027289690524,17.1027289690524
9,"vertical","",1453,519,"22b_00017_waggle_annotations.csv","11:15:00",0.102400045473989,-0.994743298890183,501,1,"","","",NA,NA,NA,NA,NA,NA,NA,NA,"20250121/00017.mp4","2025-01-21","22b_00017_11:15:00_2025-01-21","22b",2025-01-21 09:15:00,2025-01-21 11:15:00,66.7516837888568,76.7868187211363,19.3036394254774,0.102579852418295,5.87739260664314,5.87739260664314
10,"vertical","",1486,507,"22b_00017_waggle_annotations.csv","11:15:00",0.27282410027474,-0.962063932547769,554,1,"","","",NA,NA,NA,NA,NA,NA,NA,NA,"20250121/00017.mp4","2025-01-21","22b_00017_11:15:00_2025-01-21","22b",2025-01-21 09:15:00,2025-01-21 11:15:00,66.7516837888568,76.7868187211363,19.3036394254774,0.276327274975065,15.8323866204222,15.8323866204222
11,"vertical","",1477,446,"22b_00017_waggle_annotations.csv","11:15:00",0.43026103142179,-0.902704516904539,621,1,"","","",NA,NA,NA,NA,NA,NA,NA,NA,"20250121/00017.mp4","2025-01-21","22b_00017_11:15:00_2025-01-21","22b",2025-01-21 09:15:00,2025-01-21 11:15:00,66.7516837888568,76.7868187211363,19.3036394254774,0.444781922979135,25.4841269904173,25.4841269904173
12,"vertical","",1488,405,"22b_00017_waggle_annotations.csv","11:15:00",0.319218869485321,-0.947681018784545,668,1,"","","",NA,NA,NA,NA,NA,NA,NA,NA,"20250121/00017.mp4","2025-01-21","22b_00017_11:15:00_2025-01-21","22b",2025-01-21 09:15:00,2025-01-21 11:15:00,66.7516837888568,76.7868187211363,19.3036394254774,0.324905118065118,18.615692007331,18.615692007331
13,"vertical","",1416,392,"22b_00017_waggle_annotations.csv","11:15:00",0.447213595499958,-0.894427190999916,714,1,"","","",NA,NA,NA,NA,NA,NA,NA,NA,"20250121/00017.mp4","2025-01-21","22b_00017_11:15:00_2025-01-21","22b",2025-01-21 09:15:00,2025-01-21 11:15:00,66.7516837888568,76.7868187211363,19.3036394254774,0.463647609000806,26.565051177078,26.565051177078
14,"vertical","",1455,406,"22b_00017_waggle_annotations.csv","11:15:00",0.50743848144227,-0.861687987354798,777,1,"","","",NA,NA,NA,NA,NA,NA,NA,NA,"20250121/00017.mp4","2025-01-21","22b_00017_11:15:00_2025-01-21","22b",2025-01-21 09:15:00,2025-01-21 11:15:00,66.7516837888568,76.7868187211363,19.3036394254774,0.532209504113879,30.4933584024757,30.4933584024757
15,"vertical","",1457,353,"22b_00017_waggle_annotations.csv","11:15:00",0.430472524881646,-0.902603681203451,824,1,"","","",NA,NA,NA,NA,NA,NA,NA,NA,"20250121/00017.mp4","2025-01-21","22b_00017_11:15:00_2025-01-21","22b",2025-01-21 09:15:00,2025-01-21 11:15:00,66.7516837888568,76.7868187211363,19.3036394254774,0.445016224755542,25.4975514933378,25.4975514933378
16,"vertical","",1481,347,"22b_00017_waggle_annotations.csv","11:15:00",0.494166624947116,-0.869367210555112,886,1,"","","",NA,NA,NA,NA,NA,NA,NA,NA,"20250121/00017.mp4","2025-01-21","22b_00017_11:15:00_2025-01-21","22b",2025-01-21 09:15:00,2025-01-21 11:15:00,66.7516837888568,76.7868187211363,19.3036394254774,0.516875970586707,29.6148116463464,29.6148116463464
1,"horizontal","some runs invisible due to lack of umbrella shadow",870,633,"22b_00025_waggle_annotations.csv","11:53:00",-0.735169381880594,-0.677883456019768,30,1,"21_00020_waggle_annotations.csv","21_00020","C:\Users\frida\Documents\PhD\Waggle_dance\wd_SA2025\wd_annotator\mp4\George\mp4\20250121\00020.mp4",10,188.563,1.422,0.9997,-21.27,209.833,NA,102.845469410167,"20250121/00025.mp4","2025-01-21","22b_00025_11:53:00_2025-01-21","22b",2025-01-21 09:53:00,2025-01-21 11:53:00,29.2146754824523,83.4302433513538,-18.2333688809271,-0.8259165158758,-47.321530589833,312.678469410167
2,"horizontal","some runs invisible due to lack of umbrella shadow",771,621,"22b_00025_waggle_annotations.csv","11:53:00",0.107481842980092,-0.994207047565849,96,1,"21_00020_waggle_annotations.csv","21_00020","C:\Users\frida\Documents\PhD\Waggle_dance\wd_SA2025\wd_annotator\mp4\George\mp4\20250121\00020.mp4",10,188.563,1.422,0.9997,-21.27,209.833,NA,156.33717509503,"20250121/00025.mp4","2025-01-21","22b_00025_11:53:00_2025-01-21","22b",2025-01-21 09:53:00,2025-01-21 11:53:00,29.2146754824523,83.4302433513538,-18.2333688809271,0.107689870832821,6.17017509502961,6.17017509502961
3,"horizontal","some runs invisible due to lack of umbrella shadow",753,601,"22b_00025_waggle_annotations.csv","11:53:00",-0.829722110200009,-0.55817669231637,156,1,"21_00020_waggle_annotations.csv","21_00020","C:\Users\frida\Documents\PhD\Waggle_dance\wd_SA2025\wd_annotator\mp4\George\mp4\20250121\00020.mp4",10,188.563,1.422,0.9997,-21.27,209.833,NA,94.096797422061,"20250121/00025.mp4","2025-01-21","22b_00025_11:53:00_2025-01-21","22b",2025-01-21 09:53:00,2025-01-21 11:53:00,29.2146754824523,83.4302433513538,-18.2333688809271,-0.978609647245249,-56.0702025779391,303.929797422061
4,"horizontal","some runs invisible due to lack of umbrella shadow",890,445,"22b_00025_waggle_annotations.csv","11:53:00",-0.995893206467704,-0.0905357460425185,254,1,"21_00020_waggle_annotations.csv","21_00020","C:\Users\frida\Documents\PhD\Waggle_dance\wd_SA2025\wd_annotator\mp4\George\mp4\20250121\00020.mp4",10,188.563,1.422,0.9997,-21.27,209.833,NA,65.361428907735,"20250121/00025.mp4","2025-01-21","22b_00025_11:53:00_2025-01-21","22b",2025-01-21 09:53:00,2025-01-21 11:53:00,29.2146754824523,83.4302433513538,-18.2333688809271,-1.48013643959415,-84.805571092265,275.194428907735
5,"horizontal","some runs invisible due to lack of umbrella shadow",886,406,"22b_00025_waggle_annotations.csv","11:53:00",-0.461934418836969,-0.88691408416698,294,1,"21_00020_waggle_annotations.csv","21_00020","C:\Users\frida\Documents\PhD\Waggle_dance\wd_SA2025\wd_annotator\mp4\George\mp4\20250121\00020.mp4",10,188.563,1.422,0.9997,-21.27,209.833,NA,122.654997376149,"20250121/00025.mp4","2025-01-21","22b_00025_11:53:00_2025-01-21","22b",2025-01-21 09:53:00,2025-01-21 11:53:00,29.2146754824523,83.4302433513538,-18.2333688809271,-0.480175029603519,-27.512002623851,332.487997376149
6,"horizontal","some runs invisible due to lack of umbrella shadow",897,279,"22b_00025_waggle_annotations.csv","11:53:00",-0.818556692462413,-0.57442574909643,373,1,"21_00020_waggle_annotations.csv","21_00020","C:\Users\frida\Documents\PhD\Waggle_dance\wd_SA2025\wd_annotator\mp4\George\mp4\20250121\00020.mp4",10,188.563,1.422,0.9997,-21.27,209.833,NA,95.226426966887,"20250121/00025.mp4","2025-01-21","22b_00025_11:53:00_2025-01-21","22b",2025-01-21 09:53:00,2025-01-21 11:53:00,29.2146754824523,83.4302433513538,-18.2333688809271,-0.95889389236023,-54.940573033113,305.059426966887
7,"horizontal","some runs invisible due to lack of umbrella shadow",911,200,"22b_00025_waggle_annotations.csv","11:53:00",-0.610228009432296,-0.79222583680684,486,1,"21_00020_waggle_annotations.csv","21_00020","C:\Users\frida\Documents\PhD\Waggle_dance\wd_SA2025\wd_annotator\mp4\George\mp4\20250121\00020.mp4",10,188.563,1.422,0.9997,-21.27,209.833,NA,112.561008642598,"20250121/00025.mp4","2025-01-21","22b_00025_11:53:00_2025-01-21","22b",2025-01-21 09:53:00,2025-01-21 11:53:00,29.2146754824523,83.4302433513538,-18.2333688809271,-0.656348367663197,-37.605991357402,322.394008642598
8,"horizontal","some runs invisible due to lack of umbrella shadow",937,226,"22b_00025_waggle_annotations.csv","11:53:00",-0.725952683905827,-0.687744647910783,534,1,"21_00020_waggle_annotations.csv","21_00020","C:\Users\frida\Documents\PhD\Waggle_dance\wd_SA2025\wd_annotator\mp4\George\mp4\20250121\00020.mp4",10,188.563,1.422,0.9997,-21.27,209.833,NA,103.618842301022,"20250121/00025.mp4","2025-01-21","22b_00025_11:53:00_2025-01-21","22b",2025-01-21 09:53:00,2025-01-21 11:53:00,29.2146754824523,83.4302433513538,-18.2333688809271,-0.812418612584714,-46.548157698978,313.451842301022
9,"horizontal","some runs invisible due to lack of umbrella shadow",887,199,"22b_00025_waggle_annotations.csv","11:53:00",-0.360994102557712,-0.93256809827409,583,1,"21_00020_waggle_annotations.csv","21_00020","C:\Users\frida\Documents\PhD\Waggle_dance\wd_SA2025\wd_annotator\mp4\George\mp4\20250121\00020.mp4",10,188.563,1.422,0.9997,-21.27,209.833,NA,129.005740183172,"20250121/00025.mp4","2025-01-21","22b_00025_11:53:00_2025-01-21","22b",2025-01-21 09:53:00,2025-01-21 11:53:00,29.2146754824523,83.4302433513538,-18.2333688809271,-0.369333657673622,-21.1612598168281,338.838740183172
10,"horizontal","some runs invisible due to lack of umbrella shadow",865,216,"22b_00025_waggle_annotations.csv","11:53:00",-0.266586054538395,-0.963811120254198,623,1,"21_00020_waggle_annotations.csv","21_00020","C:\Users\frida\Documents\PhD\Waggle_dance\wd_SA2025\wd_annotator\mp4\George\mp4\20250121\00020.mp4",10,188.563,1.422,0.9997,-21.27,209.833,NA,134.705782259558,"20250121/00025.mp4","2025-01-21","22b_00025_11:53:00_2025-01-21","22b",2025-01-21 09:53:00,2025-01-21 11:53:00,29.2146754824523,83.4302433513538,-18.2333688809271,-0.269849155938471,-15.461217740442,344.538782259558
11,"horizontal","some runs invisible due to lack of umbrella shadow",843,193,"22b_00025_waggle_annotations.csv","11:53:00",-0.299340074537325,-0.954146487587723,666,1,"21_00020_waggle_annotations.csv","21_00020","C:\Users\frida\Documents\PhD\Waggle_dance\wd_SA2025\wd_annotator\mp4\George\mp4\20250121\00020.mp4",10,188.563,1.422,0.9997,-21.27,209.833,NA,132.749029207797,"20250121/00025.mp4","2025-01-21","22b_00025_11:53:00_2025-01-21","22b",2025-01-21 09:53:00,2025-01-21 11:53:00,29.2146754824523,83.4302433513538,-18.2333688809271,-0.304000939340147,-17.417970792203,342.582029207797
1,"vertical","some runs on the border (not super trustworthy) / it seems like clockwise or anti clockwise return runs play a role in the waggle run angle",1206,895,"22b_00034_waggle_annotations.csv","16:27:00",-0.369972723510368,0.929042616814924,153,1,"","","",NA,NA,NA,NA,NA,NA,NA,NA,"20250121/00034.mp4","2025-01-21","22b_00034_16:27:00_2025-01-21","22b",2025-01-21 14:27:00,2025-01-21 16:27:00,261.094752575119,30.263018675544,-146.353291788261,-2.7626129928485,-158.286064918224,201.713935081776
2,"vertical","some runs on the border (not super trustworthy) / it seems like clockwise or anti clockwise return runs play a role in the waggle run angle",1250,859,"22b_00034_waggle_annotations.csv","16:27:00",0.0512147519731584,0.998687663476589,194,1,"","","",NA,NA,NA,NA,NA,NA,NA,NA,"20250121/00034.mp4","2025-01-21","22b_00034_16:27:00_2025-01-21","22b",2025-01-21 14:27:00,2025-01-21 16:27:00,261.094752575119,30.263018675544,-146.353291788261,3.09035548618638,177.064326553579,177.064326553579
3,"vertical","some runs on the border (not super trustworthy) / it seems like clockwise or anti clockwise return runs play a role in the waggle run angle",1202,823,"22b_00034_waggle_annotations.csv","16:27:00",-0.371390676354104,0.928476690885259,244,1,"","","",NA,NA,NA,NA,NA,NA,NA,NA,"20250121/00034.mp4","2025-01-21","22b_00034_16:27:00_2025-01-21","22b",2025-01-21 14:27:00,2025-01-21 16:27:00,261.094752575119,30.263018675544,-146.353291788261,-2.76108627647743,-158.198590513648,201.801409486352
4,"vertical","some runs on the border (not super trustworthy) / it seems like clockwise or anti clockwise return runs play a role in the waggle run angle",1182,807,"22b_00034_waggle_annotations.csv","16:27:00",-0.248375350267704,0.968663866044045,301,1,"","","",NA,NA,NA,NA,NA,NA,NA,NA,"20250121/00034.mp4","2025-01-21","22b_00034_16:27:00_2025-01-21","22b",2025-01-21 14:27:00,2025-01-21 16:27:00,261.094752575119,30.263018675544,-146.353291788261,-2.89058996694675,-165.618605408909,194.381394591091
5,"vertical","some runs on the border (not super trustworthy) / it seems like clockwise or anti clockwise return runs play a role in the waggle run angle",1128,823,"22b_00034_waggle_annotations.csv","16:27:00",-0.535052081184345,0.844819075554229,344,1,"","","",NA,NA,NA,NA,NA,NA,NA,NA,"20250121/00034.mp4","2025-01-21","22b_00034_16:27:00_2025-01-21","22b",2025-01-21 14:27:00,2025-01-21 16:27:00,261.094752575119,30.263018675544,-146.353291788261,-2.57702325992169,-147.652556500558,212.347443499442
6,"vertical","some runs on the border (not super trustworthy) / it seems like clockwise or anti clockwise return runs play a role in the waggle run angle",1106,822,"22b_00034_waggle_annotations.csv","16:27:00",-0.435928453727025,0.899981323823536,400,1,"","","",NA,NA,NA,NA,NA,NA,NA,NA,"20250121/00034.mp4","2025-01-21","22b_00034_16:27:00_2025-01-21","22b",2025-01-21 14:27:00,2025-01-21 16:27:00,261.094752575119,30.263018675544,-146.353291788261,-2.69052299760128,-154.15561244544,205.84438755456
7,"vertical","some runs on the border (not super trustworthy) / it seems like clockwise or anti clockwise return runs play a role in the waggle run angle",1099,842,"22b_00034_waggle_annotations.csv","16:27:00",0.182089260182307,0.98328200498446,450,1,"","","",NA,NA,NA,NA,NA,NA,NA,NA,"20250121/00034.mp4","2025-01-21","22b_00034_16:27:00_2025-01-21","22b",2025-01-21 14:27:00,2025-01-21 16:27:00,261.094752575119,30.263018675544,-146.353291788261,2.9584818363273,169.508522987668,169.508522987668
8,"vertical","some runs on the border (not super trustworthy) / it seems like clockwise or anti clockwise return runs play a role in the waggle run angle",1096,843,"22b_00034_waggle_annotations.csv","16:27:00",-0.447213595499958,0.894427190999916,499,1,"","","",NA,NA,NA,NA,NA,NA,NA,NA,"20250121/00034.mp4","2025-01-21","22b_00034_16:27:00_2025-01-21","22b",2025-01-21 14:27:00,2025-01-21 16:27:00,261.094752575119,30.263018675544,-146.353291788261,-2.67794504458899,-153.434948822922,206.565051177078
9,"vertical","some runs on the border (not super trustworthy) / it seems like clockwise or anti clockwise return runs play a role in the waggle run angle",1128,875,"22b_00034_waggle_annotations.csv","16:27:00",0.110431526074847,0.993883734673619,541,1,"","","",NA,NA,NA,NA,NA,NA,NA,NA,"20250121/00034.mp4","2025-01-21","22b_00034_16:27:00_2025-01-21","22b",2025-01-21 14:27:00,2025-01-21 16:27:00,261.094752575119,30.263018675544,-146.353291788261,3.0309354324159,173.65980825409,173.65980825409
10,"vertical","some runs on the border (not super trustworthy) / it seems like clockwise or anti clockwise return runs play a role in the waggle run angle",1098,863,"22b_00034_waggle_annotations.csv","16:27:00",-0.55817669231637,0.829722110200009,588,1,"","","",NA,NA,NA,NA,NA,NA,NA,NA,"20250121/00034.mp4","2025-01-21","22b_00034_16:27:00_2025-01-21","22b",2025-01-21 14:27:00,2025-01-21 16:27:00,261.094752575119,30.263018675544,-146.353291788261,-2.54940597404014,-146.070202577939,213.929797422061
11,"vertical","some runs on the border (not super trustworthy) / it seems like clockwise or anti clockwise return runs play a role in the waggle run angle",1159,864,"22b_00034_waggle_annotations.csv","16:27:00",0.0425147166248136,0.999095840683121,638,1,"","","",NA,NA,NA,NA,NA,NA,NA,NA,"20250121/00034.mp4","2025-01-21","22b_00034_16:27:00_2025-01-21","22b",2025-01-21 14:27:00,2025-01-21 16:27:00,261.094752575119,30.263018675544,-146.353291788261,3.09906511897001,177.56335175319,177.56335175319
12,"vertical","some runs on the border (not super trustworthy) / it seems like clockwise or anti clockwise return runs play a role in the waggle run angle",1145,866,"22b_00034_waggle_annotations.csv","16:27:00",-0.627009405211618,0.779011685262919,676,1,"","","",NA,NA,NA,NA,NA,NA,NA,NA,"20250121/00034.mp4","2025-01-21","22b_00034_16:27:00_2025-01-21","22b",2025-01-21 14:27:00,2025-01-21 16:27:00,261.094752575119,30.263018675544,-146.353291788261,-2.46388436102517,-141.17017509503,218.82982490497
13,"vertical","some runs on the border (not super trustworthy) / it seems like clockwise or anti clockwise return runs play a role in the waggle run angle",1188,867,"22b_00034_waggle_annotations.csv","16:27:00",0.122526572002646,0.992465233221436,723,1,"","","",NA,NA,NA,NA,NA,NA,NA,NA,"20250121/00034.mp4","2025-01-21","22b_00034_16:27:00_2025-01-21","22b",2025-01-21 14:27:00,2025-01-21 16:27:00,261.094752575119,30.263018675544,-146.353291788261,3.01875741471189,172.962059236815,172.962059236815
14,"vertical","some runs on the border (not super trustworthy) / it seems like clockwise or anti clockwise return runs play a role in the waggle run angle",1166,882,"22b_00034_waggle_annotations.csv","16:27:00",-0.645180817826272,0.764029915846901,772,1,"","","",NA,NA,NA,NA,NA,NA,NA,NA,"20250121/00034.mp4","2025-01-21","22b_00034_16:27:00_2025-01-21","22b",2025-01-21 14:27:00,2025-01-21 16:27:00,261.094752575119,30.263018675544,-146.353291788261,-2.44033273072352,-139.820766078093,220.179233921907
15,"vertical","some runs on the border (not super trustworthy) / it seems like clockwise or anti clockwise return runs play a role in the waggle run angle",1151,901,"22b_00034_waggle_annotations.csv","16:27:00",-0.0464613993524682,0.998920086078066,822,1,"","","",NA,NA,NA,NA,NA,NA,NA,NA,"20250121/00034.mp4","2025-01-21","22b_00034_16:27:00_2025-01-21","22b",2025-01-21 14:27:00,2025-01-21 16:27:00,261.094752575119,30.263018675544,-146.353291788261,-3.09511452223879,-177.336999233933,182.663000766067
16,"vertical","some runs on the border (not super trustworthy) / it seems like clockwise or anti clockwise return runs play a role in the waggle run angle",1148,840,"22b_00034_waggle_annotations.csv","16:27:00",-0.659437818308136,0.751759112871275,854,1,"","","",NA,NA,NA,NA,NA,NA,NA,NA,"20250121/00034.mp4","2025-01-21","22b_00034_16:27:00_2025-01-21","22b",2025-01-21 14:27:00,2025-01-21 16:27:00,261.094752575119,30.263018675544,-146.353291788261,-2.42152195981569,-138.742988295687,221.257011704313
17,"vertical","some runs on the border (not super trustworthy) / it seems like clockwise or anti clockwise return runs play a role in the waggle run angle",1195,870,"22b_00034_waggle_annotations.csv","16:27:00",0.316227766016838,0.948683298050514,902,1,"","","",NA,NA,NA,NA,NA,NA,NA,NA,"20250121/00034.mp4","2025-01-21","22b_00034_16:27:00_2025-01-21","22b",2025-01-21 14:27:00,2025-01-21 16:27:00,261.094752575119,30.263018675544,-146.353291788261,2.81984209919315,161.565051177078,161.565051177078
18,"vertical","some runs on the border (not super trustworthy) / it seems like clockwise or anti clockwise return runs play a role in the waggle run angle",1166,871,"22b_00034_waggle_annotations.csv","16:27:00",-0.539666114720432,0.841879138963874,959,1,"","","",NA,NA,NA,NA,NA,NA,NA,NA,"20250121/00034.mp4","2025-01-21","22b_00034_16:27:00_2025-01-21","22b",2025-01-21 14:27:00,2025-01-21 16:27:00,261.094752575119,30.263018675544,-146.353291788261,-2.57155218989008,-147.339087278326,212.660912721674
19,"vertical","some runs on the border (not super trustworthy) / it seems like clockwise or anti clockwise return runs play a role in the waggle run angle",1171,897,"22b_00034_waggle_annotations.csv","16:27:00",0.253027744393526,0.967459022681129,1003,1,"","","",NA,NA,NA,NA,NA,NA,NA,NA,"20250121/00034.mp4","2025-01-21","22b_00034_16:27:00_2025-01-21","22b",2025-01-21 14:27:00,2025-01-21 16:27:00,261.094752575119,30.263018675544,-146.353291788261,2.88578408897443,165.34324888424,165.34324888424
20,"vertical","some runs on the border (not super trustworthy) / it seems like clockwise or anti clockwise return runs play a role in the waggle run angle",1173,907,"22b_00034_waggle_annotations.csv","16:27:00",-0.680451099367278,0.732793491626299,1045,1,"","","",NA,NA,NA,NA,NA,NA,NA,NA,"20250121/00034.mp4","2025-01-21","22b_00034_16:27:00_2025-01-21","22b",2025-01-21 14:27:00,2025-01-21 16:27:00,261.094752575119,30.263018675544,-146.353291788261,-2.39321460606627,-137.121096396661,222.878903603339
21,"vertical","some runs on the border (not super trustworthy) / it seems like clockwise or anti clockwise return runs play a role in the waggle run angle",1161,908,"22b_00034_waggle_annotations.csv","16:27:00",0.175033334717495,0.984562507785907,1092,1,"","","",NA,NA,NA,NA,NA,NA,NA,NA,"20250121/00034.mp4","2025-01-21","22b_00034_16:27:00_2025-01-21","22b",2025-01-21 14:27:00,2025-01-21 16:27:00,261.094752575119,30.263018675544,-146.353291788261,2.96565302813727,169.919402012458,169.919402012458
22,"vertical","some runs on the border (not super trustworthy) / it seems like clockwise or anti clockwise return runs play a role in the waggle run angle",1180,880,"22b_00034_waggle_annotations.csv","16:27:00",-0.554700196225229,0.832050294337844,1142,1,"","","",NA,NA,NA,NA,NA,NA,NA,NA,"20250121/00034.mp4","2025-01-21","22b_00034_16:27:00_2025-01-21","22b",2025-01-21 14:27:00,2025-01-21 16:27:00,261.094752575119,30.263018675544,-146.353291788261,-2.55359005004222,-146.30993247402,213.69006752598
23,"vertical","some runs on the border (not super trustworthy) / it seems like clockwise or anti clockwise return runs play a role in the waggle run angle",1213,890,"22b_00034_waggle_annotations.csv","16:27:00",0.178885438199983,0.983869910099908,1194,1,"","","",NA,NA,NA,NA,NA,NA,NA,NA,"20250121/00034.mp4","2025-01-21","22b_00034_16:27:00_2025-01-21","22b",2025-01-21 14:27:00,2025-01-21 16:27:00,261.094752575119,30.263018675544,-146.353291788261,2.96173915379732,169.695153531234,169.695153531234
24,"vertical","some runs on the border (not super trustworthy) / it seems like clockwise or anti clockwise return runs play a role in the waggle run angle",1172,904,"22b_00034_waggle_annotations.csv","16:27:00",-0.236351579147501,0.971667603161947,1233,1,"","","",NA,NA,NA,NA,NA,NA,NA,NA,"20250121/00034.mp4","2025-01-21","22b_00034_16:27:00_2025-01-21","22b",2025-01-21 14:27:00,2025-01-21 16:27:00,261.094752575119,30.263018675544,-146.353291788261,-2.90298333108159,-166.328692867804,193.671307132196
1,"vertical","some runs on the border",1348,897,"22b_00035_waggle_annotations.csv","16:33:00",-0.255154261231017,0.966900358349119,5,1,"","","",NA,NA,NA,NA,NA,NA,NA,NA,"20250121/00035.mp4","2025-01-21","22b_00035_16:33:00_2025-01-21","22b",2025-01-21 14:33:00,2025-01-21 16:33:00,260.570687532719,28.9287111458747,-146.877356830661,-2.88358541172583,-165.217273957384,194.782726042616
2,"vertical","some runs on the border",1423,895,"22b_00035_waggle_annotations.csv","16:33:00",-0.138196031911464,0.990404895365489,55,1,"","","",NA,NA,NA,NA,NA,NA,NA,NA,"20250121/00035.mp4","2025-01-21","22b_00035_16:33:00_2025-01-21","22b",2025-01-21 14:33:00,2025-01-21 16:33:00,260.570687532719,28.9287111458747,-146.877356830661,-3.00295291645564,-172.05652818941,187.94347181059
3,"vertical","some runs on the border",1389,889,"22b_00035_waggle_annotations.csv","16:33:00",-0.330350424728106,0.943858356366017,101,1,"","","",NA,NA,NA,NA,NA,NA,NA,NA,"20250121/00035.mp4","2025-01-21","22b_00035_16:33:00_2025-01-21","22b",2025-01-21 14:33:00,2025-01-21 16:33:00,260.570687532719,28.9287111458747,-146.877356830661,-2.80491783420306,-160.709953780811,199.290046219189
4,"vertical","some runs on the border",1410,893,"22b_00035_waggle_annotations.csv","16:33:00",-0.164398987305357,0.986393923832144,142,1,"","","",NA,NA,NA,NA,NA,NA,NA,NA,"20250121/00035.mp4","2025-01-21","22b_00035_16:33:00_2025-01-21","22b",2025-01-21 14:33:00,2025-01-21 16:33:00,260.570687532719,28.9287111458747,-146.877356830661,-2.97644397617516,-170.537677791974,189.462322208026
5,"vertical","some runs on the border",1354,877,"22b_00035_waggle_annotations.csv","16:33:00",-0.482296547064367,0.876008014055687,184,1,"","","",NA,NA,NA,NA,NA,NA,NA,NA,"20250121/00035.mp4","2025-01-21","22b_00035_16:33:00_2025-01-21","22b",2025-01-21 14:33:00,2025-01-21 16:33:00,260.570687532719,28.9287111458747,-146.877356830661,-2.63831822233506,-151.164499152257,208.835500847743
6,"vertical","some runs on the border",1452,837,"22b_00035_waggle_annotations.csv","16:33:00",-0.104684784518043,0.994505452921406,223,1,"","","",NA,NA,NA,NA,NA,NA,NA,NA,"20250121/00035.mp4","2025-01-21","22b_00035_16:33:00_2025-01-21","22b",2025-01-21 14:33:00,2025-01-21 16:33:00,260.570687532719,28.9287111458747,-146.877356830661,-3.03671571485955,-173.990994042505,186.009005957495
7,"vertical","some runs on the border",1434,850,"22b_00035_waggle_annotations.csv","16:33:00",-0.189674976049229,0.981846934843066,271,1,"","","",NA,NA,NA,NA,NA,NA,NA,NA,"20250121/00035.mp4","2025-01-21","22b_00035_16:33:00_2025-01-21","22b",2025-01-21 14:33:00,2025-01-21 16:33:00,260.570687532719,28.9287111458747,-146.877356830661,-2.95076155086853,-169.066183214244,190.933816785756
8,"vertical","some runs on the border",1428,857,"22b_00035_waggle_annotations.csv","16:33:00",-0.304775727103784,0.952424147199324,315,1,"","","",NA,NA,NA,NA,NA,NA,NA,NA,"20250121/00035.mp4","2025-01-21","22b_00035_16:33:00_2025-01-21","22b",2025-01-21 14:33:00,2025-01-21 16:33:00,260.570687532719,28.9287111458747,-146.877356830661,-2.83188970904734,-162.255328374943,197.744671625057
9,"vertical","some runs on the border",1345,859,"22b_00035_waggle_annotations.csv","16:33:00",-0.267643863786095,0.963517909629941,361,1,"","","",NA,NA,NA,NA,NA,NA,NA,NA,"20250121/00035.mp4","2025-01-21","22b_00035_16:33:00_2025-01-21","22b",2025-01-21 14:33:00,2025-01-21 16:33:00,260.570687532719,28.9287111458747,-146.877356830661,-2.87064580325138,-164.475889003246,195.524110996754
10,"vertical","some runs on the border",1405,856,"22b_00035_waggle_annotations.csv","16:33:00",0.0196040749344456,0.999807821656724,398,1,"","","",NA,NA,NA,NA,NA,NA,NA,NA,"20250121/00035.mp4","2025-01-21","22b_00035_16:33:00_2025-01-21","22b",2025-01-21 14:33:00,2025-01-21 16:33:00,260.570687532719,28.9287111458747,-146.877356830661,3.1219873227326,178.876697285925,178.876697285925
11,"vertical","some runs on the border",1357,884,"22b_00035_waggle_annotations.csv","16:33:00",-0.651591914527529,0.758569691539511,452,1,"","","",NA,NA,NA,NA,NA,NA,NA,NA,"20250121/00035.mp4","2025-01-21","22b_00035_16:33:00_2025-01-21","22b",2025-01-21 14:33:00,2025-01-21 16:33:00,260.570687532719,28.9287111458747,-146.877356830661,-2.43191152953269,-139.338266791428,220.661733208572
12,"vertical","some runs on the border",1427,853,"22b_00035_waggle_annotations.csv","16:33:00",0,1,492,1,"","","",NA,NA,NA,NA,NA,NA,NA,NA,"20250121/00035.mp4","2025-01-21","22b_00035_16:33:00_2025-01-21","22b",2025-01-21 14:33:00,2025-01-21 16:33:00,260.570687532719,28.9287111458747,-146.877356830661,3.14159265358979,180,180
13,"vertical","some runs on the border",1402,835,"22b_00035_waggle_annotations.csv","16:33:00",-0.588171697675046,0.808736084303188,526,1,"","","",NA,NA,NA,NA,NA,NA,NA,NA,"20250121/00035.mp4","2025-01-21","22b_00035_16:33:00_2025-01-21","22b",2025-01-21 14:33:00,2025-01-21 16:33:00,260.570687532719,28.9287111458747,-146.877356830661,-2.51279636717435,-143.972626614896,216.027373385104
14,"vertical","some runs on the border",1377,866,"22b_00035_waggle_annotations.csv","16:33:00",-0.311770417897313,0.950157464068001,579,1,"","","",NA,NA,NA,NA,NA,NA,NA,NA,"20250121/00035.mp4","2025-01-21","22b_00035_16:33:00_2025-01-21","22b",2025-01-21 14:33:00,2025-01-21 16:33:00,260.570687532719,28.9287111458747,-146.877356830661,-2.82453690038064,-161.834043470774,198.165956529226
15,"vertical","some runs on the border",1363,868,"22b_00035_waggle_annotations.csv","16:33:00",-0.453049848125789,0.891485185021714,616,1,"","","",NA,NA,NA,NA,NA,NA,NA,NA,"20250121/00035.mp4","2025-01-21","22b_00035_16:33:00_2025-01-21","22b",2025-01-21 14:33:00,2025-01-21 16:33:00,260.570687532719,28.9287111458747,-146.877356830661,-2.67140918994305,-153.060471936199,206.939528063801
16,"vertical","some runs on the border",1379,886,"22b_00035_waggle_annotations.csv","16:33:00",-0.184288535050185,0.982872186934322,655,1,"","","",NA,NA,NA,NA,NA,NA,NA,NA,"20250121/00035.mp4","2025-01-21","22b_00035_16:33:00_2025-01-21","22b",2025-01-21 14:33:00,2025-01-21 16:33:00,260.570687532719,28.9287111458747,-146.877356830661,-2.9562447035941,-169.380344723845,190.619655276155
17,"vertical","some runs on the border",1348,874,"22b_00035_waggle_annotations.csv","16:33:00",-0.563961646157533,0.82580098187353,694,1,"","","",NA,NA,NA,NA,NA,NA,NA,NA,"20250121/00035.mp4","2025-01-21","22b_00035_16:33:00_2025-01-21","22b",2025-01-21 14:33:00,2025-01-21 16:33:00,260.570687532719,28.9287111458747,-146.877356830661,-2.54241733060349,-145.669782804497,214.330217195503
18,"vertical","some runs on the border",1363,855,"22b_00035_waggle_annotations.csv","16:33:00",0.0665190105237739,0.997785157856609,744,1,"","","",NA,NA,NA,NA,NA,NA,NA,NA,"20250121/00035.mp4","2025-01-21","22b_00035_16:33:00_2025-01-21","22b",2025-01-21 14:33:00,2025-01-21 16:33:00,260.570687532719,28.9287111458747,-146.877356830661,3.07502448981398,176.18592516571,176.18592516571
19,"vertical","some runs on the border",1302,875,"22b_00035_waggle_annotations.csv","16:33:00",-0.535699956625387,0.844408406206119,778,1,"","","",NA,NA,NA,NA,NA,NA,NA,NA,"20250121/00035.mp4","2025-01-21","22b_00035_16:33:00_2025-01-21","22b",2025-01-21 14:33:00,2025-01-21 16:33:00,260.570687532719,28.9287111458747,-146.877356830661,-2.57625619282591,-147.608606793366,212.391393206634
20,"vertical","some runs on the border",1329,873,"22b_00035_waggle_annotations.csv","16:33:00",-0.114624107985131,0.993408935871131,826,1,"","","",NA,NA,NA,NA,NA,NA,NA,NA,"20250121/00035.mp4","2025-01-21","22b_00035_16:33:00_2025-01-21","22b",2025-01-21 14:33:00,2025-01-21 16:33:00,260.570687532719,28.9287111458747,-146.877356830661,-3.02671604817289,-173.418055344822,186.581944655178
21,"vertical","some runs on the border",1318,827,"22b_00035_waggle_annotations.csv","16:33:00",-0.684675461664049,0.728848072093987,879,1,"","","",NA,NA,NA,NA,NA,NA,NA,NA,"20250121/00035.mp4","2025-01-21","22b_00035_16:33:00_2025-01-21","22b",2025-01-21 14:33:00,2025-01-21 16:33:00,260.570687532719,28.9287111458747,-146.877356830661,-2.38743432362261,-136.789910608246,223.210089391754
1,"antisolar","",747,703,"22b_114707dome_waggle_annotations.csv","11:47:07",0.191775405246661,0.981438838615264,398,1,"","","",NA,NA,NA,NA,NA,NA,NA,NA,"20250121/2025-01-21 11-47-07.mkv","2025-01-21","22b_114707dome_11:47:07_2025-01-21","22b",2025-01-21 09:47:07,2025-01-21 11:47:07,38.8876214032342,82.686145445923,-8.56042296014513,2.94862184362423,168.943587019752,168.943587019752
2,"antisolar","",800,698,"22b_114707dome_waggle_annotations.csv","11:47:07",0.0475651494154494,-0.998868137724438,449,1,"","","",NA,NA,NA,NA,NA,NA,NA,NA,"20250121/2025-01-21 11-47-07.mkv","2025-01-21","22b_114707dome_11:47:07_2025-01-21","22b",2025-01-21 09:47:07,2025-01-21 11:47:07,38.8876214032342,82.686145445923,-8.56042296014513,0.0475831032769835,2.72631099390627,2.72631099390627
3,"antisolar","",732,678,"22b_114707dome_waggle_annotations.csv","11:47:07",-0.518301716093344,0.855197831554018,549,1,"","","",NA,NA,NA,NA,NA,NA,NA,NA,"20250121/2025-01-21 11-47-07.mkv","2025-01-21","22b_114707dome_11:47:07_2025-01-21","22b",2025-01-21 09:47:07,2025-01-21 11:47:07,38.8876214032342,82.686145445923,-8.56042296014513,-2.59672873813826,-148.781597235654,211.218402764346
4,"antisolar","",596,718,"22b_114707dome_waggle_annotations.csv","11:47:07",-0.540757591313499,0.841178475376554,631,1,"","","",NA,NA,NA,NA,NA,NA,NA,NA,"20250121/2025-01-21 11-47-07.mkv","2025-01-21","22b_114707dome_11:47:07_2025-01-21","22b",2025-01-21 09:47:07,2025-01-21 11:47:07,38.8876214032342,82.686145445923,-8.56042296014513,-2.57025517375616,-147.264773727892,212.735226272108
5,"antisolar","",686,812,"22b_114707dome_waggle_annotations.csv","11:47:07",0.0475651494154494,-0.998868137724438,940,1,"","","",NA,NA,NA,NA,NA,NA,NA,NA,"20250121/2025-01-21 11-47-07.mkv","2025-01-21","22b_114707dome_11:47:07_2025-01-21","22b",2025-01-21 09:47:07,2025-01-21 11:47:07,38.8876214032342,82.686145445923,-8.56042296014513,0.0475831032769835,2.72631099390627,2.72631099390627
6,"antisolar","",687,784,"22b_114707dome_waggle_annotations.csv","11:47:07",-0.476763040377887,-0.879031855696728,1051,1,"","","",NA,NA,NA,NA,NA,NA,NA,NA,"20250121/2025-01-21 11-47-07.mkv","2025-01-21","22b_114707dome_11:47:07_2025-01-21","22b",2025-01-21 09:47:07,2025-01-21 11:47:07,38.8876214032342,82.686145445923,-8.56042296014513,-0.496968604879047,-28.474203610074,331.525796389926
7,"antisolar","",681,757,"22b_114707dome_waggle_annotations.csv","11:47:07",0.999800059980007,-0.0199960011996001,1131,1,"","","",NA,NA,NA,NA,NA,NA,NA,NA,"20250121/2025-01-21 11-47-07.mkv","2025-01-21","22b_114707dome_11:47:07_2025-01-21","22b",2025-01-21 09:47:07,2025-01-21 11:47:07,38.8876214032342,82.686145445923,-8.56042296014513,1.55079899282175,88.8542371618249,88.8542371618249
8,"antisolar","",698,732,"22b_114707dome_waggle_annotations.csv","11:47:07",-0.936329177569045,0.351123441588392,1299,1,"","","",NA,NA,NA,NA,NA,NA,NA,NA,"20250121/2025-01-21 11-47-07.mkv","2025-01-21","22b_114707dome_11:47:07_2025-01-21","22b",2025-01-21 09:47:07,2025-01-21 11:47:07,38.8876214032342,82.686145445923,-8.56042296014513,-1.92956699706546,-110.556045219583,249.443954780417
9,"antisolar","",717,699,"22b_114707dome_waggle_annotations.csv","11:47:07",-0.198846786199029,-0.980030589123787,1404,1,"","","",NA,NA,NA,NA,NA,NA,NA,NA,"20250121/2025-01-21 11-47-07.mkv","2025-01-21","22b_114707dome_11:47:07_2025-01-21","22b",2025-01-21 09:47:07,2025-01-21 11:47:07,38.8876214032342,82.686145445923,-8.56042296014513,-0.20018106796589,-11.469530332867,348.530469667133
10,"antisolar","",700,723,"22b_114707dome_waggle_annotations.csv","11:47:07",0.23162052730604,0.972806214685367,1527,1,"","","",NA,NA,NA,NA,NA,NA,NA,NA,"20250121/2025-01-21 11-47-07.mkv","2025-01-21","22b_114707dome_11:47:07_2025-01-21","22b",2025-01-21 09:47:07,2025-01-21 11:47:07,38.8876214032342,82.686145445923,-8.56042296014513,2.90784947272089,166.607502246249,166.607502246249
11,"antisolar","",783,688,"22b_114707dome_waggle_annotations.csv","11:47:07",-0.989949493661167,0.14142135623731,1655,1,"","","",NA,NA,NA,NA,NA,NA,NA,NA,"20250121/2025-01-21 11-47-07.mkv","2025-01-21","22b_114707dome_11:47:07_2025-01-21","22b",2025-01-21 09:47:07,2025-01-21 11:47:07,38.8876214032342,82.686145445923,-8.56042296014513,-1.71269338139906,-98.130102354156,261.869897645844
12,"antisolar","",704,506,"22b_114707dome_waggle_annotations.csv","11:47:07",-0.489141638229514,-0.87220436696347,1792,1,"","","",NA,NA,NA,NA,NA,NA,NA,NA,"20250121/2025-01-21 11-47-07.mkv","2025-01-21","22b_114707dome_11:47:07_2025-01-21","22b",2025-01-21 09:47:07,2025-01-21 11:47:07,38.8876214032342,82.686145445923,-8.56042296014513,-0.511105351867262,-29.284179548543,330.715820451457
1,"solar","scattered dance, cloudy",813,595,"22b_120351dome_waggle_annotations.csv","12:03:51",0.0161269347182601,0.999869952532125,1900,1,"","","",NA,NA,NA,NA,NA,NA,NA,NA,"20250121/2025-01-21 12-03-51.mkv","2025-01-21","22b_120351dome_12:03:51_2025-01-21","22b",2025-01-21 10:03:51,2025-01-21 12:03:51,6.44020258641498,84.1909223733668,-41.0078417769644,3.12546501974615,179.075954647227,179.075954647227
2,"solar","scattered dance, cloudy",803,594,"22b_120351dome_waggle_annotations.csv","12:03:51",0.52999894000318,-0.847998304005088,1997,1,"","","",NA,NA,NA,NA,NA,NA,NA,NA,"20250121/2025-01-21 12-03-51.mkv","2025-01-21","22b_120351dome_12:03:51_2025-01-21","22b",2025-01-21 10:03:51,2025-01-21 12:03:51,6.44020258641498,84.1909223733668,-41.0078417769644,0.558599315343563,32.0053832080835,32.0053832080835
3,"solar","scattered dance, cloudy",800,547,"22b_120351dome_waggle_annotations.csv","12:03:51",-0.997054485501582,-0.076696498884737,2040,1,"","","",NA,NA,NA,NA,NA,NA,NA,NA,"20250121/2025-01-21 12-03-51.mkv","2025-01-21","22b_120351dome_12:03:51_2025-01-21","22b",2025-01-21 10:03:51,2025-01-21 12:03:51,6.44020258641498,84.1909223733668,-41.0078417769644,-1.49402443552511,-85.601294645004,274.398705354996
4,"solar","scattered dance, cloudy",838,524,"22b_120351dome_waggle_annotations.csv","12:03:51",-0.864507186684193,-0.502620457374531,2105,1,"","","",NA,NA,NA,NA,NA,NA,NA,NA,"20250121/2025-01-21 12-03-51.mkv","2025-01-21","22b_120351dome_12:03:51_2025-01-21","22b",2025-01-21 10:03:51,2025-01-21 12:03:51,6.44020258641498,84.1909223733668,-41.0078417769644,-1.04416905536115,-59.826479970356,300.173520029644
5,"solar","scattered dance, cloudy",831,538,"22b_120351dome_waggle_annotations.csv","12:03:51",-0.629198228667965,-0.777244870707486,2172,1,"","","",NA,NA,NA,NA,NA,NA,NA,NA,"20250121/2025-01-21 12-03-51.mkv","2025-01-21","22b_120351dome_12:03:51_2025-01-21","22b",2025-01-21 10:03:51,2025-01-21 12:03:51,6.44020258641498,84.1909223733668,-41.0078417769644,-0.680521224667207,-38.990994042505,321.009005957495
6,"solar","scattered dance, cloudy",797,531,"22b_120351dome_waggle_annotations.csv","12:03:51",-0.278058076541057,0.960564264414562,2195,1,"","","",NA,NA,NA,NA,NA,NA,NA,NA,"20250121/2025-01-21 12-03-51.mkv","2025-01-21","22b_120351dome_12:03:51_2025-01-21","22b",2025-01-21 10:03:51,2025-01-21 12:03:51,6.44020258641498,84.1909223733668,-41.0078417769644,-2.85982078631645,-163.855661219717,196.144338780283
7,"solar","scattered dance, cloudy",868,581,"22b_120351dome_waggle_annotations.csv","12:03:51",0.554700196225229,0.832050294337844,2265,1,"","","",NA,NA,NA,NA,NA,NA,NA,NA,"20250121/2025-01-21 12-03-51.mkv","2025-01-21","22b_120351dome_12:03:51_2025-01-21","22b",2025-01-21 10:03:51,2025-01-21 12:03:51,6.44020258641498,84.1909223733668,-41.0078417769644,2.55359005004222,146.30993247402,146.30993247402
8,"solar","scattered dance, cloudy",835,560,"22b_120351dome_waggle_annotations.csv","12:03:51",-0.630592625094466,0.776114000116266,2339,1,"","","",NA,NA,NA,NA,NA,NA,NA,NA,"20250121/2025-01-21 12-03-51.mkv","2025-01-21","22b_120351dome_12:03:51_2025-01-21","22b",2025-01-21 10:03:51,2025-01-21 12:03:51,6.44020258641498,84.1909223733668,-41.0078417769644,-2.45927609871504,-140.90614111377,219.09385888623
9,"solar","scattered dance, cloudy",856,593,"22b_120351dome_waggle_annotations.csv","12:03:51",-0.97439119569462,0.224859506698758,2440,1,"","","",NA,NA,NA,NA,NA,NA,NA,NA,"20250121/2025-01-21 12-03-51.mkv","2025-01-21","22b_120351dome_12:03:51_2025-01-21","22b",2025-01-21 10:03:51,2025-01-21 12:03:51,6.44020258641498,84.1909223733668,-41.0078417769644,-1.79759517484877,-102.994616791916,257.005383208084
10,"solar","scattered dance, cloudy",812,582,"22b_120351dome_waggle_annotations.csv","12:03:51",0,1,2529,1,"","","",NA,NA,NA,NA,NA,NA,NA,NA,"20250121/2025-01-21 12-03-51.mkv","2025-01-21","22b_120351dome_12:03:51_2025-01-21","22b",2025-01-21 10:03:51,2025-01-21 12:03:51,6.44020258641498,84.1909223733668,-41.0078417769644,3.14159265358979,180,180
11,"solar","scattered dance, cloudy",841,604,"22b_120351dome_waggle_annotations.csv","12:03:51",0.980993105174429,-0.194042592232305,2556,1,"","","",NA,NA,NA,NA,NA,NA,NA,NA,"20250121/2025-01-21 12-03-51.mkv","2025-01-21","22b_120351dome_12:03:51_2025-01-21","22b",2025-01-21 10:03:51,2025-01-21 12:03:51,6.44020258641498,84.1909223733668,-41.0078417769644,1.3755149287,78.8112000717482,78.8112000717482
12,"solar","scattered dance, cloudy",845,629,"22b_120351dome_waggle_annotations.csv","12:03:51",-0.966561557861778,0.256434699024553,2601,1,"","","",NA,NA,NA,NA,NA,NA,NA,NA,"20250121/2025-01-21 12-03-51.mkv","2025-01-21","22b_120351dome_12:03:51_2025-01-21","22b",2025-01-21 10:03:51,2025-01-21 12:03:51,6.44020258641498,84.1909223733668,-41.0078417769644,-1.83012807119559,-104.858614447925,255.141385552075
13,"solar","scattered dance, cloudy",837,555,"22b_120351dome_waggle_annotations.csv","12:03:51",-0.507020126563394,0.86193421515777,2715,1,"","","",NA,NA,NA,NA,NA,NA,NA,NA,"20250121/2025-01-21 12-03-51.mkv","2025-01-21","22b_120351dome_12:03:51_2025-01-21","22b",2025-01-21 10:03:51,2025-01-21 12:03:51,6.44020258641498,84.1909223733668,-41.0078417769644,-2.60986858633099,-149.53445508054,210.46554491946
14,"solar","scattered dance, cloudy",818,566,"22b_120351dome_waggle_annotations.csv","12:03:51",-0.739342381478786,-0.673329668846752,2741,1,"","","",NA,NA,NA,NA,NA,NA,NA,NA,"20250121/2025-01-21 12-03-51.mkv","2025-01-21","22b_120351dome_12:03:51_2025-01-21","22b",2025-01-21 10:03:51,2025-01-21 12:03:51,6.44020258641498,84.1909223733668,-41.0078417769644,-0.832093167440777,-47.675426656029,312.324573343971
15,"solar","scattered dance, cloudy",841,609,"22b_120351dome_waggle_annotations.csv","12:03:51",0.263117405792109,0.964763821237732,2837,1,"","","",NA,NA,NA,NA,NA,NA,NA,NA,"20250121/2025-01-21 12-03-51.mkv","2025-01-21","22b_120351dome_12:03:51_2025-01-21","22b",2025-01-21 10:03:51,2025-01-21 12:03:51,6.44020258641498,84.1909223733668,-41.0078417769644,2.87534060443886,164.744881296942,164.744881296942
16,"solar","scattered dance, cloudy",791,586,"22b_120351dome_waggle_annotations.csv","12:03:51",0.417905608232144,0.908490452678575,2959,1,"","","",NA,NA,NA,NA,NA,NA,NA,NA,"20250121/2025-01-21 12-03-51.mkv","2025-01-21","22b_120351dome_12:03:51_2025-01-21","22b",2025-01-21 10:03:51,2025-01-21 12:03:51,6.44020258641498,84.1909223733668,-41.0078417769644,2.71045391287102,155.297569772229,155.297569772229
17,"solar","scattered dance, cloudy",721,643,"22b_120351dome_waggle_annotations.csv","12:03:51",-0.361527854490872,0.932361308950145,3163,1,"","","",NA,NA,NA,NA,NA,NA,NA,NA,"20250121/2025-01-21 12-03-51.mkv","2025-01-21","22b_120351dome_12:03:51_2025-01-21","22b",2025-01-21 10:03:51,2025-01-21 12:03:51,6.44020258641498,84.1909223733668,-41.0078417769644,-2.77168658613324,-158.805943518458,201.194056481542
18,"solar","scattered dance, cloudy",881,686,"22b_120351dome_waggle_annotations.csv","12:03:51",-0.0885397902837944,0.996072640692686,3262,1,"","","",NA,NA,NA,NA,NA,NA,NA,NA,"20250121/2025-01-21 12-03-51.mkv","2025-01-21","22b_120351dome_12:03:51_2025-01-21","22b",2025-01-21 10:03:51,2025-01-21 12:03:51,6.44020258641498,84.1909223733668,-41.0078417769644,-3.05293677172235,-174.920392139985,185.079607860015
1,"vertical","",845,884,"22b_00028_waggle_annotations.csv","15:19:00",0.0643822779979651,0.997925308968458,12,1,"","","",NA,NA,NA,NA,NA,NA,NA,NA,"20250122/00028.mp4","2025-01-22","22b_00028_15:19:00_2025-01-22","22b",2025-01-22 13:19:00,2025-01-22 15:19:00,267.584457797265,45.4921536283506,-139.863586566115,3.07716581416424,176.308614013549,176.308614013549
2,"vertical","",872,815,"22b_00028_waggle_annotations.csv","15:19:00",0.365652372422994,0.930751493440347,76,1,"","","",NA,NA,NA,NA,NA,NA,NA,NA,"20250122/00028.mp4","2025-01-22","22b_00028_15:19:00_2025-01-22","22b",2025-01-22 13:19:00,2025-01-22 15:19:00,267.584457797265,45.4921536283506,-139.863586566115,2.76725903758222,158.552263672895,158.552263672895
3,"vertical","",858,836,"22b_00028_waggle_annotations.csv","15:19:00",-0.0333148302326385,0.999444906979154,131,1,"","","",NA,NA,NA,NA,NA,NA,NA,NA,"20250122/00028.mp4","2025-01-22","22b_00028_15:19:00_2025-01-22","22b",2025-01-22 13:19:00,2025-01-22 15:19:00,267.584457797265,45.4921536283506,-139.863586566115,-3.10827165771155,-178.090847567004,181.909152432996
4,"vertical","",886,809,"22b_00028_waggle_annotations.csv","15:19:00",0.152057184253941,0.988371697650617,187,1,"","","",NA,NA,NA,NA,NA,NA,NA,NA,"20250122/00028.mp4","2025-01-22","22b_00028_15:19:00_2025-01-22","22b",2025-01-22 13:19:00,2025-01-22 15:19:00,267.584457797265,45.4921536283506,-139.863586566115,2.98894332519453,171.253837737445,171.253837737445
1,"vertical","",700,950,"22b_00032_waggle_annotations.csv","15:28:00",-0.481918749772156,0.876215908676647,30,1,"","","",NA,NA,NA,NA,NA,NA,NA,NA,"20250122/00032.mp4","2025-01-22","22b_00032_15:28:00_2025-01-22","22b",2025-01-22 13:28:00,2025-01-22 15:28:00,266.71433173361,43.4661775899776,-140.733712629769,-2.63874944266193,-151.189206257027,208.810793742973
2,"vertical","",736,915,"22b_00032_waggle_annotations.csv","15:28:00",-0.360645192883553,0.932703085043673,163,1,"","","",NA,NA,NA,NA,NA,NA,NA,NA,"20250122/00032.mp4","2025-01-22","22b_00032_15:28:00_2025-01-22","22b",2025-01-22 13:28:00,2025-01-22 15:28:00,266.71433173361,43.4661775899776,-140.733712629769,-2.77263310738393,-158.860175191342,201.139824808658
3,"vertical","",763,897,"22b_00032_waggle_annotations.csv","15:28:00",0.0534947213716119,0.998568132270089,209,1,"","","",NA,NA,NA,NA,NA,NA,NA,NA,"20250122/00032.mp4","2025-01-22","22b_00032_15:28:00_2025-01-22","22b",2025-01-22 13:28:00,2025-01-22 15:28:00,266.71433173361,43.4661775899776,-140.733712629769,3.08807238513048,176.933514498874,176.933514498874
4,"vertical","",713,844,"22b_00032_waggle_annotations.csv","15:28:00",-0.360994102557712,0.93256809827409,258,1,"","","",NA,NA,NA,NA,NA,NA,NA,NA,"20250122/00032.mp4","2025-01-22","22b_00032_15:28:00_2025-01-22","22b",2025-01-22 13:28:00,2025-01-22 15:28:00,266.71433173361,43.4661775899776,-140.733712629769,-2.77225899591617,-158.838740183172,201.161259816828
5,"vertical","",730,844,"22b_00032_waggle_annotations.csv","15:28:00",0.196116135138184,0.98058067569092,318,1,"","","",NA,NA,NA,NA,NA,NA,NA,NA,"20250122/00032.mp4","2025-01-22","22b_00032_15:28:00_2025-01-22","22b",2025-01-22 13:28:00,2025-01-22 15:28:00,266.71433173361,43.4661775899776,-140.733712629769,2.94419709373992,168.69006752598,168.69006752598
6,"vertical","",699,843,"22b_00032_waggle_annotations.csv","15:28:00",-0.357137466266591,0.934051834851085,366,1,"","","",NA,NA,NA,NA,NA,NA,NA,NA,"20250122/00032.mp4","2025-01-22","22b_00032_15:28:00_2025-01-22","22b",2025-01-22 13:28:00,2025-01-22 15:28:00,266.71433173361,43.4661775899776,-140.733712629769,-2.77639120380162,-159.075498255079,200.924501744921
7,"vertical","",720,860,"22b_00032_waggle_annotations.csv","15:28:00",0.173785333909048,0.984783558817937,410,1,"","","",NA,NA,NA,NA,NA,NA,NA,NA,"20250122/00032.mp4","2025-01-22","22b_00032_15:28:00_2025-01-22","22b",2025-01-22 13:28:00,2025-01-22 15:28:00,266.71433173361,43.4661775899776,-140.733712629769,2.96692045458156,169.992020198559,169.992020198559
1,"vertical","",1656,783,"22b_00036_waggle_annotations.csv","15:39:00",0.191510359419649,0.981490592025699,782,1,"","","",NA,NA,NA,NA,NA,NA,NA,NA,"20250122/00036.mp4","2025-01-22","22b_00036_15:39:00_2025-01-22","22b",2025-01-22 13:39:00,2025-01-22 15:39:00,265.67888801026,40.9925056038504,-141.769156353119,2.9488918949274,168.959059819676,168.959059819676
2,"vertical","",1662,823,"22b_00036_waggle_annotations.csv","15:39:00",-0.0995037190209989,0.995037190209989,819,1,"","","",NA,NA,NA,NA,NA,NA,NA,NA,"20250122/00036.mp4","2025-01-22","22b_00036_15:39:00_2025-01-22","22b",2025-01-22 13:39:00,2025-01-22 15:39:00,265.67888801026,40.9925056038504,-141.769156353119,-3.04192400109863,-174.2894068625,185.7105931375
3,"vertical","",1382,863,"22b_00036_waggle_annotations.csv","15:39:00",-0.28216632399155,0.959365501571271,895,1,"","","",NA,NA,NA,NA,NA,NA,NA,NA,"20250122/00036.mp4","2025-01-22","22b_00036_15:39:00_2025-01-22","22b",2025-01-22 13:39:00,2025-01-22 15:39:00,265.67888801026,40.9925056038504,-141.769156353119,-2.85554121187247,-163.610459665965,196.389540334035
4,"vertical","",1260,746,"22b_00036_waggle_annotations.csv","15:39:00",-0.0623782861551805,0.998052578482889,967,1,"","","",NA,NA,NA,NA,NA,NA,NA,NA,"20250122/00036.mp4","2025-01-22","22b_00036_15:39:00_2025-01-22","22b",2025-01-22 13:39:00,2025-01-22 15:39:00,265.67888801026,40.9925056038504,-141.769156353119,-3.07917384359384,-176.423665625003,183.576334374997
5,"vertical","",1175,755,"22b_00036_waggle_annotations.csv","15:39:00",-0.566528822887065,0.824041924199368,1200,1,"","","",NA,NA,NA,NA,NA,NA,NA,NA,"20250122/00036.mp4","2025-01-22","22b_00036_15:39:00_2025-01-22","22b",2025-01-22 13:39:00,2025-01-22 15:39:00,265.67888801026,40.9925056038504,-141.769156353119,-2.53930530745484,-145.491477012332,214.508522987668
1,"horizontal","",824,869,"22b_00038_waggle_annotations.csv","15:43:00",-0.898989868837269,0.437969423279695,91,1,"22_00037_waggle_annotations.csv","22_00037","C:\Users\frida\Documents\PhD\Waggle_dance\wd_SA2025\wd_annotator\mp4\George\mp4\20250122\00037.mp4",10,183.323,1.582,0.9996,-21.27,204.593,NA,39.432606037569,"20250122/00038.mp4","2025-01-22","22b_00038_15:43:00_2025-01-22","22b",2025-01-22 13:43:00,2025-01-22 15:43:00,265.308696227296,40.0938128842933,-142.139348136083,-2.02413502264945,-115.974393962431,244.025606037569
2,"horizontal","",821,867,"22b_00038_waggle_annotations.csv","15:43:00",-0.907959384500452,0.419058177461747,129,1,"22_00037_waggle_annotations.csv","22_00037","C:\Users\frida\Documents\PhD\Waggle_dance\wd_SA2025\wd_annotator\mp4\George\mp4\20250122\00037.mp4",10,183.323,1.582,0.9996,-21.27,204.593,NA,40.631859431168,"20250122/00038.mp4","2025-01-22","22b_00038_15:43:00_2025-01-22","22b",2025-01-22 13:43:00,2025-01-22 15:43:00,265.308696227296,40.0938128842933,-142.139348136083,-2.00320410236544,-114.775140568832,245.224859431168
3,"horizontal","",810,865,"22b_00038_waggle_annotations.csv","15:43:00",-0.936329177569045,0.351123441588392,170,1,"22_00037_waggle_annotations.csv","22_00037","C:\Users\frida\Documents\PhD\Waggle_dance\wd_SA2025\wd_annotator\mp4\George\mp4\20250122\00037.mp4",10,183.323,1.582,0.9996,-21.27,204.593,NA,44.850954780417,"20250122/00038.mp4","2025-01-22","22b_00038_15:43:00_2025-01-22","22b",2025-01-22 13:43:00,2025-01-22 15:43:00,265.308696227296,40.0938128842933,-142.139348136083,-1.92956699706546,-110.556045219583,249.443954780417
4,"horizontal","",787,868,"22b_00038_waggle_annotations.csv","15:43:00",-0.413802944301184,0.910366477462605,212,1,"22_00037_waggle_annotations.csv","22_00037","C:\Users\frida\Documents\PhD\Waggle_dance\wd_SA2025\wd_annotator\mp4\George\mp4\20250122\00037.mp4",10,183.323,1.582,0.9996,-21.27,204.593,NA,359.850954780417,"20250122/00038.mp4","2025-01-22","22b_00038_15:43:00_2025-01-22","22b",2025-01-22 13:43:00,2025-01-22 15:43:00,265.308696227296,40.0938128842933,-142.139348136083,-2.71496516046291,-155.556045219583,204.443954780417
5,"horizontal","",806,850,"22b_00038_waggle_annotations.csv","15:43:00",-0.894427190999916,0.447213595499958,260,1,"22_00037_waggle_annotations.csv","22_00037","C:\Users\frida\Documents\PhD\Waggle_dance\wd_SA2025\wd_annotator\mp4\George\mp4\20250122\00037.mp4",10,183.323,1.582,0.9996,-21.27,204.593,NA,38.841948822922,"20250122/00038.mp4","2025-01-22","22b_00038_15:43:00_2025-01-22","22b",2025-01-22 13:43:00,2025-01-22 15:43:00,265.308696227296,40.0938128842933,-142.139348136083,-2.0344439357957,-116.565051177078,243.434948822922
6,"horizontal","",799,855,"22b_00038_waggle_annotations.csv","15:43:00",-0.722641857147699,0.691222645967364,319,1,"22_00037_waggle_annotations.csv","22_00037","C:\Users\frida\Documents\PhD\Waggle_dance\wd_SA2025\wd_annotator\mp4\George\mp4\20250122\00037.mp4",10,183.323,1.582,0.9996,-21.27,204.593,NA,21.680030020057,"20250122/00038.mp4","2025-01-22","22b_00038_15:43:00_2025-01-22","22b",2025-01-22 13:43:00,2025-01-22 15:43:00,265.308696227296,40.0938128842933,-142.139348136083,-2.33397592486562,-133.726969979943,226.273030020057
1,"vertical","very long dance (35 runs annotated, skipped a few on edge of frame)",802,846,"22b_00048_waggle_annotations.csv","17:55:00",-0.325990683319404,0.945372981626272,800,1,"","","",NA,NA,NA,NA,NA,NA,NA,NA,"20250122/00048.mp4","2025-01-22","22b_00048_17:55:00_2025-01-22","22b",2025-01-22 15:55:00,2025-01-22 17:55:00,253.43032677958,10.9439377134884,-154.017717583799,-2.8095331860469,-160.974393962431,199.025606037569
2,"vertical","very long dance (35 runs annotated, skipped a few on edge of frame)",833,847,"22b_00048_waggle_annotations.csv","17:55:00",0.110431526074847,0.993883734673619,845,1,"","","",NA,NA,NA,NA,NA,NA,NA,NA,"20250122/00048.mp4","2025-01-22","22b_00048_17:55:00_2025-01-22","22b",2025-01-22 15:55:00,2025-01-22 17:55:00,253.43032677958,10.9439377134884,-154.017717583799,3.0309354324159,173.65980825409,173.65980825409
3,"vertical","very long dance (35 runs annotated, skipped a few on edge of frame)",810,834,"22b_00048_waggle_annotations.csv","17:55:00",-0.447213595499958,0.894427190999916,883,1,"","","",NA,NA,NA,NA,NA,NA,NA,NA,"20250122/00048.mp4","2025-01-22","22b_00048_17:55:00_2025-01-22","22b",2025-01-22 15:55:00,2025-01-22 17:55:00,253.43032677958,10.9439377134884,-154.017717583799,-2.67794504458899,-153.434948822922,206.565051177078
4,"vertical","very long dance (35 runs annotated, skipped a few on edge of frame)",797,833,"22b_00048_waggle_annotations.csv","17:55:00",0.216930457818656,0.976187060183953,924,1,"","","",NA,NA,NA,NA,NA,NA,NA,NA,"20250122/00048.mp4","2025-01-22","22b_00048_17:55:00_2025-01-22","22b",2025-01-22 15:55:00,2025-01-22 17:55:00,253.43032677958,10.9439377134884,-154.017717583799,2.92292370771584,167.471192290848,167.471192290848
5,"vertical","very long dance (35 runs annotated, skipped a few on edge of frame)",766,781,"22b_00048_waggle_annotations.csv","17:55:00",-0.499722453489577,0.8661855860486,968,1,"","","",NA,NA,NA,NA,NA,NA,NA,NA,"20250122/00048.mp4","2025-01-22","22b_00048_17:55:00_2025-01-22","22b",2025-01-22 15:55:00,2025-01-22 17:55:00,253.43032677958,10.9439377134884,-154.017717583799,-2.61831433145782,-150.018360631151,209.981639368849
6,"vertical","very long dance (35 runs annotated, skipped a few on edge of frame)",842,880,"22b_00048_waggle_annotations.csv","17:55:00",0.164398987305357,0.986393923832144,999,1,"","","",NA,NA,NA,NA,NA,NA,NA,NA,"20250122/00048.mp4","2025-01-22","22b_00048_17:55:00_2025-01-22","22b",2025-01-22 15:55:00,2025-01-22 17:55:00,253.43032677958,10.9439377134884,-154.017717583799,2.97644397617516,170.537677791974,170.537677791974
7,"vertical","very long dance (35 runs annotated, skipped a few on edge of frame)",843,855,"22b_00048_waggle_annotations.csv","17:55:00",0.0878938102963572,0.996129850025381,1044,1,"","","",NA,NA,NA,NA,NA,NA,NA,NA,"20250122/00048.mp4","2025-01-22","22b_00048_17:55:00_2025-01-22","22b",2025-01-22 15:55:00,2025-01-22 17:55:00,253.43032677958,10.9439377134884,-154.017717583799,3.05358528006205,174.957548930829,174.957548930829
8,"vertical","very long dance (35 runs annotated, skipped a few on edge of frame)",831,817,"22b_00048_waggle_annotations.csv","17:55:00",-0.707106781186548,0.707106781186548,1079,1,"","","",NA,NA,NA,NA,NA,NA,NA,NA,"20250122/00048.mp4","2025-01-22","22b_00048_17:55:00_2025-01-22","22b",2025-01-22 15:55:00,2025-01-22 17:55:00,253.43032677958,10.9439377134884,-154.017717583799,-2.35619449019235,-135,225
9,"vertical","very long dance (35 runs annotated, skipped a few on edge of frame)",867,846,"22b_00048_waggle_annotations.csv","17:55:00",0.124034734589208,0.992277876713668,1125,1,"","","",NA,NA,NA,NA,NA,NA,NA,NA,"20250122/00048.mp4","2025-01-22","22b_00048_17:55:00_2025-01-22","22b",2025-01-22 15:55:00,2025-01-22 17:55:00,253.43032677958,10.9439377134884,-154.017717583799,3.01723765904303,172.874983651098,172.874983651098
10,"vertical","very long dance (35 runs annotated, skipped a few on edge of frame)",1049,907,"22b_00048_waggle_annotations.csv","17:55:00",-0.74740931868366,0.66436383882992,1354,1,"","","",NA,NA,NA,NA,NA,NA,NA,NA,"20250122/00048.mp4","2025-01-22","22b_00048_17:55:00_2025-01-22","22b",2025-01-22 15:55:00,2025-01-22 17:55:00,253.43032677958,10.9439377134884,-154.017717583799,-2.29743866747662,-131.63353933657,228.36646066343
11,"vertical","very long dance (35 runs annotated, skipped a few on edge of frame)",1030,903,"22b_00048_waggle_annotations.csv","17:55:00",-0.037709009900252,0.999288762356679,1405,1,"","","",NA,NA,NA,NA,NA,NA,NA,NA,"20250122/00048.mp4","2025-01-22","22b_00048_17:55:00_2025-01-22","22b",2025-01-22 15:55:00,2025-01-22 17:55:00,253.43032677958,10.9439377134884,-154.017717583799,-3.10387470112294,-177.838920511774,182.161079488226
12,"vertical","very long dance (35 runs annotated, skipped a few on edge of frame)",995,887,"22b_00048_waggle_annotations.csv","17:55:00",-0.124034734589208,0.992277876713668,1450,1,"","","",NA,NA,NA,NA,NA,NA,NA,NA,"20250122/00048.mp4","2025-01-22","22b_00048_17:55:00_2025-01-22","22b",2025-01-22 15:55:00,2025-01-22 17:55:00,253.43032677958,10.9439377134884,-154.017717583799,-3.01723765904303,-172.874983651098,187.125016348902
13,"vertical","very long dance (35 runs annotated, skipped a few on edge of frame)",1034,905,"22b_00048_waggle_annotations.csv","17:55:00",0.0995037190209989,0.995037190209989,1488,1,"","","",NA,NA,NA,NA,NA,NA,NA,NA,"20250122/00048.mp4","2025-01-22","22b_00048_17:55:00_2025-01-22","22b",2025-01-22 15:55:00,2025-01-22 17:55:00,253.43032677958,10.9439377134884,-154.017717583799,3.04192400109862,174.2894068625,174.2894068625
14,"vertical","very long dance (35 runs annotated, skipped a few on edge of frame)",1054,877,"22b_00048_waggle_annotations.csv","17:55:00",-0.339644463777557,0.940553899691695,1534,1,"","","",NA,NA,NA,NA,NA,NA,NA,NA,"20250122/00048.mp4","2025-01-22","22b_00048_17:55:00_2025-01-22","22b",2025-01-22 15:55:00,2025-01-22 17:55:00,253.43032677958,10.9439377134884,-154.017717583799,-2.79505378915585,-160.144785630679,199.855214369321
15,"vertical","very long dance (35 runs annotated, skipped a few on edge of frame)",1038,865,"22b_00048_waggle_annotations.csv","17:55:00",0.496138938356834,0.868243142124459,1574,1,"","","",NA,NA,NA,NA,NA,NA,NA,NA,"20250122/00048.mp4","2025-01-22","22b_00048_17:55:00_2025-01-22","22b",2025-01-22 15:55:00,2025-01-22 17:55:00,253.43032677958,10.9439377134884,-154.017717583799,2.62244653934327,150.255118703058,150.255118703058
16,"vertical","very long dance (35 runs annotated, skipped a few on edge of frame)",984,874,"22b_00048_waggle_annotations.csv","17:55:00",-0.242535625036333,0.970142500145332,1620,1,"","","",NA,NA,NA,NA,NA,NA,NA,NA,"20250122/00048.mp4","2025-01-22","22b_00048_17:55:00_2025-01-22","22b",2025-01-22 15:55:00,2025-01-22 17:55:00,253.43032677958,10.9439377134884,-154.017717583799,-2.89661399046294,-165.963756532074,194.036243467926
17,"vertical","very long dance (35 runs annotated, skipped a few on edge of frame)",1017,870,"22b_00048_waggle_annotations.csv","17:55:00",0.131208719028083,0.991354765989961,1665,1,"","","",NA,NA,NA,NA,NA,NA,NA,NA,"20250122/00048.mp4","2025-01-22","22b_00048_17:55:00_2025-01-22","22b",2025-01-22 15:55:00,2025-01-22 17:55:00,253.43032677958,10.9439377134884,-154.017717583799,3.01000451213188,172.460554860491,172.460554860491
18,"vertical","very long dance (35 runs annotated, skipped a few on edge of frame)",995,878,"22b_00048_waggle_annotations.csv","17:55:00",-0.380749805254295,0.924678098474716,1701,1,"","","",NA,NA,NA,NA,NA,NA,NA,NA,"20250122/00048.mp4","2025-01-22","22b_00048_17:55:00_2025-01-22","22b",2025-01-22 15:55:00,2025-01-22 17:55:00,253.43032677958,10.9439377134884,-154.017717583799,-2.7509856098921,-157.61986494804,202.38013505196
19,"vertical","very long dance (35 runs annotated, skipped a few on edge of frame)",1007,891,"22b_00048_waggle_annotations.csv","17:55:00",0.400818834019708,0.916157334902189,1747,1,"","","",NA,NA,NA,NA,NA,NA,NA,NA,"20250122/00048.mp4","2025-01-22","22b_00048_17:55:00_2025-01-22","22b",2025-01-22 15:55:00,2025-01-22 17:55:00,253.43032677958,10.9439377134884,-154.017717583799,2.7291822119924,156.370622269343,156.370622269343
20,"vertical","very long dance (35 runs annotated, skipped a few on edge of frame)",950,881,"22b_00048_waggle_annotations.csv","17:55:00",-0.364399348580512,0.931242779705753,1784,1,"","","",NA,NA,NA,NA,NA,NA,NA,NA,"20250122/00048.mp4","2025-01-22","22b_00048_17:55:00_2025-01-22","22b",2025-01-22 15:55:00,2025-01-22 17:55:00,253.43032677958,10.9439377134884,-154.017717583799,-2.76860493178974,-158.629377730657,201.370622269343
21,"vertical","very long dance (35 runs annotated, skipped a few on edge of frame)",959,894,"22b_00048_waggle_annotations.csv","17:55:00",0.362446261154948,0.932004671541296,1837,1,"","","",NA,NA,NA,NA,NA,NA,NA,NA,"20250122/00048.mp4","2025-01-22","22b_00048_17:55:00_2025-01-22","22b",2025-01-22 15:55:00,2025-01-22 17:55:00,253.43032677958,10.9439377134884,-154.017717583799,2.77070136477714,158.749494492867,158.749494492867
22,"vertical","very long dance (35 runs annotated, skipped a few on edge of frame)",925,895,"22b_00048_waggle_annotations.csv","17:55:00",-0.257662650560332,0.966234939601246,1879,1,"","","",NA,NA,NA,NA,NA,NA,NA,NA,"20250122/00048.mp4","2025-01-22","22b_00048_17:55:00_2025-01-22","22b",2025-01-22 15:55:00,2025-01-22 17:55:00,253.43032677958,10.9439377134884,-154.017717583799,-2.88099026184245,-165.068582821862,194.931417178138
23,"vertical","very long dance (35 runs annotated, skipped a few on edge of frame)",994,884,"22b_00048_waggle_annotations.csv","17:55:00",0.503871025524086,0.863778900898434,1955,1,"","","",NA,NA,NA,NA,NA,NA,NA,NA,"20250122/00048.mp4","2025-01-22","22b_00048_17:55:00_2025-01-22","22b",2025-01-22 15:55:00,2025-01-22 17:55:00,253.43032677958,10.9439377134884,-154.017717583799,2.61351820516344,149.743562836471,149.743562836471
24,"vertical","very long dance (35 runs annotated, skipped a few on edge of frame)",979,899,"22b_00048_waggle_annotations.csv","17:55:00",-0.52999894000318,0.847998304005088,1996,1,"","","",NA,NA,NA,NA,NA,NA,NA,NA,"20250122/00048.mp4","2025-01-22","22b_00048_17:55:00_2025-01-22","22b",2025-01-22 15:55:00,2025-01-22 17:55:00,253.43032677958,10.9439377134884,-154.017717583799,-2.58299333824622,-147.994616791916,212.005383208084
25,"vertical","very long dance (35 runs annotated, skipped a few on edge of frame)",972,902,"22b_00048_waggle_annotations.csv","17:55:00",-0.224859506698758,0.97439119569462,2077,1,"","","",NA,NA,NA,NA,NA,NA,NA,NA,"20250122/00048.mp4","2025-01-22","22b_00048_17:55:00_2025-01-22","22b",2025-01-22 15:55:00,2025-01-22 17:55:00,253.43032677958,10.9439377134884,-154.017717583799,-2.9147938055359,-167.005383208083,192.994616791917
26,"vertical","very long dance (35 runs annotated, skipped a few on edge of frame)",921,884,"22b_00048_waggle_annotations.csv","17:55:00",-0.631672951162236,0.775234985517289,2134,1,"","","",NA,NA,NA,NA,NA,NA,NA,NA,"20250122/00048.mp4","2025-01-22","22b_00048_17:55:00_2025-01-22","22b",2025-01-22 15:55:00,2025-01-22 17:55:00,253.43032677958,10.9439377134884,-154.017717583799,-2.45788334195543,-140.826342029556,219.173657970444
27,"vertical","very long dance (35 runs annotated, skipped a few on edge of frame)",954,884,"22b_00048_waggle_annotations.csv","17:55:00",0.0263066820882328,0.999653919352847,2969,1,"","","",NA,NA,NA,NA,NA,NA,NA,NA,"20250122/00048.mp4","2025-01-22","22b_00048_17:55:00_2025-01-22","22b",2025-01-22 15:55:00,2025-01-22 17:55:00,253.43032677958,10.9439377134884,-154.017717583799,3.11528293633687,178.492564241225,178.492564241225
28,"vertical","very long dance (35 runs annotated, skipped a few on edge of frame)",900,924,"22b_00048_waggle_annotations.csv","17:55:00",-0.110431526074847,0.993883734673619,3025,1,"","","",NA,NA,NA,NA,NA,NA,NA,NA,"20250122/00048.mp4","2025-01-22","22b_00048_17:55:00_2025-01-22","22b",2025-01-22 15:55:00,2025-01-22 17:55:00,253.43032677958,10.9439377134884,-154.017717583799,-3.0309354324159,-173.65980825409,186.34019174591
29,"vertical","very long dance (35 runs annotated, skipped a few on edge of frame)",912,953,"22b_00048_waggle_annotations.csv","17:55:00",-0.609710760849692,0.7926239891046,3120,1,"","","",NA,NA,NA,NA,NA,NA,NA,NA,"20250122/00048.mp4","2025-01-22","22b_00048_17:55:00_2025-01-22","22b",2025-01-22 15:55:00,2025-01-22 17:55:00,253.43032677958,10.9439377134884,-154.017717583799,-2.48589702734827,-142.431407971173,217.568592028827
30,"vertical","very long dance (35 runs annotated, skipped a few on edge of frame)",820,887,"22b_00048_waggle_annotations.csv","17:55:00",-0.734803444627488,0.678280102733066,3394,1,"","","",NA,NA,NA,NA,NA,NA,NA,NA,"20250122/00048.mp4","2025-01-22","22b_00048_17:55:00_2025-01-22","22b",2025-01-22 15:55:00,2025-01-22 17:55:00,253.43032677958,10.9439377134884,-154.017717583799,-2.31621580306905,-132.709389957361,227.290610042639
31,"vertical","very long dance (35 runs annotated, skipped a few on edge of frame)",866,913,"22b_00048_waggle_annotations.csv","17:55:00",-0.120331367519237,0.992733782033708,3453,1,"","","",NA,NA,NA,NA,NA,NA,NA,NA,"20250122/00048.mp4","2025-01-22","22b_00048_17:55:00_2025-01-22","22b",2025-01-22 15:55:00,2025-01-22 17:55:00,253.43032677958,10.9439377134884,-154.017717583799,-3.02096898500969,-173.088772880975,186.911227119025
32,"vertical","very long dance (35 runs annotated, skipped a few on edge of frame)",773,921,"22b_00048_waggle_annotations.csv","17:55:00",-0.527934121125622,0.849285325289044,3610,1,"","","",NA,NA,NA,NA,NA,NA,NA,NA,"20250122/00048.mp4","2025-01-22","22b_00048_17:55:00_2025-01-22","22b",2025-01-22 15:55:00,2025-01-22 17:55:00,253.43032677958,10.9439377134884,-154.017717583799,-2.58542642346934,-148.134022306396,211.865977693604
33,"vertical","very long dance (35 runs annotated, skipped a few on edge of frame)",786,917,"22b_00048_waggle_annotations.csv","17:55:00",0.46483389898992,0.885397902837944,3647,1,"","","",NA,NA,NA,NA,NA,NA,NA,NA,"20250122/00048.mp4","2025-01-22","22b_00048_17:55:00_2025-01-22","22b",2025-01-22 15:55:00,2025-01-22 17:55:00,253.43032677958,10.9439377134884,-154.017717583799,2.65814565202259,152.300527191945,152.300527191945
34,"vertical","very long dance (35 runs annotated, skipped a few on edge of frame)",757,915,"22b_00048_waggle_annotations.csv","17:55:00",-0.291161615782696,0.956673880428859,3879,1,"","","",NA,NA,NA,NA,NA,NA,NA,NA,"20250122/00048.mp4","2025-01-22","22b_00048_17:55:00_2025-01-22","22b",2025-01-22 15:55:00,2025-01-22 17:55:00,253.43032677958,10.9439377134884,-154.017717583799,-2.84615181644607,-163.072486935853,196.927513064147
35,"vertical","very long dance (35 runs annotated, skipped a few on edge of frame)",766,931,"22b_00048_waggle_annotations.csv","17:55:00",0.455875869805658,0.890043364858665,3927,1,"","","",NA,NA,NA,NA,NA,NA,NA,NA,"20250122/00048.mp4","2025-01-22","22b_00048_17:55:00_2025-01-22","22b",2025-01-22 15:55:00,2025-01-22 17:55:00,253.43032677958,10.9439377134884,-154.017717583799,2.66823661175487,152.878696595841,152.878696595841
1,"horizontal","some runs under the frame",932,896,"22b_00057_waggle_annotations.csv","18:16:00",NA,0,8,1,"22_00052_waggle_annotations.csv","22_00052","C:\Users\frida\Documents\PhD\Waggle_dance\wd_SA2025\wd_annotator\mp4\George\mp4\20250122\00052.mp4",10,184.534,0.966,0.9999,-21.27,205.804,NA,64.196,"20250122/00057.mp4","2025-01-22","22b_00057_18:16:00_2025-01-22","22b",2025-01-22 16:16:00,2025-01-22 18:16:00,251.383168984211,6.48064828201627,-156.064875379168,-1.5707963267949,-90,270
2,"horizontal","some runs under the frame",974,852,"22b_00057_waggle_annotations.csv","18:16:00",-0.952424147199324,-0.304775727103784,58,1,"22_00052_waggle_annotations.csv","22_00052","C:\Users\frida\Documents\PhD\Waggle_dance\wd_SA2025\wd_annotator\mp4\George\mp4\20250122\00052.mp4",10,184.534,0.966,0.9999,-21.27,205.804,NA,81.940671625057,"20250122/00057.mp4","2025-01-22","22b_00057_18:16:00_2025-01-22","22b",2025-01-22 16:16:00,2025-01-22 18:16:00,251.383168984211,6.48064828201627,-156.064875379168,-1.26109338225244,-72.255328374943,287.744671625057
3,"horizontal","some runs under the frame",962,890,"22b_00057_waggle_annotations.csv","18:16:00",-0.994251140256692,-0.107073199719951,114,1,"22_00052_waggle_annotations.csv","22_00052","C:\Users\frida\Documents\PhD\Waggle_dance\wd_SA2025\wd_annotator\mp4\George\mp4\20250122\00052.mp4",10,184.534,0.966,0.9999,-21.27,205.804,NA,70.342625659647,"20250122/00057.mp4","2025-01-22","22b_00057_18:16:00_2025-01-22","22b",2025-01-22 16:16:00,2025-01-22 18:16:00,251.383168984211,6.48064828201627,-156.064875379168,-1.46351747114649,-83.853374340353,276.146625659647
4,"horizontal","some runs under the frame",942,854,"22b_00057_waggle_annotations.csv","18:16:00",-0.999384993791767,-0.0350661401330444,161,1,"22_00052_waggle_annotations.csv","22_00052","C:\Users\frida\Documents\PhD\Waggle_dance\wd_SA2025\wd_annotator\mp4\George\mp4\20250122\00052.mp4",10,184.534,0.966,0.9999,-21.27,205.804,NA,66.205553813021,"20250122/00057.mp4","2025-01-22","22b_00057_18:16:00_2025-01-22","22b",2025-01-22 16:16:00,2025-01-22 18:16:00,251.383168984211,6.48064828201627,-156.064875379168,-1.53572299626167,-87.990446186979,272.009553813021
5,"horizontal","some runs under the frame",934,836,"22b_00057_waggle_annotations.csv","18:16:00",-0.999347424068558,-0.0361209912313936,197,1,"22_00052_waggle_annotations.csv","22_00052","C:\Users\frida\Documents\PhD\Waggle_dance\wd_SA2025\wd_annotator\mp4\George\mp4\20250122\00052.mp4",10,184.534,0.966,0.9999,-21.27,205.804,NA,66.266030653041,"20250122/00057.mp4","2025-01-22","22b_00057_18:16:00_2025-01-22","22b",2025-01-22 16:16:00,2025-01-22 18:16:00,251.383168984211,6.48064828201627,-156.064875379168,-1.53466747628212,-87.929969346959,272.070030653041
6,"horizontal","some runs under the frame",898,813,"22b_00057_waggle_annotations.csv","18:16:00",-0.994207047565849,-0.107481842980092,245,1,"22_00052_waggle_annotations.csv","22_00052","C:\Users\frida\Documents\PhD\Waggle_dance\wd_SA2025\wd_annotator\mp4\George\mp4\20250122\00052.mp4",10,184.534,0.966,0.9999,-21.27,205.804,NA,70.36617509503,"20250122/00057.mp4","2025-01-22","22b_00057_18:16:00_2025-01-22","22b",2025-01-22 16:16:00,2025-01-22 18:16:00,251.383168984211,6.48064828201627,-156.064875379168,-1.46310645596207,-83.82982490497,276.17017509503
7,"horizontal","some runs under the frame",897,852,"22b_00057_waggle_annotations.csv","18:16:00",-0.994911717657301,0.100750553686815,288,1,"22_00052_waggle_annotations.csv","22_00052","C:\Users\frida\Documents\PhD\Waggle_dance\wd_SA2025\wd_annotator\mp4\George\mp4\20250122\00052.mp4",10,184.534,0.966,0.9999,-21.27,205.804,NA,58.413607677636,"20250122/00057.mp4","2025-01-22","22b_00057_18:16:00_2025-01-22","22b",2025-01-22 16:16:00,2025-01-22 18:16:00,251.383168984211,6.48064828201627,-156.064875379168,-1.67171811146219,-95.782392322364,264.217607677636
8,"horizontal","some runs under the frame",902,834,"22b_00057_waggle_annotations.csv","18:16:00",-0.989203462353871,0.146548661089462,333,1,"22_00052_waggle_annotations.csv","22_00052","C:\Users\frida\Documents\PhD\Waggle_dance\wd_SA2025\wd_annotator\mp4\George\mp4\20250122\00052.mp4",10,184.534,0.966,0.9999,-21.27,205.804,NA,55.769030978519,"20250122/00057.mp4","2025-01-22","22b_00057_18:16:00_2025-01-22","22b",2025-01-22 16:16:00,2025-01-22 18:16:00,251.383168984211,6.48064828201627,-156.064875379168,-1.7178746821833,-98.426969021481,261.573030978519
9,"horizontal","some runs under the frame",891,842,"22b_00057_waggle_annotations.csv","18:16:00",-0.999856394053974,0.0169467185432877,378,1,"22_00052_waggle_annotations.csv","22_00052","C:\Users\frida\Documents\PhD\Waggle_dance\wd_SA2025\wd_annotator\mp4\George\mp4\20250122\00052.mp4",10,184.534,0.966,0.9999,-21.27,205.804,NA,63.224978068921,"20250122/00057.mp4","2025-01-22","22b_00057_18:16:00_2025-01-22","22b",2025-01-22 16:16:00,2025-01-22 18:16:00,251.383168984211,6.48064828201627,-156.064875379168,-1.5877438566013,-90.971021931079,269.028978068921
10,"horizontal","some runs under the frame",906,805,"22b_00057_waggle_annotations.csv","18:16:00",-0.999004994679079,-0.0445984372624589,419,1,"22_00052_waggle_annotations.csv","22_00052","C:\Users\frida\Documents\PhD\Waggle_dance\wd_SA2025\wd_annotator\mp4\George\mp4\20250122\00052.mp4",10,184.534,0.966,0.9999,-21.27,205.804,NA,66.752150078578,"20250122/00057.mp4","2025-01-22","22b_00057_18:16:00_2025-01-22","22b",2025-01-22 16:16:00,2025-01-22 18:16:00,251.383168984211,6.48064828201627,-156.064875379168,-1.5261830917486,-87.443849921422,272.556150078578
11,"horizontal","some runs under the frame",879,861,"22b_00057_waggle_annotations.csv","18:16:00",-0.99751792226177,0.0704130298067132,465,1,"22_00052_waggle_annotations.csv","22_00052","C:\Users\frida\Documents\PhD\Waggle_dance\wd_SA2025\wd_annotator\mp4\George\mp4\20250122\00052.mp4",10,184.534,0.966,0.9999,-21.27,205.804,NA,60.158289379023,"20250122/00057.mp4","2025-01-22","22b_00057_18:16:00_2025-01-22","22b",2025-01-22 16:16:00,2025-01-22 18:16:00,251.383168984211,6.48064828201627,-156.064875379168,-1.64126767137369,-94.037710620977,265.962289379023
12,"horizontal","some runs under the frame",877,850,"22b_00057_waggle_annotations.csv","18:16:00",-0.998204845465779,-0.0598922907279467,506,1,"22_00052_waggle_annotations.csv","22_00052","C:\Users\frida\Documents\PhD\Waggle_dance\wd_SA2025\wd_annotator\mp4\George\mp4\20250122\00052.mp4",10,184.534,0.966,0.9999,-21.27,205.804,NA,67.629630362451,"20250122/00057.mp4","2025-01-22","22b_00057_18:16:00_2025-01-22","22b",2025-01-22 16:16:00,2025-01-22 18:16:00,251.383168984211,6.48064828201627,-156.064875379168,-1.51086817167368,-86.566369637549,273.433630362451
13,"horizontal","some runs under the frame",892,896,"22b_00057_waggle_annotations.csv","18:16:00",-0.977176363922801,-0.212429644331044,547,1,"22_00052_waggle_annotations.csv","22_00052","C:\Users\frida\Documents\PhD\Waggle_dance\wd_SA2025\wd_annotator\mp4\George\mp4\20250122\00052.mp4",10,184.534,0.966,0.9999,-21.27,205.804,NA,76.460773727892,"20250122/00057.mp4","2025-01-22","22b_00057_18:16:00_2025-01-22","22b",2025-01-22 16:16:00,2025-01-22 18:16:00,251.383168984211,6.48064828201627,-156.064875379168,-1.35673564323108,-77.735226272108,282.264773727892
14,"horizontal","some runs under the frame",852,891,"22b_00057_waggle_annotations.csv","18:16:00",-0.995175000159784,-0.0981158450861759,592,1,"22_00052_waggle_annotations.csv","22_00052","C:\Users\frida\Documents\PhD\Waggle_dance\wd_SA2025\wd_annotator\mp4\George\mp4\20250122\00052.mp4",10,184.534,0.966,0.9999,-21.27,205.804,NA,69.826682757635,"20250122/00057.mp4","2025-01-22","22b_00057_18:16:00_2025-01-22","22b",2025-01-22 16:16:00,2025-01-22 18:16:00,251.383168984211,6.48064828201627,-156.064875379168,-1.47252237353889,-84.369317242365,275.630682757635
15,"horizontal","some runs under the frame",827,956,"22b_00057_waggle_annotations.csv","18:16:00",-0.917555625309924,0.3976074376343,648,1,"22_00052_waggle_annotations.csv","22_00052","C:\Users\frida\Documents\PhD\Waggle_dance\wd_SA2025\wd_annotator\mp4\George\mp4\20250122\00052.mp4",10,184.534,0.966,0.9999,-21.27,205.804,NA,40.767307191255,"20250122/00057.mp4","2025-01-22","22b_00057_18:16:00_2025-01-22","22b",2025-01-22 16:16:00,2025-01-22 18:16:00,251.383168984211,6.48064828201627,-156.064875379168,-1.97970415574582,-113.428692808745,246.571307191255
16,"horizontal","some runs under the frame",799,955,"22b_00057_waggle_annotations.csv","18:16:00",-0.984917256307087,0.17302600448638,687,1,"22_00052_waggle_annotations.csv","22_00052","C:\Users\frida\Documents\PhD\Waggle_dance\wd_SA2025\wd_annotator\mp4\George\mp4\20250122\00052.mp4",10,184.534,0.966,0.9999,-21.27,205.804,NA,54.232195810093,"20250122/00057.mp4","2025-01-22","22b_00057_18:16:00_2025-01-22","22b",2025-01-22 16:16:00,2025-01-22 18:16:00,251.383168984211,6.48064828201627,-156.064875379168,-1.74469751593278,-99.963804189907,260.036195810093
17,"horizontal","some runs under the frame",799,958,"22b_00057_waggle_annotations.csv","18:16:00",-0.997925308968458,0.0643822779979651,726,1,"22_00052_waggle_annotations.csv","22_00052","C:\Users\frida\Documents\PhD\Waggle_dance\wd_SA2025\wd_annotator\mp4\George\mp4\20250122\00052.mp4",10,184.534,0.966,0.9999,-21.27,205.804,NA,60.504614013549,"20250122/00057.mp4","2025-01-22","22b_00057_18:16:00_2025-01-22","22b",2025-01-22 16:16:00,2025-01-22 18:16:00,251.383168984211,6.48064828201627,-156.064875379168,-1.63522316622045,-93.691385986451,266.308614013549
18,"horizontal","some runs under the frame",763,966,"22b_00057_waggle_annotations.csv","18:16:00",-0.992946793169428,0.118560811124708,824,1,"22_00052_waggle_annotations.csv","22_00052","C:\Users\frida\Documents\PhD\Waggle_dance\wd_SA2025\wd_annotator\mp4\George\mp4\20250122\00052.mp4",10,184.534,0.966,0.9999,-21.27,205.804,NA,57.386949820387,"20250122/00057.mp4","2025-01-22","22b_00057_18:16:00_2025-01-22","22b",2025-01-22 16:16:00,2025-01-22 18:16:00,251.383168984211,6.48064828201627,-156.064875379168,-1.68963667136265,-96.809050179613,263.190949820387
1,"antisolar","",599,693,"22b_151042dome_waggle_annotations.csv","15:10:42",0.999687646408123,0.0249921911602031,1624,1,"","","",NA,NA,NA,NA,NA,NA,NA,NA,"20250122/2025-01-22 15-10-42.mkv","2025-01-22","22b_151042dome_15:10:42_2025-01-22","22b",2025-01-22 13:10:42,2025-01-22 15:10:42,268.409456329823,47.3617938430168,-139.038588033557,1.59579112041382,91.4320961841647,91.4320961841647
2,"antisolar","",627,729,"22b_151042dome_waggle_annotations.csv","15:10:42",0.997054485501582,-0.0766964988847371,1741,1,"","","",NA,NA,NA,NA,NA,NA,NA,NA,"20250122/2025-01-22 15-10-42.mkv","2025-01-22","22b_151042dome_15:10:42_2025-01-22","22b",2025-01-22 13:10:42,2025-01-22 15:10:42,268.409456329823,47.3617938430168,-139.038588033557,1.49402443552512,85.6012946450045,85.6012946450045
3,"antisolar","",623,719,"22b_151042dome_waggle_annotations.csv","15:10:42",-0.132163720091018,-0.991227900682635,1995,1,"","","",NA,NA,NA,NA,NA,NA,NA,NA,"20250122/2025-01-22 15-10-42.mkv","2025-01-22","22b_151042dome_15:10:42_2025-01-22","22b",2025-01-22 13:10:42,2025-01-22 15:10:42,268.409456329823,47.3617938430168,-139.038588033557,-0.132551532296667,-7.59464336859104,352.405356631409
4,"antisolar","",665,724,"22b_151042dome_waggle_annotations.csv","15:10:42",0.220825652597795,0.975313298973595,2060,1,"","","",NA,NA,NA,NA,NA,NA,NA,NA,"20250122/2025-01-22 15-10-42.mkv","2025-01-22","22b_151042dome_15:10:42_2025-01-22","22b",2025-01-22 13:10:42,2025-01-22 15:10:42,268.409456329823,47.3617938430168,-139.038588033557,2.91893171295342,167.242467839123,167.242467839123
5,"antisolar","",629,819,"22b_151042dome_waggle_annotations.csv","15:10:42",0.0491209591997935,0.998792837062467,2183,1,"","","",NA,NA,NA,NA,NA,NA,NA,NA,"20250122/2025-01-22 15-10-42.mkv","2025-01-22","22b_151042dome_15:10:42_2025-01-22","22b",2025-01-22 13:10:42,2025-01-22 15:10:42,268.409456329823,47.3617938430168,-139.038588033557,3.09245191917378,177.184443315789,177.184443315789
6,"antisolar","",687,816,"22b_151042dome_waggle_annotations.csv","15:10:42",0.86478894661009,0.502135517386504,2339,1,"","","",NA,NA,NA,NA,NA,NA,NA,NA,"20250122/2025-01-22 15-10-42.mkv","2025-01-22","22b_151042dome_15:10:42_2025-01-22","22b",2025-01-22 13:10:42,2025-01-22 15:10:42,268.409456329823,47.3617938430168,-139.038588033557,2.09686274579165,120.141385552075,120.141385552075
7,"antisolar","",692,855,"22b_151042dome_waggle_annotations.csv","15:10:42",0.588171697675046,0.808736084303189,2522,1,"","","",NA,NA,NA,NA,NA,NA,NA,NA,"20250122/2025-01-22 15-10-42.mkv","2025-01-22","22b_151042dome_15:10:42_2025-01-22","22b",2025-01-22 13:10:42,2025-01-22 15:10:42,268.409456329823,47.3617938430168,-139.038588033557,2.51279636717435,143.972626614896,143.972626614896
1,"solar","60, solar, north is 90deg to left, dancing opposite to feeder location",476,581,"22b_152133dome_waggle_annotations.csv","15:21:33",0,NA,276,1,"","","",NA,NA,NA,NA,NA,NA,NA,NA,"20250122/2025-01-22 15-21-33.mkv","2025-01-22","22b_152133dome_15:21:33_2025-01-22","22b",2025-01-22 13:21:33,2025-01-22 15:21:33,267.335539736279,44.917966697548,-140.1125046271,3.14159265358979,180,180
2,"solar","61, solar, north is 90deg to left, dancing opposite to feeder location",711,729,"22b_152133dome_waggle_annotations.csv","15:21:33",-0.175033334717495,0.984562507785907,313,1,"","","",NA,NA,NA,NA,NA,NA,NA,NA,"20250122/2025-01-22 15-21-33.mkv","2025-01-22","22b_152133dome_15:21:33_2025-01-22","22b",2025-01-22 13:21:33,2025-01-22 15:21:33,267.335539736279,44.917966697548,-140.1125046271,-2.96565302813727,-169.919402012458,190.080597987542
3,"solar","62, solar, north is 90deg to left, dancing opposite to feeder location",653,740,"22b_152133dome_waggle_annotations.csv","15:21:33",0.132163720091018,0.991227900682635,411,1,"","","",NA,NA,NA,NA,NA,NA,NA,NA,"20250122/2025-01-22 15-21-33.mkv","2025-01-22","22b_152133dome_15:21:33_2025-01-22","22b",2025-01-22 13:21:33,2025-01-22 15:21:33,267.335539736279,44.917966697548,-140.1125046271,3.00904112129313,172.405356631409,172.405356631409
4,"solar","63, solar, north is 90deg to left, dancing opposite to feeder location",680,784,"22b_152133dome_waggle_annotations.csv","15:21:33",-0.998233151734817,-0.0594186399842153,529,1,"","","",NA,NA,NA,NA,NA,NA,NA,NA,"20250122/2025-01-22 15-21-33.mkv","2025-01-22","22b_152133dome_15:21:33_2025-01-22","22b",2025-01-22 13:21:33,2025-01-22 15:21:33,267.335539736279,44.917966697548,-140.1125046271,-1.51134266748624,-86.593556245005,273.406443754995
5,"solar","64, solar, north is 90deg to left, dancing opposite to feeder location",596,752,"22b_152133dome_waggle_annotations.csv","15:21:33",-0.278810194863955,0.960346226753624,650,1,"","","",NA,NA,NA,NA,NA,NA,NA,NA,"20250122/2025-01-22 15-21-33.mkv","2025-01-22","22b_152133dome_15:21:33_2025-01-22","22b",2025-01-22 13:21:33,2025-01-22 15:21:33,267.335539736279,44.917966697548,-140.1125046271,-2.8590377011202,-163.810793742973,196.189206257027
6,"solar","65, solar, north is 90deg to left, dancing opposite to feeder location",699,751,"22b_152133dome_waggle_annotations.csv","15:21:33",0.308504698037437,0.951222818948763,765,1,"","","",NA,NA,NA,NA,NA,NA,NA,NA,"20250122/2025-01-22 15-21-33.mkv","2025-01-22","22b_152133dome_15:21:33_2025-01-22","22b",2025-01-22 13:21:33,2025-01-22 15:21:33,267.335539736279,44.917966697548,-140.1125046271,2.8279720013731,162.030860259843,162.030860259843
7,"solar","66, solar, north is 90deg to left, dancing opposite to feeder location",588,720,"22b_152133dome_waggle_annotations.csv","15:21:33",0.476283148540753,-0.879291966536774,914,1,"","","",NA,NA,NA,NA,NA,NA,NA,NA,"20250122/2025-01-22 15-21-33.mkv","2025-01-22","22b_152133dome_15:21:33_2025-01-22","22b",2025-01-22 13:21:33,2025-01-22 15:21:33,267.335539736279,44.917966697548,-140.1125046271,0.496422753404883,28.4429286243634,28.4429286243634
8,"solar","67, solar, north is 90deg to left, dancing opposite to feeder location",578,702,"22b_152133dome_waggle_annotations.csv","15:21:33",-0.496138938356834,0.868243142124459,989,1,"","","",NA,NA,NA,NA,NA,NA,NA,NA,"20250122/2025-01-22 15-21-33.mkv","2025-01-22","22b_152133dome_15:21:33_2025-01-22","22b",2025-01-22 13:21:33,2025-01-22 15:21:33,267.335539736279,44.917966697548,-140.1125046271,-2.62244653934327,-150.255118703058,209.744881296942
9,"solar","68, solar, north is 90deg to left, dancing opposite to feeder location",595,764,"22b_152133dome_waggle_annotations.csv","15:21:33",-0.707106781186548,-0.707106781186548,1263,1,"","","",NA,NA,NA,NA,NA,NA,NA,NA,"20250122/2025-01-22 15-21-33.mkv","2025-01-22","22b_152133dome_15:21:33_2025-01-22","22b",2025-01-22 13:21:33,2025-01-22 15:21:33,267.335539736279,44.917966697548,-140.1125046271,-0.785398163397449,-45,315
1,"horizontal","possibly with view of the sky, double-check",1669,825,"22b_00042_waggle_annotations.csv","12:24:00",0.884193384073724,0.467121033095552,41,1,"23_00036_waggle_annotations.csv","23_00036","C:\Users\frida\Documents\PhD\Waggle_dance\wd_SA2025\wd_annotator\mp4\George\mp4\20250123\00036.mp4",10,196.314,1.274,0.9998,-21.27,217.584,NA,260.263578259788,"20250123/00042.mp4","2025-01-23","22b_00042_12:24:00_2025-01-23","22b",2025-01-23 10:24:00,2025-01-23 12:24:00,327.211112953025,82.6464596572088,-80.2369314103547,2.05682825613499,117.847578259788,117.847578259788
2,"horizontal","possibly with view of the sky, double-check",1829,805,"22b_00042_waggle_annotations.csv","12:24:00",0.916157334902189,0.400818834019708,224,1,"23_00036_waggle_annotations.csv","23_00036","C:\Users\frida\Documents\PhD\Waggle_dance\wd_SA2025\wd_annotator\mp4\George\mp4\20250123\00036.mp4",10,196.314,1.274,0.9998,-21.27,217.584,NA,256.045377730657,"20250123/00042.mp4","2025-01-23","22b_00042_12:24:00_2025-01-23","22b",2025-01-23 10:24:00,2025-01-23 12:24:00,327.211112953025,82.6464596572088,-80.2369314103547,1.98320676839229,113.629377730657,113.629377730657
3,"horizontal","possibly with view of the sky, double-check",1801,781,"22b_00042_waggle_annotations.csv","12:24:00",0.832050294337844,0.554700196225229,256,1,"23_00036_waggle_annotations.csv","23_00036","C:\Users\frida\Documents\PhD\Waggle_dance\wd_SA2025\wd_annotator\mp4\George\mp4\20250123\00036.mp4",10,196.314,1.274,0.9998,-21.27,217.584,NA,266.10606752598,"20250123/00042.mp4","2025-01-23","22b_00042_12:24:00_2025-01-23","22b",2025-01-23 10:24:00,2025-01-23 12:24:00,327.211112953025,82.6464596572088,-80.2369314103547,2.15879893034247,123.69006752598,123.69006752598
4,"horizontal","possibly with view of the sky, double-check",1853,803,"22b_00042_waggle_annotations.csv","12:24:00",0.908676843963313,0.417500171550711,305,1,"23_00036_waggle_annotations.csv","23_00036","C:\Users\frida\Documents\PhD\Waggle_dance\wd_SA2025\wd_annotator\mp4\George\mp4\20250123\00036.mp4",10,196.314,1.274,0.9998,-21.27,217.584,NA,257.092863170337,"20250123/00042.mp4","2025-01-23","22b_00042_12:24:00_2025-01-23","22b",2025-01-23 10:24:00,2025-01-23 12:24:00,327.211112953025,82.6464596572088,-80.2369314103547,2.0014888381814,114.676863170337,114.676863170337
1,"vertical","",1352,913,"22b_00047_waggle_annotations.csv","15:31:00",0.575953532433186,0.817482433130973,377,1,"","","",NA,NA,NA,NA,NA,NA,NA,NA,"20250123/00047.mp4","2025-01-23","22b_00047_15:31:00_2025-01-23","22b",2025-01-23 13:31:00,2025-01-23 15:31:00,266.759717351423,42.778566269146,-140.688327011956,2.52782255857322,144.833563964207,144.833563964207
2,"vertical","",1302,942,"22b_00047_waggle_annotations.csv","15:31:00",-0.362446261154948,0.932004671541296,436,1,"","","",NA,NA,NA,NA,NA,NA,NA,NA,"20250123/00047.mp4","2025-01-23","22b_00047_15:31:00_2025-01-23","22b",2025-01-23 13:31:00,2025-01-23 15:31:00,266.759717351423,42.778566269146,-140.688327011956,-2.77070136477714,-158.749494492867,201.250505507133
3,"vertical","",1345,902,"22b_00047_waggle_annotations.csv","15:31:00",0.274721127897378,0.961523947640823,511,1,"","","",NA,NA,NA,NA,NA,NA,NA,NA,"20250123/00047.mp4","2025-01-23","22b_00047_15:31:00_2025-01-23","22b",2025-01-23 13:31:00,2025-01-23 15:31:00,266.759717351423,42.778566269146,-140.688327011956,2.86329299458468,164.054604099077,164.054604099077
4,"vertical","",1220,843,"22b_00047_waggle_annotations.csv","15:31:00",-0.46961297297834,0.88287238919928,563,1,"","","",NA,NA,NA,NA,NA,NA,NA,NA,"20250123/00047.mp4","2025-01-23","22b_00047_15:31:00_2025-01-23","22b",2025-01-23 13:31:00,2025-01-23 15:31:00,266.759717351423,42.778566269146,-140.688327011956,-2.65274029926204,-151.990823291986,208.009176708014
1,"vertical","",1828,768,"22b_00048_waggle_annotations.csv","15:37:00",0.0995037190209989,0.995037190209989,5696,1,"","","",NA,NA,NA,NA,NA,NA,NA,NA,"20250123/00048.mp4","2025-01-23","22b_00048_15:37:00_2025-01-23","22b",2025-01-23 13:37:00,2025-01-23 15:37:00,266.188749420999,41.4288372332039,-141.259294942381,3.04192400109862,174.2894068625,174.2894068625
2,"vertical","",1802,796,"22b_00048_waggle_annotations.csv","15:37:00",0.0995037190209989,0.995037190209989,5833,1,"","","",NA,NA,NA,NA,NA,NA,NA,NA,"20250123/00048.mp4","2025-01-23","22b_00048_15:37:00_2025-01-23","22b",2025-01-23 13:37:00,2025-01-23 15:37:00,266.188749420999,41.4288372332039,-141.259294942381,3.04192400109862,174.2894068625,174.2894068625
3,"vertical","",1784,843,"22b_00048_waggle_annotations.csv","15:37:00",0.263117405792109,0.964763821237732,5880,1,"","","",NA,NA,NA,NA,NA,NA,NA,NA,"20250123/00048.mp4","2025-01-23","22b_00048_15:37:00_2025-01-23","22b",2025-01-23 13:37:00,2025-01-23 15:37:00,266.188749420999,41.4288372332039,-141.259294942381,2.87534060443886,164.744881296942,164.744881296942
4,"vertical","",1759,899,"22b_00048_waggle_annotations.csv","15:37:00",0.0293990516018927,0.999567754464353,5923,1,"","","",NA,NA,NA,NA,NA,NA,NA,NA,"20250123/00048.mp4","2025-01-23","22b_00048_15:37:00_2025-01-23","22b",2025-01-23 13:37:00,2025-01-23 15:37:00,266.188749420999,41.4288372332039,-141.259294942381,3.11218936538579,178.315315682104,178.315315682104
5,"vertical","",1728,845,"22b_00048_waggle_annotations.csv","15:37:00",0.457956589674311,0.888974556426603,5990,1,"","","",NA,NA,NA,NA,NA,NA,NA,NA,"20250123/00048.mp4","2025-01-23","22b_00048_15:37:00_2025-01-23","22b",2025-01-23 13:37:00,2025-01-23 15:37:00,266.188749420999,41.4288372332039,-141.259294942381,2.6658974347348,152.744671625057,152.744671625057
6,"vertical","",1587,850,"22b_00048_waggle_annotations.csv","15:37:00",-0.181162429476935,0.983453188589073,6038,1,"","","",NA,NA,NA,NA,NA,NA,NA,NA,"20250123/00048.mp4","2025-01-23","22b_00048_15:37:00_2025-01-23","22b",2025-01-23 13:37:00,2025-01-23 15:37:00,266.188749420999,41.4288372332039,-141.259294942381,-2.95942434311703,-169.562524648882,190.437475351118
7,"vertical","",1616,822,"22b_00048_waggle_annotations.csv","15:37:00",0.206010481049842,0.978549784986749,6083,1,"","","",NA,NA,NA,NA,NA,NA,NA,NA,"20250123/00048.mp4","2025-01-23","22b_00048_15:37:00_2025-01-23","22b",2025-01-23 13:37:00,2025-01-23 15:37:00,266.188749420999,41.4288372332039,-141.259294942381,2.93409642715459,168.111341960372,168.111341960372
8,"vertical","",1579,876,"22b_00048_waggle_annotations.csv","15:37:00",-0.148340452930245,0.988936352868298,6130,1,"","","",NA,NA,NA,NA,NA,NA,NA,NA,"20250123/00048.mp4","2025-01-23","22b_00048_15:37:00_2025-01-23","22b",2025-01-23 13:37:00,2025-01-23 15:37:00,266.188749420999,41.4288372332039,-141.259294942381,-2.9927027059803,-171.469234390052,188.530765609948
9,"vertical","",1589,850,"22b_00048_waggle_annotations.csv","15:37:00",0.325990683319404,0.945372981626272,6181,1,"","","",NA,NA,NA,NA,NA,NA,NA,NA,"20250123/00048.mp4","2025-01-23","22b_00048_15:37:00_2025-01-23","22b",2025-01-23 13:37:00,2025-01-23 15:37:00,266.188749420999,41.4288372332039,-141.259294942381,2.8095331860469,160.974393962431,160.974393962431
10,"vertical","",1546,831,"22b_00048_waggle_annotations.csv","15:37:00",0.377896997426612,0.925847643695199,6230,1,"","","",NA,NA,NA,NA,NA,NA,NA,NA,"20250123/00048.mp4","2025-01-23","22b_00048_15:37:00_2025-01-23","22b",2025-01-23 13:37:00,2025-01-23 15:37:00,266.188749420999,41.4288372332039,-141.259294942381,2.75406884780952,157.796521467943,157.796521467943
11,"vertical","",1593,803,"22b_00048_waggle_annotations.csv","15:37:00",0.171341174751248,0.985211754819675,6277,1,"","","",NA,NA,NA,NA,NA,NA,NA,NA,"20250123/00048.mp4","2025-01-23","22b_00048_15:37:00_2025-01-23","22b",2025-01-23 13:37:00,2025-01-23 15:37:00,266.188749420999,41.4288372332039,-141.259294942381,2.96940183906686,170.134193056916,170.134193056916
12,"vertical","",1524,777,"22b_00048_waggle_annotations.csv","15:37:00",-0.0399680383488716,0.999200958721789,6321,1,"","","",NA,NA,NA,NA,NA,NA,NA,NA,"20250123/00048.mp4","2025-01-23","22b_00048_15:37:00_2025-01-23","22b",2025-01-23 13:37:00,2025-01-23 15:37:00,266.188749420999,41.4288372332039,-141.259294942381,-3.1016139664665,-177.709389957361,182.290610042639
13,"vertical","",1563,814,"22b_00048_waggle_annotations.csv","15:37:00",0.30224386073393,0.953230637699318,6371,1,"","","",NA,NA,NA,NA,NA,NA,NA,NA,"20250123/00048.mp4","2025-01-23","22b_00048_15:37:00_2025-01-23","22b",2025-01-23 13:37:00,2025-01-23 15:37:00,266.188749420999,41.4288372332039,-141.259294942381,2.834546921571,162.407575437818,162.407575437818
14,"vertical","",1488,841,"22b_00048_waggle_annotations.csv","15:37:00",-0.447213595499958,0.894427190999916,6416,1,"","","",NA,NA,NA,NA,NA,NA,NA,NA,"20250123/00048.mp4","2025-01-23","22b_00048_15:37:00_2025-01-23","22b",2025-01-23 13:37:00,2025-01-23 15:37:00,266.188749420999,41.4288372332039,-141.259294942381,-2.67794504458899,-153.434948822922,206.565051177078
15,"vertical","",1501,838,"22b_00048_waggle_annotations.csv","15:37:00",0.153707006281871,0.988116468954882,6466,1,"","","",NA,NA,NA,NA,NA,NA,NA,NA,"20250123/00048.mp4","2025-01-23","22b_00048_15:37:00_2025-01-23","22b",2025-01-23 13:37:00,2025-01-23 15:37:00,266.188749420999,41.4288372332039,-141.259294942381,2.98727387766367,171.158185439808,171.158185439808
16,"vertical","",1488,839,"22b_00048_waggle_annotations.csv","15:37:00",0.0344622758397789,0.999405999353588,6507,1,"","","",NA,NA,NA,NA,NA,NA,NA,NA,"20250123/00048.mp4","2025-01-23","22b_00048_15:37:00_2025-01-23","22b",2025-01-23 13:37:00,2025-01-23 15:37:00,266.188749420999,41.4288372332039,-141.259294942381,3.10712355259028,178.025065989118,178.025065989118
17,"vertical","",1544,821,"22b_00048_waggle_annotations.csv","15:37:00",0.345705358827356,0.93834311681711,6558,1,"","","",NA,NA,NA,NA,NA,NA,NA,NA,"20250123/00048.mp4","2025-01-23","22b_00048_15:37:00_2025-01-23","22b",2025-01-23 13:37:00,2025-01-23 15:37:00,266.188749420999,41.4288372332039,-141.259294942381,2.78860226576288,159.775140568832,159.775140568832
18,"vertical","",1488,822,"22b_00048_waggle_annotations.csv","15:37:00",-0.0808158687660548,0.996729048114676,6599,1,"","","",NA,NA,NA,NA,NA,NA,NA,NA,"20250123/00048.mp4","2025-01-23","22b_00048_15:37:00_2025-01-23","22b",2025-01-23 13:37:00,2025-01-23 15:37:00,266.188749420999,41.4288372332039,-141.259294942381,-3.06068855443456,-175.364536573097,184.635463426903
19,"vertical","",1546,852,"22b_00048_waggle_annotations.csv","15:37:00",0.39054984685617,0.920581781875257,6645,1,"","","",NA,NA,NA,NA,NA,NA,NA,NA,"20250123/00048.mp4","2025-01-23","22b_00048_15:37:00_2025-01-23","22b",2025-01-23 13:37:00,2025-01-23 15:37:00,266.188749420999,41.4288372332039,-141.259294942381,2.74036385458494,157.011283197919,157.011283197919
20,"vertical","",1471,841,"22b_00048_waggle_annotations.csv","15:37:00",-0.063364473182782,0.997990452628816,6690,1,"","","",NA,NA,NA,NA,NA,NA,NA,NA,"20250123/00048.mp4","2025-01-23","22b_00048_15:37:00_2025-01-23","22b",2025-01-23 13:37:00,2025-01-23 15:37:00,266.188749420999,41.4288372332039,-141.259294942381,-3.07818570162297,-176.367049260512,183.632950739488
21,"vertical","",1515,823,"22b_00048_waggle_annotations.csv","15:37:00",0.284088329691374,0.958798112708387,6740,1,"","","",NA,NA,NA,NA,NA,NA,NA,NA,"20250123/00048.mp4","2025-01-23","22b_00048_15:37:00_2025-01-23","22b",2025-01-23 13:37:00,2025-01-23 15:37:00,266.188749420999,41.4288372332039,-141.259294942381,2.85353720653917,163.495638618245,163.495638618245
22,"vertical","",1422,814,"22b_00048_waggle_annotations.csv","15:37:00",-0.0847998304005088,0.996398007205978,6780,1,"","","",NA,NA,NA,NA,NA,NA,NA,NA,"20250123/00048.mp4","2025-01-23","22b_00048_15:37:00_2025-01-23","22b",2025-01-23 13:37:00,2025-01-23 15:37:00,266.188749420999,41.4288372332039,-141.259294942381,-3.05669086014006,-175.135485562239,184.864514437761
23,"vertical","",1495,810,"22b_00048_waggle_annotations.csv","15:37:00",0.135113204733313,0.990830168044299,6824,1,"","","",NA,NA,NA,NA,NA,NA,NA,NA,"20250123/00048.mp4","2025-01-23","22b_00048_15:37:00_2025-01-23","22b",2025-01-23 13:37:00,2025-01-23 15:37:00,266.188749420999,41.4288372332039,-141.259294942381,3.0060649396043,172.234833981575,172.234833981575
24,"vertical","",1455,836,"22b_00048_waggle_annotations.csv","15:37:00",-0.248375350267704,0.968663866044045,6863,1,"","","",NA,NA,NA,NA,NA,NA,NA,NA,"20250123/00048.mp4","2025-01-23","22b_00048_15:37:00_2025-01-23","22b",2025-01-23 13:37:00,2025-01-23 15:37:00,266.188749420999,41.4288372332039,-141.259294942381,-2.89058996694675,-165.618605408909,194.381394591091
25,"vertical","",1498,775,"22b_00048_waggle_annotations.csv","15:37:00",0.234640533103897,0.972082208573287,6912,1,"","","",NA,NA,NA,NA,NA,NA,NA,NA,"20250123/00048.mp4","2025-01-23","22b_00048_15:37:00_2025-01-23","22b",2025-01-23 13:37:00,2025-01-23 15:37:00,266.188749420999,41.4288372332039,-141.259294942381,2.90474389264288,166.429565614839,166.429565614839
26,"vertical","",1405,782,"22b_00048_waggle_annotations.csv","15:37:00",-0.133917896001395,0.990992430410323,6954,1,"","","",NA,NA,NA,NA,NA,NA,NA,NA,"20250123/00048.mp4","2025-01-23","22b_00048_15:37:00_2025-01-23","22b",2025-01-23 13:37:00,2025-01-23 15:37:00,266.188749420999,41.4288372332039,-141.259294942381,-3.00727121163682,-172.303948277983,187.696051722017
27,"vertical","",1448,768,"22b_00048_waggle_annotations.csv","15:37:00",0.327110563883166,0.944986073440258,6997,1,"","","",NA,NA,NA,NA,NA,NA,NA,NA,"20250123/00048.mp4","2025-01-23","22b_00048_15:37:00_2025-01-23","22b",2025-01-23 13:37:00,2025-01-23 15:37:00,266.188749420999,41.4288372332039,-141.259294942381,2.80834835247811,160.906507999514,160.906507999514
28,"vertical","",1370,780,"22b_00048_waggle_annotations.csv","15:37:00",-0.316227766016838,0.948683298050514,7048,1,"","","",NA,NA,NA,NA,NA,NA,NA,NA,"20250123/00048.mp4","2025-01-23","22b_00048_15:37:00_2025-01-23","22b",2025-01-23 13:37:00,2025-01-23 15:37:00,266.188749420999,41.4288372332039,-141.259294942381,-2.81984209919315,-161.565051177078,198.434948822922
1,"vertical","",1823,826,"22b_00049_waggle_annotations.csv","15:45:00",0.360399279202162,0.932798134405597,4653,1,"","","",NA,NA,NA,NA,NA,NA,NA,NA,"20250123/00049.mp4","2025-01-23","22b_00049_15:45:00_2025-01-23","22b",2025-01-23 13:45:00,2025-01-23 15:45:00,265.439699653674,39.6306701208018,-142.008344709706,2.77289675093175,158.875280853928,158.875280853928
2,"vertical","",1802,855,"22b_00049_waggle_annotations.csv","15:45:00",-0.256434699024553,0.966561557861778,4701,1,"","","",NA,NA,NA,NA,NA,NA,NA,NA,"20250123/00049.mp4","2025-01-23","22b_00049_15:45:00_2025-01-23","22b",2025-01-23 13:45:00,2025-01-23 15:45:00,265.439699653674,39.6306701208018,-142.008344709706,-2.8822609091891,-165.141385552075,194.858614447925
3,"vertical","",1836,852,"22b_00049_waggle_annotations.csv","15:45:00",0.253359391837683,0.967372223380245,4741,1,"","","",NA,NA,NA,NA,NA,NA,NA,NA,"20250123/00049.mp4","2025-01-23","22b_00049_15:45:00_2025-01-23","22b",2025-01-23 13:45:00,2025-01-23 15:45:00,265.439699653674,39.6306701208018,-142.008344709706,2.88544127102419,165.32360686255,165.32360686255
4,"vertical","",1805,827,"22b_00049_waggle_annotations.csv","15:45:00",-0.267643863786095,0.963517909629941,4791,1,"","","",NA,NA,NA,NA,NA,NA,NA,NA,"20250123/00049.mp4","2025-01-23","22b_00049_15:45:00_2025-01-23","22b",2025-01-23 13:45:00,2025-01-23 15:45:00,265.439699653674,39.6306701208018,-142.008344709706,-2.87064580325138,-164.475889003246,195.524110996754
5,"vertical","",1817,806,"22b_00049_waggle_annotations.csv","15:45:00",0.229039333725547,0.973417168333576,4847,1,"","","",NA,NA,NA,NA,NA,NA,NA,NA,"20250123/00049.mp4","2025-01-23","22b_00049_15:45:00_2025-01-23","22b",2025-01-23 13:45:00,2025-01-23 15:45:00,265.439699653674,39.6306701208018,-142.008344709706,2.9105019863939,166.759480084813,166.759480084813
6,"vertical","",1748,817,"22b_00049_waggle_annotations.csv","15:45:00",0,1,4913,1,"","","",NA,NA,NA,NA,NA,NA,NA,NA,"20250123/00049.mp4","2025-01-23","22b_00049_15:45:00_2025-01-23","22b",2025-01-23 13:45:00,2025-01-23 15:45:00,265.439699653674,39.6306701208018,-142.008344709706,3.14159265358979,180,180
7,"vertical","",1653,844,"22b_00049_waggle_annotations.csv","15:45:00",-0.0587220219514703,0.998274373174996,4970,1,"","","",NA,NA,NA,NA,NA,NA,NA,NA,"20250123/00049.mp4","2025-01-23","22b_00049_15:45:00_2025-01-23","22b",2025-01-23 13:45:00,2025-01-23 15:45:00,265.439699653674,39.6306701208018,-142.008344709706,-3.08283683087407,-176.63353933657,183.36646066343
8,"vertical","",1603,855,"22b_00049_waggle_annotations.csv","15:45:00",0.148340452930245,0.988936352868298,5021,1,"","","",NA,NA,NA,NA,NA,NA,NA,NA,"20250123/00049.mp4","2025-01-23","22b_00049_15:45:00_2025-01-23","22b",2025-01-23 13:45:00,2025-01-23 15:45:00,265.439699653674,39.6306701208018,-142.008344709706,2.9927027059803,171.469234390052,171.469234390052
9,"vertical","",1597,843,"22b_00049_waggle_annotations.csv","15:45:00",-0.175033334717495,0.984562507785907,5067,1,"","","",NA,NA,NA,NA,NA,NA,NA,NA,"20250123/00049.mp4","2025-01-23","22b_00049_15:45:00_2025-01-23","22b",2025-01-23 13:45:00,2025-01-23 15:45:00,265.439699653674,39.6306701208018,-142.008344709706,-2.96565302813727,-169.919402012458,190.080597987542
10,"vertical","",1660,853,"22b_00049_waggle_annotations.csv","15:45:00",0.129339184067768,0.991600411186222,5116,1,"","","",NA,NA,NA,NA,NA,NA,NA,NA,"20250123/00049.mp4","2025-01-23","22b_00049_15:45:00_2025-01-23","22b",2025-01-23 13:45:00,2025-01-23 15:45:00,265.439699653674,39.6306701208018,-142.008344709706,3.01189011643387,172.568592028827,172.568592028827
11,"vertical","",1533,837,"22b_00049_waggle_annotations.csv","15:45:00",-0.190021906565861,0.981779850590281,5191,1,"","","",NA,NA,NA,NA,NA,NA,NA,NA,"20250123/00049.mp4","2025-01-23","22b_00049_15:45:00_2025-01-23","22b",2025-01-23 13:45:00,2025-01-23 15:45:00,265.439699653674,39.6306701208018,-142.008344709706,-2.95040819399279,-169.045937356602,190.954062643398
12,"vertical","",1561,868,"22b_00049_waggle_annotations.csv","15:45:00",0.294085848837523,0.95577900872195,5240,1,"","","",NA,NA,NA,NA,NA,NA,NA,NA,"20250123/00049.mp4","2025-01-23","22b_00049_15:45:00_2025-01-23","22b",2025-01-23 13:45:00,2025-01-23 15:45:00,265.439699653674,39.6306701208018,-142.008344709706,2.84309372200362,162.897271030948,162.897271030948
13,"vertical","",1463,913,"22b_00049_waggle_annotations.csv","15:45:00",-0.191510359419649,0.981490592025699,5296,1,"","","",NA,NA,NA,NA,NA,NA,NA,NA,"20250123/00049.mp4","2025-01-23","22b_00049_15:45:00_2025-01-23","22b",2025-01-23 13:45:00,2025-01-23 15:45:00,265.439699653674,39.6306701208018,-142.008344709706,-2.9488918949274,-168.959059819676,191.040940180324
14,"vertical","",1510,874,"22b_00049_waggle_annotations.csv","15:45:00",0.353892097415891,0.935286257456284,5352,1,"","","",NA,NA,NA,NA,NA,NA,NA,NA,"20250123/00049.mp4","2025-01-23","22b_00049_15:45:00_2025-01-23","22b",2025-01-23 13:45:00,2025-01-23 15:45:00,265.439699653674,39.6306701208018,-142.008344709706,2.77986341206985,159.274441134439,159.274441134439
15,"vertical","",1479,863,"22b_00049_waggle_annotations.csv","15:45:00",-0.294085848837523,0.95577900872195,5395,1,"","","",NA,NA,NA,NA,NA,NA,NA,NA,"20250123/00049.mp4","2025-01-23","22b_00049_15:45:00_2025-01-23","22b",2025-01-23 13:45:00,2025-01-23 15:45:00,265.439699653674,39.6306701208018,-142.008344709706,-2.84309372200362,-162.897271030948,197.102728969052
16,"vertical","",1544,921,"22b_00049_waggle_annotations.csv","15:45:00",0.324324324324324,0.945945945945946,5466,1,"","","",NA,NA,NA,NA,NA,NA,NA,NA,"20250123/00049.mp4","2025-01-23","22b_00049_15:45:00_2025-01-23","22b",2025-01-23 13:45:00,2025-01-23 15:45:00,265.439699653674,39.6306701208018,-142.008344709706,2.81129529876054,161.075355583949,161.075355583949
17,"vertical","",1509,950,"22b_00049_waggle_annotations.csv","15:45:00",0.0384331221012044,0.999261174631314,5506,1,"","","",NA,NA,NA,NA,NA,NA,NA,NA,"20250123/00049.mp4","2025-01-23","22b_00049_15:45:00_2025-01-23","22b",2025-01-23 13:45:00,2025-01-23 15:45:00,265.439699653674,39.6306701208018,-142.008344709706,3.1031500635686,177.797401838234,177.797401838234
18,"vertical","",1500,923,"22b_00049_waggle_annotations.csv","15:45:00",-0.420461012783947,0.907310606533781,5600,1,"","","",NA,NA,NA,NA,NA,NA,NA,NA,"20250123/00049.mp4","2025-01-23","22b_00049_15:45:00_2025-01-23","22b",2025-01-23 13:45:00,2025-01-23 15:45:00,265.439699653674,39.6306701208018,-142.008344709706,-2.70763928419589,-155.136303428248,204.863696571752
19,"vertical","",1557,914,"22b_00049_waggle_annotations.csv","15:45:00",0.336336396998156,0.941741911594837,5651,1,"","","",NA,NA,NA,NA,NA,NA,NA,NA,"20250123/00049.mp4","2025-01-23","22b_00049_15:45:00_2025-01-23","22b",2025-01-23 13:45:00,2025-01-23 15:45:00,265.439699653674,39.6306701208018,-142.008344709706,2.7985687131691,160.346175941947,160.346175941947
20,"vertical","",1537,891,"22b_00049_waggle_annotations.csv","15:45:00",-0.028559773898877,0.999592086460695,5696,1,"","","",NA,NA,NA,NA,NA,NA,NA,NA,"20250123/00049.mp4","2025-01-23","22b_00049_15:45:00_2025-01-23","22b",2025-01-23 13:45:00,2025-01-23 15:45:00,265.439699653674,39.6306701208018,-142.008344709706,-3.11302899575103,-178.363422958383,181.636577041617
21,"vertical","",1541,927,"22b_00049_waggle_annotations.csv","15:45:00",0.251633851764951,0.967822506788272,5771,1,"","","",NA,NA,NA,NA,NA,NA,NA,NA,"20250123/00049.mp4","2025-01-23","22b_00049_15:45:00_2025-01-23","22b",2025-01-23 13:45:00,2025-01-23 15:45:00,265.439699653674,39.6306701208018,-142.008344709706,2.88722459503652,165.425783801961,165.425783801961
1,"vertical","edge of frame",681,887,"22b_00018_waggle_annotations.csv","17:41:00",0.588171697675046,0.808736084303188,21,1,"","","",NA,NA,NA,NA,NA,NA,NA,NA,"20250124/00018.mp4","2025-01-24","22b_00018_17:41:00_2025-01-24","22b",2025-01-24 15:41:00,2025-01-24 17:41:00,255.249615052597,13.8874432925171,-152.198429310782,2.51279636717435,143.972626614896,143.972626614896
2,"vertical","edge of frame",674,889,"22b_00018_waggle_annotations.csv","17:41:00",-0.33148599501256,0.943460139651132,74,1,"","","",NA,NA,NA,NA,NA,NA,NA,NA,"20250124/00018.mp4","2025-01-24","22b_00018_17:41:00_2025-01-24","22b",2025-01-24 15:41:00,2025-01-24 17:41:00,255.249615052597,13.8874432925171,-152.198429310782,-2.80371446534951,-160.641005824305,199.358994175695
3,"vertical","edge of frame",661,862,"22b_00018_waggle_annotations.csv","17:41:00",-0.0854011413464358,0.996346649041751,147,1,"","","",NA,NA,NA,NA,NA,NA,NA,NA,"20250124/00018.mp4","2025-01-24","22b_00018_17:41:00_2025-01-24","22b",2025-01-24 15:41:00,2025-01-24 17:41:00,255.249615052597,13.8874432925171,-152.198429310782,-3.05608735991158,-175.100907546212,184.899092453788
1,"vertical","",652,848,"22b_00041_waggle_annotations.csv","11:58:00",0.910366477462605,-0.413802944301184,921,1,"","","",NA,NA,NA,NA,NA,NA,NA,NA,"20250125/00041.mp4","2025-01-25","22b_00041_11:58:00_2025-01-25","22b",2025-01-25 09:58:00,2025-01-25 11:58:00,18.779104175322,82.919227495463,-28.6689401880573,1.14416883366802,65.5560452195835,65.5560452195835
2,"vertical","",622,777,"22b_00041_waggle_annotations.csv","11:58:00",1,0,975,1,"","","",NA,NA,NA,NA,NA,NA,NA,NA,"20250125/00041.mp4","2025-01-25","22b_00041_11:58:00_2025-01-25","22b",2025-01-25 09:58:00,2025-01-25 11:58:00,18.779104175322,82.919227495463,-28.6689401880573,1.5707963267949,90,90
3,"vertical","",852,814,"22b_00041_waggle_annotations.csv","11:58:00",0.998460353205413,0.0554700196225229,1133,1,"","","",NA,NA,NA,NA,NA,NA,NA,NA,"20250125/00041.mp4","2025-01-25","22b_00041_11:58:00_2025-01-25","22b",2025-01-25 09:58:00,2025-01-25 11:58:00,18.779104175322,82.919227495463,-28.6689401880573,1.62629483204061,93.1798301198642,93.1798301198642
4,"vertical","",912,800,"22b_00041_waggle_annotations.csv","11:58:00",0.967996898165801,-0.250962158783726,1189,1,"","","",NA,NA,NA,NA,NA,NA,NA,NA,"20250125/00041.mp4","2025-01-25","22b_00041_11:58:00_2025-01-25","22b",2025-01-25 09:58:00,2025-01-25 11:58:00,18.779104175322,82.919227495463,-28.6689401880573,1.31712223065625,75.4655449194599,75.4655449194599
5,"vertical","",929,810,"22b_00041_waggle_annotations.csv","11:58:00",0.989949493661167,-0.14142135623731,1234,1,"","","",NA,NA,NA,NA,NA,NA,NA,NA,"20250125/00041.mp4","2025-01-25","22b_00041_11:58:00_2025-01-25","22b",2025-01-25 09:58:00,2025-01-25 11:58:00,18.779104175322,82.919227495463,-28.6689401880573,1.42889927219073,81.869897645844,81.869897645844
6,"vertical","",896,775,"22b_00041_waggle_annotations.csv","11:58:00",0.937748760723704,-0.347314355823594,1281,1,"","","",NA,NA,NA,NA,NA,NA,NA,NA,"20250125/00041.mp4","2025-01-25","22b_00041_11:58:00_2025-01-25","22b",2025-01-25 09:58:00,2025-01-25 11:58:00,18.779104175322,82.919227495463,-28.6689401880573,1.21609067478396,69.6768631703371,69.6768631703371
7,"vertical","",943,761,"22b_00041_waggle_annotations.csv","11:58:00",0.993532672656404,-0.113546591160732,1332,1,"","","",NA,NA,NA,NA,NA,NA,NA,NA,"20250125/00041.mp4","2025-01-25","22b_00041_11:58:00_2025-01-25","22b",2025-01-25 09:58:00,2025-01-25 11:58:00,18.779104175322,82.919227495463,-28.6689401880573,1.45700431965119,83.480198248343,83.480198248343
8,"vertical","",982,750,"22b_00041_waggle_annotations.csv","11:58:00",0.920967251068559,-0.389639990836698,1387,1,"","","",NA,NA,NA,NA,NA,NA,NA,NA,"20250125/00041.mp4","2025-01-25","22b_00041_11:58:00_2025-01-25","22b",2025-01-25 09:58:00,2025-01-25 11:58:00,18.779104175322,82.919227495463,-28.6689401880573,1.17055566976092,67.0678995624102,67.0678995624102
9,"vertical","",1022,771,"22b_00041_waggle_annotations.csv","11:58:00",0.868243142124459,-0.496138938356834,1446,1,"","","",NA,NA,NA,NA,NA,NA,NA,NA,"20250125/00041.mp4","2025-01-25","22b_00041_11:58:00_2025-01-25","22b",2025-01-25 09:58:00,2025-01-25 11:58:00,18.779104175322,82.919227495463,-28.6689401880573,1.05165021254837,60.2551187030578,60.2551187030578
10,"vertical","",1056,759,"22b_00041_waggle_annotations.csv","11:58:00",0.98058067569092,-0.196116135138184,1489,1,"","","",NA,NA,NA,NA,NA,NA,NA,NA,"20250125/00041.mp4","2025-01-25","22b_00041_11:58:00_2025-01-25","22b",2025-01-25 09:58:00,2025-01-25 11:58:00,18.779104175322,82.919227495463,-28.6689401880573,1.37340076694502,78.6900675259798,78.6900675259798
11,"vertical","",1104,751,"22b_00041_waggle_annotations.csv","11:58:00",0.816024481101655,-0.578017340780339,1550,1,"","","",NA,NA,NA,NA,NA,NA,NA,NA,"20250125/00041.mp4","2025-01-25","22b_00041_11:58:00_2025-01-25","22b",2025-01-25 09:58:00,2025-01-25 11:58:00,18.779104175322,82.919227495463,-28.6689401880573,0.954499389398825,54.6887865603668,54.6887865603668
12,"vertical","",1112,732,"22b_00041_waggle_annotations.csv","11:58:00",0.868243142124459,-0.496138938356834,1601,1,"","","",NA,NA,NA,NA,NA,NA,NA,NA,"20250125/00041.mp4","2025-01-25","22b_00041_11:58:00_2025-01-25","22b",2025-01-25 09:58:00,2025-01-25 11:58:00,18.779104175322,82.919227495463,-28.6689401880573,1.05165021254837,60.2551187030578,60.2551187030578
13,"vertical","",1155,714,"22b_00041_waggle_annotations.csv","11:58:00",0.997785157856609,-0.0665190105237739,1835,1,"","","",NA,NA,NA,NA,NA,NA,NA,NA,"20250125/00041.mp4","2025-01-25","22b_00041_11:58:00_2025-01-25","22b",2025-01-25 09:58:00,2025-01-25 11:58:00,18.779104175322,82.919227495463,-28.6689401880573,1.50422816301907,86.1859251657097,86.1859251657097
14,"vertical","",1156,664,"22b_00041_waggle_annotations.csv","11:58:00",0.912509324514951,-0.409055904092909,1903,1,"","","",NA,NA,NA,NA,NA,NA,NA,NA,"20250125/00041.mp4","2025-01-25","22b_00041_11:58:00_2025-01-25","22b",2025-01-25 09:58:00,2025-01-25 11:58:00,18.779104175322,82.919227495463,-28.6689401880573,1.14937711990709,65.8544580395784,65.8544580395784
15,"vertical","",1197,648,"22b_00041_waggle_annotations.csv","11:58:00",0.985460115744348,-0.169906916507646,1967,1,"","","",NA,NA,NA,NA,NA,NA,NA,NA,"20250125/00041.mp4","2025-01-25","22b_00041_11:58:00_2025-01-25","22b",2025-01-25 09:58:00,2025-01-25 11:58:00,18.779104175322,82.919227495463,-28.6689401880573,1.40006111531961,80.2175929681927,80.2175929681927
16,"vertical","",1195,675,"22b_00041_waggle_annotations.csv","11:58:00",0.777244870707486,-0.629198228667965,2021,1,"","","",NA,NA,NA,NA,NA,NA,NA,NA,"20250125/00041.mp4","2025-01-25","22b_00041_11:58:00_2025-01-25","22b",2025-01-25 09:58:00,2025-01-25 11:58:00,18.779104175322,82.919227495463,-28.6689401880573,0.890275102127682,51.0090059574945,51.0090059574945
17,"vertical","",1140,841,"22b_00041_waggle_annotations.csv","11:58:00",0.994505452921406,-0.104684784518043,2435,1,"","","",NA,NA,NA,NA,NA,NA,NA,NA,"20250125/00041.mp4","2025-01-25","22b_00041_11:58:00_2025-01-25","22b",2025-01-25 09:58:00,2025-01-25 11:58:00,18.779104175322,82.919227495463,-28.6689401880573,1.46591938806466,83.9909940425055,83.9909940425055
18,"vertical","",1131,857,"22b_00041_waggle_annotations.csv","11:58:00",0.995037190209989,-0.0995037190209989,2494,1,"","","",NA,NA,NA,NA,NA,NA,NA,NA,"20250125/00041.mp4","2025-01-25","22b_00041_11:58:00_2025-01-25","22b",2025-01-25 09:58:00,2025-01-25 11:58:00,18.779104175322,82.919227495463,-28.6689401880573,1.47112767430374,84.2894068625004,84.2894068625004
19,"vertical","",1223,843,"22b_00041_waggle_annotations.csv","11:58:00",0.965363393028266,-0.260909025142775,3339,1,"","","",NA,NA,NA,NA,NA,NA,NA,NA,"20250125/00041.mp4","2025-01-25","22b_00041_11:58:00_2025-01-25","22b",2025-01-25 09:58:00,2025-01-25 11:58:00,18.779104175322,82.919227495463,-28.6689401880573,1.30683260316919,74.8759926916895,74.8759926916895
20,"vertical","",1264,844,"22b_00041_waggle_annotations.csv","11:58:00",0.973841209741793,-0.227229615606418,3383,1,"","","",NA,NA,NA,NA,NA,NA,NA,NA,"20250125/00041.mp4","2025-01-25","22b_00041_11:58:00_2025-01-25","22b",2025-01-25 09:58:00,2025-01-25 11:58:00,18.779104175322,82.919227495463,-28.6689401880573,1.3415643935179,76.8659776936037,76.8659776936037
21,"vertical","",943,832,"22b_00041_waggle_annotations.csv","11:58:00",0.983869910099908,-0.178885438199983,4029,1,"","","",NA,NA,NA,NA,NA,NA,NA,NA,"20250125/00041.mp4","2025-01-25","22b_00041_11:58:00_2025-01-25","22b",2025-01-25 09:58:00,2025-01-25 11:58:00,18.779104175322,82.919227495463,-28.6689401880573,1.39094282700242,79.695153531234,79.695153531234
22,"vertical","",959,767,"22b_00041_waggle_annotations.csv","11:58:00",0.990830168044299,-0.135113204733313,4084,1,"","","",NA,NA,NA,NA,NA,NA,NA,NA,"20250125/00041.mp4","2025-01-25","22b_00041_11:58:00_2025-01-25","22b",2025-01-25 09:58:00,2025-01-25 11:58:00,18.779104175322,82.919227495463,-28.6689401880573,1.4352686128094,82.2348339815747,82.2348339815747
1,"horizontal","some runs missed due to lighting, parasol moving",852,853,"22b_00042_waggle_annotations.csv","12:04:00",0.824041924199368,0.566528822887065,45,1,"25_00043_waggle_annotations.csv","25_00043","C:\Users\frida\Documents\PhD\Waggle_dance\wd_SA2025\wd_annotator\mp4\James\20250125\00043.mp4",10,213.31,0.874,0.9999,-21.27,234.58,NA,249.928522987668,"20250125/00042.mp4","2025-01-25","22b_00042_12:04:00_2025-01-25","22b",2025-01-25 10:04:00,2025-01-25 12:04:00,7.26914965883191,83.2243907410119,-40.1788947045475,2.17308367292985,124.508522987668,124.508522987668
2,"horizontal","some runs missed due to lighting, parasol moving",846,847,"22b_00042_waggle_annotations.csv","12:04:00",0.967074537262647,0.254493299279644,87,1,"25_00043_waggle_annotations.csv","25_00043","C:\Users\frida\Documents\PhD\Waggle_dance\wd_SA2025\wd_annotator\mp4\James\20250125\00043.mp4",10,213.31,0.874,0.9999,-21.27,234.58,NA,230.163562836471,"20250125/00042.mp4","2025-01-25","22b_00042_12:04:00_2025-01-25","22b",2025-01-25 10:04:00,2025-01-25 12:04:00,7.26914965883191,83.2243907410119,-40.1788947045475,1.82812004176599,104.743562836471,104.743562836471
3,"horizontal","some runs missed due to lighting, parasol moving",856,852,"22b_00042_waggle_annotations.csv","12:04:00",0.97439119569462,-0.224859506698758,137,1,"25_00043_waggle_annotations.csv","25_00043","C:\Users\frida\Documents\PhD\Waggle_dance\wd_SA2025\wd_annotator\mp4\James\20250125\00043.mp4",10,213.31,0.874,0.9999,-21.27,234.58,NA,202.425383208083,"20250125/00042.mp4","2025-01-25","22b_00042_12:04:00_2025-01-25","22b",2025-01-25 10:04:00,2025-01-25 12:04:00,7.26914965883191,83.2243907410119,-40.1788947045475,1.34399747874101,77.0053832080835,77.0053832080835
4,"horizontal","some runs missed due to lighting, parasol moving",858,833,"22b_00042_waggle_annotations.csv","12:04:00",0.7926239891046,0.609710760849692,232,1,"25_00043_waggle_annotations.csv","25_00043","C:\Users\frida\Documents\PhD\Waggle_dance\wd_SA2025\wd_annotator\mp4\James\20250125\00043.mp4",10,213.31,0.874,0.9999,-21.27,234.58,NA,252.988592028827,"20250125/00042.mp4","2025-01-25","22b_00042_12:04:00_2025-01-25","22b",2025-01-25 10:04:00,2025-01-25 12:04:00,7.26914965883191,83.2243907410119,-40.1788947045475,2.22649195303642,127.568592028827,127.568592028827
5,"horizontal","some runs missed due to lighting, parasol moving",882,855,"22b_00042_waggle_annotations.csv","12:04:00",0.707106781186548,0.707106781186548,281,1,"25_00043_waggle_annotations.csv","25_00043","C:\Users\frida\Documents\PhD\Waggle_dance\wd_SA2025\wd_annotator\mp4\James\20250125\00043.mp4",10,213.31,0.874,0.9999,-21.27,234.58,NA,260.42,"20250125/00042.mp4","2025-01-25","22b_00042_12:04:00_2025-01-25","22b",2025-01-25 10:04:00,2025-01-25 12:04:00,7.26914965883191,83.2243907410119,-40.1788947045475,2.35619449019234,135,135
6,"horizontal","some runs missed due to lighting, parasol moving",880,826,"22b_00042_waggle_annotations.csv","12:04:00",0.982872186934322,0.184288535050185,335,1,"25_00043_waggle_annotations.csv","25_00043","C:\Users\frida\Documents\PhD\Waggle_dance\wd_SA2025\wd_annotator\mp4\James\20250125\00043.mp4",10,213.31,0.874,0.9999,-21.27,234.58,NA,226.039655276155,"20250125/00042.mp4","2025-01-25","22b_00042_12:04:00_2025-01-25","22b",2025-01-25 10:04:00,2025-01-25 12:04:00,7.26914965883191,83.2243907410119,-40.1788947045475,1.75614427679059,100.619655276155,100.619655276155
7,"horizontal","some runs missed due to lighting, parasol moving",893,845,"22b_00042_waggle_annotations.csv","12:04:00",0.624695047554424,0.78086880944303,394,1,"25_00043_waggle_annotations.csv","25_00043","C:\Users\frida\Documents\PhD\Waggle_dance\wd_SA2025\wd_annotator\mp4\James\20250125\00043.mp4",10,213.31,0.874,0.9999,-21.27,234.58,NA,266.76019174591,"20250125/00042.mp4","2025-01-25","22b_00042_12:04:00_2025-01-25","22b",2025-01-25 10:04:00,2025-01-25 12:04:00,7.26914965883191,83.2243907410119,-40.1788947045475,2.46685171136624,141.34019174591,141.34019174591
8,"horizontal","some runs missed due to lighting, parasol moving",904,831,"22b_00042_waggle_annotations.csv","12:04:00",0.832050294337844,0.554700196225229,442,1,"25_00043_waggle_annotations.csv","25_00043","C:\Users\frida\Documents\PhD\Waggle_dance\wd_SA2025\wd_annotator\mp4\James\20250125\00043.mp4",10,213.31,0.874,0.9999,-21.27,234.58,NA,249.11006752598,"20250125/00042.mp4","2025-01-25","22b_00042_12:04:00_2025-01-25","22b",2025-01-25 10:04:00,2025-01-25 12:04:00,7.26914965883191,83.2243907410119,-40.1788947045475,2.15879893034247,123.69006752598,123.69006752598
9,"horizontal","some runs missed due to lighting, parasol moving",913,849,"22b_00042_waggle_annotations.csv","12:04:00",0.707106781186548,0.707106781186548,488,1,"25_00043_waggle_annotations.csv","25_00043","C:\Users\frida\Documents\PhD\Waggle_dance\wd_SA2025\wd_annotator\mp4\James\20250125\00043.mp4",10,213.31,0.874,0.9999,-21.27,234.58,NA,260.42,"20250125/00042.mp4","2025-01-25","22b_00042_12:04:00_2025-01-25","22b",2025-01-25 10:04:00,2025-01-25 12:04:00,7.26914965883191,83.2243907410119,-40.1788947045475,2.35619449019234,135,135
10,"horizontal","some runs missed due to lighting, parasol moving",923,834,"22b_00042_waggle_annotations.csv","12:04:00",1,0,543,1,"25_00043_waggle_annotations.csv","25_00043","C:\Users\frida\Documents\PhD\Waggle_dance\wd_SA2025\wd_annotator\mp4\James\20250125\00043.mp4",10,213.31,0.874,0.9999,-21.27,234.58,NA,215.42,"20250125/00042.mp4","2025-01-25","22b_00042_12:04:00_2025-01-25","22b",2025-01-25 10:04:00,2025-01-25 12:04:00,7.26914965883191,83.2243907410119,-40.1788947045475,1.5707963267949,90,90
11,"horizontal","some runs missed due to lighting, parasol moving",948,862,"22b_00042_waggle_annotations.csv","12:04:00",0.813733471206735,0.581238193719097,595,1,"25_00043_waggle_annotations.csv","25_00043","C:\Users\frida\Documents\PhD\Waggle_dance\wd_SA2025\wd_annotator\mp4\James\20250125\00043.mp4",10,213.31,0.874,0.9999,-21.27,234.58,NA,250.957677791974,"20250125/00042.mp4","2025-01-25","22b_00042_12:04:00_2025-01-25","22b",2025-01-25 10:04:00,2025-01-25 12:04:00,7.26914965883191,83.2243907410119,-40.1788947045475,2.19104581277771,125.537677791974,125.537677791974
12,"horizontal","some runs missed due to lighting, parasol moving",993,791,"22b_00042_waggle_annotations.csv","12:04:00",0.819231920519041,0.573462344363328,753,1,"25_00043_waggle_annotations.csv","25_00043","C:\Users\frida\Documents\PhD\Waggle_dance\wd_SA2025\wd_annotator\mp4\James\20250125\00043.mp4",10,213.31,0.874,0.9999,-21.27,234.58,NA,250.412020198559,"20250125/00042.mp4","2025-01-25","22b_00042_12:04:00_2025-01-25","22b",2025-01-25 10:04:00,2025-01-25 12:04:00,7.26914965883191,83.2243907410119,-40.1788947045475,2.18152229118411,124.992020198559,124.992020198559
13,"horizontal","some runs missed due to lighting, parasol moving",869,836,"22b_00042_waggle_annotations.csv","12:04:00",0.66436383882992,0.74740931868366,1177,1,"25_00043_waggle_annotations.csv","25_00043","C:\Users\frida\Documents\PhD\Waggle_dance\wd_SA2025\wd_annotator\mp4\James\20250125\00043.mp4",10,213.31,0.874,0.9999,-21.27,234.58,NA,263.78646066343,"20250125/00042.mp4","2025-01-25","22b_00042_12:04:00_2025-01-25","22b",2025-01-25 10:04:00,2025-01-25 12:04:00,7.26914965883191,83.2243907410119,-40.1788947045475,2.41495031290807,138.36646066343,138.36646066343
1,"horizontal","on edge of frame, most runs not tracked",825,905,"22b_00046_waggle_annotations.csv","12:12:00",0.66896473162245,0.743294146247166,11,1,"25_00043_waggle_annotations.csv","25_00043","C:\Users\frida\Documents\PhD\Waggle_dance\wd_SA2025\wd_annotator\mp4\James\20250125\00043.mp4",10,213.31,0.874,0.9999,-21.27,234.58,NA,263.432787504183,"20250125/00046.mp4","2025-01-25","22b_00046_12:12:00_2025-01-25","22b",2025-01-25 10:12:00,2025-01-25 12:12:00,351.212713511473,83.198890767021,-56.2353308519065,2.40877755180328,138.012787504183,138.012787504183
2,"horizontal","on edge of frame, most runs not tracked",858,895,"22b_00046_waggle_annotations.csv","12:12:00",0.987440631916705,0.157990501106673,45,1,"25_00043_waggle_annotations.csv","25_00043","C:\Users\frida\Documents\PhD\Waggle_dance\wd_SA2025\wd_annotator\mp4\James\20250125\00043.mp4",10,213.31,0.874,0.9999,-21.27,234.58,NA,224.510276920822,"20250125/00046.mp4","2025-01-25","22b_00046_12:12:00_2025-01-25","22b",2025-01-25 10:12:00,2025-01-25 12:12:00,351.212713511473,83.198890767021,-56.2353308519065,1.7294515889813,99.0902769208223,99.0902769208223
1,"horizontal","",1359,824,"22b_00026_waggle_annotations.csv","15:24:00",-0.991227900682635,-0.132163720091018,37,1,"26_00024_waggle_annotations.csv","26_00024","C:\Users\frida\Documents\PhD\Waggle_dance\wd_SA2025\wd_annotator\mp4\Fereshteh\20250126\00024.mp4",10,229.459,1.904,0.9994,-21.27,250.729,NA,26.865643368591,"20250126/00026.mp4","2025-01-26","22b_00026_15:24:00_2025-01-26","22b",2025-01-26 13:24:00,2025-01-26 15:24:00,268.493523682679,44.2842048874261,-138.9545206807,-1.43824479449823,-82.405356631409,277.594643368591
1,"vertical","",1159,858,"22b_00036_waggle_annotations.csv","18:14:00",0.0995037190209989,0.995037190209989,3719,1,"","","",NA,NA,NA,NA,NA,NA,NA,NA,"20250126/00036.mp4","2025-01-26","22b_00036_18:14:00_2025-01-26","22b",2025-01-26 16:14:00,2025-01-26 18:14:00,252.570786552347,6.69417167393607,-154.877257811032,3.04192400109862,174.2894068625,174.2894068625
2,"vertical","",1143,913,"22b_00036_waggle_annotations.csv","18:14:00",0.301131367937097,0.953582665134142,3781,1,"","","",NA,NA,NA,NA,NA,NA,NA,NA,"20250126/00036.mp4","2025-01-26","22b_00036_18:14:00_2025-01-26","22b",2025-01-26 16:14:00,2025-01-26 18:14:00,252.570786552347,6.69417167393607,-154.877257811032,2.83571378218494,162.474431626277,162.474431626277
3,"vertical","",1120,907,"22b_00036_waggle_annotations.csv","18:14:00",0.116841247567397,0.993150604322876,3824,1,"","","",NA,NA,NA,NA,NA,NA,NA,NA,"20250126/00036.mp4","2025-01-26","22b_00036_18:14:00_2025-01-26","22b",2025-01-26 16:14:00,2025-01-26 18:14:00,252.570786552347,6.69417167393607,-154.877257811032,3.02448390902293,173.290163192243,173.290163192243
4,"vertical","",1134,900,"22b_00036_waggle_annotations.csv","18:14:00",0.936329177569045,0.351123441588392,3874,1,"","","",NA,NA,NA,NA,NA,NA,NA,NA,"20250126/00036.mp4","2025-01-26","22b_00036_18:14:00_2025-01-26","22b",2025-01-26 16:14:00,2025-01-26 18:14:00,252.570786552347,6.69417167393607,-154.877257811032,1.92956699706546,110.556045219583,110.556045219583
5,"vertical","",945,884,"22b_00036_waggle_annotations.csv","18:14:00",0.985211754819675,0.171341174751248,4024,1,"","","",NA,NA,NA,NA,NA,NA,NA,NA,"20250126/00036.mp4","2025-01-26","22b_00036_18:14:00_2025-01-26","22b",2025-01-26 16:14:00,2025-01-26 18:14:00,252.570786552347,6.69417167393607,-154.877257811032,1.74298714131784,99.8658069430844,99.8658069430844
6,"vertical","",915,901,"22b_00036_waggle_annotations.csv","18:14:00",-0.0905357460425185,0.995893206467704,4049,1,"","","",NA,NA,NA,NA,NA,NA,NA,NA,"20250126/00036.mp4","2025-01-26","22b_00036_18:14:00_2025-01-26","22b",2025-01-26 16:14:00,2025-01-26 18:14:00,252.570786552347,6.69417167393607,-154.877257811032,-3.05093276638905,-174.805571092265,185.194428907735
7,"vertical","",949,869,"22b_00036_waggle_annotations.csv","18:14:00",0.995495472593952,0.0948090926279954,4086,1,"","","",NA,NA,NA,NA,NA,NA,NA,NA,"20250126/00036.mp4","2025-01-26","22b_00036_18:14:00_2025-01-26","22b",2025-01-26 16:14:00,2025-01-26 18:14:00,252.570786552347,6.69417167393607,-154.877257811032,1.66574803313765,95.4403320310055,95.4403320310055
8,"vertical","",923,884,"22b_00036_waggle_annotations.csv","18:14:00",0,1,4119,1,"","","",NA,NA,NA,NA,NA,NA,NA,NA,"20250126/00036.mp4","2025-01-26","22b_00036_18:14:00_2025-01-26","22b",2025-01-26 16:14:00,2025-01-26 18:14:00,252.570786552347,6.69417167393607,-154.877257811032,3.14159265358979,180,180
9,"vertical","",1014,807,"22b_00036_waggle_annotations.csv","18:14:00",0.707106781186548,0.707106781186548,4164,1,"","","",NA,NA,NA,NA,NA,NA,NA,NA,"20250126/00036.mp4","2025-01-26","22b_00036_18:14:00_2025-01-26","22b",2025-01-26 16:14:00,2025-01-26 18:14:00,252.570786552347,6.69417167393607,-154.877257811032,2.35619449019234,135,135
10,"vertical","",950,828,"22b_00036_waggle_annotations.csv","18:14:00",-0.0416305447121813,0.999133073092352,4200,1,"","","",NA,NA,NA,NA,NA,NA,NA,NA,"20250126/00036.mp4","2025-01-26","22b_00036_18:14:00_2025-01-26","22b",2025-01-26 16:14:00,2025-01-26 18:14:00,252.570786552347,6.69417167393607,-154.877257811032,-3.0999500744912,-177.614055969611,182.385944030389
11,"vertical","",970,779,"22b_00036_waggle_annotations.csv","18:14:00",1,0,4230,1,"","","",NA,NA,NA,NA,NA,NA,NA,NA,"20250126/00036.mp4","2025-01-26","22b_00036_18:14:00_2025-01-26","22b",2025-01-26 16:14:00,2025-01-26 18:14:00,252.570786552347,6.69417167393607,-154.877257811032,1.5707963267949,90,90
12,"vertical","",948,851,"22b_00036_waggle_annotations.csv","18:14:00",0.437465718849306,0.899235088745796,4263,1,"","","",NA,NA,NA,NA,NA,NA,NA,NA,"20250126/00036.mp4","2025-01-26","22b_00036_18:14:00_2025-01-26","22b",2025-01-26 16:14:00,2025-01-26 18:14:00,252.570786552347,6.69417167393607,-154.877257811032,2.68881418176625,154.057704510128,154.057704510128
13,"vertical","",910,878,"22b_00036_waggle_annotations.csv","18:14:00",-0.0623782861551805,0.998052578482889,4303,1,"","","",NA,NA,NA,NA,NA,NA,NA,NA,"20250126/00036.mp4","2025-01-26","22b_00036_18:14:00_2025-01-26","22b",2025-01-26 16:14:00,2025-01-26 18:14:00,252.570786552347,6.69417167393607,-154.877257811032,-3.07917384359384,-176.423665625003,183.576334374997
14,"vertical","",902,881,"22b_00036_waggle_annotations.csv","18:14:00",0.983869910099907,0.178885438199983,4335,1,"","","",NA,NA,NA,NA,NA,NA,NA,NA,"20250126/00036.mp4","2025-01-26","22b_00036_18:14:00_2025-01-26","22b",2025-01-26 16:14:00,2025-01-26 18:14:00,252.570786552347,6.69417167393607,-154.877257811032,1.75064982658737,100.304846468766,100.304846468766
15,"vertical","",924,870,"22b_00036_waggle_annotations.csv","18:14:00",0,1,4376,1,"","","",NA,NA,NA,NA,NA,NA,NA,NA,"20250126/00036.mp4","2025-01-26","22b_00036_18:14:00_2025-01-26","22b",2025-01-26 16:14:00,2025-01-26 18:14:00,252.570786552347,6.69417167393607,-154.877257811032,3.14159265358979,180,180
16,"vertical","",901,889,"22b_00036_waggle_annotations.csv","18:14:00",0.998752338877845,0.0499376169438922,4406,1,"","","",NA,NA,NA,NA,NA,NA,NA,NA,"20250126/00036.mp4","2025-01-26","22b_00036_18:14:00_2025-01-26","22b",2025-01-26 16:14:00,2025-01-26 18:14:00,252.570786552347,6.69417167393607,-154.877257811032,1.62075472251684,92.8624052261118,92.8624052261118
17,"vertical","",910,846,"22b_00036_waggle_annotations.csv","18:14:00",-0.0399680383488716,0.999200958721789,4447,1,"","","",NA,NA,NA,NA,NA,NA,NA,NA,"20250126/00036.mp4","2025-01-26","22b_00036_18:14:00_2025-01-26","22b",2025-01-26 16:14:00,2025-01-26 18:14:00,252.570786552347,6.69417167393607,-154.877257811032,-3.1016139664665,-177.709389957361,182.290610042639
18,"vertical","",943,875,"22b_00036_waggle_annotations.csv","18:14:00",0.977802414077409,0.209529088730873,4513,1,"","","",NA,NA,NA,NA,NA,NA,NA,NA,"20250126/00036.mp4","2025-01-26","22b_00036_18:14:00_2025-01-26","22b",2025-01-26 16:14:00,2025-01-26 18:14:00,252.570786552347,6.69417167393607,-154.877257811032,1.78188966001764,102.094757077012,102.094757077012
19,"vertical","",875,900,"22b_00036_waggle_annotations.csv","18:14:00",0.0525588331227637,0.99861782933251,4562,1,"","","",NA,NA,NA,NA,NA,NA,NA,NA,"20250126/00036.mp4","2025-01-26","22b_00036_18:14:00_2025-01-26","22b",2025-01-26 16:14:00,2025-01-26 18:14:00,252.570786552347,6.69417167393607,-154.877257811032,3.08900959197886,176.987212495817,176.987212495817
20,"vertical","",873,955,"22b_00036_waggle_annotations.csv","18:14:00",-0.0948090926279954,0.995495472593952,4638,1,"","","",NA,NA,NA,NA,NA,NA,NA,NA,"20250126/00036.mp4","2025-01-26","22b_00036_18:14:00_2025-01-26","22b",2025-01-26 16:14:00,2025-01-26 18:14:00,252.570786552347,6.69417167393607,-154.877257811032,-3.04664094724703,-174.559667968994,185.440332031006
21,"vertical","",926,954,"22b_00036_waggle_annotations.csv","18:14:00",0.97439119569462,0.224859506698758,4700,1,"","","",NA,NA,NA,NA,NA,NA,NA,NA,"20250126/00036.mp4","2025-01-26","22b_00036_18:14:00_2025-01-26","22b",2025-01-26 16:14:00,2025-01-26 18:14:00,252.570786552347,6.69417167393607,-154.877257811032,1.79759517484879,102.994616791917,102.994616791917
22,"vertical","",1054,972,"22b_00036_waggle_annotations.csv","18:14:00",-0.688749461914693,0.724999433594414,4840,1,"","","",NA,NA,NA,NA,NA,NA,NA,NA,"20250126/00036.mp4","2025-01-26","22b_00036_18:14:00_2025-01-26","22b",2025-01-26 16:14:00,2025-01-26 18:14:00,252.570786552347,6.69417167393607,-154.877257811032,-2.38182989871403,-136.468800714386,223.531199285614
23,"vertical","",1041,946,"22b_00036_waggle_annotations.csv","18:14:00",0.999634969872854,0.027017161347915,4865,1,"","","",NA,NA,NA,NA,NA,NA,NA,NA,"20250126/00036.mp4","2025-01-26","22b_00036_18:14:00_2025-01-26","22b",2025-01-26 16:14:00,2025-01-26 18:14:00,252.570786552347,6.69417167393607,-154.877257811032,1.59781677598216,91.548157698978,91.548157698978
24,"vertical","",1056,955,"22b_00036_waggle_annotations.csv","18:14:00",0.234640533103897,0.972082208573287,4903,1,"","","",NA,NA,NA,NA,NA,NA,NA,NA,"20250126/00036.mp4","2025-01-26","22b_00036_18:14:00_2025-01-26","22b",2025-01-26 16:14:00,2025-01-26 18:14:00,252.570786552347,6.69417167393607,-154.877257811032,2.90474389264288,166.429565614839,166.429565614839
25,"vertical","",1040,916,"22b_00036_waggle_annotations.csv","18:14:00",1,0,4934,1,"","","",NA,NA,NA,NA,NA,NA,NA,NA,"20250126/00036.mp4","2025-01-26","22b_00036_18:14:00_2025-01-26","22b",2025-01-26 16:14:00,2025-01-26 18:14:00,252.570786552347,6.69417167393607,-154.877257811032,1.5707963267949,90,90
26,"vertical","",1019,933,"22b_00036_waggle_annotations.csv","18:14:00",0.379556356256306,0.925168618374746,4969,1,"","","",NA,NA,NA,NA,NA,NA,NA,NA,"20250126/00036.mp4","2025-01-26","22b_00036_18:14:00_2025-01-26","22b",2025-01-26 16:14:00,2025-01-26 18:14:00,252.570786552347,6.69417167393607,-154.877257811032,2.75227593175665,157.693794945092,157.693794945092
27,"vertical","",1019,920,"22b_00036_waggle_annotations.csv","18:14:00",0.983869910099907,-0.178885438199983,5002,1,"","","",NA,NA,NA,NA,NA,NA,NA,NA,"20250126/00036.mp4","2025-01-26","22b_00036_18:14:00_2025-01-26","22b",2025-01-26 16:14:00,2025-01-26 18:14:00,252.570786552347,6.69417167393607,-154.877257811032,1.39094282700242,79.695153531234,79.695153531234
28,"vertical","",1012,935,"22b_00036_waggle_annotations.csv","18:14:00",0.380749805254295,0.924678098474716,5043,1,"","","",NA,NA,NA,NA,NA,NA,NA,NA,"20250126/00036.mp4","2025-01-26","22b_00036_18:14:00_2025-01-26","22b",2025-01-26 16:14:00,2025-01-26 18:14:00,252.570786552347,6.69417167393607,-154.877257811032,2.7509856098921,157.61986494804,157.61986494804
1,"horizontal","",897,870,"22b_00043_waggle_annotations.csv","18:28:00",-0.994691793826551,-0.102899151085505,593,1,"26_00038_waggle_annotations.csv","26_00038","C:\Users\frida\Documents\PhD\Waggle_dance\wd_SA2025\wd_annotator\mp4\Fereshteh\20250126\00038.mp4",10,188.612,1.016,0.9998,-21.27,209.882,NA,66.024141113771,"20250126/00043.mp4","2025-01-26","22b_00043_18:28:00_2025-01-26","22b",2025-01-26 16:28:00,2025-01-26 18:28:00,251.14927546111,3.77399491037895,-156.29876890227,-1.46771471827219,-84.093858886229,275.906141113771
2,"horizontal","",925,864,"22b_00043_waggle_annotations.csv","18:28:00",1,0,757,1,"26_00038_waggle_annotations.csv","26_00038","C:\Users\frida\Documents\PhD\Waggle_dance\wd_SA2025\wd_annotator\mp4\Fereshteh\20250126\00038.mp4",10,188.612,1.016,0.9998,-21.27,209.882,NA,240.118,"20250126/00043.mp4","2025-01-26","22b_00043_18:28:00_2025-01-26","22b",2025-01-26 16:28:00,2025-01-26 18:28:00,251.14927546111,3.77399491037895,-156.29876890227,1.5707963267949,90,90
3,"horizontal","",800,843,"22b_00043_waggle_annotations.csv","18:28:00",0.910366477462605,-0.413802944301184,899,1,"26_00038_waggle_annotations.csv","26_00038","C:\Users\frida\Documents\PhD\Waggle_dance\wd_SA2025\wd_annotator\mp4\Fereshteh\20250126\00038.mp4",10,188.612,1.016,0.9998,-21.27,209.882,NA,215.674045219583,"20250126/00043.mp4","2025-01-26","22b_00043_18:28:00_2025-01-26","22b",2025-01-26 16:28:00,2025-01-26 18:28:00,251.14927546111,3.77399491037895,-156.29876890227,1.14416883366802,65.5560452195835,65.5560452195835
4,"horizontal","",778,779,"22b_00043_waggle_annotations.csv","18:28:00",-0.987762965329069,0.155962573473011,925,1,"26_00038_waggle_annotations.csv","26_00038","C:\Users\frida\Documents\PhD\Waggle_dance\wd_SA2025\wd_annotator\mp4\Fereshteh\20250126\00038.mp4",10,188.612,1.016,0.9998,-21.27,209.882,NA,51.145373385104,"20250126/00043.mp4","2025-01-26","22b_00043_18:28:00_2025-01-26","22b",2025-01-26 16:28:00,2025-01-26 18:28:00,251.14927546111,3.77399491037895,-156.29876890227,-1.7273982037769,-98.972626614896,261.027373385104
1,"horizontal","",1084,840,"22b_00046_waggle_annotations.csv","18:34:00",1,0,87,1,"26_00038_waggle_annotations.csv","26_00038","C:\Users\frida\Documents\PhD\Waggle_dance\wd_SA2025\wd_annotator\mp4\Fereshteh\20250126\00038.mp4",10,188.612,1.016,0.9998,-21.27,209.882,NA,240.118,"20250126/00046.mp4","2025-01-26","22b_00046_18:34:00_2025-01-26","22b",2025-01-26 16:34:00,2025-01-26 18:34:00,250.525535946438,2.56401281254543,-156.922508416942,1.5707963267949,90,90
2,"horizontal","",1051,873,"22b_00046_waggle_annotations.csv","18:34:00",0.98058067569092,-0.196116135138184,232,1,"26_00038_waggle_annotations.csv","26_00038","C:\Users\frida\Documents\PhD\Waggle_dance\wd_SA2025\wd_annotator\mp4\Fereshteh\20250126\00038.mp4",10,188.612,1.016,0.9998,-21.27,209.882,NA,228.80806752598,"20250126/00046.mp4","2025-01-26","22b_00046_18:34:00_2025-01-26","22b",2025-01-26 16:34:00,2025-01-26 18:34:00,250.525535946438,2.56401281254543,-156.922508416942,1.37340076694502,78.6900675259798,78.6900675259798
3,"horizontal","",997,857,"22b_00046_waggle_annotations.csv","18:34:00",1,0,305,1,"26_00038_waggle_annotations.csv","26_00038","C:\Users\frida\Documents\PhD\Waggle_dance\wd_SA2025\wd_annotator\mp4\Fereshteh\20250126\00038.mp4",10,188.612,1.016,0.9998,-21.27,209.882,NA,240.118,"20250126/00046.mp4","2025-01-26","22b_00046_18:34:00_2025-01-26","22b",2025-01-26 16:34:00,2025-01-26 18:34:00,250.525535946438,2.56401281254543,-156.922508416942,1.5707963267949,90,90
4,"horizontal","",1018,861,"22b_00046_waggle_annotations.csv","18:34:00",0.997054485501582,0.076696498884737,390,1,"26_00038_waggle_annotations.csv","26_00038","C:\Users\frida\Documents\PhD\Waggle_dance\wd_SA2025\wd_annotator\mp4\Fereshteh\20250126\00038.mp4",10,188.612,1.016,0.9998,-21.27,209.882,NA,244.516705354996,"20250126/00046.mp4","2025-01-26","22b_00046_18:34:00_2025-01-26","22b",2025-01-26 16:34:00,2025-01-26 18:34:00,250.525535946438,2.56401281254543,-156.922508416942,1.64756821806467,94.3987053549955,94.3987053549955
5,"horizontal","",1037,868,"22b_00046_waggle_annotations.csv","18:34:00",0.984783558817937,0.173785333909048,475,1,"26_00038_waggle_annotations.csv","26_00038","C:\Users\frida\Documents\PhD\Waggle_dance\wd_SA2025\wd_annotator\mp4\Fereshteh\20250126\00038.mp4",10,188.612,1.016,0.9998,-21.27,209.882,NA,250.125979801441,"20250126/00046.mp4","2025-01-26","22b_00046_18:34:00_2025-01-26","22b",2025-01-26 16:34:00,2025-01-26 18:34:00,250.525535946438,2.56401281254543,-156.922508416942,1.74546852580313,100.007979801441,100.007979801441
6,"horizontal","",1052,866,"22b_00046_waggle_annotations.csv","18:34:00",0.961523947640823,0.274721127897378,569,1,"26_00038_waggle_annotations.csv","26_00038","C:\Users\frida\Documents\PhD\Waggle_dance\wd_SA2025\wd_annotator\mp4\Fereshteh\20250126\00038.mp4",10,188.612,1.016,0.9998,-21.27,209.882,NA,256.063395900923,"20250126/00046.mp4","2025-01-26","22b_00046_18:34:00_2025-01-26","22b",2025-01-26 16:34:00,2025-01-26 18:34:00,250.525535946438,2.56401281254543,-156.922508416942,1.84909598580001,105.945395900923,105.945395900923
7,"horizontal","",1078,851,"22b_00046_waggle_annotations.csv","18:34:00",0.970142500145332,0.242535625036333,652,1,"26_00038_waggle_annotations.csv","26_00038","C:\Users\frida\Documents\PhD\Waggle_dance\wd_SA2025\wd_annotator\mp4\Fereshteh\20250126\00038.mp4",10,188.612,1.016,0.9998,-21.27,209.882,NA,254.154243467926,"20250126/00046.mp4","2025-01-26","22b_00046_18:34:00_2025-01-26","22b",2025-01-26 16:34:00,2025-01-26 18:34:00,250.525535946438,2.56401281254543,-156.922508416942,1.81577498992175,104.036243467926,104.036243467926
8,"horizontal","",1069,850,"22b_00046_waggle_annotations.csv","18:34:00",0.998052578482889,0.0623782861551805,728,1,"26_00038_waggle_annotations.csv","26_00038","C:\Users\frida\Documents\PhD\Waggle_dance\wd_SA2025\wd_annotator\mp4\Fereshteh\20250126\00038.mp4",10,188.612,1.016,0.9998,-21.27,209.882,NA,243.694334374997,"20250126/00046.mp4","2025-01-26","22b_00046_18:34:00_2025-01-26","22b",2025-01-26 16:34:00,2025-01-26 18:34:00,250.525535946438,2.56401281254543,-156.922508416942,1.63321513679085,93.5763343749974,93.5763343749974
9,"horizontal","",1112,849,"22b_00046_waggle_annotations.csv","18:34:00",0.997333723591566,-0.072975638311578,972,1,"26_00038_waggle_annotations.csv","26_00038","C:\Users\frida\Documents\PhD\Waggle_dance\wd_SA2025\wd_annotator\mp4\Fereshteh\20250126\00038.mp4",10,188.612,1.016,0.9998,-21.27,209.882,NA,235.933083874882,"20250126/00046.mp4","2025-01-26","22b_00046_18:34:00_2025-01-26","22b",2025-01-26 16:34:00,2025-01-26 18:34:00,250.525535946438,2.56401281254543,-156.922508416942,1.49775576149178,85.8150838748816,85.8150838748816
10,"horizontal","",1134,835,"22b_00046_waggle_annotations.csv","18:34:00",0.95447997803503,-0.298274993135947,1059,1,"26_00038_waggle_annotations.csv","26_00038","C:\Users\frida\Documents\PhD\Waggle_dance\wd_SA2025\wd_annotator\mp4\Fereshteh\20250126\00038.mp4",10,188.612,1.016,0.9998,-21.27,209.882,NA,222.763975363739,"20250126/00046.mp4","2025-01-26","22b_00046_18:34:00_2025-01-26","22b",2025-01-26 16:34:00,2025-01-26 18:34:00,250.525535946438,2.56401281254543,-156.922508416942,1.26791145841993,72.6459753637387,72.6459753637387
11,"horizontal","",1083,833,"22b_00046_waggle_annotations.csv","18:34:00",0.948683298050514,0.316227766016838,1113,1,"26_00038_waggle_annotations.csv","26_00038","C:\Users\frida\Documents\PhD\Waggle_dance\wd_SA2025\wd_annotator\mp4\Fereshteh\20250126\00038.mp4",10,188.612,1.016,0.9998,-21.27,209.882,NA,258.552948822922,"20250126/00046.mp4","2025-01-26","22b_00046_18:34:00_2025-01-26","22b",2025-01-26 16:34:00,2025-01-26 18:34:00,250.525535946438,2.56401281254543,-156.922508416942,1.89254688119154,108.434948822922,108.434948822922
12,"horizontal","",1088,858,"22b_00046_waggle_annotations.csv","18:34:00",0.928476690885259,-0.371390676354104,1164,1,"26_00038_waggle_annotations.csv","26_00038","C:\Users\frida\Documents\PhD\Waggle_dance\wd_SA2025\wd_annotator\mp4\Fereshteh\20250126\00038.mp4",10,188.612,1.016,0.9998,-21.27,209.882,NA,218.316590513648,"20250126/00046.mp4","2025-01-26","22b_00046_18:34:00_2025-01-26","22b",2025-01-26 16:34:00,2025-01-26 18:34:00,250.525535946438,2.56401281254543,-156.922508416942,1.19028994968253,68.1985905136482,68.1985905136482
13,"horizontal","",1091,872,"22b_00046_waggle_annotations.csv","18:34:00",0.991227900682635,-0.132163720091018,1256,1,"26_00038_waggle_annotations.csv","26_00038","C:\Users\frida\Documents\PhD\Waggle_dance\wd_SA2025\wd_annotator\mp4\Fereshteh\20250126\00038.mp4",10,188.612,1.016,0.9998,-21.27,209.882,NA,232.523356631409,"20250126/00046.mp4","2025-01-26","22b_00046_18:34:00_2025-01-26","22b",2025-01-26 16:34:00,2025-01-26 18:34:00,250.525535946438,2.56401281254543,-156.922508416942,1.43824479449822,82.4053566314086,82.4053566314086
1,"vertical","",918,700,"22b_00013_waggle_annotations.csv","11:21:00",0.242535625036333,-0.970142500145332,631,1,"","","",NA,NA,NA,NA,NA,NA,NA,NA,"20250127/00013.mp4","2025-01-27","22b_00013_11:21:00_2025-01-27","22b",2025-01-27 09:21:00,2025-01-27 11:21:00,58.7829826023765,76.9322187043894,11.3349382389971,0.244978663126865,14.0362434679265,14.0362434679265
2,"vertical","",966,707,"22b_00013_waggle_annotations.csv","11:21:00",0.263117405792109,-0.964763821237732,888,1,"","","",NA,NA,NA,NA,NA,NA,NA,NA,"20250127/00013.mp4","2025-01-27","22b_00013_11:21:00_2025-01-27","22b",2025-01-27 09:21:00,2025-01-27 11:21:00,58.7829826023765,76.9322187043894,11.3349382389971,0.266252049150926,15.2551187030578,15.2551187030578
3,"vertical","",997,686,"22b_00013_waggle_annotations.csv","11:21:00",0.514495755427527,-0.857492925712544,931,1,"","","",NA,NA,NA,NA,NA,NA,NA,NA,"20250127/00013.mp4","2025-01-27","22b_00013_11:21:00_2025-01-27","22b",2025-01-27 09:21:00,2025-01-27 11:21:00,58.7829826023765,76.9322187043894,11.3349382389971,0.540419500270584,30.9637565320735,30.9637565320735
4,"vertical","",1014,608,"22b_00013_waggle_annotations.csv","11:21:00",0.332820117735138,-0.94299033358289,1004,1,"","","",NA,NA,NA,NA,NA,NA,NA,NA,"20250127/00013.mp4","2025-01-27","22b_00013_11:21:00_2025-01-27","22b",2025-01-27 09:21:00,2025-01-27 11:21:00,58.7829826023765,76.9322187043894,11.3349382389971,0.339292614454045,19.4400348281762,19.4400348281762
5,"vertical","",1053,613,"22b_00013_waggle_annotations.csv","11:21:00",0.617821551931904,-0.786318338822423,1055,1,"","","",NA,NA,NA,NA,NA,NA,NA,NA,"20250127/00013.mp4","2025-01-27","22b_00013_11:21:00_2025-01-27","22b",2025-01-27 09:21:00,2025-01-27 11:21:00,58.7829826023765,76.9322187043894,11.3349382389971,0.665969237379111,38.1572265873691,38.1572265873691
6,"vertical","",1057,594,"22b_00013_waggle_annotations.csv","11:21:00",0.316227766016838,-0.948683298050514,1104,1,"","","",NA,NA,NA,NA,NA,NA,NA,NA,"20250127/00013.mp4","2025-01-27","22b_00013_11:21:00_2025-01-27","22b",2025-01-27 09:21:00,2025-01-27 11:21:00,58.7829826023765,76.9322187043894,11.3349382389971,0.321750554396642,18.434948822922,18.434948822922
7,"vertical","",1068,572,"22b_00013_waggle_annotations.csv","11:21:00",0.503871025524086,-0.863778900898434,1155,1,"","","",NA,NA,NA,NA,NA,NA,NA,NA,"20250127/00013.mp4","2025-01-27","22b_00013_11:21:00_2025-01-27","22b",2025-01-27 09:21:00,2025-01-27 11:21:00,58.7829826023765,76.9322187043894,11.3349382389971,0.52807444842636,30.2564371635293,30.2564371635293
8,"vertical","",1052,508,"22b_00013_waggle_annotations.csv","11:21:00",0.8,-0.6,1220,1,"","","",NA,NA,NA,NA,NA,NA,NA,NA,"20250127/00013.mp4","2025-01-27","22b_00013_11:21:00_2025-01-27","22b",2025-01-27 09:21:00,2025-01-27 11:21:00,58.7829826023765,76.9322187043894,11.3349382389971,0.927295218001613,53.130102354156,53.130102354156
9,"vertical","",1091,498,"22b_00013_waggle_annotations.csv","11:21:00",0.581238193719097,-0.813733471206735,1332,1,"","","",NA,NA,NA,NA,NA,NA,NA,NA,"20250127/00013.mp4","2025-01-27","22b_00013_11:21:00_2025-01-27","22b",2025-01-27 09:21:00,2025-01-27 11:21:00,58.7829826023765,76.9322187043894,11.3349382389971,0.620249485982822,35.5376777919744,35.5376777919744
1,"horizontal","",1196,950,"22b_00058_waggle_annotations.csv","18:09:00",-0.945945945945946,0.324324324324324,103,1,"27_00055_waggle_annotations.csv","27_00055","C:\Users\frida\Documents\PhD\Waggle_dance\wd_SA2025\wd_annotator\mp4\James\20250127\00055.mp4",10,220.808,1.097,0.9998,-21.27,242.078,NA,8.997355583949,"20250127/00058.mp4","2025-01-27","22b_00058_18:09:00_2025-01-27","22b",2025-01-27 16:09:00,2025-01-27 18:09:00,253.325763161203,7.69204911967918,-154.122281202177,-1.90109368162415,-108.924644416051,251.075355583949
2,"horizontal","",1266,884,"22b_00058_waggle_annotations.csv","18:09:00",-0.997529518435429,-0.0702485576362978,311,1,"27_00055_waggle_annotations.csv","27_00055","C:\Users\frida\Documents\PhD\Waggle_dance\wd_SA2025\wd_annotator\mp4\James\20250127\00055.mp4",10,220.808,1.097,0.9998,-21.27,242.078,NA,31.950263666485,"20250127/00058.mp4","2025-01-27","22b_00058_18:09:00_2025-01-27","22b",2025-01-27 16:09:00,2025-01-27 18:09:00,253.325763161203,7.69204911967918,-154.122281202177,-1.50048986267627,-85.971736333515,274.028263666485
3,"horizontal","",1284,935,"22b_00058_waggle_annotations.csv","18:09:00",-0.97780241407741,0.209529088730873,404,1,"27_00055_waggle_annotations.csv","27_00055","C:\Users\frida\Documents\PhD\Waggle_dance\wd_SA2025\wd_annotator\mp4\James\20250127\00055.mp4",10,220.808,1.097,0.9998,-21.27,242.078,NA,15.827242922988,"20250127/00058.mp4","2025-01-27","22b_00058_18:09:00_2025-01-27","22b",2025-01-27 16:09:00,2025-01-27 18:09:00,253.325763161203,7.69204911967918,-154.122281202177,-1.78188966001764,-102.094757077012,257.905242922988
4,"horizontal","",1268,940,"22b_00058_waggle_annotations.csv","18:09:00",NA,0.28,501,1,"27_00055_waggle_annotations.csv","27_00055","C:\Users\frida\Documents\PhD\Waggle_dance\wd_SA2025\wd_annotator\mp4\James\20250127\00055.mp4",10,220.808,1.097,0.9998,-21.27,242.078,NA,11.661795291688,"20250127/00058.mp4","2025-01-27","22b_00058_18:09:00_2025-01-27","22b",2025-01-27 16:09:00,2025-01-27 18:09:00,253.325763161203,7.69204911967918,-154.122281202177,-1.85459043600322,-106.260204708312,253.739795291688
5,"horizontal","",1276,944,"22b_00058_waggle_annotations.csv","18:09:00",-0.976187060183953,0.216930457818656,596,1,"27_00055_waggle_annotations.csv","27_00055","C:\Users\frida\Documents\PhD\Waggle_dance\wd_SA2025\wd_annotator\mp4\James\20250127\00055.mp4",10,220.808,1.097,0.9998,-21.27,242.078,NA,15.393192290849,"20250127/00058.mp4","2025-01-27","22b_00058_18:09:00_2025-01-27","22b",2025-01-27 16:09:00,2025-01-27 18:09:00,253.325763161203,7.69204911967918,-154.122281202177,-1.78946527266883,-102.528807709151,257.471192290849
6,"horizontal","",1253,945,"22b_00058_waggle_annotations.csv","18:09:00",-0.982006446980647,0.188847393650124,685,1,"27_00055_waggle_annotations.csv","27_00055","C:\Users\frida\Documents\PhD\Waggle_dance\wd_SA2025\wd_annotator\mp4\James\20250127\00055.mp4",10,220.808,1.097,0.9998,-21.27,242.078,NA,17.036472945341,"20250127/00058.mp4","2025-01-27","22b_00058_18:09:00_2025-01-27","22b",2025-01-27 16:09:00,2025-01-27 18:09:00,253.325763161203,7.69204911967918,-154.122281202177,-1.76078461471362,-100.885527054659,259.114472945341
1,"vertical","",1318,758,"22b_00002_waggle_annotations.csv","08:10:00",-0.605083267533558,-0.796162194123103,296,1,"","","",NA,NA,NA,NA,NA,NA,NA,NA,"20250128/00002.mp4","2025-01-28","22b_00002_08:10:00_2025-01-28","22b",2025-01-28 06:10:00,2025-01-28 08:10:00,95.0620192209228,34.6832144071679,47.6139748575434,-0.649870449411953,-37.234833981575,322.765166018425
2,"vertical","",1308,745,"22b_00002_waggle_annotations.csv","08:10:00",-0.307820285414663,-0.951444518554412,349,1,"","","",NA,NA,NA,NA,NA,NA,NA,NA,"20250128/00002.mp4","2025-01-28","22b_00002_08:10:00_2025-01-28","22b",2025-01-28 06:10:00,2025-01-28 08:10:00,95.0620192209228,34.6832144071679,47.6139748575434,-0.31290122788038,-17.927919762007,342.072080237993
1,"vertical","",1157,687,"22b_00006_waggle_annotations.csv","08:21:00",-0.604386481374232,-0.796691270902396,2334,1,"","","",NA,NA,NA,NA,NA,NA,NA,NA,"20250128/00006.mp4","2025-01-28","22b_00006_08:21:00_2025-01-28","22b",2025-01-28 06:21:00,2025-01-28 08:21:00,94.0146655382524,37.1530450751406,46.566621174873,-0.648995558996499,-37.184706453233,322.815293546767
2,"vertical","",1148,705,"22b_00006_waggle_annotations.csv","08:21:00",-0.67028625796877,-0.742102642751138,2385,1,"","","",NA,NA,NA,NA,NA,NA,NA,NA,"20250128/00006.mp4","2025-01-28","22b_00006_08:21:00_2025-01-28","22b",2025-01-28 06:21:00,2025-01-28 08:21:00,94.0146655382524,37.1530450751406,46.566621174873,-0.734594459339222,-42.089162173832,317.910837826168
3,"vertical","",1119,665,"22b_00006_waggle_annotations.csv","08:21:00",-0.549177886660837,-0.835705479701274,2433,1,"","","",NA,NA,NA,NA,NA,NA,NA,NA,"20250128/00006.mp4","2025-01-28","22b_00006_08:21:00_2025-01-28","22b",2025-01-28 06:21:00,2025-01-28 08:21:00,94.0146655382524,37.1530450751406,46.566621174873,-0.581380183804903,-33.310630824561,326.689369175439
4,"vertical","",1080,650,"22b_00006_waggle_annotations.csv","08:21:00",-0.808736084303189,-0.588171697675046,2479,1,"","","",NA,NA,NA,NA,NA,NA,NA,NA,"20250128/00006.mp4","2025-01-28","22b_00006_08:21:00_2025-01-28","22b",2025-01-28 06:21:00,2025-01-28 08:21:00,94.0146655382524,37.1530450751406,46.566621174873,-0.942000040379457,-53.972626614896,306.027373385104
5,"vertical","",1102,643,"22b_00006_waggle_annotations.csv","08:21:00",-0.768221279597376,-0.64018439966448,2521,1,"","","",NA,NA,NA,NA,NA,NA,NA,NA,"20250128/00006.mp4","2025-01-28","22b_00006_08:21:00_2025-01-28","22b",2025-01-28 06:21:00,2025-01-28 08:21:00,94.0146655382524,37.1530450751406,46.566621174873,-0.876058050598197,-50.194428907735,309.805571092265
6,"vertical","",1069,632,"22b_00006_waggle_annotations.csv","08:21:00",-0.64018439966448,-0.768221279597376,2568,1,"","","",NA,NA,NA,NA,NA,NA,NA,NA,"20250128/00006.mp4","2025-01-28","22b_00006_08:21:00_2025-01-28","22b",2025-01-28 06:21:00,2025-01-28 08:21:00,94.0146655382524,37.1530450751406,46.566621174873,-0.6947382761967,-39.805571092265,320.194428907735
7,"vertical","",1094,600,"22b_00006_waggle_annotations.csv","08:21:00",-0.707106781186548,-0.707106781186548,2624,1,"","","",NA,NA,NA,NA,NA,NA,NA,NA,"20250128/00006.mp4","2025-01-28","22b_00006_08:21:00_2025-01-28","22b",2025-01-28 06:21:00,2025-01-28 08:21:00,94.0146655382524,37.1530450751406,46.566621174873,-0.785398163397449,-45,315
8,"vertical","",1110,592,"22b_00006_waggle_annotations.csv","08:21:00",-0.690475746682501,-0.723355544143572,2673,1,"","","",NA,NA,NA,NA,NA,NA,NA,NA,"20250128/00006.mp4","2025-01-28","22b_00006_08:21:00_2025-01-28","22b",2025-01-28 06:21:00,2025-01-28 08:21:00,94.0146655382524,37.1530450751406,46.566621174873,-0.76214654058698,-43.66778014613,316.33221985387
9,"vertical","",1108,544,"22b_00006_waggle_annotations.csv","08:21:00",-0.554700196225229,-0.832050294337844,2726,1,"","","",NA,NA,NA,NA,NA,NA,NA,NA,"20250128/00006.mp4","2025-01-28","22b_00006_08:21:00_2025-01-28","22b",2025-01-28 06:21:00,2025-01-28 08:21:00,94.0146655382524,37.1530450751406,46.566621174873,-0.588002603547572,-33.69006752598,326.30993247402
10,"vertical","",1063,517,"22b_00006_waggle_annotations.csv","08:21:00",-0.732793491626299,-0.680451099367278,2782,1,"","","",NA,NA,NA,NA,NA,NA,NA,NA,"20250128/00006.mp4","2025-01-28","22b_00006_08:21:00_2025-01-28","22b",2025-01-28 06:21:00,2025-01-28 08:21:00,94.0146655382524,37.1530450751406,46.566621174873,-0.822418279271371,-47.1210963966611,312.878903603339
11,"vertical","",1020,556,"22b_00006_waggle_annotations.csv","08:21:00",-0.690475746682501,-0.723355544143572,2846,1,"","","",NA,NA,NA,NA,NA,NA,NA,NA,"20250128/00006.mp4","2025-01-28","22b_00006_08:21:00_2025-01-28","22b",2025-01-28 06:21:00,2025-01-28 08:21:00,94.0146655382524,37.1530450751406,46.566621174873,-0.76214654058698,-43.66778014613,316.33221985387
12,"vertical","",1047,514,"22b_00006_waggle_annotations.csv","08:21:00",-0.406138466053448,-0.913811548620257,2972,1,"","","",NA,NA,NA,NA,NA,NA,NA,NA,"20250128/00006.mp4","2025-01-28","22b_00006_08:21:00_2025-01-28","22b",2025-01-28 06:21:00,2025-01-28 08:21:00,94.0146655382524,37.1530450751406,46.566621174873,-0.418224329579226,-23.962488974578,336.037511025422
1,"deg_10","",824,903,"22b_00010_waggle_annotations.csv","08:29:00",-0.59001658934231,-0.807391122257898,249,1,"","","",NA,NA,NA,NA,NA,NA,NA,NA,"20250128/00010.mp4","2025-01-28","22b_00010_08:29:00_2025-01-28","22b",2025-01-28 06:29:00,2025-01-28 08:29:00,93.2389044909927,38.9514829027181,45.7908601276133,-0.631079387471323,-36.158185439808,323.841814560192
2,"deg_10","",753,896,"22b_00010_waggle_annotations.csv","08:29:00",-0.562310021407279,-0.826926502069528,298,1,"","","",NA,NA,NA,NA,NA,NA,NA,NA,"20250128/00010.mp4","2025-01-28","22b_00010_08:29:00_2025-01-28","22b",2025-01-28 06:29:00,2025-01-28 08:29:00,93.2389044909927,38.9514829027181,45.7908601276133,-0.597176658092671,-34.215702132437,325.784297867563
3,"deg_10","",719,891,"22b_00010_waggle_annotations.csv","08:29:00",-0.694594513699567,-0.719401460617409,342,1,"","","",NA,NA,NA,NA,NA,NA,NA,NA,"20250128/00010.mp4","2025-01-28","22b_00010_08:29:00_2025-01-28","22b",2025-01-28 06:29:00,2025-01-28 08:29:00,93.2389044909927,38.9514829027181,45.7908601276133,-0.76785610334005,-43.994913994746,316.005086005254
4,"deg_10","",645,874,"22b_00010_waggle_annotations.csv","08:29:00",-0.794951246045078,-0.606673319350191,437,1,"","","",NA,NA,NA,NA,NA,NA,NA,NA,"20250128/00010.mp4","2025-01-28","22b_00010_08:29:00_2025-01-28","22b",2025-01-28 06:29:00,2025-01-28 08:29:00,93.2389044909927,38.9514829027181,45.7908601276133,-0.918927212489314,-52.6506509553591,307.349349044641
1,"horizontal","",621,651,"22b_00012_waggle_annotations.csv","08:34:00",-0.796162194123103,-0.605083267533558,831,1,"28_00011_waggle_annotations.csv","28_00011","C:\Users\frida\Documents\PhD\Waggle_dance\wd_SA2025\wd_annotator\mp4\James\20250128\00011.mp4",10,230.338,1.482,0.9997,-21.27,251.608,NA,55.626833981575,"20250128/00012.mp4","2025-01-28","22b_00012_08:34:00_2025-01-28","22b",2025-01-28 06:34:00,2025-01-28 08:34:00,92.7467858716084,40.0762848410973,45.298741508229,-0.920925877382944,-52.765166018425,307.234833981575
2,"horizontal","",936,800,"22b_00012_waggle_annotations.csv","08:34:00",-0.8,-0.6,1267,1,"28_00011_waggle_annotations.csv","28_00011","C:\Users\frida\Documents\PhD\Waggle_dance\wd_SA2025\wd_annotator\mp4\James\20250128\00011.mp4",10,230.338,1.482,0.9997,-21.27,251.608,NA,55.261897645844,"20250128/00012.mp4","2025-01-28","22b_00012_08:34:00_2025-01-28","22b",2025-01-28 06:34:00,2025-01-28 08:34:00,92.7467858716084,40.0762848410973,45.298741508229,-0.927295218001613,-53.130102354156,306.869897645844
3,"horizontal","",845,796,"22b_00012_waggle_annotations.csv","08:34:00",-0.575493406174614,-0.817806419300767,1477,1,"28_00011_waggle_annotations.csv","28_00011","C:\Users\frida\Documents\PhD\Waggle_dance\wd_SA2025\wd_annotator\mp4\James\20250128\00011.mp4",10,230.338,1.482,0.9997,-21.27,251.608,NA,73.257806943084,"20250128/00012.mp4","2025-01-28","22b_00012_08:34:00_2025-01-28","22b",2025-01-28 06:34:00,2025-01-28 08:34:00,92.7467858716084,40.0762848410973,45.298741508229,-0.613207348874516,-35.134193056916,324.865806943084
4,"horizontal","",821,786,"22b_00012_waggle_annotations.csv","08:34:00",-0.514495755427527,-0.857492925712544,1536,1,"28_00011_waggle_annotations.csv","28_00011","C:\Users\frida\Documents\PhD\Waggle_dance\wd_SA2025\wd_annotator\mp4\James\20250128\00011.mp4",10,230.338,1.482,0.9997,-21.27,251.608,NA,77.428243467926,"20250128/00012.mp4","2025-01-28","22b_00012_08:34:00_2025-01-28","22b",2025-01-28 06:34:00,2025-01-28 08:34:00,92.7467858716084,40.0762848410973,45.298741508229,-0.540419500270593,-30.963756532074,329.036243467926
5,"horizontal","",765,757,"22b_00012_waggle_annotations.csv","08:34:00",-0.741535779123771,-0.670913323969126,1578,1,"28_00011_waggle_annotations.csv","28_00011","C:\Users\frida\Documents\PhD\Waggle_dance\wd_SA2025\wd_annotator\mp4\James\20250128\00011.mp4",10,230.338,1.482,0.9997,-21.27,251.608,NA,60.529594773888,"20250128/00012.mp4","2025-01-28","22b_00012_08:34:00_2025-01-28","22b",2025-01-28 06:34:00,2025-01-28 08:34:00,92.7467858716084,40.0762848410973,45.298741508229,-0.835356559119396,-47.862405226112,312.137594773888
6,"horizontal","",733,768,"22b_00012_waggle_annotations.csv","08:34:00",-0.894427190999916,-0.447213595499958,1623,1,"28_00011_waggle_annotations.csv","28_00011","C:\Users\frida\Documents\PhD\Waggle_dance\wd_SA2025\wd_annotator\mp4\James\20250128\00011.mp4",10,230.338,1.482,0.9997,-21.27,251.608,NA,44.957051177078,"20250128/00012.mp4","2025-01-28","22b_00012_08:34:00_2025-01-28","22b",2025-01-28 06:34:00,2025-01-28 08:34:00,92.7467858716084,40.0762848410973,45.298741508229,-1.10714871779409,-63.4349488229221,296.565051177078
7,"horizontal","",702,715,"22b_00012_waggle_annotations.csv","08:34:00",-0.886584846165455,-0.46256600669502,1669,1,"28_00011_waggle_annotations.csv","28_00011","C:\Users\frida\Documents\PhD\Waggle_dance\wd_SA2025\wd_annotator\mp4\James\20250128\00011.mp4",10,230.338,1.482,0.9997,-21.27,251.608,NA,45.944811576718,"20250128/00012.mp4","2025-01-28","22b_00012_08:34:00_2025-01-28","22b",2025-01-28 06:34:00,2025-01-28 08:34:00,92.7467858716084,40.0762848410973,45.298741508229,-1.08990904659956,-62.447188423282,297.552811576718
8,"horizontal","",577,773,"22b_00012_waggle_annotations.csv","08:34:00",-0.84269625981214,-0.538389277102201,1730,1,"28_00011_waggle_annotations.csv","28_00011","C:\Users\frida\Documents\PhD\Waggle_dance\wd_SA2025\wd_annotator\mp4\James\20250128\00011.mp4",10,230.338,1.482,0.9997,-21.27,251.608,NA,50.966057134573,"20250128/00012.mp4","2025-01-28","22b_00012_08:34:00_2025-01-28","22b",2025-01-28 06:34:00,2025-01-28 08:34:00,92.7467858716084,40.0762848410973,45.298741508229,-1.00227177906385,-57.425942865427,302.574057134573
1,"horizontal","",828,925,"22b_00028_waggle_annotations.csv","10:53:00",-0.724999433594414,-0.688749461914693,52,1,"28_00029_waggle_annotations.csv","28_00029","C:\Users\frida\Documents\PhD\Waggle_dance\wd_SA2025\wd_annotator\mp4\James\20250128\00029.mp4",10,220.37,2.388,0.9991,-21.27,241.64,NA,71.891199285614,"20250128/00028.mp4","2025-01-28","22b_00028_10:53:00_2025-01-28","22b",2025-01-28 08:53:00,2025-01-28 10:53:00,70.5214774363881,71.0389099615027,23.0734330730087,-0.811033571919129,-46.468800714386,313.531199285614
2,"horizontal","",681,835,"22b_00028_waggle_annotations.csv","10:53:00",-0.990621129243475,0.136637397137031,119,1,"28_00029_waggle_annotations.csv","28_00029","C:\Users\frida\Documents\PhD\Waggle_dance\wd_SA2025\wd_annotator\mp4\James\20250128\00029.mp4",10,220.37,2.388,0.9991,-21.27,241.64,NA,20.506686698022,"20250128/00028.mp4","2025-01-28","22b_00028_10:53:00_2025-01-28","22b",2025-01-28 08:53:00,2025-01-28 10:53:00,70.5214774363881,71.0389099615027,23.0734330730087,-1.70786250110508,-97.853313301978,262.146686698022
3,"horizontal","",746,934,"22b_00028_waggle_annotations.csv","10:53:00",-0.693641687065871,-0.720320213491481,226,1,"28_00029_waggle_annotations.csv","28_00029","C:\Users\frida\Documents\PhD\Waggle_dance\wd_SA2025\wd_annotator\mp4\James\20250128\00029.mp4",10,220.37,2.388,0.9991,-21.27,241.64,NA,74.440924186661,"20250128/00028.mp4","2025-01-28","22b_00028_10:53:00_2025-01-28","22b",2025-01-28 08:53:00,2025-01-28 10:53:00,70.5214774363881,71.0389099615027,23.0734330730087,-0.766532477375773,-43.919075813339,316.080924186661
1,"horizontal","",1255,909,"22b_00031_waggle_annotations.csv","10:56:00",-0.658504607868518,-0.752576694706878,425,1,"28_00029_waggle_annotations.csv","28_00029","C:\Users\frida\Documents\PhD\Waggle_dance\wd_SA2025\wd_annotator\mp4\James\20250128\00029.mp4",10,220.37,2.388,0.9991,-21.27,241.64,NA,77.17407483429,"20250128/00031.mp4","2025-01-28","22b_00031_10:56:00_2025-01-28","22b",2025-01-28 08:56:00,2025-01-28 10:56:00,69.5112298873982,71.6741922097039,22.0631855240188,-0.718829999621631,-41.18592516571,318.81407483429
2,"horizontal","",676,937,"22b_00031_waggle_annotations.csv","10:56:00",-0.777941180203722,-0.628337107087621,638,1,"28_00029_waggle_annotations.csv","28_00029","C:\Users\frida\Documents\PhD\Waggle_dance\wd_SA2025\wd_annotator\mp4\James\20250128\00029.mp4",10,220.37,2.388,0.9991,-21.27,241.64,NA,67.287543592792,"20250128/00031.mp4","2025-01-28","22b_00031_10:56:00_2025-01-28","22b",2025-01-28 08:56:00,2025-01-28 10:56:00,69.5112298873982,71.6741922097039,22.0631855240188,-0.891382521387053,-51.072456407208,308.927543592792
3,"horizontal","",648,934,"22b_00031_waggle_annotations.csv","10:56:00",0.219512195121951,-0.975609756097561,749,1,"28_00029_waggle_annotations.csv","28_00029","C:\Users\frida\Documents\PhD\Waggle_dance\wd_SA2025\wd_annotator\mp4\James\20250128\00029.mp4",10,220.37,2.388,0.9991,-21.27,241.64,NA,131.04038349182,"20250128/00031.mp4","2025-01-28","22b_00031_10:56:00_2025-01-28","22b",2025-01-28 08:56:00,2025-01-28 10:56:00,69.5112298873982,71.6741922097039,22.0631855240188,0.221314442347791,12.6803834918198,12.6803834918198
4,"horizontal","",764,960,"22b_00031_waggle_annotations.csv","10:56:00",0.624695047554424,-0.78086880944303,811,1,"28_00029_waggle_annotations.csv","28_00029","C:\Users\frida\Documents\PhD\Waggle_dance\wd_SA2025\wd_annotator\mp4\James\20250128\00029.mp4",10,220.37,2.388,0.9991,-21.27,241.64,NA,157.01980825409,"20250128/00031.mp4","2025-01-28","22b_00031_10:56:00_2025-01-28","22b",2025-01-28 08:56:00,2025-01-28 10:56:00,69.5112298873982,71.6741922097039,22.0631855240188,0.674740942223553,38.6598082540901,38.6598082540901
5,"horizontal","",768,962,"22b_00031_waggle_annotations.csv","10:56:00",-0.719844295420685,-0.694135570584232,849,1,"28_00029_waggle_annotations.csv","28_00029","C:\Users\frida\Documents\PhD\Waggle_dance\wd_SA2025\wd_annotator\mp4\James\20250128\00029.mp4",10,220.37,2.388,0.9991,-21.27,241.64,NA,72.31837332399,"20250128/00031.mp4","2025-01-28","22b_00031_10:56:00_2025-01-28","22b",2025-01-28 08:56:00,2025-01-28 10:56:00,69.5112298873982,71.6741922097039,22.0631855240188,-0.803577978470427,-46.04162667601,313.95837332399
1,"vertical","",1781,834,"22b_00047_waggle_annotations.csv","15:27:00",-0.667545015752026,0.74456944064649,7,1,"","","",NA,NA,NA,NA,NA,NA,NA,NA,"20250128/00047.mp4","2025-01-28","22b_00047_15:27:00_2025-01-28","22b",2025-01-28 13:27:00,2025-01-28 15:27:00,268.914211043467,43.532754952267,-138.533833319913,-2.41068594643308,-138.122130462116,221.877869537884
2,"vertical","",1797,884,"22b_00047_waggle_annotations.csv","15:27:00",0.411586722426498,0.911370599658675,60,1,"","","",NA,NA,NA,NA,NA,NA,NA,NA,"20250128/00047.mp4","2025-01-28","22b_00047_15:27:00_2025-01-28","22b",2025-01-28 13:27:00,2025-01-28 15:27:00,268.914211043467,43.532754952267,-138.533833319913,2.71739824568602,155.695450734063,155.695450734063
3,"vertical","",1848,880,"22b_00047_waggle_annotations.csv","15:27:00",0,1,145,1,"","","",NA,NA,NA,NA,NA,NA,NA,NA,"20250128/00047.mp4","2025-01-28","22b_00047_15:27:00_2025-01-28","22b",2025-01-28 13:27:00,2025-01-28 15:27:00,268.914211043467,43.532754952267,-138.533833319913,3.14159265358979,180,180
1,"vertical","",905,992,"22b_00048_waggle_annotations.csv","15:32:00",-0.870022185848612,0.49301257198088,335,1,"","","",NA,NA,NA,NA,NA,NA,NA,NA,"20250128/00048.mp4","2025-01-28","22b_00048_15:32:00_2025-01-28","22b",2025-01-28 13:32:00,2025-01-28 15:32:00,268.400500531176,42.40603608271,-139.047543832203,-2.08634533425387,-119.538782259558,240.461217740442
2,"vertical","",939,964,"22b_00048_waggle_annotations.csv","15:32:00",0.461352736641989,0.887216801234595,413,1,"","","",NA,NA,NA,NA,NA,NA,NA,NA,"20250128/00048.mp4","2025-01-28","22b_00048_15:32:00_2025-01-28","22b",2025-01-28 13:32:00,2025-01-28 15:32:00,268.400500531176,42.40603608271,-139.047543832203,2.6620733615972,152.525568373723,152.525568373723
3,"vertical","",827,967,"22b_00048_waggle_annotations.csv","15:32:00",-0.0302891266407691,0.999541179145381,548,1,"","","",NA,NA,NA,NA,NA,NA,NA,NA,"20250128/00048.mp4","2025-01-28","22b_00048_15:32:00_2025-01-28","22b",2025-01-28 13:32:00,2025-01-28 15:32:00,268.400500531176,42.40603608271,-139.047543832203,-3.11129889367103,-178.264295411072,181.735704588928
4,"vertical","",895,972,"22b_00048_waggle_annotations.csv","15:32:00",0.415759760267794,0.9094744755858,595,1,"","","",NA,NA,NA,NA,NA,NA,NA,NA,"20250128/00048.mp4","2025-01-28","22b_00048_15:32:00_2025-01-28","22b",2025-01-28 13:32:00,2025-01-28 15:32:00,268.400500531176,42.40603608271,-139.047543832203,2.71281462614378,155.432828679399,155.432828679399
5,"vertical","",867,949,"22b_00048_waggle_annotations.csv","15:32:00",-0.178885438199983,0.983869910099908,640,1,"","","",NA,NA,NA,NA,NA,NA,NA,NA,"20250128/00048.mp4","2025-01-28","22b_00048_15:32:00_2025-01-28","22b",2025-01-28 13:32:00,2025-01-28 15:32:00,268.400500531176,42.40603608271,-139.047543832203,-2.96173915379732,-169.695153531234,190.304846468766
6,"vertical","",839,951,"22b_00048_waggle_annotations.csv","15:32:00",0.224859506698758,0.97439119569462,675,1,"","","",NA,NA,NA,NA,NA,NA,NA,NA,"20250128/00048.mp4","2025-01-28","22b_00048_15:32:00_2025-01-28","22b",2025-01-28 13:32:00,2025-01-28 15:32:00,268.400500531176,42.40603608271,-139.047543832203,2.91479380553592,167.005383208084,167.005383208084
7,"vertical","",888,949,"22b_00048_waggle_annotations.csv","15:32:00",-0.278810194863955,0.960346226753624,726,1,"","","",NA,NA,NA,NA,NA,NA,NA,NA,"20250128/00048.mp4","2025-01-28","22b_00048_15:32:00_2025-01-28","22b",2025-01-28 13:32:00,2025-01-28 15:32:00,268.400500531176,42.40603608271,-139.047543832203,-2.8590377011202,-163.810793742973,196.189206257027
8,"vertical","",949,980,"22b_00048_waggle_annotations.csv","15:32:00",0,1,770,1,"","","",NA,NA,NA,NA,NA,NA,NA,NA,"20250128/00048.mp4","2025-01-28","22b_00048_15:32:00_2025-01-28","22b",2025-01-28 13:32:00,2025-01-28 15:32:00,268.400500531176,42.40603608271,-139.047543832203,3.14159265358979,180,180
9,"vertical","",937,971,"22b_00048_waggle_annotations.csv","15:32:00",-0.14142135623731,0.989949493661167,806,1,"","","",NA,NA,NA,NA,NA,NA,NA,NA,"20250128/00048.mp4","2025-01-28","22b_00048_15:32:00_2025-01-28","22b",2025-01-28 13:32:00,2025-01-28 15:32:00,268.400500531176,42.40603608271,-139.047543832203,-2.99969559898563,-171.869897645844,188.130102354156
10,"vertical","",959,989,"22b_00048_waggle_annotations.csv","15:32:00",0.554700196225229,0.832050294337844,860,1,"","","",NA,NA,NA,NA,NA,NA,NA,NA,"20250128/00048.mp4","2025-01-28","22b_00048_15:32:00_2025-01-28","22b",2025-01-28 13:32:00,2025-01-28 15:32:00,268.400500531176,42.40603608271,-139.047543832203,2.55359005004222,146.30993247402,146.30993247402
11,"vertical","",890,985,"22b_00048_waggle_annotations.csv","15:32:00",0.164398987305357,0.986393923832144,900,1,"","","",NA,NA,NA,NA,NA,NA,NA,NA,"20250128/00048.mp4","2025-01-28","22b_00048_15:32:00_2025-01-28","22b",2025-01-28 13:32:00,2025-01-28 15:32:00,268.400500531176,42.40603608271,-139.047543832203,2.97644397617516,170.537677791974,170.537677791974
12,"vertical","",901,984,"22b_00048_waggle_annotations.csv","15:32:00",0.496138938356834,0.868243142124459,949,1,"","","",NA,NA,NA,NA,NA,NA,NA,NA,"20250128/00048.mp4","2025-01-28","22b_00048_15:32:00_2025-01-28","22b",2025-01-28 13:32:00,2025-01-28 15:32:00,268.400500531176,42.40603608271,-139.047543832203,2.62244653934327,150.255118703058,150.255118703058
13,"vertical","",849,960,"22b_00048_waggle_annotations.csv","15:32:00",0.0604950604018904,0.998168496631191,990,1,"","","",NA,NA,NA,NA,NA,NA,NA,NA,"20250128/00048.mp4","2025-01-28","22b_00048_15:32:00_2025-01-28","22b",2025-01-28 13:32:00,2025-01-28 15:32:00,268.400500531176,42.40603608271,-139.047543832203,3.08106063380769,176.531770741083,176.531770741083
14,"vertical","",903,958,"22b_00048_waggle_annotations.csv","15:32:00",0.393919298579168,0.919145030018058,1035,1,"","","",NA,NA,NA,NA,NA,NA,NA,NA,"20250128/00048.mp4","2025-01-28","22b_00048_15:32:00_2025-01-28","22b",2025-01-28 13:32:00,2025-01-28 15:32:00,268.400500531176,42.40603608271,-139.047543832203,2.73670086730471,156.801409486352,156.801409486352
15,"vertical","",870,982,"22b_00048_waggle_annotations.csv","15:32:00",0.0499376169438922,0.998752338877845,1075,1,"","","",NA,NA,NA,NA,NA,NA,NA,NA,"20250128/00048.mp4","2025-01-28","22b_00048_15:32:00_2025-01-28","22b",2025-01-28 13:32:00,2025-01-28 15:32:00,268.400500531176,42.40603608271,-139.047543832203,3.09163425786785,177.137594773888,177.137594773888
16,"vertical","",896,983,"22b_00048_waggle_annotations.csv","15:32:00",0.419058177461747,0.907959384500452,1116,1,"","","",NA,NA,NA,NA,NA,NA,NA,NA,"20250128/00048.mp4","2025-01-28","22b_00048_15:32:00_2025-01-28","22b",2025-01-28 13:32:00,2025-01-28 15:32:00,268.400500531176,42.40603608271,-139.047543832203,2.70918487801925,155.224859431168,155.224859431168
17,"vertical","",882,955,"22b_00048_waggle_annotations.csv","15:32:00",-0.0623782861551805,0.998052578482889,1155,1,"","","",NA,NA,NA,NA,NA,NA,NA,NA,"20250128/00048.mp4","2025-01-28","22b_00048_15:32:00_2025-01-28","22b",2025-01-28 13:32:00,2025-01-28 15:32:00,268.400500531176,42.40603608271,-139.047543832203,-3.07917384359384,-176.423665625003,183.576334374997
18,"vertical","",1574,933,"22b_00048_waggle_annotations.csv","15:32:00",0.825307261249832,0.56468391559199,1494,1,"","","",NA,NA,NA,NA,NA,NA,NA,NA,"20250128/00048.mp4","2025-01-28","22b_00048_15:32:00_2025-01-28","22b",2025-01-28 13:32:00,2025-01-28 15:32:00,268.400500531176,42.40603608271,-139.047543832203,2.17084654019665,124.380344723845,124.380344723845
19,"vertical","",1305,956,"22b_00048_waggle_annotations.csv","15:32:00",-0.656178714924787,0.754605522163505,1568,1,"","","",NA,NA,NA,NA,NA,NA,NA,NA,"20250128/00048.mp4","2025-01-28","22b_00048_15:32:00_2025-01-28","22b",2025-01-28 13:32:00,2025-01-28 15:32:00,268.400500531176,42.40603608271,-139.047543832203,NA,NA,NA
20,"vertical","",1556,941,"22b_00048_waggle_annotations.csv","15:32:00",0.761939317759459,0.647648420095541,1698,1,"","","",NA,NA,NA,NA,NA,NA,NA,NA,"20250128/00048.mp4","2025-01-28","22b_00048_15:32:00_2025-01-28","22b",2025-01-28 13:32:00,2025-01-28 15:32:00,268.400500531176,42.40603608271,-139.047543832203,2.27529039103711,130.364536573097,130.364536573097
1,"deg_10","",895,946,"22b_00053_waggle_annotations.csv","15:44:00",-0.680451099367278,0.732793491626299,310,1,"","","",NA,NA,NA,NA,NA,NA,NA,NA,"20250128/00053.mp4","2025-01-28","22b_00053_15:44:00_2025-01-28","22b",2025-01-28 13:44:00,2025-01-28 15:44:00,267.198724365208,39.7033308639457,-140.249319998171,-2.39321460606627,-137.121096396661,222.878903603339
2,"deg_10","",909,943,"22b_00053_waggle_annotations.csv","15:44:00",0.380749805254295,0.924678098474716,348,1,"","","",NA,NA,NA,NA,NA,NA,NA,NA,"20250128/00053.mp4","2025-01-28","22b_00053_15:44:00_2025-01-28","22b",2025-01-28 13:44:00,2025-01-28 15:44:00,267.198724365208,39.7033308639457,-140.249319998171,2.7509856098921,157.61986494804,157.61986494804
3,"deg_10","",871,938,"22b_00053_waggle_annotations.csv","15:44:00",-0.838443616300637,0.544988350595414,438,1,"","","",NA,NA,NA,NA,NA,NA,NA,NA,"20250128/00053.mp4","2025-01-28","22b_00053_15:44:00_2025-01-28","22b",2025-01-28 13:44:00,2025-01-28 15:44:00,267.198724365208,39.7033308639457,-140.249319998171,-2.14717154738609,-123.023867555797,236.976132444203
4,"deg_10","",839,929,"22b_00053_waggle_annotations.csv","15:44:00",0.503871025524086,0.863778900898434,478,1,"","","",NA,NA,NA,NA,NA,NA,NA,NA,"20250128/00053.mp4","2025-01-28","22b_00053_15:44:00_2025-01-28","22b",2025-01-28 13:44:00,2025-01-28 15:44:00,267.198724365208,39.7033308639457,-140.249319998171,2.61351820516344,149.743562836471,149.743562836471
5,"deg_10","",827,926,"22b_00053_waggle_annotations.csv","15:44:00",-0.853281833651959,0.521450009453975,519,1,"","","",NA,NA,NA,NA,NA,NA,NA,NA,"20250128/00053.mp4","2025-01-28","22b_00053_15:44:00_2025-01-28","22b",2025-01-28 13:44:00,2025-01-28 15:44:00,267.198724365208,39.7033308639457,-140.249319998171,-2.11934572924542,-121.429565614838,238.570434385162
6,"deg_10","",803,931,"22b_00053_waggle_annotations.csv","15:44:00",-0.8,0.6,571,1,"","","",NA,NA,NA,NA,NA,NA,NA,NA,"20250128/00053.mp4","2025-01-28","22b_00053_15:44:00_2025-01-28","22b",2025-01-28 13:44:00,2025-01-28 15:44:00,267.198724365208,39.7033308639457,-140.249319998171,-2.21429743558818,-126.869897645844,233.130102354156
7,"deg_10","",803,949,"22b_00053_waggle_annotations.csv","15:44:00",0,1,604,1,"","","",NA,NA,NA,NA,NA,NA,NA,NA,"20250128/00053.mp4","2025-01-28","22b_00053_15:44:00_2025-01-28","22b",2025-01-28 13:44:00,2025-01-28 15:44:00,267.198724365208,39.7033308639457,-140.249319998171,3.14159265358979,180,180
8,"deg_10","",788,943,"22b_00053_waggle_annotations.csv","15:44:00",-0.729537204140085,0.68394112888133,660,1,"","","",NA,NA,NA,NA,NA,NA,NA,NA,"20250128/00053.mp4","2025-01-28","22b_00053_15:44:00_2025-01-28","22b",2025-01-28 13:44:00,2025-01-28 15:44:00,267.198724365208,39.7033308639457,-140.249319998171,-2.32394760775708,-133.152389734005,226.847610265995
9,"deg_10","",795,952,"22b_00053_waggle_annotations.csv","15:44:00",0.209529088730873,0.977802414077409,696,1,"","","",NA,NA,NA,NA,NA,NA,NA,NA,"20250128/00053.mp4","2025-01-28","22b_00053_15:44:00_2025-01-28","22b",2025-01-28 13:44:00,2025-01-28 15:44:00,267.198724365208,39.7033308639457,-140.249319998171,2.93049932036705,167.905242922988,167.905242922988
10,"deg_10","",774,943,"22b_00053_waggle_annotations.csv","15:44:00",-0.588171697675046,0.808736084303188,753,1,"","","",NA,NA,NA,NA,NA,NA,NA,NA,"20250128/00053.mp4","2025-01-28","22b_00053_15:44:00_2025-01-28","22b",2025-01-28 13:44:00,2025-01-28 15:44:00,267.198724365208,39.7033308639457,-140.249319998171,-2.51279636717435,-143.972626614896,216.027373385104
11,"deg_10","",806,933,"22b_00053_waggle_annotations.csv","15:44:00",-0.540757591313499,0.841178475376554,813,1,"","","",NA,NA,NA,NA,NA,NA,NA,NA,"20250128/00053.mp4","2025-01-28","22b_00053_15:44:00_2025-01-28","22b",2025-01-28 13:44:00,2025-01-28 15:44:00,267.198724365208,39.7033308639457,-140.249319998171,-2.57025517375616,-147.264773727892,212.735226272108
12,"deg_10","",760,901,"22b_00053_waggle_annotations.csv","15:44:00",-0.904248646745991,0.427006305407829,859,1,"","","",NA,NA,NA,NA,NA,NA,NA,NA,"20250128/00053.mp4","2025-01-28","22b_00053_15:44:00_2025-01-28","22b",2025-01-28 13:44:00,2025-01-28 15:44:00,267.198724365208,39.7033308639457,-140.249319998171,-2.01197580720988,-115.277722235553,244.722277764447
13,"deg_10","",760,938,"22b_00053_waggle_annotations.csv","15:44:00",-0.566528822887065,0.824041924199368,902,1,"","","",NA,NA,NA,NA,NA,NA,NA,NA,"20250128/00053.mp4","2025-01-28","22b_00053_15:44:00_2025-01-28","22b",2025-01-28 13:44:00,2025-01-28 15:44:00,267.198724365208,39.7033308639457,-140.249319998171,-2.53930530745484,-145.491477012332,214.508522987668
14,"deg_10","",731,897,"22b_00053_waggle_annotations.csv","15:44:00",-0.77193023561705,0.6357072528611,945,1,"","","",NA,NA,NA,NA,NA,NA,NA,NA,"20250128/00053.mp4","2025-01-28","22b_00053_15:44:00_2025-01-28","22b",2025-01-28 13:44:00,2025-01-28 15:44:00,267.198724365208,39.7033308639457,-140.249319998171,-2.25972071500976,-129.472459848344,230.527540151656
15,"deg_10","",738,927,"22b_00053_waggle_annotations.csv","15:44:00",-0.507020126563394,0.86193421515777,997,1,"","","",NA,NA,NA,NA,NA,NA,NA,NA,"20250128/00053.mp4","2025-01-28","22b_00053_15:44:00_2025-01-28","22b",2025-01-28 13:44:00,2025-01-28 15:44:00,267.198724365208,39.7033308639457,-140.249319998171,-2.60986858633099,-149.53445508054,210.46554491946
16,"deg_10","",717,936,"22b_00053_waggle_annotations.csv","15:44:00",-0.877895572914384,0.478852130680573,1047,1,"","","",NA,NA,NA,NA,NA,NA,NA,NA,"20250128/00053.mp4","2025-01-28","22b_00053_15:44:00_2025-01-28","22b",2025-01-28 13:44:00,2025-01-28 15:44:00,267.198724365208,39.7033308639457,-140.249319998171,-2.07014304847502,-118.610459665965,241.389540334035
17,"deg_10","",694,930,"22b_00053_waggle_annotations.csv","15:44:00",-0.86193421515777,0.507020126563394,1086,1,"","","",NA,NA,NA,NA,NA,NA,NA,NA,"20250128/00053.mp4","2025-01-28","22b_00053_15:44:00_2025-01-28","22b",2025-01-28 13:44:00,2025-01-28 15:44:00,267.198724365208,39.7033308639457,-140.249319998171,-2.1025203940537,-120.46554491946,239.53445508054
18,"deg_10","",671,924,"22b_00053_waggle_annotations.csv","15:44:00",-0.948683298050514,0.316227766016838,1130,1,"","","",NA,NA,NA,NA,NA,NA,NA,NA,"20250128/00053.mp4","2025-01-28","22b_00053_15:44:00_2025-01-28","22b",2025-01-28 13:44:00,2025-01-28 15:44:00,267.198724365208,39.7033308639457,-140.249319998171,-1.89254688119154,-108.434948822922,251.565051177078
19,"deg_10","",668,947,"22b_00053_waggle_annotations.csv","15:44:00",-0.164398987305357,0.986393923832144,1174,1,"","","",NA,NA,NA,NA,NA,NA,NA,NA,"20250128/00053.mp4","2025-01-28","22b_00053_15:44:00_2025-01-28","22b",2025-01-28 13:44:00,2025-01-28 15:44:00,267.198724365208,39.7033308639457,-140.249319998171,-2.97644397617516,-170.537677791974,189.462322208026
20,"deg_10","",700,938,"22b_00053_waggle_annotations.csv","15:44:00",-0.789352217376326,0.61394061351492,1215,1,"","","",NA,NA,NA,NA,NA,NA,NA,NA,"20250128/00053.mp4","2025-01-28","22b_00053_15:44:00_2025-01-28","22b",2025-01-28 13:44:00,2025-01-28 15:44:00,267.198724365208,39.7033308639457,-140.249319998171,-2.23183949564558,-127.874983651098,232.125016348902
21,"deg_10","",637,942,"22b_00053_waggle_annotations.csv","15:44:00",-0.885831535280156,0.464006994670558,1356,1,"","","",NA,NA,NA,NA,NA,NA,NA,NA,"20250128/00053.mp4","2025-01-28","22b_00053_15:44:00_2025-01-28","22b",2025-01-28 13:44:00,2025-01-28 15:44:00,267.198724365208,39.7033308639457,-140.249319998171,-2.05330962181738,-117.645975363739,242.354024636261
22,"deg_10","",612,952,"22b_00053_waggle_annotations.csv","15:44:00",-0.959365501571271,0.28216632399155,1442,1,"","","",NA,NA,NA,NA,NA,NA,NA,NA,"20250128/00053.mp4","2025-01-28","22b_00053_15:44:00_2025-01-28","22b",2025-01-28 13:44:00,2025-01-28 15:44:00,267.198724365208,39.7033308639457,-140.249319998171,-1.85684776851222,-106.389540334035,253.610459665965
1,"horizontal","",1053,942,"22b_00055_waggle_annotations.csv","15:49:00",0.666794859469826,0.745241313525099,254,1,"28_00055_waggle_annotations.csv","28_00055","C:\Users\frida\Documents\PhD\Waggle_dance\wd_SA2025\wd_annotator\mp4\James\20250128\00055.mp4",10,214.811,1.454,0.9997,-21.27,236.081,NA,262.098830119864,"20250128/00055.mp4","2025-01-28","22b_00055_15:49:00_2025-01-28","22b",2025-01-28 13:49:00,2025-01-28 15:49:00,266.709076735541,38.5780031801387,-140.738967627838,2.41169299543806,138.179830119864,138.179830119864
2,"horizontal","",1055,938,"22b_00055_waggle_annotations.csv","15:49:00",-0.93334560620306,-0.358979079308869,296,1,"28_00055_waggle_annotations.csv","28_00055","C:\Users\frida\Documents\PhD\Waggle_dance\wd_SA2025\wd_annotator\mp4\James\20250128\00055.mp4",10,214.811,1.454,0.9997,-21.27,236.081,NA,54.956511025422,"20250128/00055.mp4","2025-01-28","22b_00055_15:49:00_2025-01-28","22b",2025-01-28 13:49:00,2025-01-28 15:49:00,266.709076735541,38.5780031801387,-140.738967627838,-1.20362249297667,-68.962488974578,291.037511025422
3,"horizontal","",1017,944,"22b_00055_waggle_annotations.csv","15:49:00",0.850265146687862,0.526354614616295,425,1,"28_00055_waggle_annotations.csv","28_00055","C:\Users\frida\Documents\PhD\Waggle_dance\wd_SA2025\wd_annotator\mp4\James\20250128\00055.mp4",10,214.811,1.454,0.9997,-21.27,236.081,NA,245.678480084813,"20250128/00055.mp4","2025-01-28","22b_00055_15:49:00_2025-01-28","22b",2025-01-28 13:49:00,2025-01-28 15:49:00,266.709076735541,38.5780031801387,-140.738967627838,2.12510382299645,121.759480084813,121.759480084813
4,"horizontal","",1020,952,"22b_00055_waggle_annotations.csv","15:49:00",-0.917070056253235,0.39872611141445,469,1,"28_00055_waggle_annotations.csv","28_00055","C:\Users\frida\Documents\PhD\Waggle_dance\wd_SA2025\wd_annotator\mp4\James\20250128\00055.mp4",10,214.811,1.454,0.9997,-21.27,236.081,NA,10.420434324048,"20250128/00055.mp4","2025-01-28","22b_00055_15:49:00_2025-01-28","22b",2025-01-28 13:49:00,2025-01-28 15:49:00,266.709076735541,38.5780031801387,-140.738967627838,-1.98092366733639,-113.498565675952,246.501434324048
5,"horizontal","",1012,948,"22b_00055_waggle_annotations.csv","15:49:00",-0.99861782933251,0.0525588331227637,540,1,"28_00055_waggle_annotations.csv","28_00055","C:\Users\frida\Documents\PhD\Waggle_dance\wd_SA2025\wd_annotator\mp4\James\20250128\00055.mp4",10,214.811,1.454,0.9997,-21.27,236.081,NA,30.906212495817,"20250128/00055.mp4","2025-01-28","22b_00055_15:49:00_2025-01-28","22b",2025-01-28 13:49:00,2025-01-28 15:49:00,266.709076735541,38.5780031801387,-140.738967627838,-1.62337938840583,-93.012787504183,266.987212495817
6,"horizontal","",977,947,"22b_00055_waggle_annotations.csv","15:49:00",-0.86193421515777,0.507020126563394,810,1,"28_00055_waggle_annotations.csv","28_00055","C:\Users\frida\Documents\PhD\Waggle_dance\wd_SA2025\wd_annotator\mp4\James\20250128\00055.mp4",10,214.811,1.454,0.9997,-21.27,236.081,NA,3.45345508054001,"20250128/00055.mp4","2025-01-28","22b_00055_15:49:00_2025-01-28","22b",2025-01-28 13:49:00,2025-01-28 15:49:00,266.709076735541,38.5780031801387,-140.738967627838,-2.1025203940537,-120.46554491946,239.53445508054
7,"horizontal","",982,947,"22b_00055_waggle_annotations.csv","15:49:00",0.49301257198088,0.870022185848612,942,1,"28_00055_waggle_annotations.csv","28_00055","C:\Users\frida\Documents\PhD\Waggle_dance\wd_SA2025\wd_annotator\mp4\James\20250128\00055.mp4",10,214.811,1.454,0.9997,-21.27,236.081,NA,274.380217740442,"20250128/00055.mp4","2025-01-28","22b_00055_15:49:00_2025-01-28","22b",2025-01-28 13:49:00,2025-01-28 15:49:00,266.709076735541,38.5780031801387,-140.738967627838,2.62604364613082,150.461217740442,150.461217740442
8,"horizontal","",995,944,"22b_00055_waggle_annotations.csv","15:49:00",-0.809942121543021,0.586509812151843,985,1,"28_00055_waggle_annotations.csv","28_00055","C:\Users\frida\Documents\PhD\Waggle_dance\wd_SA2025\wd_annotator\mp4\James\20250128\00055.mp4",10,214.811,1.454,0.9997,-21.27,236.081,NA,358.009276920822,"20250128/00055.mp4","2025-01-28","22b_00055_15:49:00_2025-01-28","22b",2025-01-28 13:49:00,2025-01-28 15:49:00,266.709076735541,38.5780031801387,-140.738967627838,-2.19753922800595,-125.909723079178,234.090276920822
9,"horizontal","",969,937,"22b_00055_waggle_annotations.csv","15:49:00",-0.707106781186548,0.707106781186548,1079,1,"28_00055_waggle_annotations.csv","28_00055","C:\Users\frida\Documents\PhD\Waggle_dance\wd_SA2025\wd_annotator\mp4\James\20250128\00055.mp4",10,214.811,1.454,0.9997,-21.27,236.081,NA,348.919,"20250128/00055.mp4","2025-01-28","22b_00055_15:49:00_2025-01-28","22b",2025-01-28 13:49:00,2025-01-28 15:49:00,266.709076735541,38.5780031801387,-140.738967627838,-2.35619449019235,-135,225
10,"horizontal","",955,883,"22b_00055_waggle_annotations.csv","15:49:00",-0.963517909629941,0.267643863786095,1225,1,"28_00055_waggle_annotations.csv","28_00055","C:\Users\frida\Documents\PhD\Waggle_dance\wd_SA2025\wd_annotator\mp4\James\20250128\00055.mp4",10,214.811,1.454,0.9997,-21.27,236.081,NA,18.394889003246,"20250128/00055.mp4","2025-01-28","22b_00055_15:49:00_2025-01-28","22b",2025-01-28 13:49:00,2025-01-28 15:49:00,266.709076735541,38.5780031801387,-140.738967627838,-1.84174317713331,-105.524110996754,254.475889003246
11,"horizontal","",956,916,"22b_00055_waggle_annotations.csv","15:49:00",-0.997630328422983,0.0688020916153782,1293,1,"28_00055_waggle_annotations.csv","28_00055","C:\Users\frida\Documents\PhD\Waggle_dance\wd_SA2025\wd_annotator\mp4\James\20250128\00055.mp4",10,214.811,1.454,0.9997,-21.27,236.081,NA,29.973813770962,"20250128/00055.mp4","2025-01-28","22b_00055_15:49:00_2025-01-28","22b",2025-01-28 13:49:00,2025-01-28 15:49:00,266.709076735541,38.5780031801387,-140.738967627838,-1.63965281609595,-93.945186229038,266.054813770962
12,"horizontal","",975,911,"22b_00055_waggle_annotations.csv","15:49:00",0.888217643155949,0.459422918873767,1333,1,"28_00055_waggle_annotations.csv","28_00055","C:\Users\frida\Documents\PhD\Waggle_dance\wd_SA2025\wd_annotator\mp4\James\20250128\00055.mp4",10,214.811,1.454,0.9997,-21.27,236.081,NA,241.26887578007,"20250128/00055.mp4","2025-01-28","22b_00055_15:49:00_2025-01-28","22b",2025-01-28 13:49:00,2025-01-28 15:49:00,266.709076735541,38.5780031801387,-140.738967627838,2.04814170916857,117.34987578007,117.34987578007
13,"horizontal","",964,930,"22b_00055_waggle_annotations.csv","15:49:00",-0.917555625309924,0.3976074376343,1371,1,"28_00055_waggle_annotations.csv","28_00055","C:\Users\frida\Documents\PhD\Waggle_dance\wd_SA2025\wd_annotator\mp4\James\20250128\00055.mp4",10,214.811,1.454,0.9997,-21.27,236.081,NA,10.490307191255,"20250128/00055.mp4","2025-01-28","22b_00055_15:49:00_2025-01-28","22b",2025-01-28 13:49:00,2025-01-28 15:49:00,266.709076735541,38.5780031801387,-140.738967627838,-1.97970415574582,-113.428692808745,246.571307191255
14,"horizontal","",978,952,"22b_00055_waggle_annotations.csv","15:49:00",-0.400818834019708,0.916157334902189,1414,1,"28_00055_waggle_annotations.csv","28_00055","C:\Users\frida\Documents\PhD\Waggle_dance\wd_SA2025\wd_annotator\mp4\James\20250128\00055.mp4",10,214.811,1.454,0.9997,-21.27,236.081,NA,327.548377730657,"20250128/00055.mp4","2025-01-28","22b_00055_15:49:00_2025-01-28","22b",2025-01-28 13:49:00,2025-01-28 15:49:00,266.709076735541,38.5780031801387,-140.738967627838,-2.7291822119924,-156.370622269343,203.629377730657
15,"horizontal","",867,894,"22b_00055_waggle_annotations.csv","15:49:00",-0.903737838893539,0.428086344739045,1448,1,"28_00055_waggle_annotations.csv","28_00055","C:\Users\frida\Documents\PhD\Waggle_dance\wd_SA2025\wd_annotator\mp4\James\20250128\00055.mp4",10,214.811,1.454,0.9997,-21.27,236.081,NA,8.57282405805302,"20250128/00055.mp4","2025-01-28","22b_00055_15:49:00_2025-01-28","22b",2025-01-28 13:49:00,2025-01-28 15:49:00,266.709076735541,38.5780031801387,-140.738967627838,-2.01317054977165,-115.346175941947,244.653824058053
16,"horizontal","",934,721,"22b_00055_waggle_annotations.csv","15:49:00",-0.991227900682635,-0.132163720091018,1511,1,"28_00055_waggle_annotations.csv","28_00055","C:\Users\frida\Documents\PhD\Waggle_dance\wd_SA2025\wd_annotator\mp4\James\20250128\00055.mp4",10,214.811,1.454,0.9997,-21.27,236.081,NA,41.513643368591,"20250128/00055.mp4","2025-01-28","22b_00055_15:49:00_2025-01-28","22b",2025-01-28 13:49:00,2025-01-28 15:49:00,266.709076735541,38.5780031801387,-140.738967627838,-1.43824479449823,-82.405356631409,277.594643368591
17,"horizontal","",860,752,"22b_00055_waggle_annotations.csv","15:49:00",-0.99905615835506,0.0434372242763069,1559,1,"28_00055_waggle_annotations.csv","28_00055","C:\Users\frida\Documents\PhD\Waggle_dance\wd_SA2025\wd_annotator\mp4\James\20250128\00055.mp4",10,214.811,1.454,0.9997,-21.27,236.081,NA,31.429447078001,"20250128/00055.mp4","2025-01-28","22b_00055_15:49:00_2025-01-28","22b",2025-01-28 13:49:00,2025-01-28 15:49:00,266.709076735541,38.5780031801387,-140.738967627838,-1.61424722218642,-92.489552921999,267.510447078001
18,"horizontal","",794,848,"22b_00055_waggle_annotations.csv","15:49:00",NA,0,1611,1,"28_00055_waggle_annotations.csv","28_00055","C:\Users\frida\Documents\PhD\Waggle_dance\wd_SA2025\wd_annotator\mp4\James\20250128\00055.mp4",10,214.811,1.454,0.9997,-21.27,236.081,NA,33.919,"20250128/00055.mp4","2025-01-28","22b_00055_15:49:00_2025-01-28","22b",2025-01-28 13:49:00,2025-01-28 15:49:00,266.709076735541,38.5780031801387,-140.738967627838,-1.5707963267949,-90,270
19,"horizontal","",761,927,"22b_00055_waggle_annotations.csv","15:49:00",-0.948683298050514,0.316227766016838,1654,1,"28_00055_waggle_annotations.csv","28_00055","C:\Users\frida\Documents\PhD\Waggle_dance\wd_SA2025\wd_annotator\mp4\James\20250128\00055.mp4",10,214.811,1.454,0.9997,-21.27,236.081,NA,15.484051177078,"20250128/00055.mp4","2025-01-28","22b_00055_15:49:00_2025-01-28","22b",2025-01-28 13:49:00,2025-01-28 15:49:00,266.709076735541,38.5780031801387,-140.738967627838,-1.89254688119154,-108.434948822922,251.565051177078
20,"horizontal","",784,860,"22b_00055_waggle_annotations.csv","15:49:00",-0.966234939601246,0.257662650560332,1692,1,"28_00055_waggle_annotations.csv","28_00055","C:\Users\frida\Documents\PhD\Waggle_dance\wd_SA2025\wd_annotator\mp4\James\20250128\00055.mp4",10,214.811,1.454,0.9997,-21.27,236.081,NA,18.987582821862,"20250128/00055.mp4","2025-01-28","22b_00055_15:49:00_2025-01-28","22b",2025-01-28 13:49:00,2025-01-28 15:49:00,266.709076735541,38.5780031801387,-140.738967627838,-1.83139871854225,-104.931417178138,255.068582821862
21,"horizontal","",791,944,"22b_00055_waggle_annotations.csv","15:49:00",-0.732793491626299,0.680451099367278,1744,1,"28_00055_waggle_annotations.csv","28_00055","C:\Users\frida\Documents\PhD\Waggle_dance\wd_SA2025\wd_annotator\mp4\James\20250128\00055.mp4",10,214.811,1.454,0.9997,-21.27,236.081,NA,351.040096396661,"20250128/00055.mp4","2025-01-28","22b_00055_15:49:00_2025-01-28","22b",2025-01-28 13:49:00,2025-01-28 15:49:00,266.709076735541,38.5780031801387,-140.738967627838,-2.31917437431842,-132.878903603339,227.121096396661
22,"horizontal","",799,931,"22b_00055_waggle_annotations.csv","15:49:00",-0.932004671541296,0.362446261154948,1793,1,"28_00055_waggle_annotations.csv","28_00055","C:\Users\frida\Documents\PhD\Waggle_dance\wd_SA2025\wd_annotator\mp4\James\20250128\00055.mp4",10,214.811,1.454,0.9997,-21.27,236.081,NA,12.668494492867,"20250128/00055.mp4","2025-01-28","22b_00055_15:49:00_2025-01-28","22b",2025-01-28 13:49:00,2025-01-28 15:49:00,266.709076735541,38.5780031801387,-140.738967627838,-1.94168761560756,-111.250505507133,248.749494492867
23,"horizontal","",802,877,"22b_00055_waggle_annotations.csv","15:49:00",-0.996815278536125,-0.07974522228289,1832,1,"28_00055_waggle_annotations.csv","28_00055","C:\Users\frida\Documents\PhD\Waggle_dance\wd_SA2025\wd_annotator\mp4\James\20250128\00055.mp4",10,214.811,1.454,0.9997,-21.27,236.081,NA,38.492921259901,"20250128/00055.mp4","2025-01-28","22b_00055_15:49:00_2025-01-28","22b",2025-01-28 13:49:00,2025-01-28 15:49:00,266.709076735541,38.5780031801387,-140.738967627838,-1.49096634108266,-85.426078740099,274.573921259901
1,"antisolar","",746,732,"22b_2025-01-26 14-34-55_waggle_annotations.csv","14:34:55",0.149252692330051,-0.988799086686588,418,1,"","","",NA,NA,NA,NA,NA,NA,NA,NA,"20250126/2025-01-26 14-34-55.mkv","2025-01-26","22b_2025-01-26 14-34-55_14:34:55_2025-01-26","22b",2025-01-26 12:34:55,2025-01-26 14:34:55,274.088949360092,55.3421196837293,-133.359095003287,0.149812456572897,8.58362148011395,8.58362148011395
2,"antisolar","",696,743,"22b_2025-01-26 14-34-55_waggle_annotations.csv","14:34:55",-0.0447313009438165,-0.998999054411902,508,1,"","","",NA,NA,NA,NA,NA,NA,NA,NA,"20250126/2025-01-26 14-34-55.mkv","2025-01-26","22b_2025-01-26 14-34-55_14:34:55_2025-01-26","22b",2025-01-26 12:34:55,2025-01-26 14:34:55,274.088949360092,55.3421196837293,-133.359095003287,-0.0447462314546157,-2.56377021146501,357.436229788535
3,"antisolar","",750,779,"22b_2025-01-26 14-34-55_waggle_annotations.csv","14:34:55",0.229039333725547,-0.973417168333576,574,1,"","","",NA,NA,NA,NA,NA,NA,NA,NA,"20250126/2025-01-26 14-34-55.mkv","2025-01-26","22b_2025-01-26 14-34-55_14:34:55_2025-01-26","22b",2025-01-26 12:34:55,2025-01-26 14:34:55,274.088949360092,55.3421196837293,-133.359095003287,0.231090667195897,13.2405199151872,13.2405199151872
1,"antisolar","",856,994,"22b_2025-01-27 11-41-59_waggle_annotations.csv","11:41:59",0.997630328422983,0.0688020916153782,586,1,"","","",NA,NA,NA,NA,NA,NA,NA,NA,"20250127/2025-01-27 11-41-59.mkv","2025-01-27","22b_2025-01-27 11-41-59_11:41:59_2025-01-27","22b",2025-01-27 09:41:59,2025-01-27 11:41:59,41.1411771042986,80.5843778799202,-6.30686725908079,1.63965281609594,93.9451862290376,93.9451862290376
2,"antisolar","",871,968,"22b_2025-01-27 11-41-59_waggle_annotations.csv","11:41:59",0.467121033095552,-0.884193384073724,675,1,"","","",NA,NA,NA,NA,NA,NA,NA,NA,"20250127/2025-01-27 11-41-59.mkv","2025-01-27","22b_2025-01-27 11-41-59_11:41:59_2025-01-27","22b",2025-01-27 09:41:59,2025-01-27 11:41:59,41.1411771042986,80.5843778799202,-6.30686725908079,0.486031929340097,27.8475782597882,27.8475782597882
3,"antisolar","",799,1043,"22b_2025-01-27 11-41-59_waggle_annotations.csv","11:41:59",-0.299826596740395,0.953993716901256,904,1,"","","",NA,NA,NA,NA,NA,NA,NA,NA,"20250127/2025-01-27 11-41-59.mkv","2025-01-27","22b_2025-01-27 11-41-59_11:41:59_2025-01-27","22b",2025-01-27 09:41:59,2025-01-27 11:41:59,41.1411771042986,80.5843778799202,-6.30686725908079,-2.83708177038768,-162.552811576718,197.447188423282
4,"antisolar","",693,878,"22b_2025-01-27 11-41-59_waggle_annotations.csv","11:41:59",0.998752338877845,0.0499376169438922,1163,1,"","","",NA,NA,NA,NA,NA,NA,NA,NA,"20250127/2025-01-27 11-41-59.mkv","2025-01-27","22b_2025-01-27 11-41-59_11:41:59_2025-01-27","22b",2025-01-27 09:41:59,2025-01-27 11:41:59,41.1411771042986,80.5843778799202,-6.30686725908079,1.62075472251684,92.8624052261118,92.8624052261118
5,"antisolar","",591,878,"22b_2025-01-27 11-41-59_waggle_annotations.csv","11:41:59",0.196116135138184,-0.98058067569092,1340,1,"","","",NA,NA,NA,NA,NA,NA,NA,NA,"20250127/2025-01-27 11-41-59.mkv","2025-01-27","22b_2025-01-27 11-41-59_11:41:59_2025-01-27","22b",2025-01-27 09:41:59,2025-01-27 11:41:59,41.1411771042986,80.5843778799202,-6.30686725908079,0.197395559849881,11.3099324740202,11.3099324740202
6,"antisolar","",648,818,"22b_2025-01-27 11-41-59_waggle_annotations.csv","11:41:59",0.996448291857375,0.0842068979034401,1490,1,"","","",NA,NA,NA,NA,NA,NA,NA,NA,"20250127/2025-01-27 11-41-59.mkv","2025-01-27","22b_2025-01-27 11-41-59_11:41:59_2025-01-27","22b",2025-01-27 09:41:59,2025-01-27 11:41:59,41.1411771042986,80.5843778799202,-6.30686725908079,1.6551030593211,94.83041995829,94.83041995829
7,"antisolar","",705,699,"22b_2025-01-27 11-41-59_waggle_annotations.csv","11:41:59",0.384615384615385,-0.923076923076923,1627,1,"","","",NA,NA,NA,NA,NA,NA,NA,NA,"20250127/2025-01-27 11-41-59.mkv","2025-01-27","22b_2025-01-27 11-41-59_11:41:59_2025-01-27","22b",2025-01-27 09:41:59,2025-01-27 11:41:59,41.1411771042986,80.5843778799202,-6.30686725908079,0.394791119699761,22.6198649480404,22.6198649480404
8,"antisolar","",751,781,"22b_2025-01-27 11-41-59_waggle_annotations.csv","11:41:59",0.973747847885578,-0.227629367038187,1726,1,"","","",NA,NA,NA,NA,NA,NA,NA,NA,"20250127/2025-01-27 11-41-59.mkv","2025-01-27","22b_2025-01-27 11-41-59_11:41:59_2025-01-27","22b",2025-01-27 09:41:59,2025-01-27 11:41:59,41.1411771042986,80.5843778799202,-6.30686725908079,1.34115388450976,76.8424572599852,76.8424572599852
9,"antisolar","",830,720,"22b_2025-01-27 11-41-59_waggle_annotations.csv","11:41:59",0.149805379427995,-0.988715504224767,1915,1,"","","",NA,NA,NA,NA,NA,NA,NA,NA,"20250127/2025-01-27 11-41-59.mkv","2025-01-27","22b_2025-01-27 11-41-59_11:41:59_2025-01-27","22b",2025-01-27 09:41:59,2025-01-27 11:41:59,41.1411771042986,80.5843778799202,-6.30686725908079,0.150371428007134,8.61564818416411,8.61564818416411
10,"antisolar","",767,860,"22b_2025-01-27 11-41-59_waggle_annotations.csv","11:41:59",-0.196116135138184,0.98058067569092,2169,1,"","","",NA,NA,NA,NA,NA,NA,NA,NA,"20250127/2025-01-27 11-41-59.mkv","2025-01-27","22b_2025-01-27 11-41-59_11:41:59_2025-01-27","22b",2025-01-27 09:41:59,2025-01-27 11:41:59,41.1411771042986,80.5843778799202,-6.30686725908079,-2.94419709373992,-168.69006752598,191.30993247402
11,"antisolar","",744,764,"22b_2025-01-27 11-41-59_waggle_annotations.csv","11:41:59",0.0808158687660548,0.996729048114676,2451,1,"","","",NA,NA,NA,NA,NA,NA,NA,NA,"20250127/2025-01-27 11-41-59.mkv","2025-01-27","22b_2025-01-27 11-41-59_11:41:59_2025-01-27","22b",2025-01-27 09:41:59,2025-01-27 11:41:59,41.1411771042986,80.5843778799202,-6.30686725908079,3.06068855443456,175.364536573097,175.364536573097
12,"antisolar","",792,832,"22b_2025-01-27 11-41-59_waggle_annotations.csv","11:41:59",0.255391122837032,0.966837822168765,2585,1,"","","",NA,NA,NA,NA,NA,NA,NA,NA,"20250127/2025-01-27 11-41-59.mkv","2025-01-27","22b_2025-01-27 11-41-59_11:41:59_2025-01-27","22b",2025-01-27 09:41:59,2025-01-27 11:41:59,41.1411771042986,80.5843778799202,-6.30686725908079,2.88334043377876,165.203237754943,165.203237754943
13,"antisolar","",751,743,"22b_2025-01-27 11-41-59_waggle_annotations.csv","11:41:59",0.179816171265674,0.983700231041629,2866,1,"","","",NA,NA,NA,NA,NA,NA,NA,NA,"20250127/2025-01-27 11-41-59.mkv","2025-01-27","22b_2025-01-27 11-41-59_11:41:59_2025-01-27","22b",2025-01-27 09:41:59,2025-01-27 11:41:59,41.1411771042986,80.5843778799202,-6.30686725908079,2.96079308028582,169.640947511916,169.640947511916
14,"antisolar","",744,779,"22b_2025-01-27 11-41-59_waggle_annotations.csv","11:41:59",0.959114754596419,-0.283017468569435,2989,1,"","","",NA,NA,NA,NA,NA,NA,NA,NA,"20250127/2025-01-27 11-41-59.mkv","2025-01-27","22b_2025-01-27 11-41-59_11:41:59_2025-01-27","22b",2025-01-27 09:41:59,2025-01-27 11:41:59,41.1411771042986,80.5843778799202,-6.30686725908079,1.28385757386413,73.5596204783198,73.5596204783198
15,"antisolar","",730,737,"22b_2025-01-27 11-41-59_waggle_annotations.csv","11:41:59",0.689363360647644,0.724415734917863,3126,1,"","","",NA,NA,NA,NA,NA,NA,NA,NA,"20250127/2025-01-27 11-41-59.mkv","2025-01-27","22b_2025-01-27 11-41-59_11:41:59_2025-01-27","22b",2025-01-27 09:41:59,2025-01-27 11:41:59,41.1411771042986,80.5843778799202,-6.30686725908079,2.38098280022964,136.420265546399,136.420265546399
1,"antisolar","",667,870,"22b_2025-01-28 07-57-05_waggle_annotations.csv","07:57:05",0.162640450978164,-0.986685402600859,106,1,"","","",NA,NA,NA,NA,NA,NA,NA,NA,"20250128/2025-01-28 07-57-05.mkv","2025-01-28","22b_2025-01-28 07-57-05_07:57:05_2025-01-28","22b",2025-01-28 05:57:05,2025-01-28 07:57:05,96.2703848303932,31.7884984858832,48.8223404670139,0.163366148108276,9.36019080191333,9.36019080191333
2,"antisolar","",633,834,"22b_2025-01-28 07-57-05_waggle_annotations.csv","07:57:05",0.19776944698048,-0.980248563294553,202,1,"","","",NA,NA,NA,NA,NA,NA,NA,NA,"20250128/2025-01-28 07-57-05.mkv","2025-01-28","22b_2025-01-28 07-57-05_07:57:05_2025-01-28","22b",2025-01-28 05:57:05,2025-01-28 07:57:05,96.2703848303932,31.7884984858832,48.8223404670139,0.199081898892185,11.4065525839724,11.4065525839724
3,"antisolar","",723,892,"22b_2025-01-28 07-57-05_waggle_annotations.csv","07:57:05",0.208107644464859,-0.978105928984836,341,1,"","","",NA,NA,NA,NA,NA,NA,NA,NA,"20250128/2025-01-28 07-57-05.mkv","2025-01-28","22b_2025-01-28 07-57-05_07:57:05_2025-01-28","22b",2025-01-28 05:57:05,2025-01-28 07:57:05,96.2703848303932,31.7884984858832,48.8223404670139,0.209639845874212,12.0114783863654,12.0114783863654
1,"antisolar","",568,832,"22b_2025-01-28 10-20-24_waggle_annotations.csv","10:20:24",-0.94299033358289,-0.332820117735138,279,1,"","","",NA,NA,NA,NA,NA,NA,NA,NA,"20250128/2025-01-28 10-20-24.mkv","2025-01-28","22b_2025-01-28 10-20-24_10:20:24_2025-01-28","22b",2025-01-28 08:20:24,2025-01-28 10:20:24,78.7624317700087,63.9498836757226,31.3143874066293,-1.23150371234085,-70.559965171824,289.440034828176
2,"antisolar","",549,848,"22b_2025-01-28 10-20-24_waggle_annotations.csv","10:20:24",0.992139756202553,-0.125134744025547,367,1,"","","",NA,NA,NA,NA,NA,NA,NA,NA,"20250128/2025-01-28 10-20-24.mkv","2025-01-28","22b_2025-01-28 10-20-24_10:20:24_2025-01-28","22b",2025-01-28 08:20:24,2025-01-28 10:20:24,78.7624317700087,63.9498836757226,31.3143874066293,1.44533268525224,82.8114628572634,82.8114628572634
3,"antisolar","",620,822,"22b_2025-01-28 10-20-24_waggle_annotations.csv","10:20:24",-0.752576694706878,0.658504607868518,514,1,"","","",NA,NA,NA,NA,NA,NA,NA,NA,"20250128/2025-01-28 10-20-24.mkv","2025-01-28","22b_2025-01-28 10-20-24_10:20:24_2025-01-28","22b",2025-01-28 08:20:24,2025-01-28 10:20:24,78.7624317700087,63.9498836757226,31.3143874066293,-2.28962632641653,-131.18592516571,228.81407483429
4,"antisolar","",612,794,"22b_2025-01-28 10-20-24_waggle_annotations.csv","10:20:24",-0.994172402624717,0.107801826790632,607,1,"","","",NA,NA,NA,NA,NA,NA,NA,NA,"20250128/2025-01-28 10-20-24.mkv","2025-01-28","22b_2025-01-28 10-20-24_10:20:24_2025-01-28","22b",2025-01-28 08:20:24,2025-01-28 10:20:24,78.7624317700087,63.9498836757226,31.3143874066293,-1.67880805149495,-96.188615963242,263.811384036758
5,"antisolar","",547,771,"22b_2025-01-28 10-20-24_waggle_annotations.csv","10:20:24",0.86237506348169,-0.50626993776537,758,1,"","","",NA,NA,NA,NA,NA,NA,NA,NA,"20250128/2025-01-28 10-20-24.mkv","2025-01-28","22b_2025-01-28 10-20-24_10:20:24_2025-01-28","22b",2025-01-28 08:20:24,2025-01-28 10:20:24,78.7624317700087,63.9498836757226,31.3143874066293,1.03994239201173,59.5843099990113,59.5843099990113
6,"antisolar","",584,754,"22b_2025-01-28 10-20-24_waggle_annotations.csv","10:20:24",-0.0136041831131834,-0.999907458818976,868,1,"","","",NA,NA,NA,NA,NA,NA,NA,NA,"20250128/2025-01-28 10-20-24.mkv","2025-01-28","22b_2025-01-28 10-20-24_10:20:24_2025-01-28","22b",2025-01-28 08:20:24,2025-01-28 10:20:24,78.7624317700087,63.9498836757226,31.3143874066293,-0.0136046027777666,-0.77948632111798,359.220513678882
1,"antisolar","",643,966,"22b_2025-01-28 10-20-58_waggle_annotations.csv","10:20:58",0.0977439955678188,0.995211591235973,151,1,"","","",NA,NA,NA,NA,NA,NA,NA,NA,"20250128/2025-01-28 10-20-58.mkv","2025-01-28","22b_2025-01-28 10-20-58_10:20:58_2025-01-28","22b",2025-01-28 08:20:58,2025-01-28 10:20:58,78.6497518412291,64.0751013217429,31.2017074778497,3.04369234585133,174.390725553554,174.390725553554
2,"antisolar","",610,844,"22b_2025-01-28 10-20-58_waggle_annotations.csv","10:20:58",0.994605301170165,-0.103731841226336,276,1,"","","",NA,NA,NA,NA,NA,NA,NA,NA,"20250128/2025-01-28 10-20-58.mkv","2025-01-28","22b_2025-01-28 10-20-58_10:20:58_2025-01-28","22b",2025-01-28 08:20:58,2025-01-28 10:20:58,78.6497518412291,64.0751013217429,31.2017074778497,1.46687754810361,84.045892568835,84.045892568835
3,"antisolar","",636,767,"22b_2025-01-28 10-20-58_waggle_annotations.csv","10:20:58",-0.227794368486612,-0.973709261374146,401,1,"","","",NA,NA,NA,NA,NA,NA,NA,NA,"20250128/2025-01-28 10-20-58.mkv","2025-01-28","22b_2025-01-28 10-20-58_10:20:58_2025-01-28","22b",2025-01-28 08:20:58,2025-01-28 10:20:58,78.6497518412291,64.0751013217429,31.2017074778497,-0.229811895514425,-13.167251694878,346.832748305122
4,"antisolar","",638,888,"22b_2025-01-28 10-20-58_waggle_annotations.csv","10:20:58",0.937822198790191,-0.347116008643123,476,1,"","","",NA,NA,NA,NA,NA,NA,NA,NA,"20250128/2025-01-28 10-20-58.mkv","2025-01-28","22b_2025-01-28 10-20-58_10:20:58_2025-01-28","22b",2025-01-28 08:20:58,2025-01-28 10:20:58,78.6497518412291,64.0751013217429,31.2017074778497,1.21630218070297,69.6889815668385,69.6889815668385
5,"antisolar","",625,899,"22b_2025-01-28 10-20-58_waggle_annotations.csv","10:20:58",0.969718492607152,-0.244225398138098,601,1,"","","",NA,NA,NA,NA,NA,NA,NA,NA,"20250128/2025-01-28 10-20-58.mkv","2025-01-28","22b_2025-01-28 10-20-58_10:20:58_2025-01-28","22b",2025-01-28 08:20:58,2025-01-28 10:20:58,78.6497518412291,64.0751013217429,31.2017074778497,1.32407550515184,75.8639382018529,75.8639382018529
6,"antisolar","",601,831,"22b_2025-01-28 10-20-58_waggle_annotations.csv","10:20:58",0.786788831639868,-0.617222273096793,704,1,"","","",NA,NA,NA,NA,NA,NA,NA,NA,"20250128/2025-01-28 10-20-58.mkv","2025-01-28","22b_2025-01-28 10-20-58_10:20:58_2025-01-28","22b",2025-01-28 08:20:58,2025-01-28 10:20:58,78.6497518412291,64.0751013217429,31.2017074778497,0.905588994030263,51.886427331432,51.886427331432
7,"antisolar","",618,842,"22b_2025-01-28 10-20-58_waggle_annotations.csv","10:20:58",0.998999054411902,-0.0447313009438165,795,1,"","","",NA,NA,NA,NA,NA,NA,NA,NA,"20250128/2025-01-28 10-20-58.mkv","2025-01-28","22b_2025-01-28 10-20-58_10:20:58_2025-01-28","22b",2025-01-28 08:20:58,2025-01-28 10:20:58,78.6497518412291,64.0751013217429,31.2017074778497,1.52605009534028,87.436229788535,87.436229788535
8,"antisolar","",629,823,"22b_2025-01-28 10-20-58_waggle_annotations.csv","10:20:58",0.823341589986754,-0.567546144553976,891,1,"","","",NA,NA,NA,NA,NA,NA,NA,NA,"20250128/2025-01-28 10-20-58.mkv","2025-01-28","22b_2025-01-28 10-20-58_10:20:58_2025-01-28","22b",2025-01-28 08:20:58,2025-01-28 10:20:58,78.6497518412291,64.0751013217429,31.2017074778497,0.967273905124902,55.4207123967945,55.4207123967945
9,"antisolar","",585,826,"22b_2025-01-28 10-20-58_waggle_annotations.csv","10:20:58",0.991111329804974,-0.133035077826171,991,1,"","","",NA,NA,NA,NA,NA,NA,NA,NA,"20250128/2025-01-28 10-20-58.mkv","2025-01-28","22b_2025-01-28 10-20-58_10:20:58_2025-01-28","22b",2025-01-28 08:20:58,2025-01-28 10:20:58,78.6497518412291,64.0751013217429,31.2017074778497,1.43736567384558,82.3549867283293,82.3549867283293
10,"antisolar","",608,848,"22b_2025-01-28 10-20-58_waggle_annotations.csv","10:20:58",0.858168263311999,-0.513368514659857,1095,1,"","","",NA,NA,NA,NA,NA,NA,NA,NA,"20250128/2025-01-28 10-20-58.mkv","2025-01-28","22b_2025-01-28 10-20-58_10:20:58_2025-01-28","22b",2025-01-28 08:20:58,2025-01-28 10:20:58,78.6497518412291,64.0751013217429,31.2017074778497,1.03169088621474,59.1115335422163,59.1115335422163
11,"antisolar","",696,847,"22b_2025-01-28 10-20-58_waggle_annotations.csv","10:20:58",0.8,-0.6,1219,1,"","","",NA,NA,NA,NA,NA,NA,NA,NA,"20250128/2025-01-28 10-20-58.mkv","2025-01-28","22b_2025-01-28 10-20-58_10:20:58_2025-01-28","22b",2025-01-28 08:20:58,2025-01-28 10:20:58,78.6497518412291,64.0751013217429,31.2017074778497,0.927295218001613,53.130102354156,53.130102354156
12,"antisolar","",734,819,"22b_2025-01-28 10-20-58_waggle_annotations.csv","10:20:58",0.253157934406818,-0.967424963626055,1302,1,"","","",NA,NA,NA,NA,NA,NA,NA,NA,"20250128/2025-01-28 10-20-58.mkv","2025-01-28","22b_2025-01-28 10-20-58_10:20:58_2025-01-28","22b",2025-01-28 08:20:58,2025-01-28 10:20:58,78.6497518412291,64.0751013217429,31.2017074778497,0.255943136004682,14.6644614884111,14.6644614884111
13,"antisolar","",741,789,"22b_2025-01-28 10-20-58_waggle_annotations.csv","10:20:58",0.539666114720432,-0.841879138963874,1427,1,"","","",NA,NA,NA,NA,NA,NA,NA,NA,"20250128/2025-01-28 10-20-58.mkv","2025-01-28","22b_2025-01-28 10-20-58_10:20:58_2025-01-28","22b",2025-01-28 08:20:58,2025-01-28 10:20:58,78.6497518412291,64.0751013217429,31.2017074778497,0.57004046369971,32.6609127216738,32.6609127216738
14,"antisolar","",713,852,"22b_2025-01-28 10-20-58_waggle_annotations.csv","10:20:58",-0.977802414077409,-0.209529088730873,1539,1,"","","",NA,NA,NA,NA,NA,NA,NA,NA,"20250128/2025-01-28 10-20-58.mkv","2025-01-28","22b_2025-01-28 10-20-58_10:20:58_2025-01-28","22b",2025-01-28 08:20:58,2025-01-28 10:20:58,78.6497518412291,64.0751013217429,31.2017074778497,-1.35970299357215,-77.905242922988,282.094757077012
15,"antisolar","",621,840,"22b_2025-01-28 10-20-58_waggle_annotations.csv","10:20:58",0.808236496228356,-0.588858018680659,1672,1,"","","",NA,NA,NA,NA,NA,NA,NA,NA,"20250128/2025-01-28 10-20-58.mkv","2025-01-28","22b_2025-01-28 10-20-58_10:20:58_2025-01-28","22b",2025-01-28 08:20:58,2025-01-28 10:20:58,78.6497518412291,64.0751013217429,31.2017074778497,0.941151144148741,53.9239884436314,53.9239884436314
16,"antisolar","",664,843,"22b_2025-01-28 10-20-58_waggle_annotations.csv","10:20:58",0.121435030785916,-0.992599382076185,1776,1,"","","",NA,NA,NA,NA,NA,NA,NA,NA,"20250128/2025-01-28 10-20-58.mkv","2025-01-28","22b_2025-01-28 10-20-58_10:20:58_2025-01-28","22b",2025-01-28 08:20:58,2025-01-28 10:20:58,78.6497518412291,64.0751013217429,31.2017074778497,0.121735485148667,6.97492951599615,6.97492951599615
17,"antisolar","",677,848,"22b_2025-01-28 10-20-58_waggle_annotations.csv","10:20:58",0.277539652820775,-0.960714182841142,1879,1,"","","",NA,NA,NA,NA,NA,NA,NA,NA,"20250128/2025-01-28 10-20-58.mkv","2025-01-28","22b_2025-01-28 10-20-58_10:20:58_2025-01-28","22b",2025-01-28 08:20:58,2025-01-28 10:20:58,78.6497518412291,64.0751013217429,31.2017074778497,0.281232201918295,16.1134182330893,16.1134182330893
18,"antisolar","",681,820,"22b_2025-01-28 10-20-58_waggle_annotations.csv","10:20:58",0.462056545285723,-0.88685046595163,1962,1,"","","",NA,NA,NA,NA,NA,NA,NA,NA,"20250128/2025-01-28 10-20-58.mkv","2025-01-28","22b_2025-01-28 10-20-58_10:20:58_2025-01-28","22b",2025-01-28 08:20:58,2025-01-28 10:20:58,78.6497518412291,64.0751013217429,31.2017074778497,0.480312732714747,27.5198924309502,27.5198924309502
19,"antisolar","",694,789,"22b_2025-01-28 10-20-58_waggle_annotations.csv","10:20:58",0.910366477462605,-0.413802944301184,2069,1,"","","",NA,NA,NA,NA,NA,NA,NA,NA,"20250128/2025-01-28 10-20-58.mkv","2025-01-28","22b_2025-01-28 10-20-58_10:20:58_2025-01-28","22b",2025-01-28 08:20:58,2025-01-28 10:20:58,78.6497518412291,64.0751013217429,31.2017074778497,1.14416883366802,65.5560452195835,65.5560452195835
1,"antisolar","",633,802,"22b_2025-01-28 10-24-26_waggle_annotations.csv","10:24:26",-0.718358303959463,-0.695673304887059,5936,1,"","","",NA,NA,NA,NA,NA,NA,NA,NA,"20250128/2025-01-28 10-24-26.mkv","2025-01-28","22b_2025-01-28 10-24-26_10:24:26_2025-01-28","22b",2025-01-28 08:24:26,2025-01-28 10:24:26,77.9426294144209,64.840026338643,30.4945850510416,-0.801439568044088,-45.919104783714,314.080895216286
2,"antisolar","",583,772,"22b_2025-01-28 10-24-26_waggle_annotations.csv","10:24:26",0.961041068270092,-0.276405616980336,6063,1,"","","",NA,NA,NA,NA,NA,NA,NA,NA,"20250128/2025-01-28 10-24-26.mkv","2025-01-28","22b_2025-01-28 10-24-26_10:24:26_2025-01-28","22b",2025-01-28 08:24:26,2025-01-28 10:24:26,77.9426294144209,64.840026338643,30.4945850510416,1.29074433313481,73.9542027190524,73.9542027190524
3,"antisolar","",618,755,"22b_2025-01-28 10-24-26_waggle_annotations.csv","10:24:26",0.977176363922801,-0.212429644331044,6197,1,"","","",NA,NA,NA,NA,NA,NA,NA,NA,"20250128/2025-01-28 10-24-26.mkv","2025-01-28","22b_2025-01-28 10-24-26_10:24:26_2025-01-28","22b",2025-01-28 08:24:26,2025-01-28 10:24:26,77.9426294144209,64.840026338643,30.4945850510416,1.35673564323108,77.7352262721076,77.7352262721076
4,"antisolar","",618,763,"22b_2025-01-28 10-24-26_waggle_annotations.csv","10:24:26",0.652523135359877,0.757768802353406,6320,1,"","","",NA,NA,NA,NA,NA,NA,NA,NA,"20250128/2025-01-28 10-24-26.mkv","2025-01-28","22b_2025-01-28 10-24-26_10:24:26_2025-01-28","22b",2025-01-28 08:24:26,2025-01-28 10:24:26,77.9426294144209,64.840026338643,30.4945850510416,2.43068328040623,139.267893300291,139.267893300291
5,"antisolar","",630,820,"22b_2025-01-28 10-24-26_waggle_annotations.csv","10:24:26",0.73002139863212,-0.683424288081133,6427,1,"","","",NA,NA,NA,NA,NA,NA,NA,NA,"20250128/2025-01-28 10-24-26.mkv","2025-01-28","22b_2025-01-28 10-24-26_10:24:26_2025-01-28","22b",2025-01-28 08:24:26,2025-01-28 10:24:26,77.9426294144209,64.840026338643,30.4945850510416,0.818353261011746,46.8881880067409,46.8881880067409
6,"antisolar","",670,789,"22b_2025-01-28 10-24-26_waggle_annotations.csv","10:24:26",-0.796691270902396,0.604386481374232,6577,1,"","","",NA,NA,NA,NA,NA,NA,NA,NA,"20250128/2025-01-28 10-24-26.mkv","2025-01-28","22b_2025-01-28 10-24-26_10:24:26_2025-01-28","22b",2025-01-28 08:24:26,2025-01-28 10:24:26,77.9426294144209,64.840026338643,30.4945850510416,-2.21979188579139,-127.184706453233,232.815293546767
7,"antisolar","",663,807,"22b_2025-01-28 10-24-26_waggle_annotations.csv","10:24:26",0.641722632673684,-0.766936804902696,6711,1,"","","",NA,NA,NA,NA,NA,NA,NA,NA,"20250128/2025-01-28 10-24-26.mkv","2025-01-28","22b_2025-01-28 10-24-26_10:24:26_2025-01-28","22b",2025-01-28 08:24:26,2025-01-28 10:24:26,77.9426294144209,64.840026338643,30.4945850510416,0.69674228153001,39.9203921399854,39.9203921399854
8,"antisolar","",638,808,"22b_2025-01-28 10-24-26_waggle_annotations.csv","10:24:26",0.9861798660721,-0.165678217500113,6859,1,"","","",NA,NA,NA,NA,NA,NA,NA,NA,"20250128/2025-01-28 10-24-26.mkv","2025-01-28","22b_2025-01-28 10-24-26_10:24:26_2025-01-28","22b",2025-01-28 08:24:26,2025-01-28 10:24:26,77.9426294144209,64.840026338643,30.4945850510416,1.40435063324635,80.4633642415406,80.4633642415406
9,"antisolar","",632,789,"22b_2025-01-28 10-24-26_waggle_annotations.csv","10:24:26",0.447213595499958,-0.894427190999916,6948,1,"","","",NA,NA,NA,NA,NA,NA,NA,NA,"20250128/2025-01-28 10-24-26.mkv","2025-01-28","22b_2025-01-28 10-24-26_10:24:26_2025-01-28","22b",2025-01-28 08:24:26,2025-01-28 10:24:26,77.9426294144209,64.840026338643,30.4945850510416,0.463647609000806,26.565051177078,26.565051177078
10,"antisolar","",648,827,"22b_2025-01-28 10-24-26_waggle_annotations.csv","10:24:26",0.294545766131223,-0.95563737455908,7025,1,"","","",NA,NA,NA,NA,NA,NA,NA,NA,"20250128/2025-01-28 10-24-26.mkv","2025-01-28","22b_2025-01-28 10-24-26_10:24:26_2025-01-28","22b",2025-01-28 08:24:26,2025-01-28 10:24:26,77.9426294144209,64.840026338643,30.4945850510416,0.298980163502833,17.1303015268436,17.1303015268436
11,"antisolar","",530,798,"22b_2025-01-28 10-24-26_waggle_annotations.csv","10:24:26",0.882352941176471,-0.470588235294118,7275,1,"","","",NA,NA,NA,NA,NA,NA,NA,NA,"20250128/2025-01-28 10-24-26.mkv","2025-01-28","22b_2025-01-28 10-24-26_10:24:26_2025-01-28","22b",2025-01-28 08:24:26,2025-01-28 10:24:26,77.9426294144209,64.840026338643,30.4945850510416,1.08083900054117,61.927513064147,61.927513064147
12,"antisolar","",638,815,"22b_2025-01-28 10-24-26_waggle_annotations.csv","10:24:26",0.214207914110707,-0.976788088344826,7506,1,"","","",NA,NA,NA,NA,NA,NA,NA,NA,"20250128/2025-01-28 10-24-26.mkv","2025-01-28","22b_2025-01-28 10-24-26_10:24:26_2025-01-28","22b",2025-01-28 08:24:26,2025-01-28 10:24:26,77.9426294144209,64.840026338643,30.4945850510416,0.215880849009154,12.3690615259255,12.3690615259255
13,"antisolar","",615,832,"22b_2025-01-28 10-24-26_waggle_annotations.csv","10:24:26",0.947681018784545,-0.319218869485321,7572,1,"","","",NA,NA,NA,NA,NA,NA,NA,NA,"20250128/2025-01-28 10-24-26.mkv","2025-01-28","22b_2025-01-28 10-24-26_10:24:26_2025-01-28","22b",2025-01-28 08:24:26,2025-01-28 10:24:26,77.9426294144209,64.840026338643,30.4945850510416,1.24589120872978,71.384307992669,71.384307992669
14,"antisolar","",641,836,"22b_2025-01-28 10-24-26_waggle_annotations.csv","10:24:26",0.682067677316591,-0.731289056092015,7692,1,"","","",NA,NA,NA,NA,NA,NA,NA,NA,"20250128/2025-01-28 10-24-26.mkv","2025-01-28","22b_2025-01-28 10-24-26_10:24:26_2025-01-28","22b",2025-01-28 08:24:26,2025-01-28 10:24:26,77.9426294144209,64.840026338643,30.4945850510416,0.750586361931576,43.0054306987582,43.0054306987582
15,"antisolar","",678,852,"22b_2025-01-28 10-24-26_waggle_annotations.csv","10:24:26",-0.179517302208748,-0.983754816103938,7794,1,"","","",NA,NA,NA,NA,NA,NA,NA,NA,"20250128/2025-01-28 10-24-26.mkv","2025-01-28","22b_2025-01-28 10-24-26_10:24:26_2025-01-28","22b",2025-01-28 08:24:26,2025-01-28 10:24:26,77.9426294144209,64.840026338643,30.4945850510416,-0.180495760462038,-10.3416452944791,349.658354705521
16,"antisolar","",663,820,"22b_2025-01-28 10-24-26_waggle_annotations.csv","10:24:26",-0.743580695278195,-0.668646206606749,7924,1,"","","",NA,NA,NA,NA,NA,NA,NA,NA,"20250128/2025-01-28 10-24-26.mkv","2025-01-28","22b_2025-01-28 10-24-26_10:24:26_2025-01-28","22b",2025-01-28 08:24:26,2025-01-28 10:24:26,77.9426294144209,64.840026338643,30.4945850510416,-0.838409673996733,-48.037335822952,311.962664177048
17,"antisolar","",631,878,"22b_2025-01-28 10-24-26_waggle_annotations.csv","10:24:26",0.754605522163505,-0.656178714924787,7995,1,"","","",NA,NA,NA,NA,NA,NA,NA,NA,"20250128/2025-01-28 10-24-26.mkv","2025-01-28","22b_2025-01-28 10-24-26_10:24:26_2025-01-28","22b",2025-01-28 08:24:26,2025-01-28 10:24:26,77.9426294144209,64.840026338643,30.4945850510416,0.855052737126017,48.9909130984298,48.9909130984298
1,"antisolar","",634,899,"22b_2025-01-28 10-30-19_waggle_annotations.csv","10:30:19",0.11114910268759,-0.993803741677271,467,1,"","","",NA,NA,NA,NA,NA,NA,NA,NA,"20250128/2025-01-28 10-30-19.mkv","2025-01-28","22b_2025-01-28 10-30-19_10:30:19_2025-01-28","22b",2025-01-28 08:30:19,2025-01-28 10:30:19,76.6662273590449,66.1333519748801,29.2181829956656,0.111379242709079,6.38156053259345,6.38156053259345
2,"antisolar","",681,859,"22b_2025-01-28 10-30-19_waggle_annotations.csv","10:30:19",0.352138775875806,-0.935947799038327,699,1,"","","",NA,NA,NA,NA,NA,NA,NA,NA,"20250128/2025-01-28 10-30-19.mkv","2025-01-28","22b_2025-01-28 10-30-19_10:30:19_2025-01-28","22b",2025-01-28 08:30:19,2025-01-28 10:30:19,76.6662273590449,66.1333519748801,29.2181829956656,0.359855268543763,20.6181881231045,20.6181881231045
3,"antisolar","",704,841,"22b_2025-01-28 10-30-19_waggle_annotations.csv","10:30:19",0.239847329473936,0.970810619299264,805,1,"","","",NA,NA,NA,NA,NA,NA,NA,NA,"20250128/2025-01-28 10-30-19.mkv","2025-01-28","22b_2025-01-28 10-30-19_10:30:19_2025-01-28","22b",2025-01-28 08:30:19,2025-01-28 10:30:19,76.6662273590449,66.1333519748801,29.2181829956656,2.89938406648017,166.122470196792,166.122470196792
4,"antisolar","",551,803,"22b_2025-01-28 10-30-19_waggle_annotations.csv","10:30:19",0.168296462892021,0.985736425510407,1072,1,"","","",NA,NA,NA,NA,NA,NA,NA,NA,"20250128/2025-01-28 10-30-19.mkv","2025-01-28","22b_2025-01-28 10-30-19_10:30:19_2025-01-28","22b",2025-01-28 08:30:19,2025-01-28 10:30:19,76.6662273590449,66.1333519748801,29.2181829956656,2.97249142758841,170.311213439633,170.311213439633
5,"antisolar","",635,836,"22b_2025-01-28 10-30-19_waggle_annotations.csv","10:30:19",0.577816924417098,-0.816166405739151,1246,1,"","","",NA,NA,NA,NA,NA,NA,NA,NA,"20250128/2025-01-28 10-30-19.mkv","2025-01-28","22b_2025-01-28 10-30-19_10:30:19_2025-01-28","22b",2025-01-28 08:30:19,2025-01-28 10:30:19,76.6662273590449,66.1333519748801,29.2181829956656,0.616051357833228,35.2971427671476,35.2971427671476
6,"antisolar","",693,874,"22b_2025-01-28 10-30-19_waggle_annotations.csv","10:30:19",0.319916718913096,-0.947445667550324,1445,1,"","","",NA,NA,NA,NA,NA,NA,NA,NA,"20250128/2025-01-28 10-30-19.mkv","2025-01-28","22b_2025-01-28 10-30-19_10:30:19_2025-01-28","22b",2025-01-28 08:30:19,2025-01-28 10:30:19,76.6662273590449,66.1333519748801,29.2181829956656,0.325641585343286,18.6578884741195,18.6578884741195
7,"antisolar","",646,832,"22b_2025-01-28 10-30-19_waggle_annotations.csv","10:30:19",0.515780772344576,0.856720604911329,1566,1,"","","",NA,NA,NA,NA,NA,NA,NA,NA,"20250128/2025-01-28 10-30-19.mkv","2025-01-28","22b_2025-01-28 10-30-19_10:30:19_2025-01-28","22b",2025-01-28 08:30:19,2025-01-28 10:30:19,76.6662273590449,66.1333519748801,29.2181829956656,2.5996739040677,148.950342813377,148.950342813377
8,"antisolar","",642,871,"22b_2025-01-28 10-30-19_waggle_annotations.csv","10:30:19",0.982123011927037,-0.188240243952682,1641,1,"","","",NA,NA,NA,NA,NA,NA,NA,NA,"20250128/2025-01-28 10-30-19.mkv","2025-01-28","22b_2025-01-28 10-30-19_10:30:19_2025-01-28","22b",2025-01-28 08:30:19,2025-01-28 10:30:19,76.6662273590449,66.1333519748801,29.2181829956656,1.38142627681905,79.1498953702026,79.1498953702026
9,"antisolar","",547,818,"22b_2025-01-28 10-30-19_waggle_annotations.csv","10:30:19",-0.39054984685617,0.920581781875257,1785,1,"","","",NA,NA,NA,NA,NA,NA,NA,NA,"20250128/2025-01-28 10-30-19.mkv","2025-01-28","22b_2025-01-28 10-30-19_10:30:19_2025-01-28","22b",2025-01-28 08:30:19,2025-01-28 10:30:19,76.6662273590449,66.1333519748801,29.2181829956656,-2.74036385458494,-157.011283197919,202.988716802081
10,"antisolar","",663,838,"22b_2025-01-28 10-30-19_waggle_annotations.csv","10:30:19",0.546536648242027,-0.837435186822461,1882,1,"","","",NA,NA,NA,NA,NA,NA,NA,NA,"20250128/2025-01-28 10-30-19.mkv","2025-01-28","22b_2025-01-28 10-30-19_10:30:19_2025-01-28","22b",2025-01-28 08:30:19,2025-01-28 10:30:19,76.6662273590449,66.1333519748801,29.2181829956656,0.578222964238537,33.1297354684121,33.1297354684121
11,"antisolar","",617,814,"22b_2025-01-28 10-30-19_waggle_annotations.csv","10:30:19",0.898298727842108,-0.439385247314075,1989,1,"","","",NA,NA,NA,NA,NA,NA,NA,NA,"20250128/2025-01-28 10-30-19.mkv","2025-01-28","22b_2025-01-28 10-30-19_10:30:19_2025-01-28","22b",2025-01-28 08:30:19,2025-01-28 10:30:19,76.6662273590449,66.1333519748801,29.2181829956656,1.11588212020252,63.9353359217143,63.9353359217143
12,"antisolar","",574,803,"22b_2025-01-28 10-30-19_waggle_annotations.csv","10:30:19",0.120543125395831,-0.99270809149508,2122,1,"","","",NA,NA,NA,NA,NA,NA,NA,NA,"20250128/2025-01-28 10-30-19.mkv","2025-01-28","22b_2025-01-28 10-30-19_10:30:19_2025-01-28","22b",2025-01-28 08:30:19,2025-01-28 10:30:19,76.6662273590449,66.1333519748801,29.2181829956656,0.120836979157072,6.92344891481053,6.92344891481053
13,"antisolar","",607,859,"22b_2025-01-28 10-30-19_waggle_annotations.csv","10:30:19",0.690277920616938,-0.723544326429802,2201,1,"","","",NA,NA,NA,NA,NA,NA,NA,NA,"20250128/2025-01-28 10-30-19.mkv","2025-01-28","22b_2025-01-28 10-30-19_10:30:19_2025-01-28","22b",2025-01-28 08:30:19,2025-01-28 10:30:19,76.6662273590449,66.1333519748801,29.2181829956656,0.761873092412231,43.6521127198014,43.6521127198014
14,"antisolar","",599,878,"22b_2025-01-28 10-30-19_waggle_annotations.csv","10:30:19",-0.0505681323332334,-0.99872061358136,2284,1,"","","",NA,NA,NA,NA,NA,NA,NA,NA,"20250128/2025-01-28 10-30-19.mkv","2025-01-28","22b_2025-01-28 10-30-19_10:30:19_2025-01-28","22b",2025-01-28 08:30:19,2025-01-28 10:30:19,76.6662273590449,66.1333519748801,29.2181829956656,-0.0505897087693905,-2.89857679928205,357.101423200718
15,"antisolar","",609,919,"22b_2025-01-28 10-30-19_waggle_annotations.csv","10:30:19",0.544605442853206,-0.838692381993937,2398,1,"","","",NA,NA,NA,NA,NA,NA,NA,NA,"20250128/2025-01-28 10-30-19.mkv","2025-01-28","22b_2025-01-28 10-30-19_10:30:19_2025-01-28","22b",2025-01-28 08:30:19,2025-01-28 10:30:19,76.6662273590449,66.1333519748801,29.2181829956656,0.575918599618353,32.9977051012163,32.9977051012163
16,"antisolar","",649,821,"22b_2025-01-28 10-30-19_waggle_annotations.csv","10:30:19",0.153102994508754,-0.988210237283774,2668,1,"","","",NA,NA,NA,NA,NA,NA,NA,NA,"20250128/2025-01-28 10-30-19.mkv","2025-01-28","22b_2025-01-28 10-30-19_10:30:19_2025-01-28","22b",2025-01-28 08:30:19,2025-01-28 10:30:19,76.6662273590449,66.1333519748801,29.2181829956656,0.153707529058479,8.80679269443531,8.80679269443531
17,"antisolar","",680,818,"22b_2025-01-28 10-30-19_waggle_annotations.csv","10:30:19",0.80110361387874,-0.598525688530093,2766,1,"","","",NA,NA,NA,NA,NA,NA,NA,NA,"20250128/2025-01-28 10-30-19.mkv","2025-01-28","22b_2025-01-28 10-30-19_10:30:19_2025-01-28","22b",2025-01-28 08:30:19,2025-01-28 10:30:19,76.6662273590449,66.1333519748801,29.2181829956656,0.929136836545774,53.2356193242095,53.2356193242095
1,"solar","",796,752,"22b_2025-01-28 10-44-09_waggle_annotations.csv","10:44:09",-0.420836519204844,-0.907136496952664,204,1,"","","",NA,NA,NA,NA,NA,NA,NA,NA,"20250128/2025-01-28 10-44-09.mkv","2025-01-28","22b_2025-01-28 10-44-09_10:44:09_2025-01-28","22b",2025-01-28 08:44:09,2025-01-28 10:44:09,73.1960441233503,69.1436778604651,25.7479997599709,-0.434367276655036,-24.887411710925,335.112588289075
2,"solar","",811,742,"22b_2025-01-28 10-44-09_waggle_annotations.csv","10:44:09",-0.471377271187217,-0.881931668672858,410,1,"","","",NA,NA,NA,NA,NA,NA,NA,NA,"20250128/2025-01-28 10-44-09.mkv","2025-01-28","22b_2025-01-28 10-44-09_10:44:09_2025-01-28","22b",2025-01-28 08:44:09,2025-01-28 10:44:09,73.1960441233503,69.1436778604651,25.7479997599709,-0.490851780398023,-28.123735383289,331.876264616711
3,"solar","",812,712,"22b_2025-01-28 10-44-09_waggle_annotations.csv","10:44:09",-0.661030543068997,-0.750358994835077,512,1,"","","",NA,NA,NA,NA,NA,NA,NA,NA,"20250128/2025-01-28 10-44-09.mkv","2025-01-28","22b_2025-01-28 10-44-09_10:44:09_2025-01-28","22b",2025-01-28 08:44:09,2025-01-28 10:44:09,73.1960441233503,69.1436778604651,25.7479997599709,-0.722191331499994,-41.378515295883,318.621484704117
4,"solar","",790,754,"22b_2025-01-28 10-44-09_waggle_annotations.csv","10:44:09",-0.168296462892021,-0.985736425510407,608,1,"","","",NA,NA,NA,NA,NA,NA,NA,NA,"20250128/2025-01-28 10-44-09.mkv","2025-01-28","22b_2025-01-28 10-44-09_10:44:09_2025-01-28","22b",2025-01-28 08:44:09,2025-01-28 10:44:09,73.1960441233503,69.1436778604651,25.7479997599709,-0.169101226001381,-9.68878656036702,350.311213439633
5,"solar","",819,738,"22b_2025-01-28 10-44-09_waggle_annotations.csv","10:44:09",-0.44308710645105,-0.896478564214915,693,1,"","","",NA,NA,NA,NA,NA,NA,NA,NA,"20250128/2025-01-28 10-44-09.mkv","2025-01-28","22b_2025-01-28 10-44-09_10:44:09_2025-01-28","22b",2025-01-28 08:44:09,2025-01-28 10:44:09,73.1960441233503,69.1436778604651,25.7479997599709,-0.459039346690688,-26.301017195819,333.698982804181
6,"solar","",708,815,"22b_2025-01-28 10-44-09_waggle_annotations.csv","10:44:09",0.240868357971777,-0.970557795356866,804,1,"","","",NA,NA,NA,NA,NA,NA,NA,NA,"20250128/2025-01-28 10-44-09.mkv","2025-01-28","22b_2025-01-28 10-44-09_10:44:09_2025-01-28","22b",2025-01-28 08:44:09,2025-01-28 10:44:09,73.1960441233503,69.1436778604651,25.7479997599709,0.24326045175931,13.9377972082542,13.9377972082542
7,"solar","",781,798,"22b_2025-01-28 10-44-09_waggle_annotations.csv","10:44:09",0.0212717814905759,-0.999773730057065,889,1,"","","",NA,NA,NA,NA,NA,NA,NA,NA,"20250128/2025-01-28 10-44-09.mkv","2025-01-28","22b_2025-01-28 10-44-09_10:44:09_2025-01-28","22b",2025-01-28 08:44:09,2025-01-28 10:44:09,73.1960441233503,69.1436778604651,25.7479997599709,0.0212733860240612,1.2188752351313,1.2188752351313
8,"solar","",724,767,"22b_2025-01-28 10-44-09_waggle_annotations.csv","10:44:09",0.11400590984728,-0.993480071526296,986,1,"","","",NA,NA,NA,NA,NA,NA,NA,NA,"20250128/2025-01-28 10-44-09.mkv","2025-01-28","22b_2025-01-28 10-44-09_10:44:09_2025-01-28","22b",2025-01-28 08:44:09,2025-01-28 10:44:09,73.1960441233503,69.1436778604651,25.7479997599709,0.11425432796144,6.54629078329404,6.54629078329404
9,"solar","",760,761,"22b_2025-01-28 10-44-09_waggle_annotations.csv","10:44:09",-0.164398987305357,-0.986393923832144,1088,1,"","","",NA,NA,NA,NA,NA,NA,NA,NA,"20250128/2025-01-28 10-44-09.mkv","2025-01-28","22b_2025-01-28 10-44-09_10:44:09_2025-01-28","22b",2025-01-28 08:44:09,2025-01-28 10:44:09,73.1960441233503,69.1436778604651,25.7479997599709,-0.165148677414634,-9.46232220802604,350.537677791974
10,"solar","",766,750,"22b_2025-01-28 10-44-09_waggle_annotations.csv","10:44:09",-0.0554700196225229,-0.998460353205413,1187,1,"","","",NA,NA,NA,NA,NA,NA,NA,NA,"20250128/2025-01-28 10-44-09.mkv","2025-01-28","22b_2025-01-28 10-44-09_10:44:09_2025-01-28","22b",2025-01-28 08:44:09,2025-01-28 10:44:09,73.1960441233503,69.1436778604651,25.7479997599709,-0.0554985052457131,-3.17983011986402,356.820169880136
11,"solar","",774,724,"22b_2025-01-28 10-44-09_waggle_annotations.csv","10:44:09",-0.0905357460425185,-0.995893206467704,1296,1,"","","",NA,NA,NA,NA,NA,NA,NA,NA,"20250128/2025-01-28 10-44-09.mkv","2025-01-28","22b_2025-01-28 10-44-09_10:44:09_2025-01-28","22b",2025-01-28 08:44:09,2025-01-28 10:44:09,73.1960441233503,69.1436778604651,25.7479997599709,-0.0906598872007483,-5.19442890773499,354.805571092265
12,"solar","",760,723,"22b_2025-01-28 10-44-09_waggle_annotations.csv","10:44:09",-0.192011606385656,-0.981392654860021,1379,1,"","","",NA,NA,NA,NA,NA,NA,NA,NA,"20250128/2025-01-28 10-44-09.mkv","2025-01-28","22b_2025-01-28 10-44-09_10:44:09_2025-01-28","22b",2025-01-28 08:44:09,2025-01-28 10:44:09,73.1960441233503,69.1436778604651,25.7479997599709,-0.1932114838478,-11.070202577939,348.929797422061
13,"solar","",752,786,"22b_2025-01-28 10-44-09_waggle_annotations.csv","10:44:09",0.56468391559199,-0.825307261249832,1446,1,"","","",NA,NA,NA,NA,NA,NA,NA,NA,"20250128/2025-01-28 10-44-09.mkv","2025-01-28","22b_2025-01-28 10-44-09_10:44:09_2025-01-28","22b",2025-01-28 08:44:09,2025-01-28 10:44:09,73.1960441233503,69.1436778604651,25.7479997599709,0.600050213401754,34.3803447238449,34.3803447238449
14,"solar","",792,731,"22b_2025-01-28 10-44-09_waggle_annotations.csv","10:44:09",0.210837872253051,-0.977521044082329,1567,1,"","","",NA,NA,NA,NA,NA,NA,NA,NA,"20250128/2025-01-28 10-44-09.mkv","2025-01-28","22b_2025-01-28 10-44-09_10:44:09_2025-01-28","22b",2025-01-28 08:44:09,2025-01-28 10:44:09,73.1960441233503,69.1436778604651,25.7479997599709,0.212432020508743,12.1714582085875,12.1714582085875
15,"solar","",784,758,"22b_2025-01-28 10-44-09_waggle_annotations.csv","10:44:09",-0.462243581643947,-0.886752993357776,1665,1,"","","",NA,NA,NA,NA,NA,NA,NA,NA,"20250128/2025-01-28 10-44-09.mkv","2025-01-28","22b_2025-01-28 10-44-09_10:44:09_2025-01-28","22b",2025-01-28 08:44:09,2025-01-28 10:44:09,73.1960441233503,69.1436778604651,25.7479997599709,-0.480523643847722,-27.531976748722,332.468023251278
16,"solar","",750,743,"22b_2025-01-28 10-44-09_waggle_annotations.csv","10:44:09",-0.405263819685304,-0.914199779290105,1787,1,"","","",NA,NA,NA,NA,NA,NA,NA,NA,"20250128/2025-01-28 10-44-09.mkv","2025-01-28","22b_2025-01-28 10-44-09_10:44:09_2025-01-28","22b",2025-01-28 08:44:09,2025-01-28 10:44:09,73.1960441233503,69.1436778604651,25.7479997599709,-0.417267392072276,-23.907660494172,336.092339505828
17,"solar","",774,769,"22b_2025-01-28 10-44-09_waggle_annotations.csv","10:44:09",0.737154140200741,-0.675724628517346,1913,1,"","","",NA,NA,NA,NA,NA,NA,NA,NA,"20250128/2025-01-28 10-44-09.mkv","2025-01-28","22b_2025-01-28 10-44-09_10:44:09_2025-01-28","22b",2025-01-28 08:44:09,2025-01-28 10:44:09,73.1960441233503,69.1436778604651,25.7479997599709,0.82884905878898,47.4895529219992,47.4895529219992
18,"solar","",782,787,"22b_2025-01-28 10-44-09_waggle_annotations.csv","10:44:09",0.684314204169172,-0.729187266737642,2025,1,"","","",NA,NA,NA,NA,NA,NA,NA,NA,"20250128/2025-01-28 10-44-09.mkv","2025-01-28","22b_2025-01-28 10-44-09_10:44:09_2025-01-28","22b",2025-01-28 08:44:09,2025-01-28 10:44:09,73.1960441233503,69.1436778604651,25.7479997599709,0.753662789868991,43.1816970355482,43.1816970355482
19,"solar","",804,762,"22b_2025-01-28 10-44-09_waggle_annotations.csv","10:44:09",0.737154140200741,-0.675724628517346,2133,1,"","","",NA,NA,NA,NA,NA,NA,NA,NA,"20250128/2025-01-28 10-44-09.mkv","2025-01-28","22b_2025-01-28 10-44-09_10:44:09_2025-01-28","22b",2025-01-28 08:44:09,2025-01-28 10:44:09,73.1960441233503,69.1436778604651,25.7479997599709,0.82884905878898,47.4895529219992,47.4895529219992
20,"solar","",760,718,"22b_2025-01-28 10-44-09_waggle_annotations.csv","10:44:09",-0.707106781186548,-0.707106781186548,2234,1,"","","",NA,NA,NA,NA,NA,NA,NA,NA,"20250128/2025-01-28 10-44-09.mkv","2025-01-28","22b_2025-01-28 10-44-09_10:44:09_2025-01-28","22b",2025-01-28 08:44:09,2025-01-28 10:44:09,73.1960441233503,69.1436778604651,25.7479997599709,-0.785398163397449,-45,315
21,"solar","",778,735,"22b_2025-01-28 10-44-09_waggle_annotations.csv","10:44:09",-0.378125083424418,-0.925754514590816,2367,1,"","","",NA,NA,NA,NA,NA,NA,NA,NA,"20250128/2025-01-28 10-44-09.mkv","2025-01-28","22b_2025-01-28 10-44-09_10:44:09_2025-01-28","22b",2025-01-28 08:44:09,2025-01-28 10:44:09,73.1960441233503,69.1436778604651,25.7479997599709,-0.387770171875314,-22.217594269518,337.782405730482
22,"solar","",760,668,"22b_2025-01-28 10-44-09_waggle_annotations.csv","10:44:09",-0.485642931178632,-0.874157276121538,2484,1,"","","",NA,NA,NA,NA,NA,NA,NA,NA,"20250128/2025-01-28 10-44-09.mkv","2025-01-28","22b_2025-01-28 10-44-09_10:44:09_2025-01-28","22b",2025-01-28 08:44:09,2025-01-28 10:44:09,73.1960441233503,69.1436778604651,25.7479997599709,-0.507098504392334,-29.054604099077,330.945395900923
23,"solar","",718,677,"22b_2025-01-28 10-44-09_waggle_annotations.csv","10:44:09",-0.14142135623731,-0.989949493661167,2623,1,"","","",NA,NA,NA,NA,NA,NA,NA,NA,"20250128/2025-01-28 10-44-09.mkv","2025-01-28","22b_2025-01-28 10-44-09_10:44:09_2025-01-28","22b",2025-01-28 08:44:09,2025-01-28 10:44:09,73.1960441233503,69.1436778604651,25.7479997599709,-0.141897054604164,-8.130102354156,351.869897645844
24,"solar","",717,646,"22b_2025-01-28 10-44-09_waggle_annotations.csv","10:44:09",-0.104684784518043,-0.994505452921406,2720,1,"","","",NA,NA,NA,NA,NA,NA,NA,NA,"20250128/2025-01-28 10-44-09.mkv","2025-01-28","22b_2025-01-28 10-44-09_10:44:09_2025-01-28","22b",2025-01-28 08:44:09,2025-01-28 10:44:09,73.1960441233503,69.1436778604651,25.7479997599709,-0.104876938730242,-6.009005957495,353.990994042505
25,"solar","",707,656,"22b_2025-01-28 10-44-09_waggle_annotations.csv","10:44:09",-0.296399214872453,-0.955064136811237,2814,1,"","","",NA,NA,NA,NA,NA,NA,NA,NA,"20250128/2025-01-28 10-44-09.mkv","2025-01-28","22b_2025-01-28 10-44-09_10:44:09_2025-01-28","22b",2025-01-28 08:44:09,2025-01-28 10:44:09,73.1960441233503,69.1436778604651,25.7479997599709,-0.300920234360425,-17.24145939894,342.75854060106
26,"solar","",736,680,"22b_2025-01-28 10-44-09_waggle_annotations.csv","10:44:09",-0.353057252434242,-0.935601718950742,2918,1,"","","",NA,NA,NA,NA,NA,NA,NA,NA,"20250128/2025-01-28 10-44-09.mkv","2025-01-28","22b_2025-01-28 10-44-09_10:44:09_2025-01-28","22b",2025-01-28 08:44:09,2025-01-28 10:44:09,73.1960441233503,69.1436778604651,25.7479997599709,-0.360836783033093,-20.674424760874,339.325575239126
1,"solar","",812,781,"22b_2025-01-28 10-48-54_waggle_annotations.csv","10:48:54",-0.776932827660983,-0.629583498277003,463,1,"","","",NA,NA,NA,NA,NA,NA,NA,NA,"20250128/2025-01-28 10-48-54.mkv","2025-01-28","22b_2025-01-28 10-48-54_10:48:54_2025-01-28","22b",2025-01-28 08:48:54,2025-01-28 10:48:54,71.8131781705124,70.164506454617,24.365133807133,-0.889779316347771,-50.980599524763,309.019400475237
2,"solar","",817,790,"22b_2025-01-28 10-48-54_waggle_annotations.csv","10:48:54",-0.847998304005088,-0.52999894000318,566,1,"","","",NA,NA,NA,NA,NA,NA,NA,NA,"20250128/2025-01-28 10-48-54.mkv","2025-01-28","22b_2025-01-28 10-48-54_10:48:54_2025-01-28","22b",2025-01-28 08:48:54,2025-01-28 10:48:54,71.8131781705124,70.164506454617,24.365133807133,-1.01219701145133,-57.994616791916,302.005383208084
3,"solar","",816,730,"22b_2025-01-28 10-48-54_waggle_annotations.csv","10:48:54",-0.245746670188361,-0.969334087965203,672,1,"","","",NA,NA,NA,NA,NA,NA,NA,NA,"20250128/2025-01-28 10-48-54.mkv","2025-01-28","22b_2025-01-28 10-48-54_10:48:54_2025-01-28","22b",2025-01-28 08:48:54,2025-01-28 10:48:54,71.8131781705124,70.164506454617,24.365133807133,-0.248289909303072,-14.225963898752,345.774036101248
4,"solar","",693,588,"22b_2025-01-28 10-48-54_waggle_annotations.csv","10:48:54",-0.485642931178632,-0.874157276121538,1409,1,"","","",NA,NA,NA,NA,NA,NA,NA,NA,"20250128/2025-01-28 10-48-54.mkv","2025-01-28","22b_2025-01-28 10-48-54_10:48:54_2025-01-28","22b",2025-01-28 08:48:54,2025-01-28 10:48:54,71.8131781705124,70.164506454617,24.365133807133,-0.507098504392334,-29.054604099077,330.945395900923
5,"solar","",740,701,"22b_2025-01-28 10-48-54_waggle_annotations.csv","10:48:54",-0.447213595499958,-0.894427190999916,1634,1,"","","",NA,NA,NA,NA,NA,NA,NA,NA,"20250128/2025-01-28 10-48-54.mkv","2025-01-28","22b_2025-01-28 10-48-54_10:48:54_2025-01-28","22b",2025-01-28 08:48:54,2025-01-28 10:48:54,71.8131781705124,70.164506454617,24.365133807133,-0.463647609000805,-26.565051177078,333.434948822922
6,"solar","",754,647,"22b_2025-01-28 10-48-54_waggle_annotations.csv","10:48:54",-0.419058177461747,-0.907959384500452,1725,1,"","","",NA,NA,NA,NA,NA,NA,NA,NA,"20250128/2025-01-28 10-48-54.mkv","2025-01-28","22b_2025-01-28 10-48-54_10:48:54_2025-01-28","22b",2025-01-28 08:48:54,2025-01-28 10:48:54,71.8131781705124,70.164506454617,24.365133807133,-0.432407775570539,-24.775140568832,335.224859431168
7,"solar","",763,669,"22b_2025-01-28 10-48-54_waggle_annotations.csv","10:48:54",-0.351123441588392,-0.936329177569045,1852,1,"","","",NA,NA,NA,NA,NA,NA,NA,NA,"20250128/2025-01-28 10-48-54.mkv","2025-01-28","22b_2025-01-28 10-48-54_10:48:54_2025-01-28","22b",2025-01-28 08:48:54,2025-01-28 10:48:54,71.8131781705124,70.164506454617,24.365133807133,-0.358770670270564,-20.556045219583,339.443954780417
8,"solar","",741,690,"22b_2025-01-28 10-48-54_waggle_annotations.csv","10:48:54",-0.566175408085666,-0.82428478530119,1951,1,"","","",NA,NA,NA,NA,NA,NA,NA,NA,"20250128/2025-01-28 10-48-54.mkv","2025-01-28","22b_2025-01-28 10-48-54_10:48:54_2025-01-28","22b",2025-01-28 08:48:54,2025-01-28 10:48:54,71.8131781705124,70.164506454617,24.365133807133,-0.601858529694693,-34.483953615455,325.516046384545
9,"solar","",760,703,"22b_2025-01-28 10-48-54_waggle_annotations.csv","10:48:54",-0.242535625036333,-0.970142500145332,2054,1,"","","",NA,NA,NA,NA,NA,NA,NA,NA,"20250128/2025-01-28 10-48-54.mkv","2025-01-28","22b_2025-01-28 10-48-54_10:48:54_2025-01-28","22b",2025-01-28 08:48:54,2025-01-28 10:48:54,71.8131781705124,70.164506454617,24.365133807133,-0.244978663126856,-14.036243467926,345.963756532074
10,"solar","",752,687,"22b_2025-01-28 10-48-54_waggle_annotations.csv","10:48:54",-0.768844875814739,-0.639435342261763,2163,1,"","","",NA,NA,NA,NA,NA,NA,NA,NA,"20250128/2025-01-28 10-48-54.mkv","2025-01-28","22b_2025-01-28 10-48-54_10:48:54_2025-01-28","22b",2025-01-28 08:48:54,2025-01-28 10:48:54,71.8131781705124,70.164506454617,24.365133807133,-0.87703270915896,-50.250272729733,309.749727270267
11,"solar","",723,654,"22b_2025-01-28 10-48-54_waggle_annotations.csv","10:48:54",-0.228191322789328,-0.973616310567801,2269,1,"","","",NA,NA,NA,NA,NA,NA,NA,NA,"20250128/2025-01-28 10-48-54.mkv","2025-01-28","22b_2025-01-28 10-48-54_10:48:54_2025-01-28","22b",2025-01-28 08:48:54,2025-01-28 10:48:54,71.8131781705124,70.164506454617,24.365133807133,-0.230219587276847,-13.190610712207,346.809389287793
12,"solar","",699,673,"22b_2025-01-28 10-48-54_waggle_annotations.csv","10:48:54",-0.554700196225229,-0.832050294337844,2389,1,"","","",NA,NA,NA,NA,NA,NA,NA,NA,"20250128/2025-01-28 10-48-54.mkv","2025-01-28","22b_2025-01-28 10-48-54_10:48:54_2025-01-28","22b",2025-01-28 08:48:54,2025-01-28 10:48:54,71.8131781705124,70.164506454617,24.365133807133,-0.588002603547572,-33.69006752598,326.30993247402
13,"solar","",712,628,"22b_2025-01-28 10-48-54_waggle_annotations.csv","10:48:54",-0.336336396998156,-0.941741911594837,2507,1,"","","",NA,NA,NA,NA,NA,NA,NA,NA,"20250128/2025-01-28 10-48-54.mkv","2025-01-28","22b_2025-01-28 10-48-54_10:48:54_2025-01-28","22b",2025-01-28 08:48:54,2025-01-28 10:48:54,71.8131781705124,70.164506454617,24.365133807133,-0.343023940420698,-19.653824058053,340.346175941947
1,"solar","",776,812,"22b_2025-01-28 10-53-54_waggle_annotations.csv","10:53:54",0.996448291857375,-0.0842068979034401,1062,1,"","","",NA,NA,NA,NA,NA,NA,NA,NA,"20250128/2025-01-28 10-53-54.mkv","2025-01-28","22b_2025-01-28 10-53-54_10:53:54_2025-01-28","22b",2025-01-28 08:53:54,2025-01-28 10:53:54,70.2244888930539,71.2299198582093,22.7764445296746,1.48648959426869,85.1695800417101,85.1695800417101
2,"solar","",769,779,"22b_2025-01-28 10-53-54_waggle_annotations.csv","10:53:54",-0.552537162786636,0.833488262508654,1209,1,"","","",NA,NA,NA,NA,NA,NA,NA,NA,"20250128/2025-01-28 10-53-54.mkv","2025-01-28","22b_2025-01-28 10-53-54_10:53:54_2025-01-28","22b",2025-01-28 08:53:54,2025-01-28 10:53:54,70.2244888930539,71.2299198582093,22.7764445296746,-2.55618744679852,-146.458752345877,213.541247654123
3,"solar","",726,794,"22b_2025-01-28 10-53-54_waggle_annotations.csv","10:53:54",-0.3823517927263,0.924016832421891,1293,1,"","","",NA,NA,NA,NA,NA,NA,NA,NA,"20250128/2025-01-28 10-53-54.mkv","2025-01-28","22b_2025-01-28 10-53-54_10:53:54_2025-01-28","22b",2025-01-28 08:53:54,2025-01-28 10:53:54,70.2244888930539,71.2299198582093,22.7764445296746,-2.74925250937428,-157.520565602897,202.479434397103
4,"solar","",739,813,"22b_2025-01-28 10-53-54_waggle_annotations.csv","10:53:54",-0.615772523004787,-0.787923981049136,1395,1,"","","",NA,NA,NA,NA,NA,NA,NA,NA,"20250128/2025-01-28 10-53-54.mkv","2025-01-28","22b_2025-01-28 10-53-54_10:53:54_2025-01-28","22b",2025-01-28 08:53:54,2025-01-28 10:53:54,70.2244888930539,71.2299198582093,22.7764445296746,-0.663366045044447,-38.008074653332,321.991925346668
5,"solar","",745,820,"22b_2025-01-28 10-53-54_waggle_annotations.csv","10:53:54",0.778413039475329,-0.627752451189782,1463,1,"","","",NA,NA,NA,NA,NA,NA,NA,NA,"20250128/2025-01-28 10-53-54.mkv","2025-01-28","22b_2025-01-28 10-53-54_10:53:54_2025-01-28","22b",2025-01-28 08:53:54,2025-01-28 10:53:54,70.2244888930539,71.2299198582093,22.7764445296746,0.892133836046584,51.1155035662854,51.1155035662854
6,"solar","",731,825,"22b_2025-01-28 10-53-54_waggle_annotations.csv","10:53:54",0.803557193344746,-0.595227550625738,1557,1,"","","",NA,NA,NA,NA,NA,NA,NA,NA,"20250128/2025-01-28 10-53-54.mkv","2025-01-28","22b_2025-01-28 10-53-54_10:53:54_2025-01-28","22b",2025-01-28 08:53:54,2025-01-28 10:53:54,70.2244888930539,71.2299198582093,22.7764445296746,0.933247528656203,53.4711446330148,53.4711446330148
7,"solar","",758,843,"22b_2025-01-28 10-53-54_waggle_annotations.csv","10:53:54",0.989758258921878,-0.142753595036809,1752,1,"","","",NA,NA,NA,NA,NA,NA,NA,NA,"20250128/2025-01-28 10-53-54.mkv","2025-01-28","22b_2025-01-28 10-53-54_10:53:54_2025-01-28","22b",2025-01-28 08:53:54,2025-01-28 10:53:54,70.2244888930539,71.2299198582093,22.7764445296746,1.42755337798321,81.7927835880819,81.7927835880819
8,"solar","",791,881,"22b_2025-01-28 10-53-54_waggle_annotations.csv","10:53:54",0.832050294337844,-0.554700196225229,1866,1,"","","",NA,NA,NA,NA,NA,NA,NA,NA,"20250128/2025-01-28 10-53-54.mkv","2025-01-28","22b_2025-01-28 10-53-54_10:53:54_2025-01-28","22b",2025-01-28 08:53:54,2025-01-28 10:53:54,70.2244888930539,71.2299198582093,22.7764445296746,0.982793723247329,56.3099324740202,56.3099324740202
9,"solar","",783,866,"22b_2025-01-28 10-53-54_waggle_annotations.csv","10:53:54",0.984957024646314,0.172799478008125,1953,1,"","","",NA,NA,NA,NA,NA,NA,NA,NA,"20250128/2025-01-28 10-53-54.mkv","2025-01-28","22b_2025-01-28 10-53-54_10:53:54_2025-01-28","22b",2025-01-28 08:53:54,2025-01-28 10:53:54,70.2244888930539,71.2299198582093,22.7764445296746,1.74446752513647,99.9506266879516,99.9506266879516
10,"solar","",817,911,"22b_2025-01-28 10-53-54_waggle_annotations.csv","10:53:54",0.822730338093269,-0.568431869955349,2052,1,"","","",NA,NA,NA,NA,NA,NA,NA,NA,"20250128/2025-01-28 10-53-54.mkv","2025-01-28","22b_2025-01-28 10-53-54_10:53:54_2025-01-28","22b",2025-01-28 08:53:54,2025-01-28 10:53:54,70.2244888930539,71.2299198582093,22.7764445296746,0.966197736701419,55.3590524880837,55.3590524880837
11,"solar","",872,877,"22b_2025-01-28 10-53-54_waggle_annotations.csv","10:53:54",0.778753909083283,-0.627329537872645,2226,1,"","","",NA,NA,NA,NA,NA,NA,NA,NA,"20250128/2025-01-28 10-53-54.mkv","2025-01-28","22b_2025-01-28 10-53-54_10:53:54_2025-01-28","22b",2025-01-28 08:53:54,2025-01-28 10:53:54,70.2244888930539,71.2299198582093,22.7764445296746,0.892677019045852,51.1466256596467,51.1466256596467
1,"antisolar","",764,894,"22b_2025-01-28 14-56-08_waggle_annotations.csv","14:56:08",0.694135570584232,0.719844295420685,542,1,"","","",NA,NA,NA,NA,NA,NA,NA,NA,"20250128/2025-01-28 14-56-08.mkv","2025-01-28","22b_2025-01-28 14-56-08_14:56:08_2025-01-28","22b",2025-01-28 12:56:08,2025-01-28 14:56:08,272.321331690277,50.4894537317066,-135.126712673103,2.37437430526532,136.04162667601,136.04162667601
2,"antisolar","",779,850,"22b_2025-01-28 14-56-08_waggle_annotations.csv","14:56:08",0.744835335723058,0.66724832158524,655,1,"","","",NA,NA,NA,NA,NA,NA,NA,NA,"20250128/2025-01-28 14-56-08.mkv","2025-01-28","22b_2025-01-28 14-56-08_14:56:08_2025-01-28","22b",2025-01-28 12:56:08,2025-01-28 14:56:08,272.321331690277,50.4894537317066,-135.126712673103,2.30130462759819,131.855042535302,131.855042535302
1,"antisolar","",747,703,"22b_antisolar_2025-01-21 11-47-07_waggle_annotations.csv","11:47:07",0.191775405246661,0.981438838615264,398,1,"","","",NA,NA,NA,NA,NA,NA,NA,NA,"20250121/2025-01-21 11-47-07.mkv","2025-01-21","22b_antisolar_2025-01-21 11-47-07_11:47:07_2025-01-21","22b",2025-01-21 09:47:07,2025-01-21 11:47:07,38.8876214032342,82.686145445923,-8.56042296014513,2.94862184362423,168.943587019752,168.943587019752
2,"antisolar","",800,698,"22b_antisolar_2025-01-21 11-47-07_waggle_annotations.csv","11:47:07",0.0475651494154494,-0.998868137724438,449,1,"","","",NA,NA,NA,NA,NA,NA,NA,NA,"20250121/2025-01-21 11-47-07.mkv","2025-01-21","22b_antisolar_2025-01-21 11-47-07_11:47:07_2025-01-21","22b",2025-01-21 09:47:07,2025-01-21 11:47:07,38.8876214032342,82.686145445923,-8.56042296014513,0.0475831032769835,2.72631099390627,2.72631099390627
3,"antisolar","",732,678,"22b_antisolar_2025-01-21 11-47-07_waggle_annotations.csv","11:47:07",-0.518301716093344,0.855197831554018,549,1,"","","",NA,NA,NA,NA,NA,NA,NA,NA,"20250121/2025-01-21 11-47-07.mkv","2025-01-21","22b_antisolar_2025-01-21 11-47-07_11:47:07_2025-01-21","22b",2025-01-21 09:47:07,2025-01-21 11:47:07,38.8876214032342,82.686145445923,-8.56042296014513,-2.59672873813826,-148.781597235654,211.218402764346
4,"antisolar","",596,718,"22b_antisolar_2025-01-21 11-47-07_waggle_annotations.csv","11:47:07",-0.540757591313499,0.841178475376554,631,1,"","","",NA,NA,NA,NA,NA,NA,NA,NA,"20250121/2025-01-21 11-47-07.mkv","2025-01-21","22b_antisolar_2025-01-21 11-47-07_11:47:07_2025-01-21","22b",2025-01-21 09:47:07,2025-01-21 11:47:07,38.8876214032342,82.686145445923,-8.56042296014513,-2.57025517375616,-147.264773727892,212.735226272108
5,"antisolar","",686,812,"22b_antisolar_2025-01-21 11-47-07_waggle_annotations.csv","11:47:07",0.0475651494154494,-0.998868137724438,940,1,"","","",NA,NA,NA,NA,NA,NA,NA,NA,"20250121/2025-01-21 11-47-07.mkv","2025-01-21","22b_antisolar_2025-01-21 11-47-07_11:47:07_2025-01-21","22b",2025-01-21 09:47:07,2025-01-21 11:47:07,38.8876214032342,82.686145445923,-8.56042296014513,0.0475831032769835,2.72631099390627,2.72631099390627
6,"antisolar","",687,784,"22b_antisolar_2025-01-21 11-47-07_waggle_annotations.csv","11:47:07",-0.476763040377887,-0.879031855696728,1051,1,"","","",NA,NA,NA,NA,NA,NA,NA,NA,"20250121/2025-01-21 11-47-07.mkv","2025-01-21","22b_antisolar_2025-01-21 11-47-07_11:47:07_2025-01-21","22b",2025-01-21 09:47:07,2025-01-21 11:47:07,38.8876214032342,82.686145445923,-8.56042296014513,-0.496968604879047,-28.474203610074,331.525796389926
7,"antisolar","",681,757,"22b_antisolar_2025-01-21 11-47-07_waggle_annotations.csv","11:47:07",0.999800059980007,-0.0199960011996001,1131,1,"","","",NA,NA,NA,NA,NA,NA,NA,NA,"20250121/2025-01-21 11-47-07.mkv","2025-01-21","22b_antisolar_2025-01-21 11-47-07_11:47:07_2025-01-21","22b",2025-01-21 09:47:07,2025-01-21 11:47:07,38.8876214032342,82.686145445923,-8.56042296014513,1.55079899282175,88.8542371618249,88.8542371618249
8,"antisolar","",698,732,"22b_antisolar_2025-01-21 11-47-07_waggle_annotations.csv","11:47:07",-0.936329177569045,0.351123441588392,1299,1,"","","",NA,NA,NA,NA,NA,NA,NA,NA,"20250121/2025-01-21 11-47-07.mkv","2025-01-21","22b_antisolar_2025-01-21 11-47-07_11:47:07_2025-01-21","22b",2025-01-21 09:47:07,2025-01-21 11:47:07,38.8876214032342,82.686145445923,-8.56042296014513,-1.92956699706546,-110.556045219583,249.443954780417
9,"antisolar","",717,699,"22b_antisolar_2025-01-21 11-47-07_waggle_annotations.csv","11:47:07",-0.198846786199029,-0.980030589123787,1404,1,"","","",NA,NA,NA,NA,NA,NA,NA,NA,"20250121/2025-01-21 11-47-07.mkv","2025-01-21","22b_antisolar_2025-01-21 11-47-07_11:47:07_2025-01-21","22b",2025-01-21 09:47:07,2025-01-21 11:47:07,38.8876214032342,82.686145445923,-8.56042296014513,-0.20018106796589,-11.469530332867,348.530469667133
10,"antisolar","",700,723,"22b_antisolar_2025-01-21 11-47-07_waggle_annotations.csv","11:47:07",0.23162052730604,0.972806214685367,1527,1,"","","",NA,NA,NA,NA,NA,NA,NA,NA,"20250121/2025-01-21 11-47-07.mkv","2025-01-21","22b_antisolar_2025-01-21 11-47-07_11:47:07_2025-01-21","22b",2025-01-21 09:47:07,2025-01-21 11:47:07,38.8876214032342,82.686145445923,-8.56042296014513,2.90784947272089,166.607502246249,166.607502246249
11,"antisolar","",783,688,"22b_antisolar_2025-01-21 11-47-07_waggle_annotations.csv","11:47:07",-0.989949493661167,0.14142135623731,1655,1,"","","",NA,NA,NA,NA,NA,NA,NA,NA,"20250121/2025-01-21 11-47-07.mkv","2025-01-21","22b_antisolar_2025-01-21 11-47-07_11:47:07_2025-01-21","22b",2025-01-21 09:47:07,2025-01-21 11:47:07,38.8876214032342,82.686145445923,-8.56042296014513,-1.71269338139906,-98.130102354156,261.869897645844
12,"antisolar","",704,506,"22b_antisolar_2025-01-21 11-47-07_waggle_annotations.csv","11:47:07",-0.489141638229514,-0.87220436696347,1792,1,"","","",NA,NA,NA,NA,NA,NA,NA,NA,"20250121/2025-01-21 11-47-07.mkv","2025-01-21","22b_antisolar_2025-01-21 11-47-07_11:47:07_2025-01-21","22b",2025-01-21 09:47:07,2025-01-21 11:47:07,38.8876214032342,82.686145445923,-8.56042296014513,-0.511105351867262,-29.284179548543,330.715820451457
1,"solar","",813,595,"22b_solar_2025-01-21 12-03-51_waggle_annotations.csv","12:03:51",0.0161269347182601,0.999869952532125,1900,1,"","","",NA,NA,NA,NA,NA,NA,NA,NA,"20250121/2025-01-21 12-03-51.mkv","2025-01-21","22b_solar_2025-01-21 12-03-51_12:03:51_2025-01-21","22b",2025-01-21 10:03:51,2025-01-21 12:03:51,6.44020258641498,84.1909223733668,-41.0078417769644,3.12546501974615,179.075954647227,179.075954647227
2,"solar","",803,594,"22b_solar_2025-01-21 12-03-51_waggle_annotations.csv","12:03:51",0.52999894000318,-0.847998304005088,1997,1,"","","",NA,NA,NA,NA,NA,NA,NA,NA,"20250121/2025-01-21 12-03-51.mkv","2025-01-21","22b_solar_2025-01-21 12-03-51_12:03:51_2025-01-21","22b",2025-01-21 10:03:51,2025-01-21 12:03:51,6.44020258641498,84.1909223733668,-41.0078417769644,0.558599315343563,32.0053832080835,32.0053832080835
3,"solar","",800,547,"22b_solar_2025-01-21 12-03-51_waggle_annotations.csv","12:03:51",-0.997054485501582,-0.076696498884737,2040,1,"","","",NA,NA,NA,NA,NA,NA,NA,NA,"20250121/2025-01-21 12-03-51.mkv","2025-01-21","22b_solar_2025-01-21 12-03-51_12:03:51_2025-01-21","22b",2025-01-21 10:03:51,2025-01-21 12:03:51,6.44020258641498,84.1909223733668,-41.0078417769644,-1.49402443552511,-85.601294645004,274.398705354996
4,"solar","",838,524,"22b_solar_2025-01-21 12-03-51_waggle_annotations.csv","12:03:51",-0.864507186684193,-0.502620457374531,2105,1,"","","",NA,NA,NA,NA,NA,NA,NA,NA,"20250121/2025-01-21 12-03-51.mkv","2025-01-21","22b_solar_2025-01-21 12-03-51_12:03:51_2025-01-21","22b",2025-01-21 10:03:51,2025-01-21 12:03:51,6.44020258641498,84.1909223733668,-41.0078417769644,-1.04416905536115,-59.826479970356,300.173520029644
5,"solar","",831,538,"22b_solar_2025-01-21 12-03-51_waggle_annotations.csv","12:03:51",-0.629198228667965,-0.777244870707486,2172,1,"","","",NA,NA,NA,NA,NA,NA,NA,NA,"20250121/2025-01-21 12-03-51.mkv","2025-01-21","22b_solar_2025-01-21 12-03-51_12:03:51_2025-01-21","22b",2025-01-21 10:03:51,2025-01-21 12:03:51,6.44020258641498,84.1909223733668,-41.0078417769644,-0.680521224667207,-38.990994042505,321.009005957495
6,"solar","",797,531,"22b_solar_2025-01-21 12-03-51_waggle_annotations.csv","12:03:51",-0.278058076541057,0.960564264414562,2195,1,"","","",NA,NA,NA,NA,NA,NA,NA,NA,"20250121/2025-01-21 12-03-51.mkv","2025-01-21","22b_solar_2025-01-21 12-03-51_12:03:51_2025-01-21","22b",2025-01-21 10:03:51,2025-01-21 12:03:51,6.44020258641498,84.1909223733668,-41.0078417769644,-2.85982078631645,-163.855661219717,196.144338780283
7,"solar","",868,581,"22b_solar_2025-01-21 12-03-51_waggle_annotations.csv","12:03:51",0.554700196225229,0.832050294337844,2265,1,"","","",NA,NA,NA,NA,NA,NA,NA,NA,"20250121/2025-01-21 12-03-51.mkv","2025-01-21","22b_solar_2025-01-21 12-03-51_12:03:51_2025-01-21","22b",2025-01-21 10:03:51,2025-01-21 12:03:51,6.44020258641498,84.1909223733668,-41.0078417769644,2.55359005004222,146.30993247402,146.30993247402
8,"solar","",835,560,"22b_solar_2025-01-21 12-03-51_waggle_annotations.csv","12:03:51",-0.630592625094466,0.776114000116266,2339,1,"","","",NA,NA,NA,NA,NA,NA,NA,NA,"20250121/2025-01-21 12-03-51.mkv","2025-01-21","22b_solar_2025-01-21 12-03-51_12:03:51_2025-01-21","22b",2025-01-21 10:03:51,2025-01-21 12:03:51,6.44020258641498,84.1909223733668,-41.0078417769644,-2.45927609871504,-140.90614111377,219.09385888623
9,"solar","",856,593,"22b_solar_2025-01-21 12-03-51_waggle_annotations.csv","12:03:51",-0.97439119569462,0.224859506698758,2440,1,"","","",NA,NA,NA,NA,NA,NA,NA,NA,"20250121/2025-01-21 12-03-51.mkv","2025-01-21","22b_solar_2025-01-21 12-03-51_12:03:51_2025-01-21","22b",2025-01-21 10:03:51,2025-01-21 12:03:51,6.44020258641498,84.1909223733668,-41.0078417769644,-1.79759517484877,-102.994616791916,257.005383208084
10,"solar","",812,582,"22b_solar_2025-01-21 12-03-51_waggle_annotations.csv","12:03:51",0,1,2529,1,"","","",NA,NA,NA,NA,NA,NA,NA,NA,"20250121/2025-01-21 12-03-51.mkv","2025-01-21","22b_solar_2025-01-21 12-03-51_12:03:51_2025-01-21","22b",2025-01-21 10:03:51,2025-01-21 12:03:51,6.44020258641498,84.1909223733668,-41.0078417769644,3.14159265358979,180,180
11,"solar","",841,604,"22b_solar_2025-01-21 12-03-51_waggle_annotations.csv","12:03:51",0.980993105174429,-0.194042592232305,2556,1,"","","",NA,NA,NA,NA,NA,NA,NA,NA,"20250121/2025-01-21 12-03-51.mkv","2025-01-21","22b_solar_2025-01-21 12-03-51_12:03:51_2025-01-21","22b",2025-01-21 10:03:51,2025-01-21 12:03:51,6.44020258641498,84.1909223733668,-41.0078417769644,1.3755149287,78.8112000717482,78.8112000717482
12,"solar","",845,629,"22b_solar_2025-01-21 12-03-51_waggle_annotations.csv","12:03:51",-0.966561557861778,0.256434699024553,2601,1,"","","",NA,NA,NA,NA,NA,NA,NA,NA,"20250121/2025-01-21 12-03-51.mkv","2025-01-21","22b_solar_2025-01-21 12-03-51_12:03:51_2025-01-21","22b",2025-01-21 10:03:51,2025-01-21 12:03:51,6.44020258641498,84.1909223733668,-41.0078417769644,-1.83012807119559,-104.858614447925,255.141385552075
13,"solar","",837,555,"22b_solar_2025-01-21 12-03-51_waggle_annotations.csv","12:03:51",-0.507020126563394,0.86193421515777,2715,1,"","","",NA,NA,NA,NA,NA,NA,NA,NA,"20250121/2025-01-21 12-03-51.mkv","2025-01-21","22b_solar_2025-01-21 12-03-51_12:03:51_2025-01-21","22b",2025-01-21 10:03:51,2025-01-21 12:03:51,6.44020258641498,84.1909223733668,-41.0078417769644,-2.60986858633099,-149.53445508054,210.46554491946
14,"solar","",818,566,"22b_solar_2025-01-21 12-03-51_waggle_annotations.csv","12:03:51",-0.739342381478786,-0.673329668846752,2741,1,"","","",NA,NA,NA,NA,NA,NA,NA,NA,"20250121/2025-01-21 12-03-51.mkv","2025-01-21","22b_solar_2025-01-21 12-03-51_12:03:51_2025-01-21","22b",2025-01-21 10:03:51,2025-01-21 12:03:51,6.44020258641498,84.1909223733668,-41.0078417769644,-0.832093167440777,-47.675426656029,312.324573343971
15,"solar","",841,609,"22b_solar_2025-01-21 12-03-51_waggle_annotations.csv","12:03:51",0.263117405792109,0.964763821237732,2837,1,"","","",NA,NA,NA,NA,NA,NA,NA,NA,"20250121/2025-01-21 12-03-51.mkv","2025-01-21","22b_solar_2025-01-21 12-03-51_12:03:51_2025-01-21","22b",2025-01-21 10:03:51,2025-01-21 12:03:51,6.44020258641498,84.1909223733668,-41.0078417769644,2.87534060443886,164.744881296942,164.744881296942
16,"solar","",791,586,"22b_solar_2025-01-21 12-03-51_waggle_annotations.csv","12:03:51",0.417905608232144,0.908490452678575,2959,1,"","","",NA,NA,NA,NA,NA,NA,NA,NA,"20250121/2025-01-21 12-03-51.mkv","2025-01-21","22b_solar_2025-01-21 12-03-51_12:03:51_2025-01-21","22b",2025-01-21 10:03:51,2025-01-21 12:03:51,6.44020258641498,84.1909223733668,-41.0078417769644,2.71045391287102,155.297569772229,155.297569772229
17,"solar","",721,643,"22b_solar_2025-01-21 12-03-51_waggle_annotations.csv","12:03:51",-0.361527854490872,0.932361308950145,3163,1,"","","",NA,NA,NA,NA,NA,NA,NA,NA,"20250121/2025-01-21 12-03-51.mkv","2025-01-21","22b_solar_2025-01-21 12-03-51_12:03:51_2025-01-21","22b",2025-01-21 10:03:51,2025-01-21 12:03:51,6.44020258641498,84.1909223733668,-41.0078417769644,-2.77168658613324,-158.805943518458,201.194056481542
18,"solar","",881,686,"22b_solar_2025-01-21 12-03-51_waggle_annotations.csv","12:03:51",-0.0885397902837944,0.996072640692686,3262,1,"","","",NA,NA,NA,NA,NA,NA,NA,NA,"20250121/2025-01-21 12-03-51.mkv","2025-01-21","22b_solar_2025-01-21 12-03-51_12:03:51_2025-01-21","22b",2025-01-21 10:03:51,2025-01-21 12:03:51,6.44020258641498,84.1909223733668,-41.0078417769644,-3.05293677172235,-174.920392139985,185.079607860015
