recording_type,source_batch,dance_key,dance_id,bee_id,date,time_dance,condition,orientation_method,waggle_run,csv_file,video_name,direction_u,direction_v,video_angle_deg,true_north_video_deg,waggle_true_bearing_deg,mean_magnetic_north_deg,true_north_calibration_deg,compass_circular_sd_deg,calibration_n_annotations,calibration_quality_flag,reference_compass_file,assigned_calibration_file,calibration_id,calibration_file,reference_landmark_file,landmark_dance_file,landmark_calibration_deg,landmark_calibration_circular_sd_deg,north_relative_to_landmark_deg,landmark_dance_video_deg,landmark_dance_circular_sd_deg,start_x,start_y,start_xy,start_frame,notes,calibration_R,declination_deg
tilted,tilted_20250127,tilted_20250127__20y__20y_00035,20y_00035,20y,20250127,15:28:00,10_deg,landmark_transfer,1,20y_00035_waggle_annotations.csv,/media/geko/VERBATIM HD/SA2025_dances/George/mp4/20250127/00035.mp4,-0.99905615835506,0.0434372242763069,267.510447078001,226.662686519061,40.8477605589396,202.25403934949,223.52403934949,1.71364465517214,10,ok,20250127/5_deg/27_calibration_00038.csv,20250127/5_deg/27_calibration_00038.csv,27_calibration_00038,20250127/5_deg/27_calibration_00038.csv,20250127/5_deg/27_landmark_calibration_00038.csv,20250127/10_deg/27_landmark_00035.csv,269.174412423879,0.987693088967407,314.349626925611,272.31305959345,0.990408551152685,1618,866,"(1618, 866)",76,,,-21.27
tilted,tilted_20250127,tilted_20250127__20y__20y_00035,20y_00035,20y,20250127,15:28:00,10_deg,landmark_transfer,2,20y_00035_waggle_annotations.csv,/media/geko/VERBATIM HD/SA2025_dances/George/mp4/20250127/00035.mp4,-0.945686599304867,0.325079768511048,251.029592191513,226.662686519061,24.3669056724522,202.25403934949,223.52403934949,1.71364465517214,10,ok,20250127/5_deg/27_calibration_00038.csv,20250127/5_deg/27_calibration_00038.csv,27_calibration_00038,20250127/5_deg/27_calibration_00038.csv,20250127/5_deg/27_landmark_calibration_00038.csv,20250127/10_deg/27_landmark_00035.csv,269.174412423879,0.987693088967407,314.349626925611,272.31305959345,0.990408551152685,1596,930,"(1596, 930)",135,,,-21.27
tilted,tilted_20250127,tilted_20250127__20y__20y_00035,20y_00035,20y,20250127,15:28:00,10_deg,landmark_transfer,3,20y_00035_waggle_annotations.csv,/media/geko/VERBATIM HD/SA2025_dances/George/mp4/20250127/00035.mp4,-0.99813103356522,-0.0611100632795033,273.503531644784,226.662686519061,46.8408451257232,202.25403934949,223.52403934949,1.71364465517214,10,ok,20250127/5_deg/27_calibration_00038.csv,20250127/5_deg/27_calibration_00038.csv,27_calibration_00038,20250127/5_deg/27_calibration_00038.csv,20250127/5_deg/27_landmark_calibration_00038.csv,20250127/10_deg/27_landmark_00035.csv,269.174412423879,0.987693088967407,314.349626925611,272.31305959345,0.990408551152685,1616,830,"(1616, 830)",178,,,-21.27
tilted,tilted_20250127,tilted_20250127__20y__20y_00051,20y_00051,20y,20250127,17:55:00,10_deg,direct_compass,1,20y_00051_waggle_annotations.csv,/media/geko/VERBATIM HD/SA2025_dances/George/mp4/20250127/00051.mp4,-0.932923130042579,-0.360075594051522,291.10483858493,258.9755918004,32.1292467845298,237.7055918004,258.9755918004,1.88076572097392,10,ok,20250127/10_deg/27_calibration_00050.csv,20250127/10_deg/27_calibration_00050.csv,27_calibration_00050,20250127/10_deg/27_calibration_00050.csv,,,,,,,,1299,889,"(1299, 889)",659,,,-21.27
tilted,tilted_20250127,tilted_20250127__20y__20y_00051,20y_00051,20y,20250127,17:55:00,10_deg,direct_compass,2,20y_00051_waggle_annotations.csv,/media/geko/VERBATIM HD/SA2025_dances/George/mp4/20250127/00051.mp4,-0.991534461322152,0.129843798506472,262.539433873832,258.9755918004,3.56384207343177,237.7055918004,258.9755918004,1.88076572097392,10,ok,20250127/10_deg/27_calibration_00050.csv,20250127/10_deg/27_calibration_00050.csv,27_calibration_00050,20250127/10_deg/27_calibration_00050.csv,,,,,,,,1328,901,"(1328, 901)",737,,,-21.27
tilted,tilted_20250127,tilted_20250127__20y__20y_00051,20y_00051,20y,20250127,17:55:00,10_deg,direct_compass,3,20y_00051_waggle_annotations.csv,/media/geko/VERBATIM HD/SA2025_dances/George/mp4/20250127/00051.mp4,-0.97439119569462,0.224859506698758,257.005383208084,258.9755918004,358.029791407684,237.7055918004,258.9755918004,1.88076572097392,10,ok,20250127/10_deg/27_calibration_00050.csv,20250127/10_deg/27_calibration_00050.csv,27_calibration_00050,20250127/10_deg/27_calibration_00050.csv,,,,,,,,1335,884,"(1335, 884)",783,,,-21.27
tilted,tilted_20250127,tilted_20250127__20y__20y_00051,20y_00051,20y,20250127,17:55:00,10_deg,direct_compass,4,20y_00051_waggle_annotations.csv,/media/geko/VERBATIM HD/SA2025_dances/George/mp4/20250127/00051.mp4,-0.99714268802795,0.0755411127293902,265.667686016812,258.9755918004,6.69209421641165,237.7055918004,258.9755918004,1.88076572097392,10,ok,20250127/10_deg/27_calibration_00050.csv,20250127/10_deg/27_calibration_00050.csv,27_calibration_00050,20250127/10_deg/27_calibration_00050.csv,,,,,,,,1348,939,"(1348, 939)",841,,,-21.27
tilted,tilted_20250127,tilted_20250127__20y__20y_00051,20y_00051,20y,20250127,17:55:00,10_deg,direct_compass,5,20y_00051_waggle_annotations.csv,/media/geko/VERBATIM HD/SA2025_dances/George/mp4/20250127/00051.mp4,-0.966705227861512,0.255892560316283,255.173520029644,258.9755918004,356.197928229244,237.7055918004,258.9755918004,1.88076572097392,10,ok,20250127/10_deg/27_calibration_00050.csv,20250127/10_deg/27_calibration_00050.csv,27_calibration_00050,20250127/10_deg/27_calibration_00050.csv,,,,,,,,1344,979,"(1344, 979)",2807,,,-21.27
tilted,tilted_20250127,tilted_20250127__20y__20y_00051,20y_00051,20y,20250127,17:55:00,10_deg,direct_compass,6,20y_00051_waggle_annotations.csv,/media/geko/VERBATIM HD/SA2025_dances/George/mp4/20250127/00051.mp4,-0.51107539287715,0.859535888020661,210.73548770192,258.9755918004,311.75989590152,237.7055918004,258.9755918004,1.88076572097392,10,ok,20250127/10_deg/27_calibration_00050.csv,20250127/10_deg/27_calibration_00050.csv,27_calibration_00050,20250127/10_deg/27_calibration_00050.csv,,,,,,,,1362,991,"(1362, 991)",2842,,,-21.27
tilted,tilted_20250127,tilted_20250127__20y__20y_00053,20y_00053,20y,20250127,17:58:00,10_deg,direct_compass,1,20y_00053_waggle_annotations.csv,/media/geko/VERBATIM HD/SA2025_dances/George/mp4/20250127/00053.mp4,-0.915519454023033,0.402273699494969,246.279604427695,258.9755918004,347.304012627296,237.7055918004,258.9755918004,1.88076572097392,10,ok,20250127/10_deg/27_calibration_00050.csv,20250127/10_deg/27_calibration_00050.csv,27_calibration_00050,20250127/10_deg/27_calibration_00050.csv,,,,,,,,1364,975,"(1364, 975)",181,,,-21.27
tilted,tilted_20250127,tilted_20250127__20y__20y_00053,20y_00053,20y,20250127,17:58:00,10_deg,direct_compass,2,20y_00053_waggle_annotations.csv,/media/geko/VERBATIM HD/SA2025_dances/George/mp4/20250127/00053.mp4,-0.974612694662195,0.22389751093591,257.061943682814,258.9755918004,358.086351882414,237.7055918004,258.9755918004,1.88076572097392,10,ok,20250127/10_deg/27_calibration_00050.csv,20250127/10_deg/27_calibration_00050.csv,27_calibration_00050,20250127/10_deg/27_calibration_00050.csv,,,,,,,,1320,953,"(1320, 953)",219,,,-21.27
tilted,tilted_20250127,tilted_20250127__20y__20y_00053,20y_00053,20y,20250127,17:58:00,10_deg,direct_compass,3,20y_00053_waggle_annotations.csv,/media/geko/VERBATIM HD/SA2025_dances/George/mp4/20250127/00053.mp4,-0.94299033358289,0.332820117735138,250.559965171824,258.9755918004,351.584373371424,237.7055918004,258.9755918004,1.88076572097392,10,ok,20250127/10_deg/27_calibration_00050.csv,20250127/10_deg/27_calibration_00050.csv,27_calibration_00050,20250127/10_deg/27_calibration_00050.csv,,,,,,,,1325,983,"(1325, 983)",314,,,-21.27
tilted,tilted_20250127,tilted_20250127__47y__47y_00052,47y_00052,47y,20250127,17:58:00,10_deg,direct_compass,1,47y_00052_waggle_annotations.csv,/media/geko/VERBATIM HD/SA2025_dances/George/mp4/20250127/00052.mp4,-0.820398166769987,0.571792661688173,235.124671655398,258.9755918004,336.149079854998,237.7055918004,258.9755918004,1.88076572097392,10,ok,20250127/10_deg/27_calibration_00050.csv,20250127/10_deg/27_calibration_00050.csv,27_calibration_00050,20250127/10_deg/27_calibration_00050.csv,,,,,,,,1060,988,"(1060, 988)",50,,,-21.27
tilted,tilted_20250127,tilted_20250127__47y__47y_00052,47y_00052,47y,20250127,17:58:00,10_deg,direct_compass,2,47y_00052_waggle_annotations.csv,/media/geko/VERBATIM HD/SA2025_dances/George/mp4/20250127/00052.mp4,-0.843661487732108,0.536875492193159,237.528807709152,258.9755918004,338.553215908752,237.7055918004,258.9755918004,1.88076572097392,10,ok,20250127/10_deg/27_calibration_00050.csv,20250127/10_deg/27_calibration_00050.csv,27_calibration_00050,20250127/10_deg/27_calibration_00050.csv,,,,,,,,1045,986,"(1045, 986)",104,,,-21.27
tilted,tilted_20250127,tilted_20250127__47y__47y_00052,47y_00052,47y,20250127,17:58:00,10_deg,direct_compass,3,47y_00052_waggle_annotations.csv,/media/geko/VERBATIM HD/SA2025_dances/George/mp4/20250127/00052.mp4,-0.148340452930245,0.988936352868298,188.530765609948,258.9755918004,289.555173809548,237.7055918004,258.9755918004,1.88076572097392,10,ok,20250127/10_deg/27_calibration_00050.csv,20250127/10_deg/27_calibration_00050.csv,27_calibration_00050,20250127/10_deg/27_calibration_00050.csv,,,,,,,,1073,993,"(1073, 993)",166,,,-21.27
tilted,tilted_20250127,tilted_20250127__47y__47y_00052,47y_00052,47y,20250127,17:58:00,10_deg,direct_compass,4,47y_00052_waggle_annotations.csv,/media/geko/VERBATIM HD/SA2025_dances/George/mp4/20250127/00052.mp4,-0.862697970097658,0.50571949971242,239.620873988632,258.9755918004,340.645282188232,237.7055918004,258.9755918004,1.88076572097392,10,ok,20250127/10_deg/27_calibration_00050.csv,20250127/10_deg/27_calibration_00050.csv,27_calibration_00050,20250127/10_deg/27_calibration_00050.csv,,,,,,,,1075,972,"(1075, 972)",214,,,-21.27
tilted,tilted_20250127,tilted_20250127__47y__47y_00052,47y_00052,47y,20250127,17:58:00,10_deg,direct_compass,5,47y_00052_waggle_annotations.csv,/media/geko/VERBATIM HD/SA2025_dances/George/mp4/20250127/00052.mp4,-0.584304725845076,0.811534341451494,215.753887254437,258.9755918004,316.778295454037,237.7055918004,258.9755918004,1.88076572097392,10,ok,20250127/10_deg/27_calibration_00050.csv,20250127/10_deg/27_calibration_00050.csv,27_calibration_00050,20250127/10_deg/27_calibration_00050.csv,,,,,,,,1085,980,"(1085, 980)",263,,,-21.27
tilted,tilted_20250127,tilted_20250127__47y__47y_00052,47y_00052,47y,20250127,17:58:00,10_deg,direct_compass,6,47y_00052_waggle_annotations.csv,/media/geko/VERBATIM HD/SA2025_dances/George/mp4/20250127/00052.mp4,-0.754605522163505,0.656178714924787,228.99091309843,258.9755918004,330.01532129803,237.7055918004,258.9755918004,1.88076572097392,10,ok,20250127/10_deg/27_calibration_00050.csv,20250127/10_deg/27_calibration_00050.csv,27_calibration_00050,20250127/10_deg/27_calibration_00050.csv,,,,,,,,1108,995,"(1108, 995)",318,,,-21.27
tilted,tilted_20250127,tilted_20250127__47y__47y_00052,47y_00052,47y,20250127,17:58:00,10_deg,direct_compass,7,47y_00052_waggle_annotations.csv,/media/geko/VERBATIM HD/SA2025_dances/George/mp4/20250127/00052.mp4,-0.925546956205677,0.378632845720504,247.750976342788,258.9755918004,348.775384542388,237.7055918004,258.9755918004,1.88076572097392,10,ok,20250127/10_deg/27_calibration_00050.csv,20250127/10_deg/27_calibration_00050.csv,27_calibration_00050,20250127/10_deg/27_calibration_00050.csv,,,,,,,,1098,961,"(1098, 961)",378,,,-21.27
tilted,tilted_20250127,tilted_20250127__47y__47y_00052,47y_00052,47y,20250127,17:58:00,10_deg,direct_compass,8,47y_00052_waggle_annotations.csv,/media/geko/VERBATIM HD/SA2025_dances/George/mp4/20250127/00052.mp4,-0.784415591570885,0.620235584032792,231.666659890901,258.9755918004,332.691068090502,237.7055918004,258.9755918004,1.88076572097392,10,ok,20250127/10_deg/27_calibration_00050.csv,20250127/10_deg/27_calibration_00050.csv,27_calibration_00050,20250127/10_deg/27_calibration_00050.csv,,,,,,,,1110,985,"(1110, 985)",429,,,-21.27
tilted,tilted_20250127,tilted_20250127__47y__47y_00052,47y_00052,47y,20250127,17:58:00,10_deg,direct_compass,9,47y_00052_waggle_annotations.csv,/media/geko/VERBATIM HD/SA2025_dances/George/mp4/20250127/00052.mp4,-0.78086880944303,0.624695047554424,231.34019174591,258.9755918004,332.36459994551,237.7055918004,258.9755918004,1.88076572097392,10,ok,20250127/10_deg/27_calibration_00050.csv,20250127/10_deg/27_calibration_00050.csv,27_calibration_00050,20250127/10_deg/27_calibration_00050.csv,,,,,,,,1100,988,"(1100, 988)",472,,,-21.27
tilted,tilted_20250127,tilted_20250127__47y__47y_00052,47y_00052,47y,20250127,17:58:00,10_deg,direct_compass,10,47y_00052_waggle_annotations.csv,/media/geko/VERBATIM HD/SA2025_dances/George/mp4/20250127/00052.mp4,-0.973616310567801,0.228191322789328,256.809389287793,258.9755918004,357.833797487393,237.7055918004,258.9755918004,1.88076572097392,10,ok,20250127/10_deg/27_calibration_00050.csv,20250127/10_deg/27_calibration_00050.csv,27_calibration_00050,20250127/10_deg/27_calibration_00050.csv,,,,,,,,1113,989,"(1113, 989)",575,,,-21.27
tilted,tilted_20250127,tilted_20250127__47y__47y_00052,47y_00052,47y,20250127,17:58:00,10_deg,direct_compass,11,47y_00052_waggle_annotations.csv,/media/geko/VERBATIM HD/SA2025_dances/George/mp4/20250127/00052.mp4,-0.242535625036333,0.970142500145332,194.036243467926,258.9755918004,295.060651667527,237.7055918004,258.9755918004,1.88076572097392,10,ok,20250127/10_deg/27_calibration_00050.csv,20250127/10_deg/27_calibration_00050.csv,27_calibration_00050,20250127/10_deg/27_calibration_00050.csv,,,,,,,,1053,988,"(1053, 988)",630,,,-21.27
tilted,tilted_20250127,tilted_20250127__47y__47y_00052,47y_00052,47y,20250127,17:58:00,10_deg,direct_compass,12,47y_00052_waggle_annotations.csv,/media/geko/VERBATIM HD/SA2025_dances/George/mp4/20250127/00052.mp4,-0.987762965329069,0.155962573473011,261.027373385104,258.9755918004,2.05178158470375,237.7055918004,258.9755918004,1.88076572097392,10,ok,20250127/10_deg/27_calibration_00050.csv,20250127/10_deg/27_calibration_00050.csv,27_calibration_00050,20250127/10_deg/27_calibration_00050.csv,,,,,,,,1102,968,"(1102, 968)",776,,,-21.27
tilted,tilted_20250127,tilted_20250127__47y__47y_00052,47y_00052,47y,20250127,17:58:00,10_deg,direct_compass,13,47y_00052_waggle_annotations.csv,/media/geko/VERBATIM HD/SA2025_dances/George/mp4/20250127/00052.mp4,-0.29221853559902,0.956351571051339,196.990823291986,258.9755918004,298.015231491586,237.7055918004,258.9755918004,1.88076572097392,10,ok,20250127/10_deg/27_calibration_00050.csv,20250127/10_deg/27_calibration_00050.csv,27_calibration_00050,20250127/10_deg/27_calibration_00050.csv,,,,,,,,1078,989,"(1078, 989)",825,,,-21.27
tilted,tilted_20250127,tilted_20250127__47y__47y_00052,47y_00052,47y,20250127,17:58:00,10_deg,direct_compass,14,47y_00052_waggle_annotations.csv,/media/geko/VERBATIM HD/SA2025_dances/George/mp4/20250127/00052.mp4,-0.850797997359292,0.525492880721916,238.298570330494,258.9755918004,339.322978530094,237.7055918004,258.9755918004,1.88076572097392,10,ok,20250127/10_deg/27_calibration_00050.csv,20250127/10_deg/27_calibration_00050.csv,27_calibration_00050,20250127/10_deg/27_calibration_00050.csv,,,,,,,,1126,987,"(1126, 987)",880,,,-21.27
tilted,tilted_20250127,tilted_20250127__47y__47y_00052,47y_00052,47y,20250127,17:58:00,10_deg,direct_compass,15,47y_00052_waggle_annotations.csv,/media/geko/VERBATIM HD/SA2025_dances/George/mp4/20250127/00052.mp4,-0.943312390837391,0.331906211590934,250.615484320642,258.9755918004,351.639892520242,237.7055918004,258.9755918004,1.88076572097392,10,ok,20250127/10_deg/27_calibration_00050.csv,20250127/10_deg/27_calibration_00050.csv,27_calibration_00050,20250127/10_deg/27_calibration_00050.csv,,,,,,,,1142,963,"(1142, 963)",921,,,-21.27
tilted,tilted_20250127,tilted_20250127__47y__47y_00052,47y_00052,47y,20250127,17:58:00,10_deg,direct_compass,16,47y_00052_waggle_annotations.csv,/media/geko/VERBATIM HD/SA2025_dances/George/mp4/20250127/00052.mp4,-0.991098234868642,-0.133132598713698,277.650650955359,258.9755918004,18.6750591549596,237.7055918004,258.9755918004,1.88076572097392,10,ok,20250127/10_deg/27_calibration_00050.csv,20250127/10_deg/27_calibration_00050.csv,27_calibration_00050,20250127/10_deg/27_calibration_00050.csv,,,,,,,,1147,947,"(1147, 947)",1011,,,-21.27
tilted,tilted_20250127,tilted_20250127__47y__47y_00052,47y_00052,47y,20250127,17:58:00,10_deg,direct_compass,17,47y_00052_waggle_annotations.csv,/media/geko/VERBATIM HD/SA2025_dances/George/mp4/20250127/00052.mp4,-0.943599982132881,0.331087713029081,250.665191462174,258.9755918004,351.689599661774,237.7055918004,258.9755918004,1.88076572097392,10,ok,20250127/10_deg/27_calibration_00050.csv,20250127/10_deg/27_calibration_00050.csv,27_calibration_00050,20250127/10_deg/27_calibration_00050.csv,,,,,,,,1175,967,"(1175, 967)",1107,,,-21.27
tilted,tilted_20250127,tilted_20250127__47y__47y_00052,47y_00052,47y,20250127,17:58:00,10_deg,direct_compass,18,47y_00052_waggle_annotations.csv,/media/geko/VERBATIM HD/SA2025_dances/George/mp4/20250127/00052.mp4,-0.789986687015078,0.6131239958923,232.184267392427,258.9755918004,333.208675592027,237.7055918004,258.9755918004,1.88076572097392,10,ok,20250127/10_deg/27_calibration_00050.csv,20250127/10_deg/27_calibration_00050.csv,27_calibration_00050,20250127/10_deg/27_calibration_00050.csv,,,,,,,,1178,973,"(1178, 973)",1216,,,-21.27
tilted,tilted_20250127,tilted_20250127__47y__47y_00052,47y_00052,47y,20250127,17:58:00,10_deg,direct_compass,19,47y_00052_waggle_annotations.csv,/media/geko/VERBATIM HD/SA2025_dances/George/mp4/20250127/00052.mp4,-0.732793491626299,0.680451099367278,227.121096396661,258.9755918004,328.145504596262,237.7055918004,258.9755918004,1.88076572097392,10,ok,20250127/10_deg/27_calibration_00050.csv,20250127/10_deg/27_calibration_00050.csv,27_calibration_00050,20250127/10_deg/27_calibration_00050.csv,,,,,,,,1148,965,"(1148, 965)",1327,,,-21.27
tilted,tilted_20250127,tilted_20250127__47y__47y_00052,47y_00052,47y,20250127,17:58:00,10_deg,direct_compass,20,47y_00052_waggle_annotations.csv,/media/geko/VERBATIM HD/SA2025_dances/George/mp4/20250127/00052.mp4,-0.365652372422994,0.930751493440347,201.447736327105,258.9755918004,302.472144526706,237.7055918004,258.9755918004,1.88076572097392,10,ok,20250127/10_deg/27_calibration_00050.csv,20250127/10_deg/27_calibration_00050.csv,27_calibration_00050,20250127/10_deg/27_calibration_00050.csv,,,,,,,,1152,973,"(1152, 973)",1373,,,-21.27
tilted,tilted_20250127,tilted_20250127__47y__47y_00052,47y_00052,47y,20250127,17:58:00,10_deg,direct_compass,21,47y_00052_waggle_annotations.csv,/media/geko/VERBATIM HD/SA2025_dances/George/mp4/20250127/00052.mp4,-0.797659331281987,0.603108274871746,232.907162702958,258.9755918004,333.931570902559,237.7055918004,258.9755918004,1.88076572097392,10,ok,20250127/10_deg/27_calibration_00050.csv,20250127/10_deg/27_calibration_00050.csv,27_calibration_00050,20250127/10_deg/27_calibration_00050.csv,,,,,,,,1113,962,"(1113, 962)",1437,,,-21.27
tilted,tilted_20250127,tilted_20250127__47y__47y_00053,47y_00053,47y,20250127,17:58:00,10_deg,direct_compass,1,47y_00053_waggle_annotations.csv,/media/geko/VERBATIM HD/SA2025_dances/George/mp4/20250127/00053.mp4,-0.970142500145332,0.242535625036333,255.963756532074,258.9755918004,356.988164731674,237.7055918004,258.9755918004,1.88076572097392,10,ok,20250127/10_deg/27_calibration_00050.csv,20250127/10_deg/27_calibration_00050.csv,27_calibration_00050,20250127/10_deg/27_calibration_00050.csv,,,,,,,,1117,925,"(1117, 925)",129,,,-21.27
tilted,tilted_20250127,tilted_20250127__47y__47y_00053,47y_00053,47y,20250127,17:58:00,10_deg,direct_compass,2,47y_00053_waggle_annotations.csv,/media/geko/VERBATIM HD/SA2025_dances/George/mp4/20250127/00053.mp4,-0.87214304111361,0.489250974283245,240.708637829016,258.9755918004,341.733046028616,237.7055918004,258.9755918004,1.88076572097392,10,ok,20250127/10_deg/27_calibration_00050.csv,20250127/10_deg/27_calibration_00050.csv,27_calibration_00050,20250127/10_deg/27_calibration_00050.csv,,,,,,,,1170,935,"(1170, 935)",170,,,-21.27
tilted,tilted_20250127,tilted_20250127__47y__47y_00053,47y_00053,47y,20250127,17:58:00,10_deg,direct_compass,3,47y_00053_waggle_annotations.csv,/media/geko/VERBATIM HD/SA2025_dances/George/mp4/20250127/00053.mp4,-0.951615146190761,0.307292390957433,252.103867074961,258.9755918004,353.128275274561,237.7055918004,258.9755918004,1.88076572097392,10,ok,20250127/10_deg/27_calibration_00050.csv,20250127/10_deg/27_calibration_00050.csv,27_calibration_00050,20250127/10_deg/27_calibration_00050.csv,,,,,,,,1157,941,"(1157, 941)",213,,,-21.27
tilted,tilted_20250127,tilted_20250127__47y__47y_00053,47y_00053,47y,20250127,17:58:00,10_deg,direct_compass,4,47y_00053_waggle_annotations.csv,/media/geko/VERBATIM HD/SA2025_dances/George/mp4/20250127/00053.mp4,-0.930751493440347,0.365652372422994,248.552263672895,258.9755918004,349.576671872495,237.7055918004,258.9755918004,1.88076572097392,10,ok,20250127/10_deg/27_calibration_00050.csv,20250127/10_deg/27_calibration_00050.csv,27_calibration_00050,20250127/10_deg/27_calibration_00050.csv,,,,,,,,1165,960,"(1165, 960)",288,,,-21.27
tilted,tilted_20250127,tilted_20250127__84r__84r_00051,84r_00051,84r,20250127,17:54:00,10_deg,direct_compass,1,84r_00051_waggle_annotations.csv,/media/geko/VERBATIM HD/SA2025_dances/George/mp4/20250127/00051.mp4,-0.998339941675609,-0.0575965350966697,273.301865674435,258.9755918004,14.3262738740352,237.7055918004,258.9755918004,1.88076572097392,10,ok,20250127/10_deg/27_calibration_00050.csv,20250127/10_deg/27_calibration_00050.csv,27_calibration_00050,20250127/10_deg/27_calibration_00050.csv,,,,,,,,1117,976,"(1117, 976)",1041,,,-21.27
tilted,tilted_20250127,tilted_20250127__84r__84r_00051,84r_00051,84r,20250127,17:54:00,10_deg,direct_compass,2,84r_00051_waggle_annotations.csv,/media/geko/VERBATIM HD/SA2025_dances/George/mp4/20250127/00051.mp4,0.994435968728146,0.105342793297473,96.0469167015296,258.9755918004,197.07132490113,237.7055918004,258.9755918004,1.88076572097392,10,ok,20250127/10_deg/27_calibration_00050.csv,20250127/10_deg/27_calibration_00050.csv,27_calibration_00050,20250127/10_deg/27_calibration_00050.csv,,,,,,,,1102,887,"(1102, 887)",1174,,,-21.27
tilted,tilted_20250127,tilted_20250127__84r__84r_00051,84r_00051,84r,20250127,17:54:00,10_deg,direct_compass,3,84r_00051_waggle_annotations.csv,/media/geko/VERBATIM HD/SA2025_dances/George/mp4/20250127/00051.mp4,0.988278625542577,0.152660925896821,98.7811627343855,258.9755918004,199.805570933986,237.7055918004,258.9755918004,1.88076572097392,10,ok,20250127/10_deg/27_calibration_00050.csv,20250127/10_deg/27_calibration_00050.csv,27_calibration_00050,20250127/10_deg/27_calibration_00050.csv,,,,,,,,1406,863,"(1406, 863)",1250,,,-21.27
tilted,tilted_20250127,tilted_20250127__84r__84r_00051,84r_00051,84r,20250127,17:54:00,10_deg,direct_compass,4,84r_00051_waggle_annotations.csv,/media/geko/VERBATIM HD/SA2025_dances/George/mp4/20250127/00051.mp4,-1,0,270,258.9755918004,11.0244081996001,237.7055918004,258.9755918004,1.88076572097392,10,ok,20250127/10_deg/27_calibration_00050.csv,20250127/10_deg/27_calibration_00050.csv,27_calibration_00050,20250127/10_deg/27_calibration_00050.csv,,,,,,,,1272,941,"(1272, 941)",1366,,,-21.27
tilted,tilted_20250127,tilted_20250127__84r__84r_00051,84r_00051,84r,20250127,17:54:00,10_deg,direct_compass,5,84r_00051_waggle_annotations.csv,/media/geko/VERBATIM HD/SA2025_dances/George/mp4/20250127/00051.mp4,-0.99908289581767,-0.0428178383921858,272.454031674527,258.9755918004,13.4784398741272,237.7055918004,258.9755918004,1.88076572097392,10,ok,20250127/10_deg/27_calibration_00050.csv,20250127/10_deg/27_calibration_00050.csv,27_calibration_00050,20250127/10_deg/27_calibration_00050.csv,,,,,,,,1289,955,"(1289, 955)",1430,,,-21.27
tilted,tilted_20250127,tilted_20250127__84r__84r_00051,84r_00051,84r,20250127,17:54:00,10_deg,direct_compass,6,84r_00051_waggle_annotations.csv,/media/geko/VERBATIM HD/SA2025_dances/George/mp4/20250127/00051.mp4,0.996851195472807,0.0792949814580642,94.5480424091254,258.9755918004,195.572450608726,237.7055918004,258.9755918004,1.88076572097392,10,ok,20250127/10_deg/27_calibration_00050.csv,20250127/10_deg/27_calibration_00050.csv,27_calibration_00050,20250127/10_deg/27_calibration_00050.csv,,,,,,,,1284,902,"(1284, 902)",1457,,,-21.27
tilted,tilted_20250127,tilted_20250127__84r__84r_00051,84r_00051,84r,20250127,17:54:00,10_deg,direct_compass,7,84r_00051_waggle_annotations.csv,/media/geko/VERBATIM HD/SA2025_dances/George/mp4/20250127/00051.mp4,-0.784045824461761,-0.620702944365561,308.367485384862,258.9755918004,49.3918935844617,237.7055918004,258.9755918004,1.88076572097392,10,ok,20250127/10_deg/27_calibration_00050.csv,20250127/10_deg/27_calibration_00050.csv,27_calibration_00050,20250127/10_deg/27_calibration_00050.csv,,,,,,,,1327,844,"(1327, 844)",1487,,,-21.27
tilted,tilted_20250127,tilted_20250127__84r__84r_00051,84r_00051,84r,20250127,17:54:00,10_deg,direct_compass,8,84r_00051_waggle_annotations.csv,/media/geko/VERBATIM HD/SA2025_dances/George/mp4/20250127/00051.mp4,-0.986932880775682,-0.161131898902152,279.2726017772,258.9755918004,20.2970099768004,237.7055918004,258.9755918004,1.88076572097392,10,ok,20250127/10_deg/27_calibration_00050.csv,20250127/10_deg/27_calibration_00050.csv,27_calibration_00050,20250127/10_deg/27_calibration_00050.csv,,,,,,,,1278,884,"(1278, 884)",1545,,,-21.27
tilted,tilted_20250127,tilted_20250127__84r__84r_00051,84r_00051,84r,20250127,17:54:00,10_deg,direct_compass,9,84r_00051_waggle_annotations.csv,/media/geko/VERBATIM HD/SA2025_dances/George/mp4/20250127/00051.mp4,-0.9998611400396,-0.0166643523339933,270.954841253872,258.9755918004,11.9792494534723,237.7055918004,258.9755918004,1.88076572097392,10,ok,20250127/10_deg/27_calibration_00050.csv,20250127/10_deg/27_calibration_00050.csv,27_calibration_00050,20250127/10_deg/27_calibration_00050.csv,,,,,,,,1250,820,"(1250, 820)",1591,,,-21.27
tilted,tilted_20250127,tilted_20250127__84r__84r_00051,84r_00051,84r,20250127,17:54:00,10_deg,direct_compass,10,84r_00051_waggle_annotations.csv,/media/geko/VERBATIM HD/SA2025_dances/George/mp4/20250127/00051.mp4,-0.978234125102441,-0.207504208355063,281.976132444203,258.9755918004,23.0005406438035,237.7055918004,258.9755918004,1.88076572097392,10,ok,20250127/10_deg/27_calibration_00050.csv,20250127/10_deg/27_calibration_00050.csv,27_calibration_00050,20250127/10_deg/27_calibration_00050.csv,,,,,,,,1282,834,"(1282, 834)",1640,,,-21.27
tilted,tilted_20250127,tilted_20250127__84r__84r_00051,84r_00051,84r,20250127,17:54:00,10_deg,direct_compass,11,84r_00051_waggle_annotations.csv,/media/geko/VERBATIM HD/SA2025_dances/George/mp4/20250127/00051.mp4,-0.996286600035344,-0.086098841978363,274.939215542126,258.9755918004,15.9636237417263,237.7055918004,258.9755918004,1.88076572097392,10,ok,20250127/10_deg/27_calibration_00050.csv,20250127/10_deg/27_calibration_00050.csv,27_calibration_00050,20250127/10_deg/27_calibration_00050.csv,,,,,,,,1269,800,"(1269, 800)",1679,,,-21.27
tilted,tilted_20250127,tilted_20250127__84r__84r_00051,84r_00051,84r,20250127,17:54:00,10_deg,direct_compass,12,84r_00051_waggle_annotations.csv,/media/geko/VERBATIM HD/SA2025_dances/George/mp4/20250127/00051.mp4,-0.999911122961207,-0.0133321483061494,270.76389846093,258.9755918004,11.7883066605302,237.7055918004,258.9755918004,1.88076572097392,10,ok,20250127/10_deg/27_calibration_00050.csv,20250127/10_deg/27_calibration_00050.csv,27_calibration_00050,20250127/10_deg/27_calibration_00050.csv,,,,,,,,1258,825,"(1258, 825)",1725,,,-21.27
tilted,tilted_20250127,tilted_20250127__84r__84r_00051,84r_00051,84r,20250127,17:54:00,10_deg,direct_compass,13,84r_00051_waggle_annotations.csv,/media/geko/VERBATIM HD/SA2025_dances/George/mp4/20250127/00051.mp4,-0.993263139087243,-0.115880699560178,276.654425046007,258.9755918004,17.6788332456068,237.7055918004,258.9755918004,1.88076572097392,10,ok,20250127/10_deg/27_calibration_00050.csv,20250127/10_deg/27_calibration_00050.csv,27_calibration_00050,20250127/10_deg/27_calibration_00050.csv,,,,,,,,1297,816,"(1297, 816)",1771,,,-21.27
tilted,tilted_20250127,tilted_20250127__84r__84r_00051,84r_00051,84r,20250127,17:54:00,10_deg,direct_compass,14,84r_00051_waggle_annotations.csv,/media/geko/VERBATIM HD/SA2025_dances/George/mp4/20250127/00051.mp4,-0.90286051882393,0.429933580392348,244.536654938128,258.9755918004,345.561063137729,237.7055918004,258.9755918004,1.88076572097392,10,ok,20250127/10_deg/27_calibration_00050.csv,20250127/10_deg/27_calibration_00050.csv,27_calibration_00050,20250127/10_deg/27_calibration_00050.csv,,,,,,,,1271,820,"(1271, 820)",1823,,,-21.27
tilted,tilted_20250127,tilted_20250127__84r__84r_00051,84r_00051,84r,20250127,17:54:00,10_deg,direct_compass,15,84r_00051_waggle_annotations.csv,/media/geko/VERBATIM HD/SA2025_dances/George/mp4/20250127/00051.mp4,-0.998493929685398,-0.054862303828868,273.144957464698,258.9755918004,14.1693656642981,237.7055918004,258.9755918004,1.88076572097392,10,ok,20250127/10_deg/27_calibration_00050.csv,20250127/10_deg/27_calibration_00050.csv,27_calibration_00050,20250127/10_deg/27_calibration_00050.csv,,,,,,,,1266,843,"(1266, 843)",1878,,,-21.27
tilted,tilted_20250127,tilted_20250127__84r__84r_00051,84r_00051,84r,20250127,17:54:00,10_deg,direct_compass,16,84r_00051_waggle_annotations.csv,/media/geko/VERBATIM HD/SA2025_dances/George/mp4/20250127/00051.mp4,-0.996815278536125,0.07974522228289,265.426078740099,258.9755918004,6.45048693969926,237.7055918004,258.9755918004,1.88076572097392,10,ok,20250127/10_deg/27_calibration_00050.csv,20250127/10_deg/27_calibration_00050.csv,27_calibration_00050,20250127/10_deg/27_calibration_00050.csv,,,,,,,,1258,852,"(1258, 852)",1928,,,-21.27
tilted,tilted_20250127,tilted_20250127__84r__84r_00051,84r_00051,84r,20250127,17:54:00,10_deg,direct_compass,17,84r_00051_waggle_annotations.csv,/media/geko/VERBATIM HD/SA2025_dances/George/mp4/20250127/00051.mp4,-0.99574067405595,-0.0921982105607361,275.290081205371,258.9755918004,16.3144894049714,237.7055918004,258.9755918004,1.88076572097392,10,ok,20250127/10_deg/27_calibration_00050.csv,20250127/10_deg/27_calibration_00050.csv,27_calibration_00050,20250127/10_deg/27_calibration_00050.csv,,,,,,,,1267,814,"(1267, 814)",1974,,,-21.27
tilted,tilted_20250127,tilted_20250127__84r__84r_00051,84r_00051,84r,20250127,17:54:00,10_deg,direct_compass,18,84r_00051_waggle_annotations.csv,/media/geko/VERBATIM HD/SA2025_dances/George/mp4/20250127/00051.mp4,-0.999869952532125,-0.0161269347182601,270.924045352773,258.9755918004,11.9484535523729,237.7055918004,258.9755918004,1.88076572097392,10,ok,20250127/10_deg/27_calibration_00050.csv,20250127/10_deg/27_calibration_00050.csv,27_calibration_00050,20250127/10_deg/27_calibration_00050.csv,,,,,,,,1270,846,"(1270, 846)",2018,,,-21.27
tilted,tilted_20250127,tilted_20250127__84r__84r_00051,84r_00051,84r,20250127,17:54:00,10_deg,direct_compass,19,84r_00051_waggle_annotations.csv,/media/geko/VERBATIM HD/SA2025_dances/George/mp4/20250127/00051.mp4,-0.984987330500052,-0.172626645551555,279.940573033113,258.9755918004,20.9649812327132,237.7055918004,258.9755918004,1.88076572097392,10,ok,20250127/10_deg/27_calibration_00050.csv,20250127/10_deg/27_calibration_00050.csv,27_calibration_00050,20250127/10_deg/27_calibration_00050.csv,,,,,,,,1271,813,"(1271, 813)",2067,,,-21.27
tilted,tilted_20250127,tilted_20250127__84r__84r_00051,84r_00051,84r,20250127,17:54:00,10_deg,direct_compass,20,84r_00051_waggle_annotations.csv,/media/geko/VERBATIM HD/SA2025_dances/George/mp4/20250127/00051.mp4,-0.988235294117647,0.152941176470588,261.202589290009,258.9755918004,2.22699748960906,237.7055918004,258.9755918004,1.88076572097392,10,ok,20250127/10_deg/27_calibration_00050.csv,20250127/10_deg/27_calibration_00050.csv,27_calibration_00050,20250127/10_deg/27_calibration_00050.csv,,,,,,,,1254,852,"(1254, 852)",2115,,,-21.27
tilted,tilted_20250127,tilted_20250127__84r__84r_00051,84r_00051,84r,20250127,17:54:00,10_deg,direct_compass,21,84r_00051_waggle_annotations.csv,/media/geko/VERBATIM HD/SA2025_dances/George/mp4/20250127/00051.mp4,-0.999822048223522,-0.0188645669476136,271.080924186661,258.9755918004,12.1053323862608,237.7055918004,258.9755918004,1.88076572097392,10,ok,20250127/10_deg/27_calibration_00050.csv,20250127/10_deg/27_calibration_00050.csv,27_calibration_00050,20250127/10_deg/27_calibration_00050.csv,,,,,,,,1228,837,"(1228, 837)",2162,,,-21.27
tilted,tilted_20250127,tilted_20250127__84r__84r_00051,84r_00051,84r,20250127,17:54:00,10_deg,direct_compass,22,84r_00051_waggle_annotations.csv,/media/geko/VERBATIM HD/SA2025_dances/George/mp4/20250127/00051.mp4,-0.993035236117013,0.11781773987829,263.233825177447,258.9755918004,4.25823337704708,237.7055918004,258.9755918004,1.88076572097392,10,ok,20250127/10_deg/27_calibration_00050.csv,20250127/10_deg/27_calibration_00050.csv,27_calibration_00050,20250127/10_deg/27_calibration_00050.csv,,,,,,,,1254,872,"(1254, 872)",2208,,,-21.27
tilted,tilted_20250127,tilted_20250127__84r__84r_00051,84r_00051,84r,20250127,17:54:00,10_deg,direct_compass,23,84r_00051_waggle_annotations.csv,/media/geko/VERBATIM HD/SA2025_dances/George/mp4/20250127/00051.mp4,-0.99908289581767,0.0428178383921858,267.545968325473,258.9755918004,8.57037652507307,237.7055918004,258.9755918004,1.88076572097392,10,ok,20250127/10_deg/27_calibration_00050.csv,20250127/10_deg/27_calibration_00050.csv,27_calibration_00050,20250127/10_deg/27_calibration_00050.csv,,,,,,,,1251,842,"(1251, 842)",2250,,,-21.27
tilted,tilted_20250127,tilted_20250127__84r__84r_00051,84r_00051,84r,20250127,17:54:00,10_deg,direct_compass,24,84r_00051_waggle_annotations.csv,/media/geko/VERBATIM HD/SA2025_dances/George/mp4/20250127/00051.mp4,-0.984087861099574,0.177682530476312,259.765197236577,258.9755918004,0.789605436176942,237.7055918004,258.9755918004,1.88076572097392,10,ok,20250127/10_deg/27_calibration_00050.csv,20250127/10_deg/27_calibration_00050.csv,27_calibration_00050,20250127/10_deg/27_calibration_00050.csv,,,,,,,,1271,889,"(1271, 889)",2296,,,-21.27
tilted,tilted_20250127,tilted_20250127__95r__95r_00051,95r_00051,95r,20250127,17:54:00,10_deg,direct_compass,1,95r_00051_waggle_annotations.csv,/media/geko/VERBATIM HD/SA2025_dances/George/mp4/20250127/00051.mp4,-0.881290022866802,0.472575809363357,241.798371781305,258.9755918004,342.822779980905,237.7055918004,258.9755918004,1.88076572097392,10,ok,20250127/10_deg/27_calibration_00050.csv,20250127/10_deg/27_calibration_00050.csv,27_calibration_00050,20250127/10_deg/27_calibration_00050.csv,,,,,,,,1318,946,"(1318, 946)",0,,,-21.27
tilted,tilted_20250127,tilted_20250127__95r__95r_00051,95r_00051,95r,20250127,17:54:00,10_deg,direct_compass,2,95r_00051_waggle_annotations.csv,/media/geko/VERBATIM HD/SA2025_dances/George/mp4/20250127/00051.mp4,-0.993035236117013,0.11781773987829,263.233825177447,258.9755918004,4.25823337704708,237.7055918004,258.9755918004,1.88076572097392,10,ok,20250127/10_deg/27_calibration_00050.csv,20250127/10_deg/27_calibration_00050.csv,27_calibration_00050,20250127/10_deg/27_calibration_00050.csv,,,,,,,,1371,937,"(1371, 937)",40,,,-21.27
tilted,tilted_20250127,tilted_20250127__95r__95r_00051,95r_00051,95r,20250127,17:54:00,10_deg,direct_compass,3,95r_00051_waggle_annotations.csv,/media/geko/VERBATIM HD/SA2025_dances/George/mp4/20250127/00051.mp4,-0.905236944073029,0.424907137013871,244.855214369321,258.9755918004,345.879622568921,237.7055918004,258.9755918004,1.88076572097392,10,ok,20250127/10_deg/27_calibration_00050.csv,20250127/10_deg/27_calibration_00050.csv,27_calibration_00050,20250127/10_deg/27_calibration_00050.csv,,,,,,,,1376,961,"(1376, 961)",87,,,-21.27
tilted,tilted_20250127,tilted_20250127__95r__95r_00051,95r_00051,95r,20250127,17:54:00,10_deg,direct_compass,4,95r_00051_waggle_annotations.csv,/media/geko/VERBATIM HD/SA2025_dances/George/mp4/20250127/00051.mp4,-0.905882352941177,0.423529411764706,244.942384581697,258.9755918004,345.966792781297,237.7055918004,258.9755918004,1.88076572097392,10,ok,20250127/10_deg/27_calibration_00050.csv,20250127/10_deg/27_calibration_00050.csv,27_calibration_00050,20250127/10_deg/27_calibration_00050.csv,,,,,,,,1396,927,"(1396, 927)",133,,,-21.27
tilted,tilted_20250127,tilted_20250127__95r__95r_00051,95r_00051,95r,20250127,17:54:00,10_deg,direct_compass,5,95r_00051_waggle_annotations.csv,/media/geko/VERBATIM HD/SA2025_dances/George/mp4/20250127/00051.mp4,-0.878483902382874,0.477771946909984,241.46001481204,258.9755918004,342.48442301164,237.7055918004,258.9755918004,1.88076572097392,10,ok,20250127/10_deg/27_calibration_00050.csv,20250127/10_deg/27_calibration_00050.csv,27_calibration_00050,20250127/10_deg/27_calibration_00050.csv,,,,,,,,1416,952,"(1416, 952)",183,,,-21.27
tilted,tilted_20250127,tilted_20250127__95r__95r_00051,95r_00051,95r,20250127,17:54:00,10_deg,direct_compass,6,95r_00051_waggle_annotations.csv,/media/geko/VERBATIM HD/SA2025_dances/George/mp4/20250127/00051.mp4,-0.957024404433474,0.290007395282871,253.141601232262,258.9755918004,354.166009431862,237.7055918004,258.9755918004,1.88076572097392,10,ok,20250127/10_deg/27_calibration_00050.csv,20250127/10_deg/27_calibration_00050.csv,27_calibration_00050,20250127/10_deg/27_calibration_00050.csv,,,,,,,,1401,946,"(1401, 946)",228,,,-21.27
tilted,tilted_20250127,tilted_20250127__95r__95r_00051,95r_00051,95r,20250127,17:54:00,10_deg,direct_compass,7,95r_00051_waggle_annotations.csv,/media/geko/VERBATIM HD/SA2025_dances/George/mp4/20250127/00051.mp4,-0.95577900872195,0.294085848837523,252.897271030948,258.9755918004,353.921679230548,237.7055918004,258.9755918004,1.88076572097392,10,ok,20250127/10_deg/27_calibration_00050.csv,20250127/10_deg/27_calibration_00050.csv,27_calibration_00050,20250127/10_deg/27_calibration_00050.csv,,,,,,,,1385,952,"(1385, 952)",269,,,-21.27
tilted,tilted_20250127,tilted_20250127__95r__95r_00051,95r_00051,95r,20250127,17:54:00,10_deg,direct_compass,8,95r_00051_waggle_annotations.csv,/media/geko/VERBATIM HD/SA2025_dances/George/mp4/20250127/00051.mp4,-0.933856751696164,0.357647266607042,249.044223269368,258.9755918004,350.068631468968,237.7055918004,258.9755918004,1.88076572097392,10,ok,20250127/10_deg/27_calibration_00050.csv,20250127/10_deg/27_calibration_00050.csv,27_calibration_00050,20250127/10_deg/27_calibration_00050.csv,,,,,,,,1382,937,"(1382, 937)",317,,,-21.27
tilted,tilted_20250127,tilted_20250127__95r__95r_00051,95r_00051,95r,20250127,17:54:00,10_deg,direct_compass,9,95r_00051_waggle_annotations.csv,/media/geko/VERBATIM HD/SA2025_dances/George/mp4/20250127/00051.mp4,-0.976574948550794,0.215177531036616,257.574057134573,258.9755918004,358.598465334173,237.7055918004,258.9755918004,1.88076572097392,10,ok,20250127/10_deg/27_calibration_00050.csv,20250127/10_deg/27_calibration_00050.csv,27_calibration_00050,20250127/10_deg/27_calibration_00050.csv,,,,,,,,1384,913,"(1384, 913)",366,,,-21.27
tilted,tilted_20250127,tilted_20250127__95r__95r_00051,95r_00051,95r,20250127,17:54:00,10_deg,direct_compass,10,95r_00051_waggle_annotations.csv,/media/geko/VERBATIM HD/SA2025_dances/George/mp4/20250127/00051.mp4,-0.916695964708423,0.399585420513928,246.447736327105,258.9755918004,347.472144526706,237.7055918004,258.9755918004,1.88076572097392,10,ok,20250127/10_deg/27_calibration_00050.csv,20250127/10_deg/27_calibration_00050.csv,27_calibration_00050,20250127/10_deg/27_calibration_00050.csv,,,,,,,,1327,926,"(1327, 926)",427,,,-21.27
tilted,tilted_20250127,tilted_20250127__95r__95r_00051,95r_00051,95r,20250127,17:54:00,10_deg,direct_compass,11,95r_00051_waggle_annotations.csv,/media/geko/VERBATIM HD/SA2025_dances/George/mp4/20250127/00051.mp4,-0.930510652004256,0.366264831108058,248.514556682937,258.9755918004,349.538964882537,237.7055918004,258.9755918004,1.88076572097392,10,ok,20250127/10_deg/27_calibration_00050.csv,20250127/10_deg/27_calibration_00050.csv,27_calibration_00050,20250127/10_deg/27_calibration_00050.csv,,,,,,,,1336,947,"(1336, 947)",478,,,-21.27
tilted,tilted_20250127,tilted_20250127__95r__95r_00051,95r_00051,95r,20250127,17:54:00,10_deg,direct_compass,12,95r_00051_waggle_annotations.csv,/media/geko/VERBATIM HD/SA2025_dances/George/mp4/20250127/00051.mp4,-0.999881677808259,-0.015382795043204,270.881403996582,258.9755918004,11.9058121961823,237.7055918004,258.9755918004,1.88076572097392,10,ok,20250127/10_deg/27_calibration_00050.csv,20250127/10_deg/27_calibration_00050.csv,27_calibration_00050,20250127/10_deg/27_calibration_00050.csv,,,,,,,,1297,934,"(1297, 934)",524,,,-21.27
tilted,tilted_20250127,tilted_20250127__95r__95r_00051,95r_00051,95r,20250127,17:54:00,10_deg,direct_compass,13,95r_00051_waggle_annotations.csv,/media/geko/VERBATIM HD/SA2025_dances/George/mp4/20250127/00051.mp4,-0.809215173092264,0.587512385943699,234.019322431382,258.9755918004,335.043730630982,237.7055918004,258.9755918004,1.88076572097392,10,ok,20250127/10_deg/27_calibration_00050.csv,20250127/10_deg/27_calibration_00050.csv,27_calibration_00050,20250127/10_deg/27_calibration_00050.csv,,,,,,,,1298,945,"(1298, 945)",568,,,-21.27
tilted,tilted_20250127,tilted_20250127__95r__95r_00051,95r_00051,95r,20250127,17:54:00,10_deg,direct_compass,14,95r_00051_waggle_annotations.csv,/media/geko/VERBATIM HD/SA2025_dances/George/mp4/20250127/00051.mp4,-0.95577900872195,0.294085848837523,252.897271030948,258.9755918004,353.921679230548,237.7055918004,258.9755918004,1.88076572097392,10,ok,20250127/10_deg/27_calibration_00050.csv,20250127/10_deg/27_calibration_00050.csv,27_calibration_00050,20250127/10_deg/27_calibration_00050.csv,,,,,,,,1152,973,"(1152, 973)",783,,,-21.27
tilted,tilted_20250127,tilted_20250127__20y__20y_00037,20y_00037,20y,20250127,15:31:00,5_deg,landmark_transfer,1,20y_00037_waggle_annotations.csv,/media/geko/VERBATIM HD/SA2025_dances/George/mp4/20250127/00037.mp4,-0.919145030018058,0.393919298579168,246.801409486352,228.852326608996,17.9490828773556,202.25403934949,223.52403934949,1.71364465517214,10,ok,20250127/5_deg/27_calibration_00038.csv,20250127/5_deg/27_calibration_00038.csv,27_calibration_00038,20250127/5_deg/27_calibration_00038.csv,20250127/5_deg/27_landmark_calibration_00038.csv,20250127/5_deg/27_landmark_00037.csv,269.174412423879,0.987693088967407,314.349626925611,274.502699683385,0.905645436030098,867,884,"(867, 884)",2628,,,-21.27
tilted,tilted_20250127,tilted_20250127__20y__20y_00037,20y_00037,20y,20250127,15:31:00,5_deg,landmark_transfer,2,20y_00037_waggle_annotations.csv,/media/geko/VERBATIM HD/SA2025_dances/George/mp4/20250127/00037.mp4,-0.994834142531266,-0.101513688013394,275.826342029556,228.852326608996,46.9740154205596,202.25403934949,223.52403934949,1.71364465517214,10,ok,20250127/5_deg/27_calibration_00038.csv,20250127/5_deg/27_calibration_00038.csv,27_calibration_00038,20250127/5_deg/27_calibration_00038.csv,20250127/5_deg/27_landmark_calibration_00038.csv,20250127/5_deg/27_landmark_00037.csv,269.174412423879,0.987693088967407,314.349626925611,274.502699683385,0.905645436030098,944,719,"(944, 719)",2693,,,-21.27
tilted,tilted_20250127,tilted_20250127__20y__20y_00037,20y_00037,20y,20250127,15:31:00,5_deg,landmark_transfer,3,20y_00037_waggle_annotations.csv,/media/geko/VERBATIM HD/SA2025_dances/George/mp4/20250127/00037.mp4,-1,0,270,228.852326608996,41.1476733910038,202.25403934949,223.52403934949,1.71364465517214,10,ok,20250127/5_deg/27_calibration_00038.csv,20250127/5_deg/27_calibration_00038.csv,27_calibration_00038,20250127/5_deg/27_calibration_00038.csv,20250127/5_deg/27_landmark_calibration_00038.csv,20250127/5_deg/27_landmark_00037.csv,269.174412423879,0.987693088967407,314.349626925611,274.502699683385,0.905645436030098,975,743,"(975, 743)",2749,,,-21.27
tilted,tilted_20250127,tilted_20250127__20y__20y_00037,20y_00037,20y,20250127,15:31:00,5_deg,landmark_transfer,4,20y_00037_waggle_annotations.csv,/media/geko/VERBATIM HD/SA2025_dances/George/mp4/20250127/00037.mp4,-0.988371697650617,0.152057184253941,261.253837737445,228.852326608996,32.4015111284485,202.25403934949,223.52403934949,1.71364465517214,10,ok,20250127/5_deg/27_calibration_00038.csv,20250127/5_deg/27_calibration_00038.csv,27_calibration_00038,20250127/5_deg/27_calibration_00038.csv,20250127/5_deg/27_landmark_calibration_00038.csv,20250127/5_deg/27_landmark_00037.csv,269.174412423879,0.987693088967407,314.349626925611,274.502699683385,0.905645436030098,831,876,"(831, 876)",3194,,,-21.27
tilted,tilted_20250127,tilted_20250127__90r__90r_00037,90r_00037,90r,20250127,15:31:00,5_deg,landmark_transfer,1,90r_00037_waggle_annotations.csv,/media/geko/VERBATIM HD/SA2025_dances/George/mp4/20250127/00037.mp4,0.347806822958523,0.937566218409931,159.646770851931,228.852326608996,290.794444242935,202.25403934949,223.52403934949,1.71364465517214,10,ok,20250127/5_deg/27_calibration_00038.csv,20250127/5_deg/27_calibration_00038.csv,27_calibration_00038,20250127/5_deg/27_calibration_00038.csv,20250127/5_deg/27_landmark_calibration_00038.csv,20250127/5_deg/27_landmark_00037.csv,269.174412423879,0.987693088967407,314.349626925611,274.502699683385,0.905645436030098,977,862,"(977, 862)",2653,,,-21.27
tilted,tilted_20250127,tilted_20250127__90r__90r_00037,90r_00037,90r,20250127,15:31:00,5_deg,landmark_transfer,2,90r_00037_waggle_annotations.csv,/media/geko/VERBATIM HD/SA2025_dances/George/mp4/20250127/00037.mp4,-0.969451540419826,-0.245282919865257,284.198554023863,228.852326608996,55.3462274148669,202.25403934949,223.52403934949,1.71364465517214,10,ok,20250127/5_deg/27_calibration_00038.csv,20250127/5_deg/27_calibration_00038.csv,27_calibration_00038,20250127/5_deg/27_calibration_00038.csv,20250127/5_deg/27_landmark_calibration_00038.csv,20250127/5_deg/27_landmark_00037.csv,269.174412423879,0.987693088967407,314.349626925611,274.502699683385,0.905645436030098,1115,836,"(1115, 836)",2775,,,-21.27
tilted,tilted_20250127,tilted_20250127__90r__90r_00037,90r_00037,90r,20250127,15:31:00,5_deg,landmark_transfer,3,90r_00037_waggle_annotations.csv,/media/geko/VERBATIM HD/SA2025_dances/George/mp4/20250127/00037.mp4,-0.999773730057065,0.0212717814905759,268.781124764869,228.852326608996,39.9287981558725,202.25403934949,223.52403934949,1.71364465517214,10,ok,20250127/5_deg/27_calibration_00038.csv,20250127/5_deg/27_calibration_00038.csv,27_calibration_00038,20250127/5_deg/27_calibration_00038.csv,20250127/5_deg/27_landmark_calibration_00038.csv,20250127/5_deg/27_landmark_00037.csv,269.174412423879,0.987693088967407,314.349626925611,274.502699683385,0.905645436030098,1107,800,"(1107, 800)",2841,,,-21.27
tilted,tilted_20250127,tilted_20250127__90r__90r_00037,90r_00037,90r,20250127,15:31:00,5_deg,landmark_transfer,4,90r_00037_waggle_annotations.csv,/media/geko/VERBATIM HD/SA2025_dances/George/mp4/20250127/00037.mp4,-0.985548890759753,0.169391215599333,260.247575058346,228.852326608996,31.39524844935,202.25403934949,223.52403934949,1.71364465517214,10,ok,20250127/5_deg/27_calibration_00038.csv,20250127/5_deg/27_calibration_00038.csv,27_calibration_00038,20250127/5_deg/27_calibration_00038.csv,20250127/5_deg/27_landmark_calibration_00038.csv,20250127/5_deg/27_landmark_00037.csv,269.174412423879,0.987693088967407,314.349626925611,274.502699683385,0.905645436030098,1086,873,"(1086, 873)",2889,,,-21.27
tilted,tilted_20250127,tilted_20250127__90r__90r_00037,90r_00037,90r,20250127,15:31:00,5_deg,landmark_transfer,5,90r_00037_waggle_annotations.csv,/media/geko/VERBATIM HD/SA2025_dances/George/mp4/20250127/00037.mp4,-0.975536138250287,-0.219839129746544,282.699584489597,228.852326608996,53.8472578806011,202.25403934949,223.52403934949,1.71364465517214,10,ok,20250127/5_deg/27_calibration_00038.csv,20250127/5_deg/27_calibration_00038.csv,27_calibration_00038,20250127/5_deg/27_calibration_00038.csv,20250127/5_deg/27_landmark_calibration_00038.csv,20250127/5_deg/27_landmark_00037.csv,269.174412423879,0.987693088967407,314.349626925611,274.502699683385,0.905645436030098,1149,821,"(1149, 821)",2930,,,-21.27
tilted,tilted_20250127,tilted_20250127__90r__90r_00037,90r_00037,90r,20250127,15:31:00,5_deg,landmark_transfer,6,90r_00037_waggle_annotations.csv,/media/geko/VERBATIM HD/SA2025_dances/George/mp4/20250127/00037.mp4,-0.945686599304867,0.325079768511048,251.029592191513,228.852326608996,22.1772655825172,202.25403934949,223.52403934949,1.71364465517214,10,ok,20250127/5_deg/27_calibration_00038.csv,20250127/5_deg/27_calibration_00038.csv,27_calibration_00038,20250127/5_deg/27_calibration_00038.csv,20250127/5_deg/27_landmark_calibration_00038.csv,20250127/5_deg/27_landmark_00037.csv,269.174412423879,0.987693088967407,314.349626925611,274.502699683385,0.905645436030098,1105,893,"(1105, 893)",2978,,,-21.27
tilted,tilted_20250127,tilted_20250127__90r__90r_00037,90r_00037,90r,20250127,15:31:00,5_deg,landmark_transfer,7,90r_00037_waggle_annotations.csv,/media/geko/VERBATIM HD/SA2025_dances/George/mp4/20250127/00037.mp4,-0.115880699560178,0.993263139087243,186.654425046007,228.852326608996,317.80209843701,202.25403934949,223.52403934949,1.71364465517214,10,ok,20250127/5_deg/27_calibration_00038.csv,20250127/5_deg/27_calibration_00038.csv,27_calibration_00038,20250127/5_deg/27_calibration_00038.csv,20250127/5_deg/27_landmark_calibration_00038.csv,20250127/5_deg/27_landmark_00037.csv,269.174412423879,0.987693088967407,314.349626925611,274.502699683385,0.905645436030098,1119,942,"(1119, 942)",3069,,,-21.27
tilted,tilted_20250127,tilted_20250127__90r__90r_00037,90r_00037,90r,20250127,15:31:00,5_deg,landmark_transfer,8,90r_00037_waggle_annotations.csv,/media/geko/VERBATIM HD/SA2025_dances/George/mp4/20250127/00037.mp4,-0.917345011096078,0.398093118022826,246.540975918538,228.852326608996,17.6886493095422,202.25403934949,223.52403934949,1.71364465517214,10,ok,20250127/5_deg/27_calibration_00038.csv,20250127/5_deg/27_calibration_00038.csv,27_calibration_00038,20250127/5_deg/27_calibration_00038.csv,20250127/5_deg/27_landmark_calibration_00038.csv,20250127/5_deg/27_landmark_00037.csv,269.174412423879,0.987693088967407,314.349626925611,274.502699683385,0.905645436030098,1085,901,"(1085, 901)",3132,,,-21.27
tilted,tilted_20250127,tilted_20250127__90r__90r_00037,90r_00037,90r,20250127,15:31:00,5_deg,landmark_transfer,9,90r_00037_waggle_annotations.csv,/media/geko/VERBATIM HD/SA2025_dances/George/mp4/20250127/00037.mp4,-0.72230801019828,0.691571499126013,226.245364266768,228.852326608996,357.393037657772,202.25403934949,223.52403934949,1.71364465517214,10,ok,20250127/5_deg/27_calibration_00038.csv,20250127/5_deg/27_calibration_00038.csv,27_calibration_00038,20250127/5_deg/27_calibration_00038.csv,20250127/5_deg/27_landmark_calibration_00038.csv,20250127/5_deg/27_landmark_00037.csv,269.174412423879,0.987693088967407,314.349626925611,274.502699683385,0.905645436030098,1109,906,"(1109, 906)",3176,,,-21.27
tilted,tilted_20250127,tilted_20250127__90r__90r_00037,90r_00037,90r,20250127,15:31:00,5_deg,landmark_transfer,10,90r_00037_waggle_annotations.csv,/media/geko/VERBATIM HD/SA2025_dances/George/mp4/20250127/00037.mp4,-0.911733943306287,0.410781227203932,245.746080275683,228.852326608996,16.8937536666872,202.25403934949,223.52403934949,1.71364465517214,10,ok,20250127/5_deg/27_calibration_00038.csv,20250127/5_deg/27_calibration_00038.csv,27_calibration_00038,20250127/5_deg/27_calibration_00038.csv,20250127/5_deg/27_landmark_calibration_00038.csv,20250127/5_deg/27_landmark_00037.csv,269.174412423879,0.987693088967407,314.349626925611,274.502699683385,0.905645436030098,1098,860,"(1098, 860)",3223,,,-21.27
tilted,tilted_20250127,tilted_20250127__20y__20y_00028,20y_00028,20y,20250127,12:20:00,above_horizontal,direct_compass,1,20y_00028_waggle_annotations.csv,E:\2026Trackathon\James\mp4\20250127\00028.mp4,1,0,90,248.966649523451,201.033350476549,227.696649523451,248.966649523451,2.03275276808635,10,ok,20250127/above_horizontal/calibration_00014_waggle_annotations.csv,20250127/above_horizontal/calibration_00014_waggle_annotations.csv,calibration_00014,20250127/above_horizontal/calibration_00014_waggle_annotations.csv,,,,,,,,1272,758,"(1272, 758)",0,,,-21.27
tilted,tilted_20250127,tilted_20250127__20y__20y_00028,20y_00028,20y,20250127,12:20:00,above_horizontal,direct_compass,2,20y_00028_waggle_annotations.csv,E:\2026Trackathon\James\mp4\20250127\00028.mp4,0.961523947640823,-0.274721127897378,74.0546040990772,248.966649523451,185.087954575626,227.696649523451,248.966649523451,2.03275276808635,10,ok,20250127/above_horizontal/calibration_00014_waggle_annotations.csv,20250127/above_horizontal/calibration_00014_waggle_annotations.csv,calibration_00014,20250127/above_horizontal/calibration_00014_waggle_annotations.csv,,,,,,,,1281,775,"(1281, 775)",77,,,-21.27
tilted,tilted_20250127,tilted_20250127__20y__20y_00028,20y_00028,20y,20250127,12:20:00,above_horizontal,direct_compass,3,20y_00028_waggle_annotations.csv,E:\2026Trackathon\James\mp4\20250127\00028.mp4,0.98058067569092,-0.196116135138184,78.6900675259798,248.966649523451,189.723418002529,227.696649523451,248.966649523451,2.03275276808635,10,ok,20250127/above_horizontal/calibration_00014_waggle_annotations.csv,20250127/above_horizontal/calibration_00014_waggle_annotations.csv,calibration_00014,20250127/above_horizontal/calibration_00014_waggle_annotations.csv,,,,,,,,1222,782,"(1222, 782)",129,,,-21.27
tilted,tilted_20250127,tilted_20250127__20y__20y_00028,20y_00028,20y,20250127,12:20:00,above_horizontal,direct_compass,4,20y_00028_waggle_annotations.csv,E:\2026Trackathon\James\mp4\20250127\00028.mp4,0.992277876713668,-0.124034734589208,82.8749836510982,248.966649523451,193.908334127647,227.696649523451,248.966649523451,2.03275276808635,10,ok,20250127/above_horizontal/calibration_00014_waggle_annotations.csv,20250127/above_horizontal/calibration_00014_waggle_annotations.csv,calibration_00014,20250127/above_horizontal/calibration_00014_waggle_annotations.csv,,,,,,,,1242,764,"(1242, 764)",171,,,-21.27
tilted,tilted_20250127,tilted_20250127__20y__20y_00028,20y_00028,20y,20250127,12:20:00,above_horizontal,direct_compass,5,20y_00028_waggle_annotations.csv,E:\2026Trackathon\James\mp4\20250127\00028.mp4,1,0,90,248.966649523451,201.033350476549,227.696649523451,248.966649523451,2.03275276808635,10,ok,20250127/above_horizontal/calibration_00014_waggle_annotations.csv,20250127/above_horizontal/calibration_00014_waggle_annotations.csv,calibration_00014,20250127/above_horizontal/calibration_00014_waggle_annotations.csv,,,,,,,,1252,782,"(1252, 782)",214,,,-21.27
tilted,tilted_20250127,tilted_20250127__20y__20y_00028,20y_00028,20y,20250127,12:20:00,above_horizontal,direct_compass,6,20y_00028_waggle_annotations.csv,E:\2026Trackathon\James\mp4\20250127\00028.mp4,0.997785157856609,0.0665190105237739,93.8140748342904,248.966649523451,204.847425310839,227.696649523451,248.966649523451,2.03275276808635,10,ok,20250127/above_horizontal/calibration_00014_waggle_annotations.csv,20250127/above_horizontal/calibration_00014_waggle_annotations.csv,calibration_00014,20250127/above_horizontal/calibration_00014_waggle_annotations.csv,,,,,,,,1260,780,"(1260, 780)",268,,,-21.27
tilted,tilted_20250127,tilted_20250127__20y__20y_00028,20y_00028,20y,20250127,12:20:00,above_horizontal,direct_compass,7,20y_00028_waggle_annotations.csv,E:\2026Trackathon\James\mp4\20250127\00028.mp4,0.993883734673619,-0.110431526074847,83.6598082540901,248.966649523451,194.693158730639,227.696649523451,248.966649523451,2.03275276808635,10,ok,20250127/above_horizontal/calibration_00014_waggle_annotations.csv,20250127/above_horizontal/calibration_00014_waggle_annotations.csv,calibration_00014,20250127/above_horizontal/calibration_00014_waggle_annotations.csv,,,,,,,,1237,805,"(1237, 805)",616,,,-21.27
tilted,tilted_20250127,tilted_20250127__20y__20y_00029,20y_00029,20y,20250127,12:22:00,above_horizontal,direct_compass,1,20y_00029_waggle_annotations.csv,E:\2026Trackathon\James\mp4\20250127\00029.mp4,-0.358979079308869,-0.93334560620306,338.962488974578,248.966649523451,89.9958394511271,227.696649523451,248.966649523451,2.03275276808635,10,ok,20250127/above_horizontal/calibration_00014_waggle_annotations.csv,20250127/above_horizontal/calibration_00014_waggle_annotations.csv,calibration_00014,20250127/above_horizontal/calibration_00014_waggle_annotations.csv,,,,,,,,1385,685,"(1385, 685)",21,,,-21.27
tilted,tilted_20250127,tilted_20250127__20y__20y_00029,20y_00029,20y,20250127,12:22:00,above_horizontal,direct_compass,2,20y_00029_waggle_annotations.csv,E:\2026Trackathon\James\mp4\20250127\00029.mp4,-0.076696498884737,-0.997054485501582,355.601294645005,248.966649523451,106.634645121553,227.696649523451,248.966649523451,2.03275276808635,10,ok,20250127/above_horizontal/calibration_00014_waggle_annotations.csv,20250127/above_horizontal/calibration_00014_waggle_annotations.csv,calibration_00014,20250127/above_horizontal/calibration_00014_waggle_annotations.csv,,,,,,,,1373,721,"(1373, 721)",72,,,-21.27
tilted,tilted_20250127,tilted_20250127__20y__20y_00029,20y_00029,20y,20250127,12:22:00,above_horizontal,direct_compass,3,20y_00029_waggle_annotations.csv,E:\2026Trackathon\James\mp4\20250127\00029.mp4,-0.805055837353368,-0.59319903804985,306.384351815836,248.966649523451,57.4177022923847,227.696649523451,248.966649523451,2.03275276808635,10,ok,20250127/above_horizontal/calibration_00014_waggle_annotations.csv,20250127/above_horizontal/calibration_00014_waggle_annotations.csv,calibration_00014,20250127/above_horizontal/calibration_00014_waggle_annotations.csv,,,,,,,,1364,645,"(1364, 645)",135,,,-21.27
tilted,tilted_20250127,tilted_20250127__20y__20y_00029,20y_00029,20y,20250127,12:22:00,above_horizontal,direct_compass,4,20y_00029_waggle_annotations.csv,E:\2026Trackathon\James\mp4\20250127\00029.mp4,-0.976187060183953,-0.216930457818656,282.528807709152,248.966649523451,33.5621581857004,227.696649523451,248.966649523451,2.03275276808635,10,ok,20250127/above_horizontal/calibration_00014_waggle_annotations.csv,20250127/above_horizontal/calibration_00014_waggle_annotations.csv,calibration_00014,20250127/above_horizontal/calibration_00014_waggle_annotations.csv,,,,,,,,1336,658,"(1336, 658)",198,,,-21.27
tilted,tilted_20250127,tilted_20250127__20y__20y_00029,20y_00029,20y,20250127,12:22:00,above_horizontal,direct_compass,5,20y_00029_waggle_annotations.csv,E:\2026Trackathon\James\mp4\20250127\00029.mp4,-0.773957299203321,0.633237790257263,230.7105931375,248.966649523451,341.743943614049,227.696649523451,248.966649523451,2.03275276808635,10,ok,20250127/above_horizontal/calibration_00014_waggle_annotations.csv,20250127/above_horizontal/calibration_00014_waggle_annotations.csv,calibration_00014,20250127/above_horizontal/calibration_00014_waggle_annotations.csv,,,,,,,,1325,700,"(1325, 700)",244,,,-21.27
tilted,tilted_20250127,tilted_20250127__20y__20y_00029,20y_00029,20y,20250127,12:22:00,above_horizontal,direct_compass,6,20y_00029_waggle_annotations.csv,E:\2026Trackathon\James\mp4\20250127\00029.mp4,0.970142500145332,-0.242535625036333,75.9637565320735,248.966649523451,186.997107008622,227.696649523451,248.966649523451,2.03275276808635,10,ok,20250127/above_horizontal/calibration_00014_waggle_annotations.csv,20250127/above_horizontal/calibration_00014_waggle_annotations.csv,calibration_00014,20250127/above_horizontal/calibration_00014_waggle_annotations.csv,,,,,,,,1333,781,"(1333, 781)",270,,,-21.27
tilted,tilted_20250127,tilted_20250127__20y__20y_00029,20y_00029,20y,20250127,12:22:00,above_horizontal,direct_compass,7,20y_00029_waggle_annotations.csv,E:\2026Trackathon\James\mp4\20250127\00029.mp4,0.983869910099907,-0.178885438199983,79.695153531234,248.966649523451,190.728504007783,227.696649523451,248.966649523451,2.03275276808635,10,ok,20250127/above_horizontal/calibration_00014_waggle_annotations.csv,20250127/above_horizontal/calibration_00014_waggle_annotations.csv,calibration_00014,20250127/above_horizontal/calibration_00014_waggle_annotations.csv,,,,,,,,1341,799,"(1341, 799)",322,,,-21.27
tilted,tilted_20250127,tilted_20250127__20y__20y_00029,20y_00029,20y,20250127,12:22:00,above_horizontal,direct_compass,8,20y_00029_waggle_annotations.csv,E:\2026Trackathon\James\mp4\20250127\00029.mp4,0.707106781186548,0.707106781186548,135,248.966649523451,246.033350476549,227.696649523451,248.966649523451,2.03275276808635,10,ok,20250127/above_horizontal/calibration_00014_waggle_annotations.csv,20250127/above_horizontal/calibration_00014_waggle_annotations.csv,calibration_00014,20250127/above_horizontal/calibration_00014_waggle_annotations.csv,,,,,,,,1376,781,"(1376, 781)",366,,,-21.27
tilted,tilted_20250127,tilted_20250127__20y__20y_00029,20y_00029,20y,20250127,12:22:00,above_horizontal,direct_compass,9,20y_00029_waggle_annotations.csv,E:\2026Trackathon\James\mp4\20250127\00029.mp4,0.984783558817937,-0.173785333909048,79.9920201985587,248.966649523451,191.025370675108,227.696649523451,248.966649523451,2.03275276808635,10,ok,20250127/above_horizontal/calibration_00014_waggle_annotations.csv,20250127/above_horizontal/calibration_00014_waggle_annotations.csv,calibration_00014,20250127/above_horizontal/calibration_00014_waggle_annotations.csv,,,,,,,,1410,807,"(1410, 807)",422,,,-21.27
tilted,tilted_20250127,tilted_20250127__20y__20y_00029,20y_00029,20y,20250127,12:22:00,above_horizontal,direct_compass,10,20y_00029_waggle_annotations.csv,E:\2026Trackathon\James\mp4\20250127\00029.mp4,0.514495755427527,-0.857492925712544,30.9637565320735,248.966649523451,141.997107008622,227.696649523451,248.966649523451,2.03275276808635,10,ok,20250127/above_horizontal/calibration_00014_waggle_annotations.csv,20250127/above_horizontal/calibration_00014_waggle_annotations.csv,calibration_00014,20250127/above_horizontal/calibration_00014_waggle_annotations.csv,,,,,,,,1390,736,"(1390, 736)",552,,,-21.27
tilted,tilted_20250127,tilted_20250127__20y__20y_00029,20y_00029,20y,20250127,12:22:00,above_horizontal,direct_compass,11,20y_00029_waggle_annotations.csv,E:\2026Trackathon\James\mp4\20250127\00029.mp4,0.768221279597376,-0.64018439966448,50.1944289077348,248.966649523451,161.227779384284,227.696649523451,248.966649523451,2.03275276808635,10,ok,20250127/above_horizontal/calibration_00014_waggle_annotations.csv,20250127/above_horizontal/calibration_00014_waggle_annotations.csv,calibration_00014,20250127/above_horizontal/calibration_00014_waggle_annotations.csv,,,,,,,,1420,789,"(1420, 789)",682,,,-21.27
tilted,tilted_20250127,tilted_20250127__84r__84r_00030,84r_00030,84r,20250127,12:24:00,above_horizontal,direct_compass,1,84r_00030_waggle_annotations.csv,E:\2026Trackathon\James\mp4\20250127\00030.mp4,-0.917070056253235,-0.39872611141445,293.498565675952,248.966649523451,44.5319161525009,227.696649523451,248.966649523451,2.03275276808635,10,ok,20250127/above_horizontal/calibration_00014_waggle_annotations.csv,20250127/above_horizontal/calibration_00014_waggle_annotations.csv,calibration_00014,20250127/above_horizontal/calibration_00014_waggle_annotations.csv,,,,,,,,1040,626,"(1040, 626)",28,,,-21.27
tilted,tilted_20250127,tilted_20250127__84r__84r_00030,84r_00030,84r,20250127,12:24:00,above_horizontal,direct_compass,2,84r_00030_waggle_annotations.csv,E:\2026Trackathon\James\mp4\20250127\00030.mp4,-0.939793423488437,-0.341743063086704,289.9831065219,248.966649523451,41.0164569984488,227.696649523451,248.966649523451,2.03275276808635,10,ok,20250127/above_horizontal/calibration_00014_waggle_annotations.csv,20250127/above_horizontal/calibration_00014_waggle_annotations.csv,calibration_00014,20250127/above_horizontal/calibration_00014_waggle_annotations.csv,,,,,,,,1000,628,"(1000, 628)",78,,,-21.27
tilted,tilted_20250127,tilted_20250127__84r__84r_00030,84r_00030,84r,20250127,12:24:00,above_horizontal,direct_compass,3,84r_00030_waggle_annotations.csv,E:\2026Trackathon\James\mp4\20250127\00030.mp4,-0.768221279597376,-0.64018439966448,309.805571092265,248.966649523451,60.8389215688141,227.696649523451,248.966649523451,2.03275276808635,10,ok,20250127/above_horizontal/calibration_00014_waggle_annotations.csv,20250127/above_horizontal/calibration_00014_waggle_annotations.csv,calibration_00014,20250127/above_horizontal/calibration_00014_waggle_annotations.csv,,,,,,,,990,653,"(990, 653)",123,,,-21.27
tilted,tilted_20250127,tilted_20250127__84r__84r_00030,84r_00030,84r,20250127,12:24:00,above_horizontal,direct_compass,4,84r_00030_waggle_annotations.csv,E:\2026Trackathon\James\mp4\20250127\00030.mp4,-0.743294146247166,-0.66896473162245,311.987212495817,248.966649523451,63.0205629723655,227.696649523451,248.966649523451,2.03275276808635,10,ok,20250127/above_horizontal/calibration_00014_waggle_annotations.csv,20250127/above_horizontal/calibration_00014_waggle_annotations.csv,calibration_00014,20250127/above_horizontal/calibration_00014_waggle_annotations.csv,,,,,,,,1032,623,"(1032, 623)",170,,,-21.27
tilted,tilted_20250127,tilted_20250127__84r__84r_00030,84r_00030,84r,20250127,12:24:00,above_horizontal,direct_compass,5,84r_00030_waggle_annotations.csv,E:\2026Trackathon\James\mp4\20250127\00030.mp4,-0.857492925712544,-0.514495755427527,300.963756532074,248.966649523451,51.9971070086224,227.696649523451,248.966649523451,2.03275276808635,10,ok,20250127/above_horizontal/calibration_00014_waggle_annotations.csv,20250127/above_horizontal/calibration_00014_waggle_annotations.csv,calibration_00014,20250127/above_horizontal/calibration_00014_waggle_annotations.csv,,,,,,,,1036,632,"(1036, 632)",213,,,-21.27
tilted,tilted_20250127,tilted_20250127__84r__84r_00030,84r_00030,84r,20250127,12:24:00,above_horizontal,direct_compass,6,84r_00030_waggle_annotations.csv,E:\2026Trackathon\James\mp4\20250127\00030.mp4,-0.658504607868518,-0.752576694706878,318.81407483429,248.966649523451,69.8474253108392,227.696649523451,248.966649523451,2.03275276808635,10,ok,20250127/above_horizontal/calibration_00014_waggle_annotations.csv,20250127/above_horizontal/calibration_00014_waggle_annotations.csv,calibration_00014,20250127/above_horizontal/calibration_00014_waggle_annotations.csv,,,,,,,,1055,629,"(1055, 629)",251,,,-21.27
tilted,tilted_20250127,tilted_20250127__84r__84r_00030,84r_00030,84r,20250127,12:24:00,above_horizontal,direct_compass,7,84r_00030_waggle_annotations.csv,E:\2026Trackathon\James\mp4\20250127\00030.mp4,-0.832050294337844,-0.554700196225229,303.69006752598,248.966649523451,54.7234180025286,227.696649523451,248.966649523451,2.03275276808635,10,ok,20250127/above_horizontal/calibration_00014_waggle_annotations.csv,20250127/above_horizontal/calibration_00014_waggle_annotations.csv,calibration_00014,20250127/above_horizontal/calibration_00014_waggle_annotations.csv,,,,,,,,1041,639,"(1041, 639)",295,,,-21.27
tilted,tilted_20250127,tilted_20250127__84r__84r_00030,84r_00030,84r,20250127,12:24:00,above_horizontal,direct_compass,8,84r_00030_waggle_annotations.csv,E:\2026Trackathon\James\mp4\20250127\00030.mp4,-0.777941180203722,-0.628337107087621,308.927543592792,248.966649523451,59.9608940693412,227.696649523451,248.966649523451,2.03275276808635,10,ok,20250127/above_horizontal/calibration_00014_waggle_annotations.csv,20250127/above_horizontal/calibration_00014_waggle_annotations.csv,calibration_00014,20250127/above_horizontal/calibration_00014_waggle_annotations.csv,,,,,,,,1094,627,"(1094, 627)",337,,,-21.27
tilted,tilted_20250127,tilted_20250127__84r__84r_00030,84r_00030,84r,20250127,12:24:00,above_horizontal,direct_compass,9,84r_00030_waggle_annotations.csv,E:\2026Trackathon\James\mp4\20250127\00030.mp4,-0.948683298050514,-0.316227766016838,288.434948822922,248.966649523451,39.4682992994709,227.696649523451,248.966649523451,2.03275276808635,10,ok,20250127/above_horizontal/calibration_00014_waggle_annotations.csv,20250127/above_horizontal/calibration_00014_waggle_annotations.csv,calibration_00014,20250127/above_horizontal/calibration_00014_waggle_annotations.csv,,,,,,,,1081,635,"(1081, 635)",375,,,-21.27
tilted,tilted_20250127,tilted_20250127__84r__84r_00030,84r_00030,84r,20250127,12:24:00,above_horizontal,direct_compass,10,84r_00030_waggle_annotations.csv,E:\2026Trackathon\James\mp4\20250127\00030.mp4,-0.483077342911335,-0.875577684026794,331.113418233089,248.966649523451,82.1467687096382,227.696649523451,248.966649523451,2.03275276808635,10,ok,20250127/above_horizontal/calibration_00014_waggle_annotations.csv,20250127/above_horizontal/calibration_00014_waggle_annotations.csv,calibration_00014,20250127/above_horizontal/calibration_00014_waggle_annotations.csv,,,,,,,,1099,617,"(1099, 617)",422,,,-21.27
tilted,tilted_20250127,tilted_20250127__84r__84r_00030,84r_00030,84r,20250127,12:24:00,above_horizontal,direct_compass,11,84r_00030_waggle_annotations.csv,E:\2026Trackathon\James\mp4\20250127\00030.mp4,-0.481918749772156,-0.876215908676647,331.189206257027,248.966649523451,82.2225567335758,227.696649523451,248.966649523451,2.03275276808635,10,ok,20250127/above_horizontal/calibration_00014_waggle_annotations.csv,20250127/above_horizontal/calibration_00014_waggle_annotations.csv,calibration_00014,20250127/above_horizontal/calibration_00014_waggle_annotations.csv,,,,,,,,1097,593,"(1097, 593)",470,,,-21.27
tilted,tilted_20250127,tilted_20250127__84r__84r_00030,84r_00030,84r,20250127,12:24:00,above_horizontal,direct_compass,12,84r_00030_waggle_annotations.csv,E:\2026Trackathon\James\mp4\20250127\00030.mp4,-0.586509812151843,-0.809942121543021,324.090276920822,248.966649523451,75.1236273973712,227.696649523451,248.966649523451,2.03275276808635,10,ok,20250127/above_horizontal/calibration_00014_waggle_annotations.csv,20250127/above_horizontal/calibration_00014_waggle_annotations.csv,calibration_00014,20250127/above_horizontal/calibration_00014_waggle_annotations.csv,,,,,,,,1172,452,"(1172, 452)",579,,,-21.27
tilted,tilted_20250127,tilted_20250127__84r__84r_00030,84r_00030,84r,20250127,12:24:00,above_horizontal,direct_compass,13,84r_00030_waggle_annotations.csv,E:\2026Trackathon\James\mp4\20250127\00030.mp4,-0.613940613514921,-0.789352217376326,322.125016348902,248.966649523451,73.1583668254507,227.696649523451,248.966649523451,2.03275276808635,10,ok,20250127/above_horizontal/calibration_00014_waggle_annotations.csv,20250127/above_horizontal/calibration_00014_waggle_annotations.csv,calibration_00014,20250127/above_horizontal/calibration_00014_waggle_annotations.csv,,,,,,,,1160,402,"(1160, 402)",613,,,-21.27
tilted,tilted_20250127,tilted_20250127__84r__84r_00030,84r_00030,84r,20250127,12:24:00,above_horizontal,direct_compass,14,84r_00030_waggle_annotations.csv,E:\2026Trackathon\James\mp4\20250127\00030.mp4,-0.777244870707486,-0.629198228667965,308.990994042505,248.966649523451,60.0243445190543,227.696649523451,248.966649523451,2.03275276808635,10,ok,20250127/above_horizontal/calibration_00014_waggle_annotations.csv,20250127/above_horizontal/calibration_00014_waggle_annotations.csv,calibration_00014,20250127/above_horizontal/calibration_00014_waggle_annotations.csv,,,,,,,,1161,433,"(1161, 433)",656,,,-21.27
tilted,tilted_20250127,tilted_20250127__84r__84r_00030,84r_00030,84r,20250127,12:24:00,above_horizontal,direct_compass,15,84r_00030_waggle_annotations.csv,E:\2026Trackathon\James\mp4\20250127\00030.mp4,-0.0525588331227637,-0.99861782933251,356.987212495817,248.966649523451,108.020562972366,227.696649523451,248.966649523451,2.03275276808635,10,ok,20250127/above_horizontal/calibration_00014_waggle_annotations.csv,20250127/above_horizontal/calibration_00014_waggle_annotations.csv,calibration_00014,20250127/above_horizontal/calibration_00014_waggle_annotations.csv,,,,,,,,1154,434,"(1154, 434)",702,,,-21.27
tilted,tilted_20250127,tilted_20250127__84r__84r_00030,84r_00030,84r,20250127,12:24:00,above_horizontal,direct_compass,16,84r_00030_waggle_annotations.csv,E:\2026Trackathon\James\mp4\20250127\00030.mp4,-0.56468391559199,-0.825307261249832,325.619655276155,248.966649523451,76.653005752704,227.696649523451,248.966649523451,2.03275276808635,10,ok,20250127/above_horizontal/calibration_00014_waggle_annotations.csv,20250127/above_horizontal/calibration_00014_waggle_annotations.csv,calibration_00014,20250127/above_horizontal/calibration_00014_waggle_annotations.csv,,,,,,,,1144,434,"(1144, 434)",748,,,-21.27
tilted,tilted_20250127,tilted_20250127__84r__84r_00030,84r_00030,84r,20250127,12:24:00,above_horizontal,direct_compass,17,84r_00030_waggle_annotations.csv,E:\2026Trackathon\James\mp4\20250127\00030.mp4,-0.707106781186548,-0.707106781186548,315,248.966649523451,66.0333504765489,227.696649523451,248.966649523451,2.03275276808635,10,ok,20250127/above_horizontal/calibration_00014_waggle_annotations.csv,20250127/above_horizontal/calibration_00014_waggle_annotations.csv,calibration_00014,20250127/above_horizontal/calibration_00014_waggle_annotations.csv,,,,,,,,1158,384,"(1158, 384)",789,,,-21.27
tilted,tilted_20250127,tilted_20250127__84r__84r_00030,84r_00030,84r,20250127,12:24:00,above_horizontal,direct_compass,18,84r_00030_waggle_annotations.csv,E:\2026Trackathon\James\mp4\20250127\00030.mp4,-0.993150604322876,-0.116841247567397,276.709836807757,248.966649523451,27.7431872843058,227.696649523451,248.966649523451,2.03275276808635,10,ok,20250127/above_horizontal/calibration_00014_waggle_annotations.csv,20250127/above_horizontal/calibration_00014_waggle_annotations.csv,calibration_00014,20250127/above_horizontal/calibration_00014_waggle_annotations.csv,,,,,,,,1140,418,"(1140, 418)",825,,,-21.27
tilted,tilted_20250127,tilted_20250127__84r__84r_00030,84r_00030,84r,20250127,12:24:00,above_horizontal,direct_compass,19,84r_00030_waggle_annotations.csv,E:\2026Trackathon\James\mp4\20250127\00030.mp4,-0.624695047554424,-0.78086880944303,321.34019174591,248.966649523451,72.3735422224588,227.696649523451,248.966649523451,2.03275276808635,10,ok,20250127/above_horizontal/calibration_00014_waggle_annotations.csv,20250127/above_horizontal/calibration_00014_waggle_annotations.csv,calibration_00014,20250127/above_horizontal/calibration_00014_waggle_annotations.csv,,,,,,,,1145,415,"(1145, 415)",866,,,-21.27
tilted,tilted_20250127,tilted_20250127__84r__84r_00030,84r_00030,84r,20250127,12:24:00,above_horizontal,direct_compass,20,84r_00030_waggle_annotations.csv,E:\2026Trackathon\James\mp4\20250127\00030.mp4,-0.932004671541296,-0.362446261154948,291.250505507133,248.966649523451,42.2838559836821,227.696649523451,248.966649523451,2.03275276808635,10,ok,20250127/above_horizontal/calibration_00014_waggle_annotations.csv,20250127/above_horizontal/calibration_00014_waggle_annotations.csv,calibration_00014,20250127/above_horizontal/calibration_00014_waggle_annotations.csv,,,,,,,,1104,428,"(1104, 428)",909,,,-21.27
tilted,tilted_20250127,tilted_20250127__90r__90r_00030,90r_00030,90r,20250127,12:24:00,above_horizontal,direct_compass,1,90r_00030_waggle_annotations.csv,E:\2026Trackathon\James\mp4\20250127\00030.mp4,-0.94299033358289,-0.332820117735138,289.440034828176,248.966649523451,40.473385304725,227.696649523451,248.966649523451,2.03275276808635,10,ok,20250127/above_horizontal/calibration_00014_waggle_annotations.csv,20250127/above_horizontal/calibration_00014_waggle_annotations.csv,calibration_00014,20250127/above_horizontal/calibration_00014_waggle_annotations.csv,,,,,,,,1124,632,"(1124, 632)",60,,,-21.27
tilted,tilted_20250127,tilted_20250127__90r__90r_00030,90r_00030,90r,20250127,12:24:00,above_horizontal,direct_compass,2,90r_00030_waggle_annotations.csv,E:\2026Trackathon\James\mp4\20250127\00030.mp4,-0.752576694706878,-0.658504607868518,311.18592516571,248.966649523451,62.2192756422585,227.696649523451,248.966649523451,2.03275276808635,10,ok,20250127/above_horizontal/calibration_00014_waggle_annotations.csv,20250127/above_horizontal/calibration_00014_waggle_annotations.csv,calibration_00014,20250127/above_horizontal/calibration_00014_waggle_annotations.csv,,,,,,,,1092,585,"(1092, 585)",134,,,-21.27
tilted,tilted_20250127,tilted_20250127__90r__90r_00030,90r_00030,90r,20250127,12:24:00,above_horizontal,direct_compass,3,90r_00030_waggle_annotations.csv,E:\2026Trackathon\James\mp4\20250127\00030.mp4,-0.93834311681711,0.345705358827356,249.775140568832,248.966649523451,0.808491045380777,227.696649523451,248.966649523451,2.03275276808635,10,ok,20250127/above_horizontal/calibration_00014_waggle_annotations.csv,20250127/above_horizontal/calibration_00014_waggle_annotations.csv,calibration_00014,20250127/above_horizontal/calibration_00014_waggle_annotations.csv,,,,,,,,949,668,"(949, 668)",173,,,-21.27
tilted,tilted_20250127,tilted_20250127__90r__90r_00030,90r_00030,90r,20250127,12:24:00,above_horizontal,direct_compass,4,90r_00030_waggle_annotations.csv,E:\2026Trackathon\James\mp4\20250127\00030.mp4,-0.941741911594837,-0.336336396998156,289.653824058053,248.966649523451,40.6871745346022,227.696649523451,248.966649523451,2.03275276808635,10,ok,20250127/above_horizontal/calibration_00014_waggle_annotations.csv,20250127/above_horizontal/calibration_00014_waggle_annotations.csv,calibration_00014,20250127/above_horizontal/calibration_00014_waggle_annotations.csv,,,,,,,,901,685,"(901, 685)",226,,,-21.27
tilted,tilted_20250127,tilted_20250127__90r__90r_00030,90r_00030,90r,20250127,12:24:00,above_horizontal,direct_compass,5,90r_00030_waggle_annotations.csv,E:\2026Trackathon\James\mp4\20250127\00030.mp4,-0.98058067569092,-0.196116135138184,281.30993247402,248.966649523451,32.3432829505691,227.696649523451,248.966649523451,2.03275276808635,10,ok,20250127/above_horizontal/calibration_00014_waggle_annotations.csv,20250127/above_horizontal/calibration_00014_waggle_annotations.csv,calibration_00014,20250127/above_horizontal/calibration_00014_waggle_annotations.csv,,,,,,,,921,692,"(921, 692)",285,,,-21.27
tilted,tilted_20250127,tilted_20250127__90r__90r_00030,90r_00030,90r,20250127,12:24:00,above_horizontal,direct_compass,6,90r_00030_waggle_annotations.csv,E:\2026Trackathon\James\mp4\20250127\00030.mp4,-0.8,-0.6,306.869897645844,248.966649523451,57.9032481223929,227.696649523451,248.966649523451,2.03275276808635,10,ok,20250127/above_horizontal/calibration_00014_waggle_annotations.csv,20250127/above_horizontal/calibration_00014_waggle_annotations.csv,calibration_00014,20250127/above_horizontal/calibration_00014_waggle_annotations.csv,,,,,,,,863,740,"(863, 740)",340,,,-21.27
tilted,tilted_20250128,tilted_20250128__17y__17y_00065,17y_00065,17y,20250128,18:07:00,10_deg,direct_compass,1,17y_00065_waggle_annotations.csv,E:\2026Trackathon\James\mp4\20250128\00065.mp4,-0.993150604322876,0.116841247567397,263.290163192243,169.49148992241,93.7986732698334,148.22148992241,169.49148992241,1.06872669123619,10,ok,20250128/28_calibration_00062.csv,20250128/28_calibration_00062.csv,28_calibration_00062,20250128/28_calibration_00062.csv,,,,,,,,957,762,"(957, 762)",124,,,-21.27
tilted,tilted_20250128,tilted_20250128__17y__17y_00065,17y_00065,17y,20250128,18:07:00,10_deg,direct_compass,2,17y_00065_waggle_annotations.csv,E:\2026Trackathon\James\mp4\20250128\00065.mp4,-0.979260419507103,0.202605604035952,258.310630824561,169.49148992241,88.8191409021511,148.22148992241,169.49148992241,1.06872669123619,10,ok,20250128/28_calibration_00062.csv,20250128/28_calibration_00062.csv,28_calibration_00062,20250128/28_calibration_00062.csv,,,,,,,,972,783,"(972, 783)",430,,,-21.27
tilted,tilted_20250128,tilted_20250128__17y__17y_00065,17y_00065,17y,20250128,18:07:00,10_deg,direct_compass,3,17y_00065_waggle_annotations.csv,E:\2026Trackathon\James\mp4\20250128\00065.mp4,-1,0,270,169.49148992241,100.50851007759,148.22148992241,169.49148992241,1.06872669123619,10,ok,20250128/28_calibration_00062.csv,20250128/28_calibration_00062.csv,28_calibration_00062,20250128/28_calibration_00062.csv,,,,,,,,1118,790,"(1118, 790)",683,,,-21.27
tilted,tilted_20250128,tilted_20250128__17y__17y_00065,17y_00065,17y,20250128,18:07:00,10_deg,direct_compass,4,17y_00065_waggle_annotations.csv,E:\2026Trackathon\James\mp4\20250128\00065.mp4,-0.973417168333576,0.229039333725547,256.759480084813,169.49148992241,87.2679901624031,148.22148992241,169.49148992241,1.06872669123619,10,ok,20250128/28_calibration_00062.csv,20250128/28_calibration_00062.csv,28_calibration_00062,20250128/28_calibration_00062.csv,,,,,,,,1119,793,"(1119, 793)",791,,,-21.27
tilted,tilted_20250128,tilted_20250128__17y__17y_00065,17y_00065,17y,20250128,18:07:00,10_deg,direct_compass,5,17y_00065_waggle_annotations.csv,E:\2026Trackathon\James\mp4\20250128\00065.mp4,-0.999261174631314,0.0384331221012044,267.797401838234,169.49148992241,98.3059119158245,148.22148992241,169.49148992241,1.06872669123619,10,ok,20250128/28_calibration_00062.csv,20250128/28_calibration_00062.csv,28_calibration_00062,20250128/28_calibration_00062.csv,,,,,,,,1147,795,"(1147, 795)",889,,,-21.27
tilted,tilted_20250128,tilted_20250128__17y__17y_00065,17y_00065,17y,20250128,18:07:00,10_deg,direct_compass,6,17y_00065_waggle_annotations.csv,E:\2026Trackathon\James\mp4\20250128\00065.mp4,-0.963992618206074,0.265928998125813,254.577838681261,169.49148992241,85.0863487588516,148.22148992241,169.49148992241,1.06872669123619,10,ok,20250128/28_calibration_00062.csv,20250128/28_calibration_00062.csv,28_calibration_00062,20250128/28_calibration_00062.csv,,,,,,,,1133,789,"(1133, 789)",1018,,,-21.27
tilted,tilted_20250128,tilted_20250128__20y__20y_00027,20y_00027,20y,20250128,10:49:00,10_deg,landmark_transfer,1,20y_00027_waggle_annotations.csv,E:\2026Trackathon\James\mp4\20250128\00027.mp4,-0.324324324324324,-0.945945945945946,341.075355583949,171.363413454515,169.711942129434,152.354969825729,173.624969825729,1.26937574734175,10,ok,20250128/28_calibration_00051.csv,20250128/28_calibration_00051.csv,28_calibration_00051,20250128/28_calibration_00051.csv,20250128/28_landmark_calibration_00051.csv,20250128/28_landmark_00027.csv,271.67080805427,1.12790415365448,261.954161771458,269.409251683057,0.905008288556652,1286,791,"(1286, 791)",640,,,-21.27
tilted,tilted_20250128,tilted_20250128__20y__20y_00027,20y_00027,20y,20250128,10:49:00,10_deg,landmark_transfer,2,20y_00027_waggle_annotations.csv,E:\2026Trackathon\James\mp4\20250128\00027.mp4,-0.132163720091018,-0.991227900682635,352.405356631409,171.363413454515,181.041943176893,152.354969825729,173.624969825729,1.26937574734175,10,ok,20250128/28_calibration_00051.csv,20250128/28_calibration_00051.csv,28_calibration_00051,20250128/28_calibration_00051.csv,20250128/28_landmark_calibration_00051.csv,20250128/28_landmark_00027.csv,271.67080805427,1.12790415365448,261.954161771458,269.409251683057,0.905008288556652,1293,787,"(1293, 787)",707,,,-21.27
tilted,tilted_20250128,tilted_20250128__20y__20y_00027,20y_00027,20y,20250128,10:49:00,10_deg,landmark_transfer,3,20y_00027_waggle_annotations.csv,E:\2026Trackathon\James\mp4\20250128\00027.mp4,-0.265928998125813,-0.963992618206074,344.577838681261,171.363413454515,173.214425226746,152.354969825729,173.624969825729,1.26937574734175,10,ok,20250128/28_calibration_00051.csv,20250128/28_calibration_00051.csv,28_calibration_00051,20250128/28_calibration_00051.csv,20250128/28_landmark_calibration_00051.csv,20250128/28_landmark_00027.csv,271.67080805427,1.12790415365448,261.954161771458,269.409251683057,0.905008288556652,1306,780,"(1306, 780)",957,,,-21.27
tilted,tilted_20250128,tilted_20250128__20y__20y_00027,20y_00027,20y,20250128,10:49:00,10_deg,landmark_transfer,4,20y_00027_waggle_annotations.csv,E:\2026Trackathon\James\mp4\20250128\00027.mp4,-0.371390676354104,-0.928476690885259,338.198590513648,171.363413454515,166.835177059133,152.354969825729,173.624969825729,1.26937574734175,10,ok,20250128/28_calibration_00051.csv,20250128/28_calibration_00051.csv,28_calibration_00051,20250128/28_calibration_00051.csv,20250128/28_landmark_calibration_00051.csv,20250128/28_landmark_00027.csv,271.67080805427,1.12790415365448,261.954161771458,269.409251683057,0.905008288556652,1295,751,"(1295, 751)",1033,,,-21.27
tilted,tilted_20250128,tilted_20250128__20y__20y_00027,20y_00027,20y,20250128,10:49:00,10_deg,landmark_transfer,5,20y_00027_waggle_annotations.csv,E:\2026Trackathon\James\mp4\20250128\00027.mp4,-0.316227766016838,-0.948683298050514,341.565051177078,171.363413454515,170.201637722563,152.354969825729,173.624969825729,1.26937574734175,10,ok,20250128/28_calibration_00051.csv,20250128/28_calibration_00051.csv,28_calibration_00051,20250128/28_calibration_00051.csv,20250128/28_landmark_calibration_00051.csv,20250128/28_landmark_00027.csv,271.67080805427,1.12790415365448,261.954161771458,269.409251683057,0.905008288556652,898,757,"(898, 757)",1403,,,-21.27
tilted,tilted_20250128,tilted_20250128__20y__20y_00027,20y_00027,20y,20250128,10:49:00,10_deg,landmark_transfer,6,20y_00027_waggle_annotations.csv,E:\2026Trackathon\James\mp4\20250128\00027.mp4,-0.403640206576294,-0.914917801572932,336.194056481542,171.363413454515,164.830643027027,152.354969825729,173.624969825729,1.26937574734175,10,ok,20250128/28_calibration_00051.csv,20250128/28_calibration_00051.csv,28_calibration_00051,20250128/28_calibration_00051.csv,20250128/28_landmark_calibration_00051.csv,20250128/28_landmark_00027.csv,271.67080805427,1.12790415365448,261.954161771458,269.409251683057,0.905008288556652,970,790,"(970, 790)",1535,,,-21.27
tilted,tilted_20250128,tilted_20250128__20y__20y_00027,20y_00027,20y,20250128,10:49:00,10_deg,landmark_transfer,7,20y_00027_waggle_annotations.csv,E:\2026Trackathon\James\mp4\20250128\00027.mp4,-0.942427745481247,-0.334409845170765,289.536654938128,171.363413454515,118.173241483613,152.354969825729,173.624969825729,1.26937574734175,10,ok,20250128/28_calibration_00051.csv,20250128/28_calibration_00051.csv,28_calibration_00051,20250128/28_calibration_00051.csv,20250128/28_landmark_calibration_00051.csv,20250128/28_landmark_00027.csv,271.67080805427,1.12790415365448,261.954161771458,269.409251683057,0.905008288556652,998,732,"(998, 732)",1576,,,-21.27
tilted,tilted_20250128,tilted_20250128__20y__20y_00027,20y_00027,20y,20250128,10:49:00,10_deg,landmark_transfer,8,20y_00027_waggle_annotations.csv,E:\2026Trackathon\James\mp4\20250128\00027.mp4,-0.844819075554229,-0.535052081184345,302.347443499442,171.363413454515,130.984030044927,152.354969825729,173.624969825729,1.26937574734175,10,ok,20250128/28_calibration_00051.csv,20250128/28_calibration_00051.csv,28_calibration_00051,20250128/28_calibration_00051.csv,20250128/28_landmark_calibration_00051.csv,20250128/28_landmark_00027.csv,271.67080805427,1.12790415365448,261.954161771458,269.409251683057,0.905008288556652,1023,721,"(1023, 721)",1632,,,-21.27
tilted,tilted_20250128,tilted_20250128__20y__20y_00027,20y_00027,20y,20250128,10:49:00,10_deg,landmark_transfer,9,20y_00027_waggle_annotations.csv,E:\2026Trackathon\James\mp4\20250128\00027.mp4,-0.674269364021332,-0.738485493928126,317.6025622025,171.363413454515,146.239148747985,152.354969825729,173.624969825729,1.26937574734175,10,ok,20250128/28_calibration_00051.csv,20250128/28_calibration_00051.csv,28_calibration_00051,20250128/28_calibration_00051.csv,20250128/28_landmark_calibration_00051.csv,20250128/28_landmark_00027.csv,271.67080805427,1.12790415365448,261.954161771458,269.409251683057,0.905008288556652,1006,764,"(1006, 764)",1679,,,-21.27
tilted,tilted_20250128,tilted_20250128__20y__20y_00027,20y_00027,20y,20250128,10:49:00,10_deg,landmark_transfer,10,20y_00027_waggle_annotations.csv,E:\2026Trackathon\James\mp4\20250128\00027.mp4,0.42443387623072,-0.905458935958868,25.1148348861446,171.363413454515,213.751421431629,152.354969825729,173.624969825729,1.26937574734175,10,ok,20250128/28_calibration_00051.csv,20250128/28_calibration_00051.csv,28_calibration_00051,20250128/28_calibration_00051.csv,20250128/28_landmark_calibration_00051.csv,20250128/28_landmark_00027.csv,271.67080805427,1.12790415365448,261.954161771458,269.409251683057,0.905008288556652,1134,798,"(1134, 798)",1755,,,-21.27
tilted,tilted_20250128,tilted_20250128__20y__20y_00027,20y_00027,20y,20250128,10:49:00,10_deg,landmark_transfer,11,20y_00027_waggle_annotations.csv,E:\2026Trackathon\James\mp4\20250128\00027.mp4,-0.754605522163505,-0.656178714924787,311.00908690157,171.363413454515,139.645673447055,152.354969825729,173.624969825729,1.26937574734175,10,ok,20250128/28_calibration_00051.csv,20250128/28_calibration_00051.csv,28_calibration_00051,20250128/28_calibration_00051.csv,20250128/28_landmark_calibration_00051.csv,20250128/28_landmark_00027.csv,271.67080805427,1.12790415365448,261.954161771458,269.409251683057,0.905008288556652,1034,743,"(1034, 743)",1809,,,-21.27
tilted,tilted_20250128,tilted_20250128__20y__20y_00027,20y_00027,20y,20250128,10:49:00,10_deg,landmark_transfer,12,20y_00027_waggle_annotations.csv,E:\2026Trackathon\James\mp4\20250128\00027.mp4,-0.242535625036333,-0.970142500145332,345.963756532074,171.363413454515,174.600343077558,152.354969825729,173.624969825729,1.26937574734175,10,ok,20250128/28_calibration_00051.csv,20250128/28_calibration_00051.csv,28_calibration_00051,20250128/28_calibration_00051.csv,20250128/28_landmark_calibration_00051.csv,20250128/28_landmark_00027.csv,271.67080805427,1.12790415365448,261.954161771458,269.409251683057,0.905008288556652,1037,754,"(1037, 754)",1850,,,-21.27
tilted,tilted_20250128,tilted_20250128__20y__20y_00027,20y_00027,20y,20250128,10:49:00,10_deg,landmark_transfer,13,20y_00027_waggle_annotations.csv,E:\2026Trackathon\James\mp4\20250128\00027.mp4,-0.690475746682501,-0.723355544143572,316.33221985387,171.363413454515,144.968806399355,152.354969825729,173.624969825729,1.26937574734175,10,ok,20250128/28_calibration_00051.csv,20250128/28_calibration_00051.csv,28_calibration_00051,20250128/28_calibration_00051.csv,20250128/28_landmark_calibration_00051.csv,20250128/28_landmark_00027.csv,271.67080805427,1.12790415365448,261.954161771458,269.409251683057,0.905008288556652,994,735,"(994, 735)",1897,,,-21.27
tilted,tilted_20250128,tilted_20250128__20y__20y_00027,20y_00027,20y,20250128,10:49:00,10_deg,landmark_transfer,14,20y_00027_waggle_annotations.csv,E:\2026Trackathon\James\mp4\20250128\00027.mp4,-0.910366477462605,-0.413802944301184,294.443954780417,171.363413454515,123.080541325901,152.354969825729,173.624969825729,1.26937574734175,10,ok,20250128/28_calibration_00051.csv,20250128/28_calibration_00051.csv,28_calibration_00051,20250128/28_calibration_00051.csv,20250128/28_landmark_calibration_00051.csv,20250128/28_landmark_00027.csv,271.67080805427,1.12790415365448,261.954161771458,269.409251683057,0.905008288556652,1049,707,"(1049, 707)",1942,,,-21.27
tilted,tilted_20250128,tilted_20250128__20y__20y_00027,20y_00027,20y,20250128,10:49:00,10_deg,landmark_transfer,15,20y_00027_waggle_annotations.csv,E:\2026Trackathon\James\mp4\20250128\00027.mp4,-0.546267780546922,-0.837610596838614,326.888658039628,171.363413454515,155.525244585113,152.354969825729,173.624969825729,1.26937574734175,10,ok,20250128/28_calibration_00051.csv,20250128/28_calibration_00051.csv,28_calibration_00051,20250128/28_calibration_00051.csv,20250128/28_landmark_calibration_00051.csv,20250128/28_landmark_00027.csv,271.67080805427,1.12790415365448,261.954161771458,269.409251683057,0.905008288556652,1026,750,"(1026, 750)",1987,,,-21.27
tilted,tilted_20250128,tilted_20250128__20y__20y_00027,20y_00027,20y,20250128,10:49:00,10_deg,landmark_transfer,16,20y_00027_waggle_annotations.csv,E:\2026Trackathon\James\mp4\20250128\00027.mp4,-0.851658316704544,-0.524097425664335,301.607502246249,171.363413454515,130.244088791734,152.354969825729,173.624969825729,1.26937574734175,10,ok,20250128/28_calibration_00051.csv,20250128/28_calibration_00051.csv,28_calibration_00051,20250128/28_calibration_00051.csv,20250128/28_landmark_calibration_00051.csv,20250128/28_landmark_00027.csv,271.67080805427,1.12790415365448,261.954161771458,269.409251683057,0.905008288556652,1045,706,"(1045, 706)",2031,,,-21.27
tilted,tilted_20250128,tilted_20250128__20y__20y_00027,20y_00027,20y,20250128,10:49:00,10_deg,landmark_transfer,17,20y_00027_waggle_annotations.csv,E:\2026Trackathon\James\mp4\20250128\00027.mp4,-0.619644288579021,-0.784882765533426,321.709836807757,171.363413454515,150.346423353242,152.354969825729,173.624969825729,1.26937574734175,10,ok,20250128/28_calibration_00051.csv,20250128/28_calibration_00051.csv,28_calibration_00051,20250128/28_calibration_00051.csv,20250128/28_landmark_calibration_00051.csv,20250128/28_landmark_00027.csv,271.67080805427,1.12790415365448,261.954161771458,269.409251683057,0.905008288556652,1055,725,"(1055, 725)",2077,,,-21.27
tilted,tilted_20250128,tilted_20250128__20y__20y_00027,20y_00027,20y,20250128,10:49:00,10_deg,landmark_transfer,18,20y_00027_waggle_annotations.csv,E:\2026Trackathon\James\mp4\20250128\00027.mp4,-0.940887411868727,-0.338719468272742,289.798876354525,171.363413454515,118.43546290001,152.354969825729,173.624969825729,1.26937574734175,10,ok,20250128/28_calibration_00051.csv,20250128/28_calibration_00051.csv,28_calibration_00051,20250128/28_calibration_00051.csv,20250128/28_landmark_calibration_00051.csv,20250128/28_landmark_00027.csv,271.67080805427,1.12790415365448,261.954161771458,269.409251683057,0.905008288556652,1077,692,"(1077, 692)",2127,,,-21.27
tilted,tilted_20250128,tilted_20250128__20y__20y_00027,20y_00027,20y,20250128,10:49:00,10_deg,landmark_transfer,19,20y_00027_waggle_annotations.csv,E:\2026Trackathon\James\mp4\20250128\00027.mp4,-0.939793423488437,-0.341743063086704,289.9831065219,171.363413454515,118.619693067385,152.354969825729,173.624969825729,1.26937574734175,10,ok,20250128/28_calibration_00051.csv,20250128/28_calibration_00051.csv,28_calibration_00051,20250128/28_calibration_00051.csv,20250128/28_landmark_calibration_00051.csv,20250128/28_landmark_00027.csv,271.67080805427,1.12790415365448,261.954161771458,269.409251683057,0.905008288556652,1050,688,"(1050, 688)",2171,,,-21.27
tilted,tilted_20250128,tilted_20250128__20y__20y_00027,20y_00027,20y,20250128,10:49:00,10_deg,landmark_transfer,20,20y_00027_waggle_annotations.csv,E:\2026Trackathon\James\mp4\20250128\00027.mp4,-0.581238193719097,-0.813733471206735,324.462322208026,171.363413454515,153.098908753511,152.354969825729,173.624969825729,1.26937574734175,10,ok,20250128/28_calibration_00051.csv,20250128/28_calibration_00051.csv,28_calibration_00051,20250128/28_calibration_00051.csv,20250128/28_landmark_calibration_00051.csv,20250128/28_landmark_00027.csv,271.67080805427,1.12790415365448,261.954161771458,269.409251683057,0.905008288556652,1040,773,"(1040, 773)",2215,,,-21.27
tilted,tilted_20250128,tilted_20250128__20y__20y_00027,20y_00027,20y,20250128,10:49:00,10_deg,landmark_transfer,21,20y_00027_waggle_annotations.csv,E:\2026Trackathon\James\mp4\20250128\00027.mp4,-0.783497679089534,-0.621394711002044,308.418055344822,171.363413454515,137.054641890307,152.354969825729,173.624969825729,1.26937574734175,10,ok,20250128/28_calibration_00051.csv,20250128/28_calibration_00051.csv,28_calibration_00051,20250128/28_calibration_00051.csv,20250128/28_landmark_calibration_00051.csv,20250128/28_landmark_00027.csv,271.67080805427,1.12790415365448,261.954161771458,269.409251683057,0.905008288556652,1084,775,"(1084, 775)",2261,,,-21.27
tilted,tilted_20250128,tilted_20250128__20y__20y_00027,20y_00027,20y,20250128,10:49:00,10_deg,landmark_transfer,22,20y_00027_waggle_annotations.csv,E:\2026Trackathon\James\mp4\20250128\00027.mp4,-0.963517909629941,-0.267643863786095,285.524110996754,171.363413454515,114.160697542239,152.354969825729,173.624969825729,1.26937574734175,10,ok,20250128/28_calibration_00051.csv,20250128/28_calibration_00051.csv,28_calibration_00051,20250128/28_calibration_00051.csv,20250128/28_landmark_calibration_00051.csv,20250128/28_landmark_00027.csv,271.67080805427,1.12790415365448,261.954161771458,269.409251683057,0.905008288556652,1054,658,"(1054, 658)",2317,,,-21.27
tilted,tilted_20250128,tilted_20250128__20y__20y_00027,20y_00027,20y,20250128,10:49:00,10_deg,landmark_transfer,23,20y_00027_waggle_annotations.csv,E:\2026Trackathon\James\mp4\20250128\00027.mp4,-0.960346226753624,-0.278810194863955,286.189206257027,171.363413454515,114.825792802512,152.354969825729,173.624969825729,1.26937574734175,10,ok,20250128/28_calibration_00051.csv,20250128/28_calibration_00051.csv,28_calibration_00051,20250128/28_calibration_00051.csv,20250128/28_landmark_calibration_00051.csv,20250128/28_landmark_00027.csv,271.67080805427,1.12790415365448,261.954161771458,269.409251683057,0.905008288556652,1049,718,"(1049, 718)",2360,,,-21.27
tilted,tilted_20250128,tilted_20250128__20y__20y_00027,20y_00027,20y,20250128,10:49:00,10_deg,landmark_transfer,24,20y_00027_waggle_annotations.csv,E:\2026Trackathon\James\mp4\20250128\00027.mp4,-0.942427745481247,-0.334409845170765,289.536654938128,171.363413454515,118.173241483613,152.354969825729,173.624969825729,1.26937574734175,10,ok,20250128/28_calibration_00051.csv,20250128/28_calibration_00051.csv,28_calibration_00051,20250128/28_calibration_00051.csv,20250128/28_landmark_calibration_00051.csv,20250128/28_landmark_00027.csv,271.67080805427,1.12790415365448,261.954161771458,269.409251683057,0.905008288556652,1071,706,"(1071, 706)",2404,,,-21.27
tilted,tilted_20250128,tilted_20250128__20y__20y_00027,20y_00027,20y,20250128,10:49:00,10_deg,landmark_transfer,25,20y_00027_waggle_annotations.csv,E:\2026Trackathon\James\mp4\20250128\00027.mp4,-0.811534341451494,-0.584304725845076,305.753887254437,171.363413454515,134.390473799922,152.354969825729,173.624969825729,1.26937574734175,10,ok,20250128/28_calibration_00051.csv,20250128/28_calibration_00051.csv,28_calibration_00051,20250128/28_calibration_00051.csv,20250128/28_landmark_calibration_00051.csv,20250128/28_landmark_00027.csv,271.67080805427,1.12790415365448,261.954161771458,269.409251683057,0.905008288556652,1085,728,"(1085, 728)",2452,,,-21.27
tilted,tilted_20250128,tilted_20250128__20y__20y_00027,20y_00027,20y,20250128,10:49:00,10_deg,landmark_transfer,26,20y_00027_waggle_annotations.csv,E:\2026Trackathon\James\mp4\20250128\00027.mp4,-0.894427190999916,-0.447213595499958,296.565051177078,171.363413454515,125.201637722563,152.354969825729,173.624969825729,1.26937574734175,10,ok,20250128/28_calibration_00051.csv,20250128/28_calibration_00051.csv,28_calibration_00051,20250128/28_calibration_00051.csv,20250128/28_landmark_calibration_00051.csv,20250128/28_landmark_00027.csv,271.67080805427,1.12790415365448,261.954161771458,269.409251683057,0.905008288556652,1104,708,"(1104, 708)",2498,,,-21.27
tilted,tilted_20250128,tilted_20250128__20y__20y_00027,20y_00027,20y,20250128,10:49:00,10_deg,landmark_transfer,27,20y_00027_waggle_annotations.csv,E:\2026Trackathon\James\mp4\20250128\00027.mp4,-0.832050294337844,-0.554700196225229,303.69006752598,171.363413454515,132.326654071465,152.354969825729,173.624969825729,1.26937574734175,10,ok,20250128/28_calibration_00051.csv,20250128/28_calibration_00051.csv,28_calibration_00051,20250128/28_calibration_00051.csv,20250128/28_landmark_calibration_00051.csv,20250128/28_landmark_00027.csv,271.67080805427,1.12790415365448,261.954161771458,269.409251683057,0.905008288556652,1101,736,"(1101, 736)",2546,,,-21.27
tilted,tilted_20250128,tilted_20250128__20y__20y_00027,20y_00027,20y,20250128,10:49:00,10_deg,landmark_transfer,28,20y_00027_waggle_annotations.csv,E:\2026Trackathon\James\mp4\20250128\00027.mp4,-0.23162052730604,-0.972806214685367,346.607502246249,171.363413454515,175.244088791734,152.354969825729,173.624969825729,1.26937574734175,10,ok,20250128/28_calibration_00051.csv,20250128/28_calibration_00051.csv,28_calibration_00051,20250128/28_calibration_00051.csv,20250128/28_landmark_calibration_00051.csv,20250128/28_landmark_00027.csv,271.67080805427,1.12790415365448,261.954161771458,269.409251683057,0.905008288556652,1070,727,"(1070, 727)",2595,,,-21.27
tilted,tilted_20250128,tilted_20250128__20y__20y_00027,20y_00027,20y,20250128,10:49:00,10_deg,landmark_transfer,29,20y_00027_waggle_annotations.csv,E:\2026Trackathon\James\mp4\20250128\00027.mp4,-0.988371697650617,-0.152057184253941,278.746162262555,171.363413454515,107.38274880804,152.354969825729,173.624969825729,1.26937574734175,10,ok,20250128/28_calibration_00051.csv,20250128/28_calibration_00051.csv,28_calibration_00051,20250128/28_calibration_00051.csv,20250128/28_landmark_calibration_00051.csv,20250128/28_landmark_00027.csv,271.67080805427,1.12790415365448,261.954161771458,269.409251683057,0.905008288556652,1032,715,"(1032, 715)",2642,,,-21.27
tilted,tilted_20250128,tilted_20250128__20y__20y_00027,20y_00027,20y,20250128,10:49:00,10_deg,landmark_transfer,30,20y_00027_waggle_annotations.csv,E:\2026Trackathon\James\mp4\20250128\00027.mp4,-0.518978134241764,-0.854787515221729,328.736268305623,171.363413454515,157.372854851107,152.354969825729,173.624969825729,1.26937574734175,10,ok,20250128/28_calibration_00051.csv,20250128/28_calibration_00051.csv,28_calibration_00051,20250128/28_calibration_00051.csv,20250128/28_landmark_calibration_00051.csv,20250128/28_landmark_00027.csv,271.67080805427,1.12790415365448,261.954161771458,269.409251683057,0.905008288556652,946,748,"(946, 748)",2693,,,-21.27
tilted,tilted_20250128,tilted_20250128__20y__20y_00063,20y_00063,20y,20250128,18:02:00,10_deg,direct_compass,1,20y_00063_waggle_annotations.csv,E:\2026Trackathon\James\mp4\20250128\00063.mp4,-0.992277876713668,0.124034734589208,262.874983651098,169.49148992241,93.3834937286885,148.22148992241,169.49148992241,1.06872669123619,10,ok,20250128/28_calibration_00062.csv,20250128/28_calibration_00062.csv,28_calibration_00062,20250128/28_calibration_00062.csv,,,,,,,,1147,786,"(1147, 786)",13,,,-21.27
tilted,tilted_20250128,tilted_20250128__20y__20y_00063,20y_00063,20y,20250128,18:02:00,10_deg,direct_compass,2,20y_00063_waggle_annotations.csv,E:\2026Trackathon\James\mp4\20250128\00063.mp4,-0.961523947640823,0.274721127897378,254.054604099077,169.49148992241,84.5631141766675,148.22148992241,169.49148992241,1.06872669123619,10,ok,20250128/28_calibration_00062.csv,20250128/28_calibration_00062.csv,28_calibration_00062,20250128/28_calibration_00062.csv,,,,,,,,1152,779,"(1152, 779)",58,,,-21.27
tilted,tilted_20250128,tilted_20250128__20y__20y_00063,20y_00063,20y,20250128,18:02:00,10_deg,direct_compass,3,20y_00063_waggle_annotations.csv,E:\2026Trackathon\James\mp4\20250128\00063.mp4,-0.658504607868518,0.752576694706878,221.18592516571,169.49148992241,51.6944352433,148.22148992241,169.49148992241,1.06872669123619,10,ok,20250128/28_calibration_00062.csv,20250128/28_calibration_00062.csv,28_calibration_00062,20250128/28_calibration_00062.csv,,,,,,,,1151,803,"(1151, 803)",109,,,-21.27
tilted,tilted_20250128,tilted_20250128__20y__20y_00063,20y_00063,20y,20250128,18:02:00,10_deg,direct_compass,4,20y_00063_waggle_annotations.csv,E:\2026Trackathon\James\mp4\20250128\00063.mp4,-0.995037190209989,-0.0995037190209989,275.7105931375,169.49148992241,106.21910321509,148.22148992241,169.49148992241,1.06872669123619,10,ok,20250128/28_calibration_00062.csv,20250128/28_calibration_00062.csv,28_calibration_00062,20250128/28_calibration_00062.csv,,,,,,,,1147,797,"(1147, 797)",155,,,-21.27
tilted,tilted_20250128,tilted_20250128__20y__20y_00063,20y_00063,20y,20250128,18:02:00,10_deg,direct_compass,5,20y_00063_waggle_annotations.csv,E:\2026Trackathon\James\mp4\20250128\00063.mp4,-0.447213595499958,0.894427190999916,206.565051177078,169.49148992241,37.0735612546683,148.22148992241,169.49148992241,1.06872669123619,10,ok,20250128/28_calibration_00062.csv,20250128/28_calibration_00062.csv,28_calibration_00062,20250128/28_calibration_00062.csv,,,,,,,,1157,799,"(1157, 799)",334,,,-21.27
tilted,tilted_20250128,tilted_20250128__20y__20y_00063,20y_00063,20y,20250128,18:02:00,10_deg,direct_compass,6,20y_00063_waggle_annotations.csv,E:\2026Trackathon\James\mp4\20250128\00063.mp4,-0.961523947640823,0.274721127897378,254.054604099077,169.49148992241,84.5631141766675,148.22148992241,169.49148992241,1.06872669123619,10,ok,20250128/28_calibration_00062.csv,20250128/28_calibration_00062.csv,28_calibration_00062,20250128/28_calibration_00062.csv,,,,,,,,1135,777,"(1135, 777)",399,,,-21.27
tilted,tilted_20250128,tilted_20250128__20y__20y_00063,20y_00063,20y,20250128,18:02:00,10_deg,direct_compass,7,20y_00063_waggle_annotations.csv,E:\2026Trackathon\James\mp4\20250128\00063.mp4,-0.178885438199983,0.983869910099907,190.304846468766,169.49148992241,20.8133565463563,148.22148992241,169.49148992241,1.06872669123619,10,ok,20250128/28_calibration_00062.csv,20250128/28_calibration_00062.csv,28_calibration_00062,20250128/28_calibration_00062.csv,,,,,,,,1118,805,"(1118, 805)",448,,,-21.27
tilted,tilted_20250128,tilted_20250128__20y__20y_00063,20y_00063,20y,20250128,18:02:00,10_deg,direct_compass,8,20y_00063_waggle_annotations.csv,E:\2026Trackathon\James\mp4\20250128\00063.mp4,-0.991227900682635,0.132163720091018,262.405356631409,169.49148992241,92.9138667089989,148.22148992241,169.49148992241,1.06872669123619,10,ok,20250128/28_calibration_00062.csv,20250128/28_calibration_00062.csv,28_calibration_00062,20250128/28_calibration_00062.csv,,,,,,,,1074,797,"(1074, 797)",499,,,-21.27
tilted,tilted_20250128,tilted_20250128__20y__20y_00063,20y_00063,20y,20250128,18:02:00,10_deg,direct_compass,9,20y_00063_waggle_annotations.csv,E:\2026Trackathon\James\mp4\20250128\00063.mp4,-0.973417168333576,0.229039333725547,256.759480084813,169.49148992241,87.2679901624031,148.22148992241,169.49148992241,1.06872669123619,10,ok,20250128/28_calibration_00062.csv,20250128/28_calibration_00062.csv,28_calibration_00062,20250128/28_calibration_00062.csv,,,,,,,,1100,813,"(1100, 813)",624,,,-21.27
tilted,tilted_20250128,tilted_20250128__20y__20y_00066,20y_00066,20y,20250128,18:07:00,10_deg,direct_compass,1,20y_00066_waggle_annotations.csv,E:\2026Trackathon\James\mp4\20250128\00066.mp4,-0.794357832977196,0.607450107570797,232.594643368591,169.49148992241,63.1031534461818,148.22148992241,169.49148992241,1.06872669123619,10,ok,20250128/28_calibration_00062.csv,20250128/28_calibration_00062.csv,28_calibration_00062,20250128/28_calibration_00062.csv,,,,,,,,1512,797,"(1512, 797)",313,,,-21.27
tilted,tilted_20250128,tilted_20250128__20y__20y_00066,20y_00066,20y,20250128,18:07:00,10_deg,direct_compass,2,20y_00066_waggle_annotations.csv,E:\2026Trackathon\James\mp4\20250128\00066.mp4,-0.998542273277508,0.0539752580150005,266.905941941083,169.49148992241,97.4144520186732,148.22148992241,169.49148992241,1.06872669123619,10,ok,20250128/28_calibration_00062.csv,20250128/28_calibration_00062.csv,28_calibration_00062,20250128/28_calibration_00062.csv,,,,,,,,1455,791,"(1455, 791)",357,,,-21.27
tilted,tilted_20250128,tilted_20250128__20y__20y_00066,20y_00066,20y,20250128,18:07:00,10_deg,direct_compass,3,20y_00066_waggle_annotations.csv,E:\2026Trackathon\James\mp4\20250128\00066.mp4,-0.920581781875257,0.39054984685617,247.011283197919,169.49148992241,77.5197932755096,148.22148992241,169.49148992241,1.06872669123619,10,ok,20250128/28_calibration_00062.csv,20250128/28_calibration_00062.csv,28_calibration_00062,20250128/28_calibration_00062.csv,,,,,,,,1485,785,"(1485, 785)",415,,,-21.27
tilted,tilted_20250128,tilted_20250128__20y__20y_00066,20y_00066,20y,20250128,18:07:00,10_deg,direct_compass,4,20y_00066_waggle_annotations.csv,E:\2026Trackathon\James\mp4\20250128\00066.mp4,-0.816415639506865,0.577464720626807,234.727578551402,169.49148992241,65.2360886289919,148.22148992241,169.49148992241,1.06872669123619,10,ok,20250128/28_calibration_00062.csv,20250128/28_calibration_00062.csv,28_calibration_00062,20250128/28_calibration_00062.csv,,,,,,,,1497,783,"(1497, 783)",467,,,-21.27
tilted,tilted_20250128,tilted_20250128__20y__20y_00066,20y_00066,20y,20250128,18:07:00,10_deg,direct_compass,5,20y_00066_waggle_annotations.csv,E:\2026Trackathon\James\mp4\20250128\00066.mp4,-0.990226505105838,0.139468521845893,261.982906926345,169.49148992241,92.4914170039349,148.22148992241,169.49148992241,1.06872669123619,10,ok,20250128/28_calibration_00062.csv,20250128/28_calibration_00062.csv,28_calibration_00062,20250128/28_calibration_00062.csv,,,,,,,,1471,790,"(1471, 790)",619,,,-21.27
tilted,tilted_20250128,tilted_20250128__20y__20y_00066,20y_00066,20y,20250128,18:07:00,10_deg,direct_compass,6,20y_00066_waggle_annotations.csv,E:\2026Trackathon\James\mp4\20250128\00066.mp4,-0.889817462812737,0.456316647596275,242.850318302217,169.49148992241,73.3588283798071,148.22148992241,169.49148992241,1.06872669123619,10,ok,20250128/28_calibration_00062.csv,20250128/28_calibration_00062.csv,28_calibration_00062,20250128/28_calibration_00062.csv,,,,,,,,1450,768,"(1450, 768)",699,,,-21.27
tilted,tilted_20250128,tilted_20250128__20y__20y_00066,20y_00066,20y,20250128,18:07:00,10_deg,direct_compass,7,20y_00066_waggle_annotations.csv,E:\2026Trackathon\James\mp4\20250128\00066.mp4,-0.96561575852067,0.259973473447873,254.931511840508,169.49148992241,85.4400219180981,148.22148992241,169.49148992241,1.06872669123619,10,ok,20250128/28_calibration_00062.csv,20250128/28_calibration_00062.csv,28_calibration_00062,20250128/28_calibration_00062.csv,,,,,,,,1404,684,"(1404, 684)",779,,,-21.27
tilted,tilted_20250128,tilted_20250128__20y__20y_00066,20y_00066,20y,20250128,18:07:00,10_deg,direct_compass,8,20y_00066_waggle_annotations.csv,E:\2026Trackathon\James\mp4\20250128\00066.mp4,-0.918211212871235,0.39609111143465,246.66595872329,169.49148992241,77.1744688008805,148.22148992241,169.49148992241,1.06872669123619,10,ok,20250128/28_calibration_00062.csv,20250128/28_calibration_00062.csv,28_calibration_00062,20250128/28_calibration_00062.csv,,,,,,,,1402,761,"(1402, 761)",821,,,-21.27
tilted,tilted_20250128,tilted_20250128__20y__20y_00066,20y_00066,20y,20250128,18:07:00,10_deg,direct_compass,9,20y_00066_waggle_annotations.csv,E:\2026Trackathon\James\mp4\20250128\00066.mp4,-0.999592086460695,-0.028559773898877,271.636577041617,169.49148992241,102.145087119207,148.22148992241,169.49148992241,1.06872669123619,10,ok,20250128/28_calibration_00062.csv,20250128/28_calibration_00062.csv,28_calibration_00062,20250128/28_calibration_00062.csv,,,,,,,,1413,714,"(1413, 714)",869,,,-21.27
tilted,tilted_20250128,tilted_20250128__20y__20y_00066,20y_00066,20y,20250128,18:07:00,10_deg,direct_compass,10,20y_00066_waggle_annotations.csv,E:\2026Trackathon\James\mp4\20250128\00066.mp4,-0.955285890691346,0.295683728071131,252.801458779934,169.49148992241,83.3099688575244,148.22148992241,169.49148992241,1.06872669123619,10,ok,20250128/28_calibration_00062.csv,20250128/28_calibration_00062.csv,28_calibration_00062,20250128/28_calibration_00062.csv,,,,,,,,1358,743,"(1358, 743)",912,,,-21.27
tilted,tilted_20250128,tilted_20250128__20y__20y_00066,20y_00066,20y,20250128,18:07:00,10_deg,direct_compass,11,20y_00066_waggle_annotations.csv,E:\2026Trackathon\James\mp4\20250128\00066.mp4,-1,0,270,169.49148992241,100.50851007759,148.22148992241,169.49148992241,1.06872669123619,10,ok,20250128/28_calibration_00062.csv,20250128/28_calibration_00062.csv,28_calibration_00062,20250128/28_calibration_00062.csv,,,,,,,,1344,702,"(1344, 702)",960,,,-21.27
tilted,tilted_20250128,tilted_20250128__20y__20y_00066,20y_00066,20y,20250128,18:07:00,10_deg,direct_compass,12,20y_00066_waggle_annotations.csv,E:\2026Trackathon\James\mp4\20250128\00066.mp4,-0.894427190999916,0.447213595499958,243.434948822922,169.49148992241,73.9434589005123,148.22148992241,169.49148992241,1.06872669123619,10,ok,20250128/28_calibration_00062.csv,20250128/28_calibration_00062.csv,28_calibration_00062,20250128/28_calibration_00062.csv,,,,,,,,1356,755,"(1356, 755)",1008,,,-21.27
tilted,tilted_20250128,tilted_20250128__20y__20y_00066,20y_00066,20y,20250128,18:07:00,10_deg,direct_compass,13,20y_00066_waggle_annotations.csv,E:\2026Trackathon\James\mp4\20250128\00066.mp4,-0.999133073092352,0.0416305447121813,267.614055969611,169.49148992241,98.1225660472015,148.22148992241,169.49148992241,1.06872669123619,10,ok,20250128/28_calibration_00062.csv,20250128/28_calibration_00062.csv,28_calibration_00062,20250128/28_calibration_00062.csv,,,,,,,,1374,703,"(1374, 703)",1041,,,-21.27
tilted,tilted_20250128,tilted_20250128__22b__22b_00010,22b_00010,22b,20250128,08:29:00,10_deg,direct_compass,1,22b_00010_waggle_annotations.csv,E:\2026Trackathon\James\mp4\20250128\00010.mp4,-0.59001658934231,-0.807391122257898,323.841814560192,272.632804731408,51.209009828784,251.362804731408,272.632804731408,2.15329303402389,10,ok,20250128/28_calibration_00007.csv,20250128/28_calibration_00007.csv,28_calibration_00007,20250128/28_calibration_00007.csv,,,,,,,,824,903,"(824, 903)",249,,,-21.27
tilted,tilted_20250128,tilted_20250128__22b__22b_00010,22b_00010,22b,20250128,08:29:00,10_deg,direct_compass,2,22b_00010_waggle_annotations.csv,E:\2026Trackathon\James\mp4\20250128\00010.mp4,-0.562310021407279,-0.826926502069528,325.784297867563,272.632804731408,53.151493136155,251.362804731408,272.632804731408,2.15329303402389,10,ok,20250128/28_calibration_00007.csv,20250128/28_calibration_00007.csv,28_calibration_00007,20250128/28_calibration_00007.csv,,,,,,,,753,896,"(753, 896)",298,,,-21.27
tilted,tilted_20250128,tilted_20250128__22b__22b_00010,22b_00010,22b,20250128,08:29:00,10_deg,direct_compass,3,22b_00010_waggle_annotations.csv,E:\2026Trackathon\James\mp4\20250128\00010.mp4,-0.694594513699567,-0.719401460617409,316.005086005254,272.632804731408,43.3722812738465,251.362804731408,272.632804731408,2.15329303402389,10,ok,20250128/28_calibration_00007.csv,20250128/28_calibration_00007.csv,28_calibration_00007,20250128/28_calibration_00007.csv,,,,,,,,719,891,"(719, 891)",342,,,-21.27
tilted,tilted_20250128,tilted_20250128__22b__22b_00010,22b_00010,22b,20250128,08:29:00,10_deg,direct_compass,4,22b_00010_waggle_annotations.csv,E:\2026Trackathon\James\mp4\20250128\00010.mp4,-0.794951246045078,-0.606673319350191,307.349349044641,272.632804731408,34.7165443132329,251.362804731408,272.632804731408,2.15329303402389,10,ok,20250128/28_calibration_00007.csv,20250128/28_calibration_00007.csv,28_calibration_00007,20250128/28_calibration_00007.csv,,,,,,,,645,874,"(645, 874)",437,,,-21.27
tilted,tilted_20250128,tilted_20250128__22b__22b_00053,22b_00053,22b,20250128,15:40:00,10_deg,direct_compass,1,22b_00053_waggle_annotations.csv,E:\2026Trackathon\James\mp4\20250128\00053.mp4,-0.680451099367278,0.732793491626299,222.878903603339,173.624969825729,49.2539337776097,152.354969825729,173.624969825729,1.26937574734175,10,ok,20250128/28_calibration_00051.csv,20250128/28_calibration_00051.csv,28_calibration_00051,20250128/28_calibration_00051.csv,,,,,,,,895,946,"(895, 946)",310,,,-21.27
tilted,tilted_20250128,tilted_20250128__22b__22b_00053,22b_00053,22b,20250128,15:40:00,10_deg,direct_compass,2,22b_00053_waggle_annotations.csv,E:\2026Trackathon\James\mp4\20250128\00053.mp4,0.380749805254295,0.924678098474716,157.61986494804,173.624969825729,343.994895122312,152.354969825729,173.624969825729,1.26937574734175,10,ok,20250128/28_calibration_00051.csv,20250128/28_calibration_00051.csv,28_calibration_00051,20250128/28_calibration_00051.csv,,,,,,,,909,943,"(909, 943)",348,,,-21.27
tilted,tilted_20250128,tilted_20250128__22b__22b_00053,22b_00053,22b,20250128,15:40:00,10_deg,direct_compass,3,22b_00053_waggle_annotations.csv,E:\2026Trackathon\James\mp4\20250128\00053.mp4,-0.838443616300637,0.544988350595414,236.976132444203,173.624969825729,63.3511626184745,152.354969825729,173.624969825729,1.26937574734175,10,ok,20250128/28_calibration_00051.csv,20250128/28_calibration_00051.csv,28_calibration_00051,20250128/28_calibration_00051.csv,,,,,,,,871,938,"(871, 938)",438,,,-21.27
tilted,tilted_20250128,tilted_20250128__22b__22b_00053,22b_00053,22b,20250128,15:40:00,10_deg,direct_compass,4,22b_00053_waggle_annotations.csv,E:\2026Trackathon\James\mp4\20250128\00053.mp4,0.503871025524086,0.863778900898434,149.743562836471,173.624969825729,336.118593010742,152.354969825729,173.624969825729,1.26937574734175,10,ok,20250128/28_calibration_00051.csv,20250128/28_calibration_00051.csv,28_calibration_00051,20250128/28_calibration_00051.csv,,,,,,,,839,929,"(839, 929)",478,,,-21.27
tilted,tilted_20250128,tilted_20250128__22b__22b_00053,22b_00053,22b,20250128,15:40:00,10_deg,direct_compass,5,22b_00053_waggle_annotations.csv,E:\2026Trackathon\James\mp4\20250128\00053.mp4,-0.853281833651959,0.521450009453975,238.570434385162,173.624969825729,64.9454645594326,152.354969825729,173.624969825729,1.26937574734175,10,ok,20250128/28_calibration_00051.csv,20250128/28_calibration_00051.csv,28_calibration_00051,20250128/28_calibration_00051.csv,,,,,,,,827,926,"(827, 926)",519,,,-21.27
tilted,tilted_20250128,tilted_20250128__22b__22b_00053,22b_00053,22b,20250128,15:40:00,10_deg,direct_compass,6,22b_00053_waggle_annotations.csv,E:\2026Trackathon\James\mp4\20250128\00053.mp4,-0.8,0.6,233.130102354156,173.624969825729,59.5051325284271,152.354969825729,173.624969825729,1.26937574734175,10,ok,20250128/28_calibration_00051.csv,20250128/28_calibration_00051.csv,28_calibration_00051,20250128/28_calibration_00051.csv,,,,,,,,803,931,"(803, 931)",571,,,-21.27
tilted,tilted_20250128,tilted_20250128__22b__22b_00053,22b_00053,22b,20250128,15:40:00,10_deg,direct_compass,7,22b_00053_waggle_annotations.csv,E:\2026Trackathon\James\mp4\20250128\00053.mp4,0,1,180,173.624969825729,6.37503017427113,152.354969825729,173.624969825729,1.26937574734175,10,ok,20250128/28_calibration_00051.csv,20250128/28_calibration_00051.csv,28_calibration_00051,20250128/28_calibration_00051.csv,,,,,,,,803,949,"(803, 949)",604,,,-21.27
tilted,tilted_20250128,tilted_20250128__22b__22b_00053,22b_00053,22b,20250128,15:40:00,10_deg,direct_compass,8,22b_00053_waggle_annotations.csv,E:\2026Trackathon\James\mp4\20250128\00053.mp4,-0.729537204140085,0.68394112888133,226.847610265995,173.624969825729,53.2226404402657,152.354969825729,173.624969825729,1.26937574734175,10,ok,20250128/28_calibration_00051.csv,20250128/28_calibration_00051.csv,28_calibration_00051,20250128/28_calibration_00051.csv,,,,,,,,788,943,"(788, 943)",660,,,-21.27
tilted,tilted_20250128,tilted_20250128__22b__22b_00053,22b_00053,22b,20250128,15:40:00,10_deg,direct_compass,9,22b_00053_waggle_annotations.csv,E:\2026Trackathon\James\mp4\20250128\00053.mp4,0.209529088730873,0.977802414077409,167.905242922988,173.624969825729,354.280273097259,152.354969825729,173.624969825729,1.26937574734175,10,ok,20250128/28_calibration_00051.csv,20250128/28_calibration_00051.csv,28_calibration_00051,20250128/28_calibration_00051.csv,,,,,,,,795,952,"(795, 952)",696,,,-21.27
tilted,tilted_20250128,tilted_20250128__22b__22b_00053,22b_00053,22b,20250128,15:40:00,10_deg,direct_compass,10,22b_00053_waggle_annotations.csv,E:\2026Trackathon\James\mp4\20250128\00053.mp4,-0.588171697675046,0.808736084303188,216.027373385104,173.624969825729,42.4024035593747,152.354969825729,173.624969825729,1.26937574734175,10,ok,20250128/28_calibration_00051.csv,20250128/28_calibration_00051.csv,28_calibration_00051,20250128/28_calibration_00051.csv,,,,,,,,774,943,"(774, 943)",753,,,-21.27
tilted,tilted_20250128,tilted_20250128__22b__22b_00053,22b_00053,22b,20250128,15:40:00,10_deg,direct_compass,11,22b_00053_waggle_annotations.csv,E:\2026Trackathon\James\mp4\20250128\00053.mp4,-0.540757591313499,0.841178475376554,212.735226272108,173.624969825729,39.1102564463787,152.354969825729,173.624969825729,1.26937574734175,10,ok,20250128/28_calibration_00051.csv,20250128/28_calibration_00051.csv,28_calibration_00051,20250128/28_calibration_00051.csv,,,,,,,,806,933,"(806, 933)",813,,,-21.27
tilted,tilted_20250128,tilted_20250128__22b__22b_00053,22b_00053,22b,20250128,15:40:00,10_deg,direct_compass,12,22b_00053_waggle_annotations.csv,E:\2026Trackathon\James\mp4\20250128\00053.mp4,-0.904248646745991,0.427006305407829,244.722277764447,173.624969825729,71.0973079387182,152.354969825729,173.624969825729,1.26937574734175,10,ok,20250128/28_calibration_00051.csv,20250128/28_calibration_00051.csv,28_calibration_00051,20250128/28_calibration_00051.csv,,,,,,,,760,901,"(760, 901)",859,,,-21.27
tilted,tilted_20250128,tilted_20250128__22b__22b_00053,22b_00053,22b,20250128,15:40:00,10_deg,direct_compass,13,22b_00053_waggle_annotations.csv,E:\2026Trackathon\James\mp4\20250128\00053.mp4,-0.566528822887065,0.824041924199368,214.508522987668,173.624969825729,40.8835531619395,152.354969825729,173.624969825729,1.26937574734175,10,ok,20250128/28_calibration_00051.csv,20250128/28_calibration_00051.csv,28_calibration_00051,20250128/28_calibration_00051.csv,,,,,,,,760,938,"(760, 938)",902,,,-21.27
tilted,tilted_20250128,tilted_20250128__22b__22b_00053,22b_00053,22b,20250128,15:40:00,10_deg,direct_compass,14,22b_00053_waggle_annotations.csv,E:\2026Trackathon\James\mp4\20250128\00053.mp4,-0.77193023561705,0.6357072528611,230.527540151656,173.624969825729,56.9025703259273,152.354969825729,173.624969825729,1.26937574734175,10,ok,20250128/28_calibration_00051.csv,20250128/28_calibration_00051.csv,28_calibration_00051,20250128/28_calibration_00051.csv,,,,,,,,731,897,"(731, 897)",945,,,-21.27
tilted,tilted_20250128,tilted_20250128__22b__22b_00053,22b_00053,22b,20250128,15:40:00,10_deg,direct_compass,15,22b_00053_waggle_annotations.csv,E:\2026Trackathon\James\mp4\20250128\00053.mp4,-0.507020126563394,0.86193421515777,210.46554491946,173.624969825729,36.840575093731,152.354969825729,173.624969825729,1.26937574734175,10,ok,20250128/28_calibration_00051.csv,20250128/28_calibration_00051.csv,28_calibration_00051,20250128/28_calibration_00051.csv,,,,,,,,738,927,"(738, 927)",997,,,-21.27
tilted,tilted_20250128,tilted_20250128__22b__22b_00053,22b_00053,22b,20250128,15:40:00,10_deg,direct_compass,16,22b_00053_waggle_annotations.csv,E:\2026Trackathon\James\mp4\20250128\00053.mp4,-0.877895572914384,0.478852130680573,241.389540334035,173.624969825729,67.7645705083059,152.354969825729,173.624969825729,1.26937574734175,10,ok,20250128/28_calibration_00051.csv,20250128/28_calibration_00051.csv,28_calibration_00051,20250128/28_calibration_00051.csv,,,,,,,,717,936,"(717, 936)",1047,,,-21.27
tilted,tilted_20250128,tilted_20250128__22b__22b_00053,22b_00053,22b,20250128,15:40:00,10_deg,direct_compass,17,22b_00053_waggle_annotations.csv,E:\2026Trackathon\James\mp4\20250128\00053.mp4,-0.86193421515777,0.507020126563394,239.53445508054,173.624969825729,65.9094852548112,152.354969825729,173.624969825729,1.26937574734175,10,ok,20250128/28_calibration_00051.csv,20250128/28_calibration_00051.csv,28_calibration_00051,20250128/28_calibration_00051.csv,,,,,,,,694,930,"(694, 930)",1086,,,-21.27
tilted,tilted_20250128,tilted_20250128__22b__22b_00053,22b_00053,22b,20250128,15:40:00,10_deg,direct_compass,18,22b_00053_waggle_annotations.csv,E:\2026Trackathon\James\mp4\20250128\00053.mp4,-0.948683298050514,0.316227766016838,251.565051177078,173.624969825729,77.9400813513491,152.354969825729,173.624969825729,1.26937574734175,10,ok,20250128/28_calibration_00051.csv,20250128/28_calibration_00051.csv,28_calibration_00051,20250128/28_calibration_00051.csv,,,,,,,,671,924,"(671, 924)",1130,,,-21.27
tilted,tilted_20250128,tilted_20250128__22b__22b_00053,22b_00053,22b,20250128,15:40:00,10_deg,direct_compass,19,22b_00053_waggle_annotations.csv,E:\2026Trackathon\James\mp4\20250128\00053.mp4,-0.164398987305357,0.986393923832144,189.462322208026,173.624969825729,15.8373523822968,152.354969825729,173.624969825729,1.26937574734175,10,ok,20250128/28_calibration_00051.csv,20250128/28_calibration_00051.csv,28_calibration_00051,20250128/28_calibration_00051.csv,,,,,,,,668,947,"(668, 947)",1174,,,-21.27
tilted,tilted_20250128,tilted_20250128__22b__22b_00053,22b_00053,22b,20250128,15:40:00,10_deg,direct_compass,20,22b_00053_waggle_annotations.csv,E:\2026Trackathon\James\mp4\20250128\00053.mp4,-0.789352217376326,0.61394061351492,232.125016348902,173.624969825729,58.5000465231729,152.354969825729,173.624969825729,1.26937574734175,10,ok,20250128/28_calibration_00051.csv,20250128/28_calibration_00051.csv,28_calibration_00051,20250128/28_calibration_00051.csv,,,,,,,,700,938,"(700, 938)",1215,,,-21.27
tilted,tilted_20250128,tilted_20250128__22b__22b_00053,22b_00053,22b,20250128,15:40:00,10_deg,direct_compass,21,22b_00053_waggle_annotations.csv,E:\2026Trackathon\James\mp4\20250128\00053.mp4,-0.885831535280156,0.464006994670558,242.354024636261,173.624969825729,68.7290548105325,152.354969825729,173.624969825729,1.26937574734175,10,ok,20250128/28_calibration_00051.csv,20250128/28_calibration_00051.csv,28_calibration_00051,20250128/28_calibration_00051.csv,,,,,,,,637,942,"(637, 942)",1356,,,-21.27
tilted,tilted_20250128,tilted_20250128__22b__22b_00053,22b_00053,22b,20250128,15:40:00,10_deg,direct_compass,22,22b_00053_waggle_annotations.csv,E:\2026Trackathon\James\mp4\20250128\00053.mp4,-0.959365501571271,0.28216632399155,253.610459665965,173.624969825729,79.9854898402363,152.354969825729,173.624969825729,1.26937574734175,10,ok,20250128/28_calibration_00051.csv,20250128/28_calibration_00051.csv,28_calibration_00051,20250128/28_calibration_00051.csv,,,,,,,,612,952,"(612, 952)",1442,,,-21.27
tilted,tilted_20250128,tilted_20250128__23y__23y_00009,23y_00009,23y,20250128,08:29:00,10_deg,direct_compass,1,23y_00009_waggle_annotations.csv,E:\2026Trackathon\James\mp4\20250128\00009.mp4,-0.953582665134142,-0.301131367937097,287.525568373723,272.632804731408,14.8927636423152,251.362804731408,272.632804731408,2.15329303402389,10,ok,20250128/28_calibration_00007.csv,20250128/28_calibration_00007.csv,28_calibration_00007,20250128/28_calibration_00007.csv,,,,,,,,738,883,"(738, 883)",0,,,-21.27
tilted,tilted_20250128,tilted_20250128__23y__23y_00009,23y_00009,23y,20250128,08:29:00,10_deg,direct_compass,2,23y_00009_waggle_annotations.csv,E:\2026Trackathon\James\mp4\20250128\00009.mp4,-0.707106781186548,-0.707106781186548,315,272.632804731408,42.3671952685924,251.362804731408,272.632804731408,2.15329303402389,10,ok,20250128/28_calibration_00007.csv,20250128/28_calibration_00007.csv,28_calibration_00007,20250128/28_calibration_00007.csv,,,,,,,,808,918,"(808, 918)",33,,,-21.27
tilted,tilted_20250128,tilted_20250128__23y__23y_00009,23y_00009,23y,20250128,08:29:00,10_deg,direct_compass,3,23y_00009_waggle_annotations.csv,E:\2026Trackathon\James\mp4\20250128\00009.mp4,-0.68394112888133,-0.729537204140085,316.847610265995,272.632804731408,44.214805534587,251.362804731408,272.632804731408,2.15329303402389,10,ok,20250128/28_calibration_00007.csv,20250128/28_calibration_00007.csv,28_calibration_00007,20250128/28_calibration_00007.csv,,,,,,,,772,908,"(772, 908)",104,,,-21.27
tilted,tilted_20250128,tilted_20250128__23y__23y_00009,23y_00009,23y,20250128,08:29:00,10_deg,direct_compass,4,23y_00009_waggle_annotations.csv,E:\2026Trackathon\James\mp4\20250128\00009.mp4,-0.5749455167129,-0.818191696860666,324.904183212974,272.632804731408,52.2713784815662,251.362804731408,272.632804731408,2.15329303402389,10,ok,20250128/28_calibration_00007.csv,20250128/28_calibration_00007.csv,28_calibration_00007,20250128/28_calibration_00007.csv,,,,,,,,934,905,"(934, 905)",204,,,-21.27
tilted,tilted_20250128,tilted_20250128__23y__23y_00009,23y_00009,23y,20250128,08:29:00,10_deg,direct_compass,5,23y_00009_waggle_annotations.csv,E:\2026Trackathon\James\mp4\20250128\00009.mp4,-0.993605254789719,-0.112909688044286,276.483073692897,272.632804731408,3.85026896148958,251.362804731408,272.632804731408,2.15329303402389,10,ok,20250128/28_calibration_00007.csv,20250128/28_calibration_00007.csv,28_calibration_00007,20250128/28_calibration_00007.csv,,,,,,,,1226,843,"(1226, 843)",408,,,-21.27
tilted,tilted_20250128,tilted_20250128__23y__23y_00009,23y_00009,23y,20250128,08:29:00,10_deg,direct_compass,6,23y_00009_waggle_annotations.csv,E:\2026Trackathon\James\mp4\20250128\00009.mp4,-0.498124460568314,-0.867105542470769,330.124007308311,272.632804731408,57.4912025769029,251.362804731408,272.632804731408,2.15329303402389,10,ok,20250128/28_calibration_00007.csv,20250128/28_calibration_00007.csv,28_calibration_00007,20250128/28_calibration_00007.csv,,,,,,,,1058,882,"(1058, 882)",469,,,-21.27
tilted,tilted_20250128,tilted_20250128__23y__23y_00009,23y_00009,23y,20250128,08:29:00,10_deg,direct_compass,7,23y_00009_waggle_annotations.csv,E:\2026Trackathon\James\mp4\20250128\00009.mp4,-0.999231950731543,0.0391855666953546,267.754257434105,272.632804731408,355.121452702697,251.362804731408,272.632804731408,2.15329303402389,10,ok,20250128/28_calibration_00007.csv,20250128/28_calibration_00007.csv,28_calibration_00007,20250128/28_calibration_00007.csv,,,,,,,,1064,823,"(1064, 823)",513,,,-21.27
tilted,tilted_20250128,tilted_20250128__23y__23y_00009,23y_00009,23y,20250128,08:29:00,10_deg,direct_compass,8,23y_00009_waggle_annotations.csv,E:\2026Trackathon\James\mp4\20250128\00009.mp4,-0.783497679089534,-0.621394711002044,308.418055344822,272.632804731408,35.7852506134144,251.362804731408,272.632804731408,2.15329303402389,10,ok,20250128/28_calibration_00007.csv,20250128/28_calibration_00007.csv,28_calibration_00007,20250128/28_calibration_00007.csv,,,,,,,,1069,807,"(1069, 807)",552,,,-21.27
tilted,tilted_20250128,tilted_20250128__23y__23y_00009,23y_00009,23y,20250128,08:29:00,10_deg,direct_compass,9,23y_00009_waggle_annotations.csv,E:\2026Trackathon\James\mp4\20250128\00009.mp4,-0.992277876713668,0.124034734589208,262.874983651098,272.632804731408,350.242178919691,251.362804731408,272.632804731408,2.15329303402389,10,ok,20250128/28_calibration_00007.csv,20250128/28_calibration_00007.csv,28_calibration_00007,20250128/28_calibration_00007.csv,,,,,,,,1078,820,"(1078, 820)",595,,,-21.27
tilted,tilted_20250128,tilted_20250128__23y__23y_00009,23y_00009,23y,20250128,08:29:00,10_deg,direct_compass,10,23y_00009_waggle_annotations.csv,E:\2026Trackathon\James\mp4\20250128\00009.mp4,-0.991881664685851,0.127164315985365,262.694240466689,272.632804731408,350.061435735282,251.362804731408,272.632804731408,2.15329303402389,10,ok,20250128/28_calibration_00007.csv,20250128/28_calibration_00007.csv,28_calibration_00007,20250128/28_calibration_00007.csv,,,,,,,,1060,818,"(1060, 818)",639,,,-21.27
tilted,tilted_20250128,tilted_20250128__47y__47y_00008,47y_00008,47y,20250128,08:29:00,10_deg,direct_compass,1,47y_00008_waggle_annotations.csv,E:\2026Trackathon\James\mp4\20250128\00008.mp4,-0.805651012649425,-0.592390450477518,306.32682595212,272.632804731408,33.6940212207126,251.362804731408,272.632804731408,2.15329303402389,10,ok,20250128/28_calibration_00007.csv,20250128/28_calibration_00007.csv,28_calibration_00007,20250128/28_calibration_00007.csv,,,,,,,,1208,881,"(1208, 881)",296,,,-21.27
tilted,tilted_20250128,tilted_20250128__47y__47y_00008,47y_00008,47y,20250128,08:29:00,10_deg,direct_compass,2,47y_00008_waggle_annotations.csv,E:\2026Trackathon\James\mp4\20250128\00008.mp4,-0.64018439966448,-0.768221279597376,320.194428907735,272.632804731408,47.5616241763271,251.362804731408,272.632804731408,2.15329303402389,10,ok,20250128/28_calibration_00007.csv,20250128/28_calibration_00007.csv,28_calibration_00007,20250128/28_calibration_00007.csv,,,,,,,,1049,884,"(1049, 884)",462,,,-21.27
tilted,tilted_20250128,tilted_20250128__47y__47y_00008,47y_00008,47y,20250128,08:29:00,10_deg,direct_compass,3,47y_00008_waggle_annotations.csv,E:\2026Trackathon\James\mp4\20250128\00008.mp4,-0.658504607868518,-0.752576694706878,318.81407483429,272.632804731408,46.1812701028827,251.362804731408,272.632804731408,2.15329303402389,10,ok,20250128/28_calibration_00007.csv,20250128/28_calibration_00007.csv,28_calibration_00007,20250128/28_calibration_00007.csv,,,,,,,,921,896,"(921, 896)",506,,,-21.27
tilted,tilted_20250128,tilted_20250128__47y__47y_00008,47y_00008,47y,20250128,08:29:00,10_deg,direct_compass,4,47y_00008_waggle_annotations.csv,E:\2026Trackathon\James\mp4\20250128\00008.mp4,-0.718988376049112,-0.695022096847475,314.028978068921,272.632804731408,41.3961733375132,251.362804731408,272.632804731408,2.15329303402389,10,ok,20250128/28_calibration_00007.csv,20250128/28_calibration_00007.csv,28_calibration_00007,20250128/28_calibration_00007.csv,,,,,,,,983,897,"(983, 897)",548,,,-21.27
tilted,tilted_20250128,tilted_20250128__47y__47y_00008,47y_00008,47y,20250128,08:29:00,10_deg,direct_compass,5,47y_00008_waggle_annotations.csv,E:\2026Trackathon\James\mp4\20250128\00008.mp4,-0.527934121125622,-0.849285325289044,328.134022306396,272.632804731408,55.5012175749887,251.362804731408,272.632804731408,2.15329303402389,10,ok,20250128/28_calibration_00007.csv,20250128/28_calibration_00007.csv,28_calibration_00007,20250128/28_calibration_00007.csv,,,,,,,,945,898,"(945, 898)",598,,,-21.27
tilted,tilted_20250128,tilted_20250128__47y__47y_00008,47y_00008,47y,20250128,08:29:00,10_deg,direct_compass,6,47y_00008_waggle_annotations.csv,E:\2026Trackathon\James\mp4\20250128\00008.mp4,-0.882352941176471,-0.470588235294118,298.072486935853,272.632804731408,25.4396822044453,251.362804731408,272.632804731408,2.15329303402389,10,ok,20250128/28_calibration_00007.csv,20250128/28_calibration_00007.csv,28_calibration_00007,20250128/28_calibration_00007.csv,,,,,,,,930,919,"(930, 919)",649,,,-21.27
tilted,tilted_20250128,tilted_20250128__47y__47y_00008,47y_00008,47y,20250128,08:29:00,10_deg,direct_compass,7,47y_00008_waggle_annotations.csv,E:\2026Trackathon\James\mp4\20250128\00008.mp4,-0.717279380859227,-0.696785684263249,314.169684513742,272.632804731408,41.5368797823343,251.362804731408,272.632804731408,2.15329303402389,10,ok,20250128/28_calibration_00007.csv,20250128/28_calibration_00007.csv,28_calibration_00007,20250128/28_calibration_00007.csv,,,,,,,,892,890,"(892, 890)",707,,,-21.27
tilted,tilted_20250128,tilted_20250128__47y__47y_00008,47y_00008,47y,20250128,08:29:00,10_deg,direct_compass,8,47y_00008_waggle_annotations.csv,E:\2026Trackathon\James\mp4\20250128\00008.mp4,-0.757768802353406,-0.652523135359877,310.732106699709,272.632804731408,38.0993019683015,251.362804731408,272.632804731408,2.15329303402389,10,ok,20250128/28_calibration_00007.csv,20250128/28_calibration_00007.csv,28_calibration_00007,20250128/28_calibration_00007.csv,,,,,,,,853,907,"(853, 907)",757,,,-21.27
tilted,tilted_20250128,tilted_20250128__47y__47y_00008,47y_00008,47y,20250128,08:29:00,10_deg,direct_compass,9,47y_00008_waggle_annotations.csv,E:\2026Trackathon\James\mp4\20250128\00008.mp4,-0.68394112888133,-0.729537204140085,316.847610265995,272.632804731408,44.214805534587,251.362804731408,272.632804731408,2.15329303402389,10,ok,20250128/28_calibration_00007.csv,20250128/28_calibration_00007.csv,28_calibration_00007,20250128/28_calibration_00007.csv,,,,,,,,799,904,"(799, 904)",815,,,-21.27
tilted,tilted_20250128,tilted_20250128__47y__47y_00008,47y_00008,47y,20250128,08:29:00,10_deg,direct_compass,10,47y_00008_waggle_annotations.csv,E:\2026Trackathon\James\mp4\20250128\00008.mp4,-0.802743847954453,-0.596324001337594,306.607074812608,272.632804731408,33.9742700811999,251.362804731408,272.632804731408,2.15329303402389,10,ok,20250128/28_calibration_00007.csv,20250128/28_calibration_00007.csv,28_calibration_00007,20250128/28_calibration_00007.csv,,,,,,,,794,880,"(794, 880)",886,,,-21.27
tilted,tilted_20250128,tilted_20250128__48b__48b_00052,48b_00052,48b,20250128,15:40:00,10_deg,direct_compass,1,48b_00052_waggle_annotations.csv,E:\2026Trackathon\James\mp4\20250128\00052.mp4,-0.998052578482889,-0.0623782861551805,273.576334374997,173.624969825729,99.9513645492685,152.354969825729,173.624969825729,1.26937574734175,10,ok,20250128/28_calibration_00051.csv,20250128/28_calibration_00051.csv,28_calibration_00051,20250128/28_calibration_00051.csv,,,,,,,,834,956,"(834, 956)",662,,,-21.27
tilted,tilted_20250128,tilted_20250128__48b__48b_00052,48b_00052,48b,20250128,15:40:00,10_deg,direct_compass,2,48b_00052_waggle_annotations.csv,E:\2026Trackathon\James\mp4\20250128\00052.mp4,-0.0712470499879097,0.997458699830735,184.085616779975,173.624969825729,10.460646954246,152.354969825729,173.624969825729,1.26937574734175,10,ok,20250128/28_calibration_00051.csv,20250128/28_calibration_00051.csv,28_calibration_00051,20250128/28_calibration_00051.csv,,,,,,,,780,943,"(780, 943)",723,,,-21.27
tilted,tilted_20250128,tilted_20250128__66b__66b_00027,66b_00027,66b,20250128,10:49:00,10_deg,landmark_transfer,1,66b_00027_waggle_annotations.csv,E:\2026Trackathon\James\mp4\20250128\00027.mp4,-0.943460139651132,0.33148599501256,250.641005824305,171.363413454515,79.2775923697901,152.354969825729,173.624969825729,1.26937574734175,10,ok,20250128/28_calibration_00051.csv,20250128/28_calibration_00051.csv,28_calibration_00051,20250128/28_calibration_00051.csv,20250128/28_landmark_calibration_00051.csv,20250128/28_landmark_00027.csv,271.67080805427,1.12790415365448,261.954161771458,269.409251683057,0.905008288556652,1143,600,"(1143, 600)",68,,,-21.27
tilted,tilted_20250128,tilted_20250128__66b__66b_00027,66b_00027,66b,20250128,10:49:00,10_deg,landmark_transfer,2,66b_00027_waggle_annotations.csv,E:\2026Trackathon\James\mp4\20250128\00027.mp4,-0.823212785915306,-0.56773295580366,304.59228868751,171.363413454515,133.228875232995,152.354969825729,173.624969825729,1.26937574734175,10,ok,20250128/28_calibration_00051.csv,20250128/28_calibration_00051.csv,28_calibration_00051,20250128/28_calibration_00051.csv,20250128/28_landmark_calibration_00051.csv,20250128/28_landmark_00027.csv,271.67080805427,1.12790415365448,261.954161771458,269.409251683057,0.905008288556652,1118,624,"(1118, 624)",117,,,-21.27
tilted,tilted_20250128,tilted_20250128__66b__66b_00027,66b_00027,66b,20250128,10:49:00,10_deg,landmark_transfer,3,66b_00027_waggle_annotations.csv,E:\2026Trackathon\James\mp4\20250128\00027.mp4,-0.859854743840735,0.510538754155436,239.300277449186,171.363413454515,67.9368639946705,152.354969825729,173.624969825729,1.26937574734175,10,ok,20250128/28_calibration_00051.csv,20250128/28_calibration_00051.csv,28_calibration_00051,20250128/28_calibration_00051.csv,20250128/28_landmark_calibration_00051.csv,20250128/28_landmark_00027.csv,271.67080805427,1.12790415365448,261.954161771458,269.409251683057,0.905008288556652,1024,774,"(1024, 774)",210,,,-21.27
tilted,tilted_20250128,tilted_20250128__66b__66b_00027,66b_00027,66b,20250128,10:49:00,10_deg,landmark_transfer,4,66b_00027_waggle_annotations.csv,E:\2026Trackathon\James\mp4\20250128\00027.mp4,-0.751164898449876,-0.660114607728679,311.308614013549,171.363413454515,139.945200559034,152.354969825729,173.624969825729,1.26937574734175,10,ok,20250128/28_calibration_00051.csv,20250128/28_calibration_00051.csv,28_calibration_00051,20250128/28_calibration_00051.csv,20250128/28_landmark_calibration_00051.csv,20250128/28_landmark_00027.csv,271.67080805427,1.12790415365448,261.954161771458,269.409251683057,0.905008288556652,967,774,"(967, 774)",261,,,-21.27
tilted,tilted_20250128,tilted_20250128__66b__66b_00027,66b_00027,66b,20250128,10:49:00,10_deg,landmark_transfer,5,66b_00027_waggle_annotations.csv,E:\2026Trackathon\James\mp4\20250128\00027.mp4,-0.64018439966448,-0.768221279597376,320.194428907735,171.363413454515,148.83101545322,152.354969825729,173.624969825729,1.26937574734175,10,ok,20250128/28_calibration_00051.csv,20250128/28_calibration_00051.csv,28_calibration_00051,20250128/28_calibration_00051.csv,20250128/28_landmark_calibration_00051.csv,20250128/28_landmark_00027.csv,271.67080805427,1.12790415365448,261.954161771458,269.409251683057,0.905008288556652,894,788,"(894, 788)",384,,,-21.27
tilted,tilted_20250128,tilted_20250128__66b__66b_00027,66b_00027,66b,20250128,10:49:00,10_deg,landmark_transfer,6,66b_00027_waggle_annotations.csv,E:\2026Trackathon\James\mp4\20250128\00027.mp4,-0.478852130680573,-0.877895572914384,331.389540334035,171.363413454515,160.02612687952,152.354969825729,173.624969825729,1.26937574734175,10,ok,20250128/28_calibration_00051.csv,20250128/28_calibration_00051.csv,28_calibration_00051,20250128/28_calibration_00051.csv,20250128/28_landmark_calibration_00051.csv,20250128/28_landmark_00027.csv,271.67080805427,1.12790415365448,261.954161771458,269.409251683057,0.905008288556652,1186,725,"(1186, 725)",756,,,-21.27
tilted,tilted_20250128,tilted_20250128__66b__66b_00027,66b_00027,66b,20250128,10:49:00,10_deg,landmark_transfer,7,66b_00027_waggle_annotations.csv,E:\2026Trackathon\James\mp4\20250128\00027.mp4,-0.956351571051339,0.29221853559902,253.009176708014,171.363413454515,81.6457632534987,152.354969825729,173.624969825729,1.26937574734175,10,ok,20250128/28_calibration_00051.csv,20250128/28_calibration_00051.csv,28_calibration_00051,20250128/28_calibration_00051.csv,20250128/28_landmark_calibration_00051.csv,20250128/28_landmark_00027.csv,271.67080805427,1.12790415365448,261.954161771458,269.409251683057,0.905008288556652,1168,676,"(1168, 676)",793,,,-21.27
tilted,tilted_20250128,tilted_20250128__66b__66b_00027,66b_00027,66b,20250128,10:49:00,10_deg,landmark_transfer,8,66b_00027_waggle_annotations.csv,E:\2026Trackathon\James\mp4\20250128\00027.mp4,-0.964763821237732,-0.263117405792109,285.255118703058,171.363413454515,113.891705248543,152.354969825729,173.624969825729,1.26937574734175,10,ok,20250128/28_calibration_00051.csv,20250128/28_calibration_00051.csv,28_calibration_00051,20250128/28_calibration_00051.csv,20250128/28_landmark_calibration_00051.csv,20250128/28_landmark_00027.csv,271.67080805427,1.12790415365448,261.954161771458,269.409251683057,0.905008288556652,1168,705,"(1168, 705)",836,,,-21.27
tilted,tilted_20250128,tilted_20250128__66b__66b_00027,66b_00027,66b,20250128,10:49:00,10_deg,landmark_transfer,9,66b_00027_waggle_annotations.csv,E:\2026Trackathon\James\mp4\20250128\00027.mp4,-0.999634969872854,0.027017161347915,268.451842301022,171.363413454515,97.0884288465069,152.354969825729,173.624969825729,1.26937574734175,10,ok,20250128/28_calibration_00051.csv,20250128/28_calibration_00051.csv,28_calibration_00051,20250128/28_calibration_00051.csv,20250128/28_landmark_calibration_00051.csv,20250128/28_landmark_00027.csv,271.67080805427,1.12790415365448,261.954161771458,269.409251683057,0.905008288556652,1128,712,"(1128, 712)",887,,,-21.27
tilted,tilted_20250128,tilted_20250128__66b__66b_00027,66b_00027,66b,20250128,10:49:00,10_deg,landmark_transfer,10,66b_00027_waggle_annotations.csv,E:\2026Trackathon\James\mp4\20250128\00027.mp4,-0.421111306454629,-0.907008967748432,335.095231191905,171.363413454515,163.73181773739,152.354969825729,173.624969825729,1.26937574734175,10,ok,20250128/28_calibration_00051.csv,20250128/28_calibration_00051.csv,28_calibration_00051,20250128/28_calibration_00051.csv,20250128/28_landmark_calibration_00051.csv,20250128/28_landmark_00027.csv,271.67080805427,1.12790415365448,261.954161771458,269.409251683057,0.905008288556652,1165,723,"(1165, 723)",927,,,-21.27
tilted,tilted_20250128,tilted_20250128__66b__66b_00027,66b_00027,66b,20250128,10:49:00,10_deg,landmark_transfer,11,66b_00027_waggle_annotations.csv,E:\2026Trackathon\James\mp4\20250128\00027.mp4,-0.862697970097658,-0.50571949971242,300.379126011368,171.363413454515,129.015712556853,152.354969825729,173.624969825729,1.26937574734175,10,ok,20250128/28_calibration_00051.csv,20250128/28_calibration_00051.csv,28_calibration_00051,20250128/28_calibration_00051.csv,20250128/28_landmark_calibration_00051.csv,20250128/28_landmark_00027.csv,271.67080805427,1.12790415365448,261.954161771458,269.409251683057,0.905008288556652,1225,715,"(1225, 715)",1003,,,-21.27
tilted,tilted_20250128,tilted_20250128__66b__66b_00027,66b_00027,66b,20250128,10:49:00,10_deg,landmark_transfer,12,66b_00027_waggle_annotations.csv,E:\2026Trackathon\James\mp4\20250128\00027.mp4,-0.850797997359292,-0.525492880721916,301.701429669506,171.363413454515,130.338016214991,152.354969825729,173.624969825729,1.26937574734175,10,ok,20250128/28_calibration_00051.csv,20250128/28_calibration_00051.csv,28_calibration_00051,20250128/28_calibration_00051.csv,20250128/28_landmark_calibration_00051.csv,20250128/28_landmark_00027.csv,271.67080805427,1.12790415365448,261.954161771458,269.409251683057,0.905008288556652,1183,724,"(1183, 724)",1044,,,-21.27
tilted,tilted_20250128,tilted_20250128__66b__66b_00027,66b_00027,66b,20250128,10:49:00,10_deg,landmark_transfer,13,66b_00027_waggle_annotations.csv,E:\2026Trackathon\James\mp4\20250128\00027.mp4,0.224859506698758,-0.97439119569462,12.9946167919165,171.363413454515,201.631203337401,152.354969825729,173.624969825729,1.26937574734175,10,ok,20250128/28_calibration_00051.csv,20250128/28_calibration_00051.csv,28_calibration_00051,20250128/28_calibration_00051.csv,20250128/28_landmark_calibration_00051.csv,20250128/28_landmark_00027.csv,271.67080805427,1.12790415365448,261.954161771458,269.409251683057,0.905008288556652,1167,763,"(1167, 763)",1082,,,-21.27
tilted,tilted_20250128,tilted_20250128__66b__66b_00027,66b_00027,66b,20250128,10:49:00,10_deg,landmark_transfer,14,66b_00027_waggle_annotations.csv,E:\2026Trackathon\James\mp4\20250128\00027.mp4,-0.0995037190209989,-0.995037190209989,354.2894068625,171.363413454515,182.925993407985,152.354969825729,173.624969825729,1.26937574734175,10,ok,20250128/28_calibration_00051.csv,20250128/28_calibration_00051.csv,28_calibration_00051,20250128/28_calibration_00051.csv,20250128/28_landmark_calibration_00051.csv,20250128/28_landmark_00027.csv,271.67080805427,1.12790415365448,261.954161771458,269.409251683057,0.905008288556652,1177,771,"(1177, 771)",1125,,,-21.27
tilted,tilted_20250128,tilted_20250128__66b__66b_00027,66b_00027,66b,20250128,10:49:00,10_deg,landmark_transfer,15,66b_00027_waggle_annotations.csv,E:\2026Trackathon\James\mp4\20250128\00027.mp4,-0.265156483021042,-0.96420539280379,344.623748751174,171.363413454515,173.260335296659,152.354969825729,173.624969825729,1.26937574734175,10,ok,20250128/28_calibration_00051.csv,20250128/28_calibration_00051.csv,28_calibration_00051,20250128/28_calibration_00051.csv,20250128/28_landmark_calibration_00051.csv,20250128/28_landmark_00027.csv,271.67080805427,1.12790415365448,261.954161771458,269.409251683057,0.905008288556652,1166,776,"(1166, 776)",1161,,,-21.27
tilted,tilted_20250128,tilted_20250128__66b__66b_00027,66b_00027,66b,20250128,10:49:00,10_deg,landmark_transfer,16,66b_00027_waggle_annotations.csv,E:\2026Trackathon\James\mp4\20250128\00027.mp4,-0.921635375138065,-0.388057000058133,292.833654177918,171.363413454515,121.470240723402,152.354969825729,173.624969825729,1.26937574734175,10,ok,20250128/28_calibration_00051.csv,20250128/28_calibration_00051.csv,28_calibration_00051,20250128/28_calibration_00051.csv,20250128/28_landmark_calibration_00051.csv,20250128/28_landmark_00027.csv,271.67080805427,1.12790415365448,261.954161771458,269.409251683057,0.905008288556652,1053,737,"(1053, 737)",1240,,,-21.27
tilted,tilted_20250128,tilted_20250128__66b__66b_00027,66b_00027,66b,20250128,10:49:00,10_deg,landmark_transfer,17,66b_00027_waggle_annotations.csv,E:\2026Trackathon\James\mp4\20250128\00027.mp4,-0.0525588331227637,-0.99861782933251,356.987212495817,171.363413454515,185.623799041302,152.354969825729,173.624969825729,1.26937574734175,10,ok,20250128/28_calibration_00051.csv,20250128/28_calibration_00051.csv,28_calibration_00051,20250128/28_calibration_00051.csv,20250128/28_landmark_calibration_00051.csv,20250128/28_landmark_00027.csv,271.67080805427,1.12790415365448,261.954161771458,269.409251683057,0.905008288556652,991,809,"(991, 809)",1551,,,-21.27
tilted,tilted_20250128,tilted_20250128__66b__66b_00027,66b_00027,66b,20250128,10:49:00,10_deg,landmark_transfer,18,66b_00027_waggle_annotations.csv,E:\2026Trackathon\James\mp4\20250128\00027.mp4,-0.3976074376343,-0.917555625309924,336.571307191255,171.363413454515,165.20789373674,152.354969825729,173.624969825729,1.26937574734175,10,ok,20250128/28_calibration_00051.csv,20250128/28_calibration_00051.csv,28_calibration_00051,20250128/28_calibration_00051.csv,20250128/28_landmark_calibration_00051.csv,20250128/28_landmark_00027.csv,271.67080805427,1.12790415365448,261.954161771458,269.409251683057,0.905008288556652,967,786,"(967, 786)",1647,,,-21.27
tilted,tilted_20250128,tilted_20250128__66b__66b_00027,66b_00027,66b,20250128,10:49:00,10_deg,landmark_transfer,19,66b_00027_waggle_annotations.csv,E:\2026Trackathon\James\mp4\20250128\00027.mp4,-0.95447997803503,-0.298274993135947,287.354024636261,171.363413454515,115.990611181746,152.354969825729,173.624969825729,1.26937574734175,10,ok,20250128/28_calibration_00051.csv,20250128/28_calibration_00051.csv,28_calibration_00051,20250128/28_calibration_00051.csv,20250128/28_landmark_calibration_00051.csv,20250128/28_landmark_00027.csv,271.67080805427,1.12790415365448,261.954161771458,269.409251683057,0.905008288556652,902,745,"(902, 745)",1688,,,-21.27
tilted,tilted_20250128,tilted_20250128__66b__66b_00027,66b_00027,66b,20250128,10:49:00,10_deg,landmark_transfer,20,66b_00027_waggle_annotations.csv,E:\2026Trackathon\James\mp4\20250128\00027.mp4,-0.0808158687660548,-0.996729048114676,355.364536573097,171.363413454515,184.001123118582,152.354969825729,173.624969825729,1.26937574734175,10,ok,20250128/28_calibration_00051.csv,20250128/28_calibration_00051.csv,28_calibration_00051,20250128/28_calibration_00051.csv,20250128/28_landmark_calibration_00051.csv,20250128/28_landmark_00027.csv,271.67080805427,1.12790415365448,261.954161771458,269.409251683057,0.905008288556652,989,795,"(989, 795)",1916,,,-21.27
tilted,tilted_20250128,tilted_20250128__66b__66b_00027,66b_00027,66b,20250128,10:49:00,10_deg,landmark_transfer,21,66b_00027_waggle_annotations.csv,E:\2026Trackathon\James\mp4\20250128\00027.mp4,-0.818191696860666,-0.5749455167129,305.095816787026,171.363413454515,133.732403332511,152.354969825729,173.624969825729,1.26937574734175,10,ok,20250128/28_calibration_00051.csv,20250128/28_calibration_00051.csv,28_calibration_00051,20250128/28_calibration_00051.csv,20250128/28_landmark_calibration_00051.csv,20250128/28_landmark_00027.csv,271.67080805427,1.12790415365448,261.954161771458,269.409251683057,0.905008288556652,1118,774,"(1118, 774)",2143,,,-21.27
tilted,tilted_20250128,tilted_20250128__66b__66b_00027,66b_00027,66b,20250128,10:49:00,10_deg,landmark_transfer,22,66b_00027_waggle_annotations.csv,E:\2026Trackathon\James\mp4\20250128\00027.mp4,-0.348186529603627,-0.937425272009765,339.623564786164,171.363413454515,168.260151331649,152.354969825729,173.624969825729,1.26937574734175,10,ok,20250128/28_calibration_00051.csv,20250128/28_calibration_00051.csv,28_calibration_00051,20250128/28_calibration_00051.csv,20250128/28_landmark_calibration_00051.csv,20250128/28_landmark_00027.csv,271.67080805427,1.12790415365448,261.954161771458,269.409251683057,0.905008288556652,1091,783,"(1091, 783)",2186,,,-21.27
tilted,tilted_20250128,tilted_20250128__66b__66b_00027,66b_00027,66b,20250128,10:49:00,10_deg,landmark_transfer,23,66b_00027_waggle_annotations.csv,E:\2026Trackathon\James\mp4\20250128\00027.mp4,-0.974732318528274,-0.223376156329396,282.907408671266,171.363413454515,111.543995216751,152.354969825729,173.624969825729,1.26937574734175,10,ok,20250128/28_calibration_00051.csv,20250128/28_calibration_00051.csv,28_calibration_00051,20250128/28_calibration_00051.csv,20250128/28_landmark_calibration_00051.csv,20250128/28_landmark_00027.csv,271.67080805427,1.12790415365448,261.954161771458,269.409251683057,0.905008288556652,967,669,"(967, 669)",2251,,,-21.27
tilted,tilted_20250128,tilted_20250128__66b__66b_00027,66b_00027,66b,20250128,10:49:00,10_deg,landmark_transfer,24,66b_00027_waggle_annotations.csv,E:\2026Trackathon\James\mp4\20250128\00027.mp4,-0.173785333909048,-0.984783558817937,349.992020198559,171.363413454515,178.628606744044,152.354969825729,173.624969825729,1.26937574734175,10,ok,20250128/28_calibration_00051.csv,20250128/28_calibration_00051.csv,28_calibration_00051,20250128/28_calibration_00051.csv,20250128/28_landmark_calibration_00051.csv,20250128/28_landmark_00027.csv,271.67080805427,1.12790415365448,261.954161771458,269.409251683057,0.905008288556652,925,759,"(925, 759)",2490,,,-21.27
tilted,tilted_20250128,tilted_20250128__66b__66b_00027,66b_00027,66b,20250128,10:49:00,10_deg,landmark_transfer,25,66b_00027_waggle_annotations.csv,E:\2026Trackathon\James\mp4\20250128\00027.mp4,-0.524097425664335,-0.851658316704544,328.392497753751,171.363413454515,157.029084299236,152.354969825729,173.624969825729,1.26937574734175,10,ok,20250128/28_calibration_00051.csv,20250128/28_calibration_00051.csv,28_calibration_00051,20250128/28_calibration_00051.csv,20250128/28_landmark_calibration_00051.csv,20250128/28_landmark_00027.csv,271.67080805427,1.12790415365448,261.954161771458,269.409251683057,0.905008288556652,954,782,"(954, 782)",2560,,,-21.27
tilted,tilted_20250128,tilted_20250128__66b__66b_00027,66b_00027,66b,20250128,10:49:00,10_deg,landmark_transfer,26,66b_00027_waggle_annotations.csv,E:\2026Trackathon\James\mp4\20250128\00027.mp4,-0.490261239632559,-0.871575537124549,330.642246457209,171.363413454515,159.278833002694,152.354969825729,173.624969825729,1.26937574734175,10,ok,20250128/28_calibration_00051.csv,20250128/28_calibration_00051.csv,28_calibration_00051,20250128/28_calibration_00051.csv,20250128/28_landmark_calibration_00051.csv,20250128/28_landmark_00027.csv,271.67080805427,1.12790415365448,261.954161771458,269.409251683057,0.905008288556652,949,729,"(949, 729)",2591,,,-21.27
tilted,tilted_20250128,tilted_20250128__66b__66b_00027,66b_00027,66b,20250128,10:49:00,10_deg,landmark_transfer,27,66b_00027_waggle_annotations.csv,E:\2026Trackathon\James\mp4\20250128\00027.mp4,-0.548656441486822,-0.836047910837063,326.725112015165,171.363413454515,155.36169856065,152.354969825729,173.624969825729,1.26937574734175,10,ok,20250128/28_calibration_00051.csv,20250128/28_calibration_00051.csv,28_calibration_00051,20250128/28_calibration_00051.csv,20250128/28_landmark_calibration_00051.csv,20250128/28_landmark_00027.csv,271.67080805427,1.12790415365448,261.954161771458,269.409251683057,0.905008288556652,970,738,"(970, 738)",2639,,,-21.27
tilted,tilted_20250128,tilted_20250128__66b__66b_00027,66b_00027,66b,20250128,10:49:00,10_deg,landmark_transfer,28,66b_00027_waggle_annotations.csv,E:\2026Trackathon\James\mp4\20250128\00027.mp4,-0.871575537124549,-0.490261239632559,299.357753542791,171.363413454515,127.994340088276,152.354969825729,173.624969825729,1.26937574734175,10,ok,20250128/28_calibration_00051.csv,20250128/28_calibration_00051.csv,28_calibration_00051,20250128/28_calibration_00051.csv,20250128/28_landmark_calibration_00051.csv,20250128/28_landmark_00027.csv,271.67080805427,1.12790415365448,261.954161771458,269.409251683057,0.905008288556652,984,708,"(984, 708)",2675,,,-21.27
tilted,tilted_20250128,tilted_20250128__66b__66b_00027,66b_00027,66b,20250128,10:49:00,10_deg,landmark_transfer,29,66b_00027_waggle_annotations.csv,E:\2026Trackathon\James\mp4\20250128\00027.mp4,-0.9994801143397,-0.0322412940109581,271.847610265995,171.363413454515,100.484196811479,152.354969825729,173.624969825729,1.26937574734175,10,ok,20250128/28_calibration_00051.csv,20250128/28_calibration_00051.csv,28_calibration_00051,20250128/28_calibration_00051.csv,20250128/28_landmark_calibration_00051.csv,20250128/28_landmark_00027.csv,271.67080805427,1.12790415365448,261.954161771458,269.409251683057,0.905008288556652,1014,709,"(1014, 709)",2712,,,-21.27
tilted,tilted_20250128,tilted_20250128__66b__66b_00027,66b_00027,66b,20250128,10:49:00,10_deg,landmark_transfer,30,66b_00027_waggle_annotations.csv,E:\2026Trackathon\James\mp4\20250128\00027.mp4,-0.991227900682635,-0.132163720091018,277.594643368591,171.363413454515,106.231229914076,152.354969825729,173.624969825729,1.26937574734175,10,ok,20250128/28_calibration_00051.csv,20250128/28_calibration_00051.csv,28_calibration_00051,20250128/28_calibration_00051.csv,20250128/28_landmark_calibration_00051.csv,20250128/28_landmark_00027.csv,271.67080805427,1.12790415365448,261.954161771458,269.409251683057,0.905008288556652,999,662,"(999, 662)",2752,,,-21.27
tilted,tilted_20250128,tilted_20250128__66b__66b_00027,66b_00027,66b,20250128,10:49:00,10_deg,landmark_transfer,31,66b_00027_waggle_annotations.csv,E:\2026Trackathon\James\mp4\20250128\00027.mp4,-0.960564264414562,-0.278058076541057,286.144338780284,171.363413454515,114.780925325768,152.354969825729,173.624969825729,1.26937574734175,10,ok,20250128/28_calibration_00051.csv,20250128/28_calibration_00051.csv,28_calibration_00051,20250128/28_calibration_00051.csv,20250128/28_landmark_calibration_00051.csv,20250128/28_landmark_00027.csv,271.67080805427,1.12790415365448,261.954161771458,269.409251683057,0.905008288556652,981,665,"(981, 665)",2797,,,-21.27
tilted,tilted_20250128,tilted_20250128__66b__66b_00027,66b_00027,66b,20250128,10:49:00,10_deg,landmark_transfer,32,66b_00027_waggle_annotations.csv,E:\2026Trackathon\James\mp4\20250128\00027.mp4,-0.995893206467704,-0.0905357460425185,275.194428907735,171.363413454515,103.83101545322,152.354969825729,173.624969825729,1.26937574734175,10,ok,20250128/28_calibration_00051.csv,20250128/28_calibration_00051.csv,28_calibration_00051,20250128/28_calibration_00051.csv,20250128/28_landmark_calibration_00051.csv,20250128/28_landmark_00027.csv,271.67080805427,1.12790415365448,261.954161771458,269.409251683057,0.905008288556652,1016,639,"(1016, 639)",2832,,,-21.27
tilted,tilted_20250128,tilted_20250128__66b__66b_00027,66b_00027,66b,20250128,10:49:00,10_deg,landmark_transfer,33,66b_00027_waggle_annotations.csv,E:\2026Trackathon\James\mp4\20250128\00027.mp4,-0.783497679089534,-0.621394711002044,308.418055344822,171.363413454515,137.054641890307,152.354969825729,173.624969825729,1.26937574734175,10,ok,20250128/28_calibration_00051.csv,20250128/28_calibration_00051.csv,28_calibration_00051,20250128/28_calibration_00051.csv,20250128/28_landmark_calibration_00051.csv,20250128/28_landmark_00027.csv,271.67080805427,1.12790415365448,261.954161771458,269.409251683057,0.905008288556652,984,676,"(984, 676)",2869,,,-21.27
tilted,tilted_20250128,tilted_20250128__66b__66b_00027,66b_00027,66b,20250128,10:49:00,10_deg,landmark_transfer,34,66b_00027_waggle_annotations.csv,E:\2026Trackathon\James\mp4\20250128\00027.mp4,-0.99654575824488,0.08304547985374,265.236358309274,171.363413454515,93.8729448547587,152.354969825729,173.624969825729,1.26937574734175,10,ok,20250128/28_calibration_00051.csv,20250128/28_calibration_00051.csv,28_calibration_00051,20250128/28_calibration_00051.csv,20250128/28_landmark_calibration_00051.csv,20250128/28_landmark_00027.csv,271.67080805427,1.12790415365448,261.954161771458,269.409251683057,0.905008288556652,984,617,"(984, 617)",2904,,,-21.27
tilted,tilted_20250128,tilted_20250128__66b__66b_00027,66b_00027,66b,20250128,10:49:00,10_deg,landmark_transfer,35,66b_00027_waggle_annotations.csv,E:\2026Trackathon\James\mp4\20250128\00027.mp4,-0.999614420652718,-0.0277670672403533,271.591140271195,171.363413454515,100.227726816679,152.354969825729,173.624969825729,1.26937574734175,10,ok,20250128/28_calibration_00051.csv,20250128/28_calibration_00051.csv,28_calibration_00051,20250128/28_calibration_00051.csv,20250128/28_landmark_calibration_00051.csv,20250128/28_landmark_00027.csv,271.67080805427,1.12790415365448,261.954161771458,269.409251683057,0.905008288556652,979,654,"(979, 654)",2943,,,-21.27
tilted,tilted_20250128,tilted_20250128__66b__66b_00027,66b_00027,66b,20250128,10:49:00,10_deg,landmark_transfer,36,66b_00027_waggle_annotations.csv,E:\2026Trackathon\James\mp4\20250128\00027.mp4,-0.832050294337844,-0.554700196225229,303.69006752598,171.363413454515,132.326654071465,152.354969825729,173.624969825729,1.26937574734175,10,ok,20250128/28_calibration_00051.csv,20250128/28_calibration_00051.csv,28_calibration_00051,20250128/28_calibration_00051.csv,20250128/28_landmark_calibration_00051.csv,20250128/28_landmark_00027.csv,271.67080805427,1.12790415365448,261.954161771458,269.409251683057,0.905008288556652,977,632,"(977, 632)",2978,,,-21.27
tilted,tilted_20250128,tilted_20250128__66b__66b_00027,66b_00027,66b,20250128,10:49:00,10_deg,landmark_transfer,37,66b_00027_waggle_annotations.csv,E:\2026Trackathon\James\mp4\20250128\00027.mp4,-0.920967251068559,-0.389639990836698,292.93210043759,171.363413454515,121.568686983075,152.354969825729,173.624969825729,1.26937574734175,10,ok,20250128/28_calibration_00051.csv,20250128/28_calibration_00051.csv,28_calibration_00051,20250128/28_calibration_00051.csv,20250128/28_landmark_calibration_00051.csv,20250128/28_landmark_00027.csv,271.67080805427,1.12790415365448,261.954161771458,269.409251683057,0.905008288556652,946,699,"(946, 699)",3021,,,-21.27
tilted,tilted_20250128,tilted_20250128__66b__66b_00027,66b_00027,66b,20250128,10:49:00,10_deg,landmark_transfer,38,66b_00027_waggle_annotations.csv,E:\2026Trackathon\James\mp4\20250128\00027.mp4,-1,0,270,171.363413454515,98.6365865454849,152.354969825729,173.624969825729,1.26937574734175,10,ok,20250128/28_calibration_00051.csv,20250128/28_calibration_00051.csv,28_calibration_00051,20250128/28_calibration_00051.csv,20250128/28_landmark_calibration_00051.csv,20250128/28_landmark_00027.csv,271.67080805427,1.12790415365448,261.954161771458,269.409251683057,0.905008288556652,966,688,"(966, 688)",3060,,,-21.27
tilted,tilted_20250128,tilted_20250128__66b__66b_00027,66b_00027,66b,20250128,10:49:00,10_deg,landmark_transfer,39,66b_00027_waggle_annotations.csv,E:\2026Trackathon\James\mp4\20250128\00027.mp4,-1,0,270,171.363413454515,98.6365865454849,152.354969825729,173.624969825729,1.26937574734175,10,ok,20250128/28_calibration_00051.csv,20250128/28_calibration_00051.csv,28_calibration_00051,20250128/28_calibration_00051.csv,20250128/28_landmark_calibration_00051.csv,20250128/28_landmark_00027.csv,271.67080805427,1.12790415365448,261.954161771458,269.409251683057,0.905008288556652,962,688,"(962, 688)",3098,,,-21.27
tilted,tilted_20250128,tilted_20250128__66b__66b_00027,66b_00027,66b,20250128,10:49:00,10_deg,landmark_transfer,40,66b_00027_waggle_annotations.csv,E:\2026Trackathon\James\mp4\20250128\00027.mp4,-0.934997526317783,-0.354654234120539,290.772254682046,171.363413454515,119.408841227531,152.354969825729,173.624969825729,1.26937574734175,10,ok,20250128/28_calibration_00051.csv,20250128/28_calibration_00051.csv,28_calibration_00051,20250128/28_calibration_00051.csv,20250128/28_landmark_calibration_00051.csv,20250128/28_landmark_00027.csv,271.67080805427,1.12790415365448,261.954161771458,269.409251683057,0.905008288556652,1006,665,"(1006, 665)",3136,,,-21.27
tilted,tilted_20250128,tilted_20250128__66b__66b_00027,66b_00027,66b,20250128,10:49:00,10_deg,landmark_transfer,41,66b_00027_waggle_annotations.csv,E:\2026Trackathon\James\mp4\20250128\00027.mp4,-0.998052578482889,0.0623782861551805,266.423665625003,171.363413454515,95.0602521704875,152.354969825729,173.624969825729,1.26937574734175,10,ok,20250128/28_calibration_00051.csv,20250128/28_calibration_00051.csv,28_calibration_00051,20250128/28_calibration_00051.csv,20250128/28_landmark_calibration_00051.csv,20250128/28_landmark_00027.csv,271.67080805427,1.12790415365448,261.954161771458,269.409251683057,0.905008288556652,1018,694,"(1018, 694)",3178,,,-21.27
tilted,tilted_20250128,tilted_20250128__66b__66b_00027,66b_00027,66b,20250128,10:49:00,10_deg,landmark_transfer,42,66b_00027_waggle_annotations.csv,E:\2026Trackathon\James\mp4\20250128\00027.mp4,-0.978549784986749,-0.206010481049842,281.888658039628,171.363413454515,110.525244585113,152.354969825729,173.624969825729,1.26937574734175,10,ok,20250128/28_calibration_00051.csv,20250128/28_calibration_00051.csv,28_calibration_00051,20250128/28_calibration_00051.csv,20250128/28_landmark_calibration_00051.csv,20250128/28_landmark_00027.csv,271.67080805427,1.12790415365448,261.954161771458,269.409251683057,0.905008288556652,971,677,"(971, 677)",3218,,,-21.27
tilted,tilted_20250128,tilted_20250128__66b__66b_00027,66b_00027,66b,20250128,10:49:00,10_deg,landmark_transfer,43,66b_00027_waggle_annotations.csv,E:\2026Trackathon\James\mp4\20250128\00027.mp4,-0.894427190999916,-0.447213595499958,296.565051177078,171.363413454515,125.201637722563,152.354969825729,173.624969825729,1.26937574734175,10,ok,20250128/28_calibration_00051.csv,20250128/28_calibration_00051.csv,28_calibration_00051,20250128/28_calibration_00051.csv,20250128/28_landmark_calibration_00051.csv,20250128/28_landmark_00027.csv,271.67080805427,1.12790415365448,261.954161771458,269.409251683057,0.905008288556652,980,690,"(980, 690)",3261,,,-21.27
tilted,tilted_20250128,tilted_20250128__66b__66b_00027,66b_00027,66b,20250128,10:49:00,10_deg,landmark_transfer,44,66b_00027_waggle_annotations.csv,E:\2026Trackathon\James\mp4\20250128\00027.mp4,-0.985622254813267,-0.168963815110846,279.727578551402,171.363413454515,108.364165096887,152.354969825729,173.624969825729,1.26937574734175,10,ok,20250128/28_calibration_00051.csv,20250128/28_calibration_00051.csv,28_calibration_00051,20250128/28_calibration_00051.csv,20250128/28_landmark_calibration_00051.csv,20250128/28_landmark_00027.csv,271.67080805427,1.12790415365448,261.954161771458,269.409251683057,0.905008288556652,1018,604,"(1018, 604)",3302,,,-21.27
tilted,tilted_20250128,tilted_20250128__66b__66b_00027,66b_00027,66b,20250128,10:49:00,10_deg,landmark_transfer,45,66b_00027_waggle_annotations.csv,E:\2026Trackathon\James\mp4\20250128\00027.mp4,-0.997054485501582,-0.0766964988847371,274.398705354996,171.363413454515,103.03529190048,152.354969825729,173.624969825729,1.26937574734175,10,ok,20250128/28_calibration_00051.csv,20250128/28_calibration_00051.csv,28_calibration_00051,20250128/28_calibration_00051.csv,20250128/28_landmark_calibration_00051.csv,20250128/28_landmark_00027.csv,271.67080805427,1.12790415365448,261.954161771458,269.409251683057,0.905008288556652,986,592,"(986, 592)",3345,,,-21.27
tilted,tilted_20250128,tilted_20250128__66b__66b_00027,66b_00027,66b,20250128,10:49:00,10_deg,landmark_transfer,46,66b_00027_waggle_annotations.csv,E:\2026Trackathon\James\mp4\20250128\00027.mp4,-0.981490592025699,-0.191510359419649,281.040940180324,171.363413454515,109.677526725809,152.354969825729,173.624969825729,1.26937574734175,10,ok,20250128/28_calibration_00051.csv,20250128/28_calibration_00051.csv,28_calibration_00051,20250128/28_calibration_00051.csv,20250128/28_landmark_calibration_00051.csv,20250128/28_landmark_00027.csv,271.67080805427,1.12790415365448,261.954161771458,269.409251683057,0.905008288556652,976,614,"(976, 614)",3388,,,-21.27
tilted,tilted_20250128,tilted_20250128__66b__66b_00027,66b_00027,66b,20250128,10:49:00,10_deg,landmark_transfer,47,66b_00027_waggle_annotations.csv,E:\2026Trackathon\James\mp4\20250128\00027.mp4,-0.992277876713668,-0.124034734589208,277.125016348902,171.363413454515,105.761602894387,152.354969825729,173.624969825729,1.26937574734175,10,ok,20250128/28_calibration_00051.csv,20250128/28_calibration_00051.csv,28_calibration_00051,20250128/28_calibration_00051.csv,20250128/28_landmark_calibration_00051.csv,20250128/28_landmark_00027.csv,271.67080805427,1.12790415365448,261.954161771458,269.409251683057,0.905008288556652,1000,682,"(1000, 682)",3429,,,-21.27
tilted,tilted_20250128,tilted_20250128__66b__66b_00027,66b_00027,66b,20250128,10:49:00,10_deg,landmark_transfer,48,66b_00027_waggle_annotations.csv,E:\2026Trackathon\James\mp4\20250128\00027.mp4,-0.964763821237732,-0.263117405792109,285.255118703058,171.363413454515,113.891705248543,152.354969825729,173.624969825729,1.26937574734175,10,ok,20250128/28_calibration_00051.csv,20250128/28_calibration_00051.csv,28_calibration_00051,20250128/28_calibration_00051.csv,20250128/28_landmark_calibration_00051.csv,20250128/28_landmark_00027.csv,271.67080805427,1.12790415365448,261.954161771458,269.409251683057,0.905008288556652,955,659,"(955, 659)",3472,,,-21.27
tilted,tilted_20250128,tilted_20250128__66b__66b_00027,66b_00027,66b,20250128,10:49:00,10_deg,landmark_transfer,49,66b_00027_waggle_annotations.csv,E:\2026Trackathon\James\mp4\20250128\00027.mp4,-0.839570157152151,-0.543251278157274,302.905242922988,171.363413454515,131.541829468473,152.354969825729,173.624969825729,1.26937574734175,10,ok,20250128/28_calibration_00051.csv,20250128/28_calibration_00051.csv,28_calibration_00051,20250128/28_calibration_00051.csv,20250128/28_landmark_calibration_00051.csv,20250128/28_landmark_00027.csv,271.67080805427,1.12790415365448,261.954161771458,269.409251683057,0.905008288556652,963,622,"(963, 622)",3511,,,-21.27
tilted,tilted_20250128,tilted_20250128__66b__66b_00027,66b_00027,66b,20250128,10:49:00,10_deg,landmark_transfer,50,66b_00027_waggle_annotations.csv,E:\2026Trackathon\James\mp4\20250128\00027.mp4,-0.815507144735218,-0.578747005941122,305.362461887069,171.363413454515,133.999048432554,152.354969825729,173.624969825729,1.26937574734175,10,ok,20250128/28_calibration_00051.csv,20250128/28_calibration_00051.csv,28_calibration_00051,20250128/28_calibration_00051.csv,20250128/28_landmark_calibration_00051.csv,20250128/28_landmark_00027.csv,271.67080805427,1.12790415365448,261.954161771458,269.409251683057,0.905008288556652,971,647,"(971, 647)",3556,,,-21.27
tilted,tilted_20250128,tilted_20250128__66b__66b_00027,66b_00027,66b,20250128,10:49:00,10_deg,landmark_transfer,51,66b_00027_waggle_annotations.csv,E:\2026Trackathon\James\mp4\20250128\00027.mp4,-0.64018439966448,-0.768221279597376,320.194428907735,171.363413454515,148.83101545322,152.354969825729,173.624969825729,1.26937574734175,10,ok,20250128/28_calibration_00051.csv,20250128/28_calibration_00051.csv,28_calibration_00051,20250128/28_calibration_00051.csv,20250128/28_landmark_calibration_00051.csv,20250128/28_landmark_00027.csv,271.67080805427,1.12790415365448,261.954161771458,269.409251683057,0.905008288556652,972,718,"(972, 718)",3601,,,-21.27
tilted,tilted_20250128,tilted_20250128__66b__66b_00027,66b_00027,66b,20250128,10:49:00,10_deg,landmark_transfer,52,66b_00027_waggle_annotations.csv,E:\2026Trackathon\James\mp4\20250128\00027.mp4,-0.662573882203029,-0.748996562490381,318.503531644784,171.363413454515,147.140118190269,152.354969825729,173.624969825729,1.26937574734175,10,ok,20250128/28_calibration_00051.csv,20250128/28_calibration_00051.csv,28_calibration_00051,20250128/28_calibration_00051.csv,20250128/28_landmark_calibration_00051.csv,20250128/28_landmark_00027.csv,271.67080805427,1.12790415365448,261.954161771458,269.409251683057,0.905008288556652,953,684,"(953, 684)",3646,,,-21.27
tilted,tilted_20250128,tilted_20250128__66b__66b_00027,66b_00027,66b,20250128,10:49:00,10_deg,landmark_transfer,53,66b_00027_waggle_annotations.csv,E:\2026Trackathon\James\mp4\20250128\00027.mp4,-0.316227766016838,-0.948683298050514,341.565051177078,171.363413454515,170.201637722563,152.354969825729,173.624969825729,1.26937574734175,10,ok,20250128/28_calibration_00051.csv,20250128/28_calibration_00051.csv,28_calibration_00051,20250128/28_calibration_00051.csv,20250128/28_landmark_calibration_00051.csv,20250128/28_landmark_00027.csv,271.67080805427,1.12790415365448,261.954161771458,269.409251683057,0.905008288556652,917,686,"(917, 686)",3678,,,-21.27
tilted,tilted_20250128,tilted_20250128__66b__66b_00027,66b_00027,66b,20250128,10:49:00,10_deg,landmark_transfer,54,66b_00027_waggle_annotations.csv,E:\2026Trackathon\James\mp4\20250128\00027.mp4,-0.986393923832144,-0.164398987305357,279.462322208026,171.363413454515,108.098908753511,152.354969825729,173.624969825729,1.26937574734175,10,ok,20250128/28_calibration_00051.csv,20250128/28_calibration_00051.csv,28_calibration_00051,20250128/28_calibration_00051.csv,20250128/28_landmark_calibration_00051.csv,20250128/28_landmark_00027.csv,271.67080805427,1.12790415365448,261.954161771458,269.409251683057,0.905008288556652,928,590,"(928, 590)",3739,,,-21.27
tilted,tilted_20250128,tilted_20250128__66b__66b_00027,66b_00027,66b,20250128,10:49:00,10_deg,landmark_transfer,55,66b_00027_waggle_annotations.csv,E:\2026Trackathon\James\mp4\20250128\00027.mp4,-1,0,270,171.363413454515,98.6365865454849,152.354969825729,173.624969825729,1.26937574734175,10,ok,20250128/28_calibration_00051.csv,20250128/28_calibration_00051.csv,28_calibration_00051,20250128/28_calibration_00051.csv,20250128/28_landmark_calibration_00051.csv,20250128/28_landmark_00027.csv,271.67080805427,1.12790415365448,261.954161771458,269.409251683057,0.905008288556652,910,610,"(910, 610)",3776,,,-21.27
tilted,tilted_20250128,tilted_20250128__66b__66b_00027,66b_00027,66b,20250128,10:49:00,10_deg,landmark_transfer,56,66b_00027_waggle_annotations.csv,E:\2026Trackathon\James\mp4\20250128\00027.mp4,-0.998274373174996,0.0587220219514703,266.63353933657,171.363413454515,95.2701258820551,152.354969825729,173.624969825729,1.26937574734175,10,ok,20250128/28_calibration_00051.csv,20250128/28_calibration_00051.csv,28_calibration_00051,20250128/28_calibration_00051.csv,20250128/28_landmark_calibration_00051.csv,20250128/28_landmark_00027.csv,271.67080805427,1.12790415365448,261.954161771458,269.409251683057,0.905008288556652,867,574,"(867, 574)",3819,,,-21.27
tilted,tilted_20250128,tilted_20250128__66b__66b_00027,66b_00027,66b,20250128,10:49:00,10_deg,landmark_transfer,57,66b_00027_waggle_annotations.csv,E:\2026Trackathon\James\mp4\20250128\00027.mp4,-0.998371334423977,-0.0570497905385129,273.270487923184,171.363413454515,101.907074468668,152.354969825729,173.624969825729,1.26937574734175,10,ok,20250128/28_calibration_00051.csv,20250128/28_calibration_00051.csv,28_calibration_00051,20250128/28_calibration_00051.csv,20250128/28_landmark_calibration_00051.csv,20250128/28_landmark_00027.csv,271.67080805427,1.12790415365448,261.954161771458,269.409251683057,0.905008288556652,852,553,"(852, 553)",3867,,,-21.27
tilted,tilted_20250128,tilted_20250128__84b__84b_00064,84b_00064,84b,20250128,18:02:00,10_deg,direct_compass,1,84b_00064_waggle_annotations.csv,E:\2026Trackathon\James\mp4\20250128\00064.mp4,-0.992876838486922,-0.119145220618431,276.842773412631,169.49148992241,107.351283490221,148.22148992241,169.49148992241,1.06872669123619,10,ok,20250128/28_calibration_00062.csv,20250128/28_calibration_00062.csv,28_calibration_00062,20250128/28_calibration_00062.csv,,,,,,,,1022,733,"(1022, 733)",382,,,-21.27
tilted,tilted_20250128,tilted_20250128__84b__84b_00064,84b_00064,84b,20250128,18:02:00,10_deg,direct_compass,2,84b_00064_waggle_annotations.csv,E:\2026Trackathon\James\mp4\20250128\00064.mp4,-0.95447997803503,0.298274993135947,252.645975363739,169.49148992241,83.154485441329,148.22148992241,169.49148992241,1.06872669123619,10,ok,20250128/28_calibration_00062.csv,20250128/28_calibration_00062.csv,28_calibration_00062,20250128/28_calibration_00062.csv,,,,,,,,1003,768,"(1003, 768)",434,,,-21.27
tilted,tilted_20250128,tilted_20250128__84b__84b_00064,84b_00064,84b,20250128,18:02:00,10_deg,direct_compass,3,84b_00064_waggle_annotations.csv,E:\2026Trackathon\James\mp4\20250128\00064.mp4,-0.989949493661167,-0.14142135623731,278.130102354156,169.49148992241,108.638612431746,148.22148992241,169.49148992241,1.06872669123619,10,ok,20250128/28_calibration_00062.csv,20250128/28_calibration_00062.csv,28_calibration_00062,20250128/28_calibration_00062.csv,,,,,,,,1016,771,"(1016, 771)",481,,,-21.27
tilted,tilted_20250128,tilted_20250128__84b__84b_00064,84b_00064,84b,20250128,18:02:00,10_deg,direct_compass,4,84b_00064_waggle_annotations.csv,E:\2026Trackathon\James\mp4\20250128\00064.mp4,-0.999133073092352,0.0416305447121813,267.614055969611,169.49148992241,98.1225660472015,148.22148992241,169.49148992241,1.06872669123619,10,ok,20250128/28_calibration_00062.csv,20250128/28_calibration_00062.csv,28_calibration_00062,20250128/28_calibration_00062.csv,,,,,,,,987,777,"(987, 777)",529,,,-21.27
tilted,tilted_20250128,tilted_20250128__84b__84b_00064,84b_00064,84b,20250128,18:02:00,10_deg,direct_compass,5,84b_00064_waggle_annotations.csv,E:\2026Trackathon\James\mp4\20250128\00064.mp4,-0.972806214685367,-0.23162052730604,283.392497753751,169.49148992241,113.901007831341,148.22148992241,169.49148992241,1.06872669123619,10,ok,20250128/28_calibration_00062.csv,20250128/28_calibration_00062.csv,28_calibration_00062,20250128/28_calibration_00062.csv,,,,,,,,979,783,"(979, 783)",565,,,-21.27
tilted,tilted_20250128,tilted_20250128__84b__84b_00064,84b_00064,84b,20250128,18:02:00,10_deg,direct_compass,6,84b_00064_waggle_annotations.csv,E:\2026Trackathon\James\mp4\20250128\00064.mp4,-0.66436383882992,0.74740931868366,221.63353933657,169.49148992241,52.1420494141605,148.22148992241,169.49148992241,1.06872669123619,10,ok,20250128/28_calibration_00062.csv,20250128/28_calibration_00062.csv,28_calibration_00062,20250128/28_calibration_00062.csv,,,,,,,,994,789,"(994, 789)",624,,,-21.27
tilted,tilted_20250128,tilted_20250128__84b__84b_00064,84b_00064,84b,20250128,18:02:00,10_deg,direct_compass,7,84b_00064_waggle_annotations.csv,E:\2026Trackathon\James\mp4\20250128\00064.mp4,-0.925546956205677,-0.378632845720504,292.249023657212,169.49148992241,122.757533734803,148.22148992241,169.49148992241,1.06872669123619,10,ok,20250128/28_calibration_00062.csv,20250128/28_calibration_00062.csv,28_calibration_00062,20250128/28_calibration_00062.csv,,,,,,,,976,760,"(976, 760)",678,,,-21.27
tilted,tilted_20250128,tilted_20250128__84b__84b_00064,84b_00064,84b,20250128,18:02:00,10_deg,direct_compass,8,84b_00064_waggle_annotations.csv,E:\2026Trackathon\James\mp4\20250128\00064.mp4,-0.996240588195683,0.086629616364842,265.03025927189,169.49148992241,95.53876934948,148.22148992241,169.49148992241,1.06872669123619,10,ok,20250128/28_calibration_00062.csv,20250128/28_calibration_00062.csv,28_calibration_00062,20250128/28_calibration_00062.csv,,,,,,,,919,761,"(919, 761)",734,,,-21.27
tilted,tilted_20250128,tilted_20250128__84b__84b_00064,84b_00064,84b,20250128,18:02:00,10_deg,direct_compass,9,84b_00064_waggle_annotations.csv,E:\2026Trackathon\James\mp4\20250128\00064.mp4,-0.991600411186222,-0.129339184067768,277.431407971173,169.49148992241,107.939918048763,148.22148992241,169.49148992241,1.06872669123619,10,ok,20250128/28_calibration_00062.csv,20250128/28_calibration_00062.csv,28_calibration_00062,20250128/28_calibration_00062.csv,,,,,,,,926,743,"(926, 743)",778,,,-21.27
tilted,tilted_20250128,tilted_20250128__84b__84b_00064,84b_00064,84b,20250128,18:02:00,10_deg,direct_compass,10,84b_00064_waggle_annotations.csv,E:\2026Trackathon\James\mp4\20250128\00064.mp4,-0.999133073092352,0.0416305447121813,267.614055969611,169.49148992241,98.1225660472015,148.22148992241,169.49148992241,1.06872669123619,10,ok,20250128/28_calibration_00062.csv,20250128/28_calibration_00062.csv,28_calibration_00062,20250128/28_calibration_00062.csv,,,,,,,,913,789,"(913, 789)",833,,,-21.27
tilted,tilted_20250128,tilted_20250128__84b__84b_00064,84b_00064,84b,20250128,18:02:00,10_deg,direct_compass,11,84b_00064_waggle_annotations.csv,E:\2026Trackathon\James\mp4\20250128\00064.mp4,-0.98058067569092,-0.196116135138184,281.30993247402,169.49148992241,111.818442551611,148.22148992241,169.49148992241,1.06872669123619,10,ok,20250128/28_calibration_00062.csv,20250128/28_calibration_00062.csv,28_calibration_00062,20250128/28_calibration_00062.csv,,,,,,,,951,788,"(951, 788)",881,,,-21.27
tilted,tilted_20250128,tilted_20250128__84b__84b_00064,84b_00064,84b,20250128,18:02:00,10_deg,direct_compass,12,84b_00064_waggle_annotations.csv,E:\2026Trackathon\James\mp4\20250128\00064.mp4,0.838443616300637,-0.544988350595414,56.9761324442034,169.49148992241,247.484642521794,148.22148992241,169.49148992241,1.06872669123619,10,ok,20250128/28_calibration_00062.csv,20250128/28_calibration_00062.csv,28_calibration_00062,20250128/28_calibration_00062.csv,,,,,,,,887,729,"(887, 729)",928,,,-21.27
tilted,tilted_20250128,tilted_20250128__84b__84b_00064,84b_00064,84b,20250128,18:02:00,10_deg,direct_compass,13,84b_00064_waggle_annotations.csv,E:\2026Trackathon\James\mp4\20250128\00064.mp4,-0.998460353205413,-0.0554700196225229,273.179830119864,169.49148992241,103.688340197455,148.22148992241,169.49148992241,1.06872669123619,10,ok,20250128/28_calibration_00062.csv,20250128/28_calibration_00062.csv,28_calibration_00062,20250128/28_calibration_00062.csv,,,,,,,,934,682,"(934, 682)",956,,,-21.27
tilted,tilted_20250128,tilted_20250128__84b__84b_00064,84b_00064,84b,20250128,18:02:00,10_deg,direct_compass,14,84b_00064_waggle_annotations.csv,E:\2026Trackathon\James\mp4\20250128\00064.mp4,-1,0,270,169.49148992241,100.50851007759,148.22148992241,169.49148992241,1.06872669123619,10,ok,20250128/28_calibration_00062.csv,20250128/28_calibration_00062.csv,28_calibration_00062,20250128/28_calibration_00062.csv,,,,,,,,949,775,"(949, 775)",1014,,,-21.27
tilted,tilted_20250128,tilted_20250128__84b__84b_00066,84b_00066,84b,20250128,18:07:00,10_deg,direct_compass,1,84b_00066_waggle_annotations.csv,E:\2026Trackathon\James\mp4\20250128\00066.mp4,-0.986393923832144,-0.164398987305357,279.462322208026,169.49148992241,109.970832285616,148.22148992241,169.49148992241,1.06872669123619,10,ok,20250128/28_calibration_00062.csv,20250128/28_calibration_00062.csv,28_calibration_00062,20250128/28_calibration_00062.csv,,,,,,,,1361,776,"(1361, 776)",210,,,-21.27
tilted,tilted_20250128,tilted_20250128__84b__84b_00066,84b_00066,84b,20250128,18:07:00,10_deg,direct_compass,2,84b_00066_waggle_annotations.csv,E:\2026Trackathon\James\mp4\20250128\00066.mp4,-0.9953500135553,-0.0963241948601903,275.527540151656,169.49148992241,106.036050229246,148.22148992241,169.49148992241,1.06872669123619,10,ok,20250128/28_calibration_00062.csv,20250128/28_calibration_00062.csv,28_calibration_00062,20250128/28_calibration_00062.csv,,,,,,,,1374,779,"(1374, 779)",452,,,-21.27
tilted,tilted_20250128,tilted_20250128__84b__84b_00066,84b_00066,84b,20250128,18:07:00,10_deg,direct_compass,3,84b_00066_waggle_annotations.csv,E:\2026Trackathon\James\mp4\20250128\00066.mp4,-0.981615389668581,0.190869659102224,258.996459148251,169.49148992241,89.5049692258408,148.22148992241,169.49148992241,1.06872669123619,10,ok,20250128/28_calibration_00062.csv,20250128/28_calibration_00062.csv,28_calibration_00062,20250128/28_calibration_00062.csv,,,,,,,,1416,781,"(1416, 781)",603,,,-21.27
tilted,tilted_20250128,tilted_20250128__84b__84b_00066,84b_00066,84b,20250128,18:07:00,10_deg,direct_compass,4,84b_00066_waggle_annotations.csv,E:\2026Trackathon\James\mp4\20250128\00066.mp4,-0.986393923832144,-0.164398987305357,279.462322208026,169.49148992241,109.970832285616,148.22148992241,169.49148992241,1.06872669123619,10,ok,20250128/28_calibration_00062.csv,20250128/28_calibration_00062.csv,28_calibration_00062,20250128/28_calibration_00062.csv,,,,,,,,1297,791,"(1297, 791)",800,,,-21.27
tilted,tilted_20250128,tilted_20250128__84b__84b_00066,84b_00066,84b,20250128,18:07:00,10_deg,direct_compass,5,84b_00066_waggle_annotations.csv,E:\2026Trackathon\James\mp4\20250128\00066.mp4,-0.994207047565849,0.107481842980092,263.82982490497,169.49148992241,94.3383349825607,148.22148992241,169.49148992241,1.06872669123619,10,ok,20250128/28_calibration_00062.csv,20250128/28_calibration_00062.csv,28_calibration_00062,20250128/28_calibration_00062.csv,,,,,,,,1370,786,"(1370, 786)",1950,,,-21.27
tilted,tilted_20250128,tilted_20250128__84b__84b_00066,84b_00066,84b,20250128,18:07:00,10_deg,direct_compass,6,84b_00066_waggle_annotations.csv,E:\2026Trackathon\James\mp4\20250128\00066.mp4,-0.925546956205677,0.378632845720504,247.750976342788,169.49148992241,78.2594864203779,148.22148992241,169.49148992241,1.06872669123619,10,ok,20250128/28_calibration_00062.csv,20250128/28_calibration_00062.csv,28_calibration_00062,20250128/28_calibration_00062.csv,,,,,,,,1401,773,"(1401, 773)",2088,,,-21.27
tilted,tilted_20250128,tilted_20250128__84b__84b_00066,84b_00066,84b,20250128,18:07:00,10_deg,direct_compass,7,84b_00066_waggle_annotations.csv,E:\2026Trackathon\James\mp4\20250128\00066.mp4,-0.99654575824488,0.08304547985374,265.236358309274,169.49148992241,95.7448683868641,148.22148992241,169.49148992241,1.06872669123619,10,ok,20250128/28_calibration_00062.csv,20250128/28_calibration_00062.csv,28_calibration_00062,20250128/28_calibration_00062.csv,,,,,,,,1403,784,"(1403, 784)",2270,,,-21.27
tilted,tilted_20250128,tilted_20250128__84b__84b_00066,84b_00066,84b,20250128,18:07:00,10_deg,direct_compass,8,84b_00066_waggle_annotations.csv,E:\2026Trackathon\James\mp4\20250128\00066.mp4,-0.98058067569092,-0.196116135138184,281.30993247402,169.49148992241,111.818442551611,148.22148992241,169.49148992241,1.06872669123619,10,ok,20250128/28_calibration_00062.csv,20250128/28_calibration_00062.csv,28_calibration_00062,20250128/28_calibration_00062.csv,,,,,,,,1401,778,"(1401, 778)",2384,,,-21.27
tilted,tilted_20250128,tilted_20250128__84b__84b_00066,84b_00066,84b,20250128,18:07:00,10_deg,direct_compass,9,84b_00066_waggle_annotations.csv,E:\2026Trackathon\James\mp4\20250128\00066.mp4,-0.755689082789818,0.654930538417842,229.085616779975,169.49148992241,59.5941268575652,148.22148992241,169.49148992241,1.06872669123619,10,ok,20250128/28_calibration_00062.csv,20250128/28_calibration_00062.csv,28_calibration_00062,20250128/28_calibration_00062.csv,,,,,,,,1401,774,"(1401, 774)",2437,,,-21.27
tilted,tilted_20250128,tilted_20250128__84b__84b_00066,84b_00066,84b,20250128,18:07:00,10_deg,direct_compass,10,84b_00066_waggle_annotations.csv,E:\2026Trackathon\James\mp4\20250128\00066.mp4,-0.990830168044299,-0.135113204733313,277.765166018425,169.49148992241,108.273676096016,148.22148992241,169.49148992241,1.06872669123619,10,ok,20250128/28_calibration_00062.csv,20250128/28_calibration_00062.csv,28_calibration_00062,20250128/28_calibration_00062.csv,,,,,,,,1367,756,"(1367, 756)",2513,,,-21.27
tilted,tilted_20250128,tilted_20250128__84b__84b_00066,84b_00066,84b,20250128,18:07:00,10_deg,direct_compass,11,84b_00066_waggle_annotations.csv,E:\2026Trackathon\James\mp4\20250128\00066.mp4,-0.667545015752026,0.74456944064649,221.877869537884,169.49148992241,52.3863796154746,148.22148992241,169.49148992241,1.06872669123619,10,ok,20250128/28_calibration_00062.csv,20250128/28_calibration_00062.csv,28_calibration_00062,20250128/28_calibration_00062.csv,,,,,,,,1363,765,"(1363, 765)",2604,,,-21.27
tilted,tilted_20250128,tilted_20250128__84b__84b_00066,84b_00066,84b,20250128,18:07:00,10_deg,direct_compass,12,84b_00066_waggle_annotations.csv,E:\2026Trackathon\James\mp4\20250128\00066.mp4,-0.841178475376554,0.540757591313499,237.264773727892,169.49148992241,67.7732838054827,148.22148992241,169.49148992241,1.06872669123619,10,ok,20250128/28_calibration_00062.csv,20250128/28_calibration_00062.csv,28_calibration_00062,20250128/28_calibration_00062.csv,,,,,,,,1410,759,"(1410, 759)",2742,,,-21.27
tilted,tilted_20250128,tilted_20250128__84b__84b_00066,84b_00066,84b,20250128,18:07:00,10_deg,direct_compass,13,84b_00066_waggle_annotations.csv,E:\2026Trackathon\James\mp4\20250128\00066.mp4,-0.988715504224767,-0.149805379427995,278.615648184164,169.49148992241,109.124158261754,148.22148992241,169.49148992241,1.06872669123619,10,ok,20250128/28_calibration_00062.csv,20250128/28_calibration_00062.csv,28_calibration_00062,20250128/28_calibration_00062.csv,,,,,,,,1207,751,"(1207, 751)",2962,,,-21.27
tilted,tilted_20250128,tilted_20250128__84b__84b_00066,84b_00066,84b,20250128,18:07:00,10_deg,direct_compass,14,84b_00066_waggle_annotations.csv,E:\2026Trackathon\James\mp4\20250128\00066.mp4,-0.662573882203029,0.748996562490381,221.496468355216,169.49148992241,52.0049784328058,148.22148992241,169.49148992241,1.06872669123619,10,ok,20250128/28_calibration_00062.csv,20250128/28_calibration_00062.csv,28_calibration_00062,20250128/28_calibration_00062.csv,,,,,,,,1175,767,"(1175, 767)",3011,,,-21.27
tilted,tilted_20250128,tilted_20250128__84b__84b_00066,84b_00066,84b,20250128,18:07:00,10_deg,direct_compass,15,84b_00066_waggle_annotations.csv,E:\2026Trackathon\James\mp4\20250128\00066.mp4,-0.98058067569092,-0.196116135138184,281.30993247402,169.49148992241,111.818442551611,148.22148992241,169.49148992241,1.06872669123619,10,ok,20250128/28_calibration_00062.csv,20250128/28_calibration_00062.csv,28_calibration_00062,20250128/28_calibration_00062.csv,,,,,,,,1163,712,"(1163, 712)",3052,,,-21.27
tilted,tilted_20250128,tilted_20250128__84b__84b_00066,84b_00066,84b,20250128,18:07:00,10_deg,direct_compass,16,84b_00066_waggle_annotations.csv,E:\2026Trackathon\James\mp4\20250128\00066.mp4,-0.999168053100577,0.0407823695143093,267.662694140876,169.49148992241,98.1712042184665,148.22148992241,169.49148992241,1.06872669123619,10,ok,20250128/28_calibration_00062.csv,20250128/28_calibration_00062.csv,28_calibration_00062,20250128/28_calibration_00062.csv,,,,,,,,1098,711,"(1098, 711)",3118,,,-21.27
tilted,tilted_20250128,tilted_20250128__84b__84b_00066,84b_00066,84b,20250128,18:07:00,10_deg,direct_compass,17,84b_00066_waggle_annotations.csv,E:\2026Trackathon\James\mp4\20250128\00066.mp4,-1,0,270,169.49148992241,100.50851007759,148.22148992241,169.49148992241,1.06872669123619,10,ok,20250128/28_calibration_00062.csv,20250128/28_calibration_00062.csv,28_calibration_00062,20250128/28_calibration_00062.csv,,,,,,,,1032,728,"(1032, 728)",3180,,,-21.27
tilted,tilted_20250128,tilted_20250128__90r__90r_00052,90r_00052,90r,20250128,15:40:00,10_deg,direct_compass,1,90r_00052_waggle_annotations.csv,E:\2026Trackathon\James\mp4\20250128\00052.mp4,-0.0738716855153118,0.997267754456709,184.236394799059,173.624969825729,10.6114249733299,152.354969825729,173.624969825729,1.26937574734175,10,ok,20250128/28_calibration_00051.csv,20250128/28_calibration_00051.csv,28_calibration_00051,20250128/28_calibration_00051.csv,,,,,,,,830,881,"(830, 881)",487,,,-21.27
tilted,tilted_20250128,tilted_20250128__90r__90r_00052,90r_00052,90r,20250128,15:40:00,10_deg,direct_compass,2,90r_00052_waggle_annotations.csv,E:\2026Trackathon\James\mp4\20250128\00052.mp4,-0.514495755427527,0.857492925712544,210.963756532074,173.624969825729,37.3387867063447,152.354969825729,173.624969825729,1.26937574734175,10,ok,20250128/28_calibration_00051.csv,20250128/28_calibration_00051.csv,28_calibration_00051,20250128/28_calibration_00051.csv,,,,,,,,687,814,"(687, 814)",1059,,,-21.27
tilted,tilted_20250128,tilted_20250128__90r__90r_00052,90r_00052,90r,20250128,15:40:00,10_deg,direct_compass,3,90r_00052_waggle_annotations.csv,E:\2026Trackathon\James\mp4\20250128\00052.mp4,-0.707106781186548,0.707106781186548,225,173.624969825729,51.3750301742711,152.354969825729,173.624969825729,1.26937574734175,10,ok,20250128/28_calibration_00051.csv,20250128/28_calibration_00051.csv,28_calibration_00051,20250128/28_calibration_00051.csv,,,,,,,,791,946,"(791, 946)",1147,,,-21.27
tilted,tilted_20250128,tilted_20250128__90r__90r_00052,90r_00052,90r,20250128,15:40:00,10_deg,direct_compass,4,90r_00052_waggle_annotations.csv,E:\2026Trackathon\James\mp4\20250128\00052.mp4,-0.992277876713668,0.124034734589208,262.874983651098,173.624969825729,89.2500138253693,152.354969825729,173.624969825729,1.26937574734175,10,ok,20250128/28_calibration_00051.csv,20250128/28_calibration_00051.csv,28_calibration_00051,20250128/28_calibration_00051.csv,,,,,,,,821,936,"(821, 936)",1481,,,-21.27
tilted,tilted_20250128,tilted_20250128__90r__90r_00052,90r_00052,90r,20250128,15:40:00,10_deg,direct_compass,5,90r_00052_waggle_annotations.csv,E:\2026Trackathon\James\mp4\20250128\00052.mp4,-0.707106781186548,0.707106781186548,225,173.624969825729,51.3750301742711,152.354969825729,173.624969825729,1.26937574734175,10,ok,20250128/28_calibration_00051.csv,20250128/28_calibration_00051.csv,28_calibration_00051,20250128/28_calibration_00051.csv,,,,,,,,827,939,"(827, 939)",1527,,,-21.27
tilted,tilted_20250128,tilted_20250128__90r__90r_00052,90r_00052,90r,20250128,15:40:00,10_deg,direct_compass,6,90r_00052_waggle_annotations.csv,E:\2026Trackathon\James\mp4\20250128\00052.mp4,-0.902134221635647,0.431455497304005,244.440034828176,173.624969825729,70.8150650024473,152.354969825729,173.624969825729,1.26937574734175,10,ok,20250128/28_calibration_00051.csv,20250128/28_calibration_00051.csv,28_calibration_00051,20250128/28_calibration_00051.csv,,,,,,,,810,912,"(810, 912)",1571,,,-21.27
tilted,tilted_20250128,tilted_20250128__90r__90r_00052,90r_00052,90r,20250128,15:40:00,10_deg,direct_compass,7,90r_00052_waggle_annotations.csv,E:\2026Trackathon\James\mp4\20250128\00052.mp4,-0.209529088730873,0.977802414077409,192.094757077012,173.624969825729,18.4697872512832,152.354969825729,173.624969825729,1.26937574734175,10,ok,20250128/28_calibration_00051.csv,20250128/28_calibration_00051.csv,28_calibration_00051,20250128/28_calibration_00051.csv,,,,,,,,885,954,"(885, 954)",1638,,,-21.27
tilted,tilted_20250128,tilted_20250128__90r__90r_00052,90r_00052,90r,20250128,15:40:00,10_deg,direct_compass,8,90r_00052_waggle_annotations.csv,E:\2026Trackathon\James\mp4\20250128\00052.mp4,-0.991227900682635,0.132163720091018,262.405356631409,173.624969825729,88.7803868056797,152.354969825729,173.624969825729,1.26937574734175,10,ok,20250128/28_calibration_00051.csv,20250128/28_calibration_00051.csv,28_calibration_00051,20250128/28_calibration_00051.csv,,,,,,,,961,890,"(961, 890)",1693,,,-21.27
tilted,tilted_20250128,tilted_20250128__90r__90r_00052,90r_00052,90r,20250128,15:40:00,10_deg,direct_compass,9,90r_00052_waggle_annotations.csv,E:\2026Trackathon\James\mp4\20250128\00052.mp4,-0.721988205115424,0.691905363235615,226.218875235131,173.624969825729,52.5939054094024,152.354969825729,173.624969825729,1.26937574734175,10,ok,20250128/28_calibration_00051.csv,20250128/28_calibration_00051.csv,28_calibration_00051,20250128/28_calibration_00051.csv,,,,,,,,958,894,"(958, 894)",1745,,,-21.27
tilted,tilted_20250128,tilted_20250128__90r__90r_00052,90r_00052,90r,20250128,15:40:00,10_deg,direct_compass,10,90r_00052_waggle_annotations.csv,E:\2026Trackathon\James\mp4\20250128\00052.mp4,-0.95447997803503,0.298274993135947,252.645975363739,173.624969825729,79.0210055380098,152.354969825729,173.624969825729,1.26937574734175,10,ok,20250128/28_calibration_00051.csv,20250128/28_calibration_00051.csv,28_calibration_00051,20250128/28_calibration_00051.csv,,,,,,,,1460,909,"(1460, 909)",2045,,,-21.27
tilted,tilted_20250128,tilted_20250128__90r__90r_00053,90r_00053,90r,20250128,15:40:00,10_deg,direct_compass,1,90r_00053_waggle_annotations.csv,E:\2026Trackathon\James\mp4\20250128\00053.mp4,-0.945686599304867,-0.325079768511048,288.970407808487,173.624969825729,115.345437982758,152.354969825729,173.624969825729,1.26937574734175,10,ok,20250128/28_calibration_00051.csv,20250128/28_calibration_00051.csv,28_calibration_00051,20250128/28_calibration_00051.csv,,,,,,,,695,846,"(695, 846)",1184,,,-21.27
tilted,tilted_20250128,tilted_20250128__90r__90r_00053,90r_00053,90r,20250128,15:40:00,10_deg,direct_compass,2,90r_00053_waggle_annotations.csv,E:\2026Trackathon\James\mp4\20250128\00053.mp4,0.992277876713668,-0.124034734589208,82.8749836510982,173.624969825729,269.250013825369,152.354969825729,173.624969825729,1.26937574734175,10,ok,20250128/28_calibration_00051.csv,20250128/28_calibration_00051.csv,28_calibration_00051,20250128/28_calibration_00051.csv,,,,,,,,1053,881,"(1053, 881)",1323,,,-21.27
tilted,tilted_20250128,tilted_20250128__90r__90r_00053,90r_00053,90r,20250128,15:40:00,10_deg,direct_compass,3,90r_00053_waggle_annotations.csv,E:\2026Trackathon\James\mp4\20250128\00053.mp4,-0.9953500135553,-0.0963241948601903,275.527540151656,173.624969825729,101.902570325927,152.354969825729,173.624969825729,1.26937574734175,10,ok,20250128/28_calibration_00051.csv,20250128/28_calibration_00051.csv,28_calibration_00051,20250128/28_calibration_00051.csv,,,,,,,,1055,820,"(1055, 820)",1349,,,-21.27
tilted,tilted_20250128,tilted_20250128__90r__90r_00053,90r_00053,90r,20250128,15:40:00,10_deg,direct_compass,4,90r_00053_waggle_annotations.csv,E:\2026Trackathon\James\mp4\20250128\00053.mp4,-1,0,270,173.624969825729,96.3750301742711,152.354969825729,173.624969825729,1.26937574734175,10,ok,20250128/28_calibration_00051.csv,20250128/28_calibration_00051.csv,28_calibration_00051,20250128/28_calibration_00051.csv,,,,,,,,980,883,"(980, 883)",1449,,,-21.27
tilted,tilted_20250128,tilted_20250128__90r__90r_00053,90r_00053,90r,20250128,15:40:00,10_deg,direct_compass,5,90r_00053_waggle_annotations.csv,E:\2026Trackathon\James\mp4\20250128\00053.mp4,-0.999405999353588,0.0344622758397789,268.025065989118,173.624969825729,94.4000961633892,152.354969825729,173.624969825729,1.26937574734175,10,ok,20250128/28_calibration_00051.csv,20250128/28_calibration_00051.csv,28_calibration_00051,20250128/28_calibration_00051.csv,,,,,,,,893,831,"(893, 831)",1501,,,-21.27
tilted,tilted_20250128,tilted_20250128__90r__90r_00053,90r_00053,90r,20250128,15:40:00,10_deg,direct_compass,6,90r_00053_waggle_annotations.csv,E:\2026Trackathon\James\mp4\20250128\00053.mp4,-1,0,270,173.624969825729,96.3750301742711,152.354969825729,173.624969825729,1.26937574734175,10,ok,20250128/28_calibration_00051.csv,20250128/28_calibration_00051.csv,28_calibration_00051,20250128/28_calibration_00051.csv,,,,,,,,851,825,"(851, 825)",1564,,,-21.27
tilted,tilted_20250128,tilted_20250128__90r__90r_00053,90r_00053,90r,20250128,15:40:00,10_deg,direct_compass,7,90r_00053_waggle_annotations.csv,E:\2026Trackathon\James\mp4\20250128\00053.mp4,0.885831535280156,-0.464006994670558,62.3540246362613,173.624969825729,248.729054810532,152.354969825729,173.624969825729,1.26937574734175,10,ok,20250128/28_calibration_00051.csv,20250128/28_calibration_00051.csv,28_calibration_00051,20250128/28_calibration_00051.csv,,,,,,,,906,883,"(906, 883)",1620,,,-21.27
tilted,tilted_20250128,tilted_20250128__90r__90r_00053,90r_00053,90r,20250128,15:40:00,10_deg,direct_compass,8,90r_00053_waggle_annotations.csv,E:\2026Trackathon\James\mp4\20250128\00053.mp4,-0.825307261249832,0.56468391559199,235.619655276155,173.624969825729,61.9946854504263,152.354969825729,173.624969825729,1.26937574734175,10,ok,20250128/28_calibration_00051.csv,20250128/28_calibration_00051.csv,28_calibration_00051,20250128/28_calibration_00051.csv,,,,,,,,888,950,"(888, 950)",1689,,,-21.27
tilted,tilted_20250128,tilted_20250128__90r__90r_00053,90r_00053,90r,20250128,15:40:00,10_deg,direct_compass,9,90r_00053_waggle_annotations.csv,E:\2026Trackathon\James\mp4\20250128\00053.mp4,-0.419058177461747,0.907959384500452,204.775140568832,173.624969825729,31.150170743103,152.354969825729,173.624969825729,1.26937574734175,10,ok,20250128/28_calibration_00051.csv,20250128/28_calibration_00051.csv,28_calibration_00051,20250128/28_calibration_00051.csv,,,,,,,,897,940,"(897, 940)",1803,,,-21.27
tilted,tilted_20250128,tilted_20250128__90r__90r_00053,90r_00053,90r,20250128,15:40:00,10_deg,direct_compass,10,90r_00053_waggle_annotations.csv,E:\2026Trackathon\James\mp4\20250128\00053.mp4,-0.576683197598655,0.816967863264762,215.217592968193,173.624969825729,41.5926231424639,152.354969825729,173.624969825729,1.26937574734175,10,ok,20250128/28_calibration_00051.csv,20250128/28_calibration_00051.csv,28_calibration_00051,20250128/28_calibration_00051.csv,,,,,,,,935,941,"(935, 941)",1859,,,-21.27
tilted,tilted_20250128,tilted_20250128__90r__90r_00053,90r_00053,90r,20250128,15:40:00,10_deg,direct_compass,11,90r_00053_waggle_annotations.csv,E:\2026Trackathon\James\mp4\20250128\00053.mp4,-0.987241120712647,0.159232438824621,260.837652954278,173.624969825729,87.2126831285494,152.354969825729,173.624969825729,1.26937574734175,10,ok,20250128/28_calibration_00051.csv,20250128/28_calibration_00051.csv,28_calibration_00051,20250128/28_calibration_00051.csv,,,,,,,,917,883,"(917, 883)",1919,,,-21.27
tilted,tilted_20250128,tilted_20250128__90r__90r_00053,90r_00053,90r,20250128,15:40:00,10_deg,direct_compass,12,90r_00053_waggle_annotations.csv,E:\2026Trackathon\James\mp4\20250128\00053.mp4,-0.952424147199324,0.304775727103784,252.255328374943,173.624969825729,78.6303585492142,152.354969825729,173.624969825729,1.26937574734175,10,ok,20250128/28_calibration_00051.csv,20250128/28_calibration_00051.csv,28_calibration_00051,20250128/28_calibration_00051.csv,,,,,,,,970,864,"(970, 864)",1981,,,-21.27
tilted,tilted_20250128,tilted_20250128__90r__90r_00053,90r_00053,90r,20250128,15:40:00,10_deg,direct_compass,13,90r_00053_waggle_annotations.csv,E:\2026Trackathon\James\mp4\20250128\00053.mp4,-0.967996898165801,0.250962158783726,255.46554491946,173.624969825729,81.840575093731,152.354969825729,173.624969825729,1.26937574734175,10,ok,20250128/28_calibration_00051.csv,20250128/28_calibration_00051.csv,28_calibration_00051,20250128/28_calibration_00051.csv,,,,,,,,893,809,"(893, 809)",2042,,,-21.27
tilted,tilted_20250128,tilted_20250128__90r__90r_00053,90r_00053,90r,20250128,15:40:00,10_deg,direct_compass,14,90r_00053_waggle_annotations.csv,E:\2026Trackathon\James\mp4\20250128\00053.mp4,-0.931242779705753,0.364399348580512,248.629377730657,173.624969825729,75.0044079049279,152.354969825729,173.624969825729,1.26937574734175,10,ok,20250128/28_calibration_00051.csv,20250128/28_calibration_00051.csv,28_calibration_00051,20250128/28_calibration_00051.csv,,,,,,,,898,869,"(898, 869)",2092,,,-21.27
tilted,tilted_20250128,tilted_20250128__90r__90r_00064,90r_00064,90r,20250128,18:02:00,10_deg,direct_compass,1,90r_00064_waggle_annotations.csv,E:\2026Trackathon\James\mp4\20250128\00064.mp4,0.6,-0.8,36.869897645844,169.49148992241,227.378407723434,148.22148992241,169.49148992241,1.06872669123619,10,ok,20250128/28_calibration_00062.csv,20250128/28_calibration_00062.csv,28_calibration_00062,20250128/28_calibration_00062.csv,,,,,,,,1191,785,"(1191, 785)",666,,,-21.27
tilted,tilted_20250128,tilted_20250128__90r__90r_00064,90r_00064,90r,20250128,18:02:00,10_deg,direct_compass,2,90r_00064_waggle_annotations.csv,E:\2026Trackathon\James\mp4\20250128\00064.mp4,-0.998168496631191,0.0604950604018904,266.531770741083,169.49148992241,97.0402808186731,148.22148992241,169.49148992241,1.06872669123619,10,ok,20250128/28_calibration_00062.csv,20250128/28_calibration_00062.csv,28_calibration_00062,20250128/28_calibration_00062.csv,,,,,,,,1184,781,"(1184, 781)",801,,,-21.27
tilted,tilted_20250128,tilted_20250128__90r__90r_00064,90r_00064,90r,20250128,18:02:00,10_deg,direct_compass,3,90r_00064_waggle_annotations.csv,E:\2026Trackathon\James\mp4\20250128\00064.mp4,-0.755689082789818,0.654930538417842,229.085616779975,169.49148992241,59.5941268575652,148.22148992241,169.49148992241,1.06872669123619,10,ok,20250128/28_calibration_00062.csv,20250128/28_calibration_00062.csv,28_calibration_00062,20250128/28_calibration_00062.csv,,,,,,,,1179,796,"(1179, 796)",856,,,-21.27
tilted,tilted_20250128,tilted_20250128__90r__90r_00064,90r_00064,90r,20250128,18:02:00,10_deg,direct_compass,4,90r_00064_waggle_annotations.csv,E:\2026Trackathon\James\mp4\20250128\00064.mp4,-0.990621129243475,0.136637397137031,262.146686698022,169.49148992241,92.6551967756121,148.22148992241,169.49148992241,1.06872669123619,10,ok,20250128/28_calibration_00062.csv,20250128/28_calibration_00062.csv,28_calibration_00062,20250128/28_calibration_00062.csv,,,,,,,,1194,797,"(1194, 797)",908,,,-21.27
tilted,tilted_20250128,tilted_20250128__90r__90r_00064,90r_00064,90r,20250128,18:02:00,10_deg,direct_compass,5,90r_00064_waggle_annotations.csv,E:\2026Trackathon\James\mp4\20250128\00064.mp4,-0.863778900898434,0.503871025524086,239.743562836471,169.49148992241,70.2520729140611,148.22148992241,169.49148992241,1.06872669123619,10,ok,20250128/28_calibration_00062.csv,20250128/28_calibration_00062.csv,28_calibration_00062,20250128/28_calibration_00062.csv,,,,,,,,1163,802,"(1163, 802)",961,,,-21.27
tilted,tilted_20250128,tilted_20250128__90r__90r_00064,90r_00064,90r,20250128,18:02:00,10_deg,direct_compass,6,90r_00064_waggle_annotations.csv,E:\2026Trackathon\James\mp4\20250128\00064.mp4,-0.973417168333576,0.229039333725547,256.759480084813,169.49148992241,87.2679901624031,148.22148992241,169.49148992241,1.06872669123619,10,ok,20250128/28_calibration_00062.csv,20250128/28_calibration_00062.csv,28_calibration_00062,20250128/28_calibration_00062.csv,,,,,,,,1179,766,"(1179, 766)",1002,,,-21.27
tilted,tilted_20250128,tilted_20250128__90r__90r_00064,90r_00064,90r,20250128,18:02:00,10_deg,direct_compass,7,90r_00064_waggle_annotations.csv,E:\2026Trackathon\James\mp4\20250128\00064.mp4,-0.966234939601246,0.257662650560332,255.068582821862,169.49148992241,85.5770928994527,148.22148992241,169.49148992241,1.06872669123619,10,ok,20250128/28_calibration_00062.csv,20250128/28_calibration_00062.csv,28_calibration_00062,20250128/28_calibration_00062.csv,,,,,,,,1172,770,"(1172, 770)",1056,,,-21.27
tilted,tilted_20250128,tilted_20250128__90r__90r_00064,90r_00064,90r,20250128,18:02:00,10_deg,direct_compass,8,90r_00064_waggle_annotations.csv,E:\2026Trackathon\James\mp4\20250128\00064.mp4,-0.991227900682635,0.132163720091018,262.405356631409,169.49148992241,92.9138667089989,148.22148992241,169.49148992241,1.06872669123619,10,ok,20250128/28_calibration_00062.csv,20250128/28_calibration_00062.csv,28_calibration_00062,20250128/28_calibration_00062.csv,,,,,,,,1177,747,"(1177, 747)",1102,,,-21.27
tilted,tilted_20250128,tilted_20250128__90r__90r_00064,90r_00064,90r,20250128,18:02:00,10_deg,direct_compass,9,90r_00064_waggle_annotations.csv,E:\2026Trackathon\James\mp4\20250128\00064.mp4,-0.843661487732108,0.536875492193159,237.528807709152,169.49148992241,68.0373177867418,148.22148992241,169.49148992241,1.06872669123619,10,ok,20250128/28_calibration_00062.csv,20250128/28_calibration_00062.csv,28_calibration_00062,20250128/28_calibration_00062.csv,,,,,,,,1180,771,"(1180, 771)",1157,,,-21.27
tilted,tilted_20250128,tilted_20250128__90r__90r_00064,90r_00064,90r,20250128,18:02:00,10_deg,direct_compass,10,90r_00064_waggle_annotations.csv,E:\2026Trackathon\James\mp4\20250128\00064.mp4,-0.982338566422475,0.187112107889995,259.215702132437,169.49148992241,89.7242122100277,148.22148992241,169.49148992241,1.06872669123619,10,ok,20250128/28_calibration_00062.csv,20250128/28_calibration_00062.csv,28_calibration_00062,20250128/28_calibration_00062.csv,,,,,,,,1161,746,"(1161, 746)",1198,,,-21.27
tilted,tilted_20250128,tilted_20250128__90r__90r_00064,90r_00064,90r,20250128,18:02:00,10_deg,direct_compass,11,90r_00064_waggle_annotations.csv,E:\2026Trackathon\James\mp4\20250128\00064.mp4,-0.882352941176471,0.470588235294118,241.927513064147,169.49148992241,72.4360231417373,148.22148992241,169.49148992241,1.06872669123619,10,ok,20250128/28_calibration_00062.csv,20250128/28_calibration_00062.csv,28_calibration_00062,20250128/28_calibration_00062.csv,,,,,,,,1137,789,"(1137, 789)",1259,,,-21.27
tilted,tilted_20250128,tilted_20250128__90r__90r_00064,90r_00064,90r,20250128,18:02:00,10_deg,direct_compass,12,90r_00064_waggle_annotations.csv,E:\2026Trackathon\James\mp4\20250128\00064.mp4,-0.964763821237732,0.263117405792109,254.744881296942,169.49148992241,85.2533913745325,148.22148992241,169.49148992241,1.06872669123619,10,ok,20250128/28_calibration_00062.csv,20250128/28_calibration_00062.csv,28_calibration_00062,20250128/28_calibration_00062.csv,,,,,,,,1129,735,"(1129, 735)",1311,,,-21.27
tilted,tilted_20250128,tilted_20250128__90r__90r_00064,90r_00064,90r,20250128,18:02:00,10_deg,direct_compass,13,90r_00064_waggle_annotations.csv,E:\2026Trackathon\James\mp4\20250128\00064.mp4,-0.894427190999916,0.447213595499958,243.434948822922,169.49148992241,73.9434589005123,148.22148992241,169.49148992241,1.06872669123619,10,ok,20250128/28_calibration_00062.csv,20250128/28_calibration_00062.csv,28_calibration_00062,20250128/28_calibration_00062.csv,,,,,,,,1148,765,"(1148, 765)",1343,,,-21.27
tilted,tilted_20250128,tilted_20250128__90r__90r_00064,90r_00064,90r,20250128,18:02:00,10_deg,direct_compass,14,90r_00064_waggle_annotations.csv,E:\2026Trackathon\James\mp4\20250128\00064.mp4,-0.999133073092352,0.0416305447121813,267.614055969611,169.49148992241,98.1225660472015,148.22148992241,169.49148992241,1.06872669123619,10,ok,20250128/28_calibration_00062.csv,20250128/28_calibration_00062.csv,28_calibration_00062,20250128/28_calibration_00062.csv,,,,,,,,1125,616,"(1125, 616)",1469,,,-21.27
tilted,tilted_20250128,tilted_20250128__90r__90r_00066,90r_00066,90r,20250128,18:07:00,10_deg,direct_compass,1,90r_00066_waggle_annotations.csv,E:\2026Trackathon\James\mp4\20250128\00066.mp4,-1,0,270,169.49148992241,100.50851007759,148.22148992241,169.49148992241,1.06872669123619,10,ok,20250128/28_calibration_00062.csv,20250128/28_calibration_00062.csv,28_calibration_00062,20250128/28_calibration_00062.csv,,,,,,,,1044,715,"(1044, 715)",2018,,,-21.27
tilted,tilted_20250128,tilted_20250128__90r__90r_00066,90r_00066,90r,20250128,18:07:00,10_deg,direct_compass,2,90r_00066_waggle_annotations.csv,E:\2026Trackathon\James\mp4\20250128\00066.mp4,-0.988618837339611,0.150441996986463,261.347458208885,169.49148992241,91.8559682864756,148.22148992241,169.49148992241,1.06872669123619,10,ok,20250128/28_calibration_00062.csv,20250128/28_calibration_00062.csv,28_calibration_00062,20250128/28_calibration_00062.csv,,,,,,,,1054,732,"(1054, 732)",2063,,,-21.27
tilted,tilted_20250128,tilted_20250128__90r__90r_00066,90r_00066,90r,20250128,18:07:00,10_deg,direct_compass,3,90r_00066_waggle_annotations.csv,E:\2026Trackathon\James\mp4\20250128\00066.mp4,0.939793423488437,-0.341743063086704,70.0168934781,169.49148992241,260.52540355569,148.22148992241,169.49148992241,1.06872669123619,10,ok,20250128/28_calibration_00062.csv,20250128/28_calibration_00062.csv,28_calibration_00062,20250128/28_calibration_00062.csv,,,,,,,,1061,750,"(1061, 750)",2209,,,-21.27
tilted,tilted_20250128,tilted_20250128__90r__90r_00066,90r_00066,90r,20250128,18:07:00,10_deg,direct_compass,4,90r_00066_waggle_annotations.csv,E:\2026Trackathon\James\mp4\20250128\00066.mp4,0.995037190209989,0.0995037190209989,95.7105931374996,169.49148992241,286.21910321509,148.22148992241,169.49148992241,1.06872669123619,10,ok,20250128/28_calibration_00062.csv,20250128/28_calibration_00062.csv,28_calibration_00062,20250128/28_calibration_00062.csv,,,,,,,,1034,772,"(1034, 772)",2661,,,-21.27
tilted,tilted_20250128,tilted_20250128__90r__90r_00066,90r_00066,90r,20250128,18:07:00,10_deg,direct_compass,5,90r_00066_waggle_annotations.csv,E:\2026Trackathon\James\mp4\20250128\00066.mp4,-0.976187060183953,0.216930457818656,257.471192290849,169.49148992241,87.9797023684388,148.22148992241,169.49148992241,1.06872669123619,10,ok,20250128/28_calibration_00062.csv,20250128/28_calibration_00062.csv,28_calibration_00062,20250128/28_calibration_00062.csv,,,,,,,,1153,781,"(1153, 781)",2970,,,-21.27
tilted,tilted_20250128,tilted_20250128__90r__90r_00066,90r_00066,90r,20250128,18:07:00,10_deg,direct_compass,6,90r_00066_waggle_annotations.csv,E:\2026Trackathon\James\mp4\20250128\00066.mp4,-0.968802704477566,-0.247833249982633,284.349332042947,169.49148992241,114.857842120537,148.22148992241,169.49148992241,1.06872669123619,10,ok,20250128/28_calibration_00062.csv,20250128/28_calibration_00062.csv,28_calibration_00062,20250128/28_calibration_00062.csv,,,,,,,,1168,733,"(1168, 733)",3207,,,-21.27
tilted,tilted_20250128,tilted_20250128__90r__90r_00066,90r_00066,90r,20250128,18:07:00,10_deg,direct_compass,7,90r_00066_waggle_annotations.csv,E:\2026Trackathon\James\mp4\20250128\00066.mp4,-0.787807166322436,0.615921966397541,231.98105740683,169.49148992241,62.4895674844201,148.22148992241,169.49148992241,1.06872669123619,10,ok,20250128/28_calibration_00062.csv,20250128/28_calibration_00062.csv,28_calibration_00062,20250128/28_calibration_00062.csv,,,,,,,,1220,754,"(1220, 754)",3249,,,-21.27
tilted,tilted_20250128,tilted_20250128__90r__90r_00066,90r_00066,90r,20250128,18:07:00,10_deg,direct_compass,8,90r_00066_waggle_annotations.csv,E:\2026Trackathon\James\mp4\20250128\00066.mp4,-0.99936285434755,0.0356915305124125,267.954591511113,169.49148992241,98.4631015887031,148.22148992241,169.49148992241,1.06872669123619,10,ok,20250128/28_calibration_00062.csv,20250128/28_calibration_00062.csv,28_calibration_00062,20250128/28_calibration_00062.csv,,,,,,,,1198,721,"(1198, 721)",3284,,,-21.27
tilted,tilted_20250128,tilted_20250128__90r__90r_00066,90r_00066,90r,20250128,18:07:00,10_deg,direct_compass,9,90r_00066_waggle_annotations.csv,E:\2026Trackathon\James\mp4\20250128\00066.mp4,-0.838443616300637,0.544988350595414,236.976132444203,169.49148992241,67.4846425217937,148.22148992241,169.49148992241,1.06872669123619,10,ok,20250128/28_calibration_00062.csv,20250128/28_calibration_00062.csv,28_calibration_00062,20250128/28_calibration_00062.csv,,,,,,,,1177,720,"(1177, 720)",3349,,,-21.27
tilted,tilted_20250128,tilted_20250128__90r__90r_00066,90r_00066,90r,20250128,18:07:00,10_deg,direct_compass,10,90r_00066_waggle_annotations.csv,E:\2026Trackathon\James\mp4\20250128\00066.mp4,0.995893206467704,0.0905357460425185,95.1944289077348,169.49148992241,285.702938985325,148.22148992241,169.49148992241,1.06872669123619,10,ok,20250128/28_calibration_00062.csv,20250128/28_calibration_00062.csv,28_calibration_00062,20250128/28_calibration_00062.csv,,,,,,,,1124,778,"(1124, 778)",3431,,,-21.27
tilted,tilted_20250128,tilted_20250128__90r__90r_00066,90r_00066,90r,20250128,18:07:00,10_deg,direct_compass,11,90r_00066_waggle_annotations.csv,E:\2026Trackathon\James\mp4\20250128\00066.mp4,-0.989203462353871,0.146548661089462,261.573030978519,169.49148992241,92.0815410561096,148.22148992241,169.49148992241,1.06872669123619,10,ok,20250128/28_calibration_00062.csv,20250128/28_calibration_00062.csv,28_calibration_00062,20250128/28_calibration_00062.csv,,,,,,,,1072,786,"(1072, 786)",3458,,,-21.27
tilted,tilted_20250128,tilted_20250128__90r__90r_00066,90r_00066,90r,20250128,18:07:00,10_deg,direct_compass,12,90r_00066_waggle_annotations.csv,E:\2026Trackathon\James\mp4\20250128\00066.mp4,-0.8,0.6,233.130102354156,169.49148992241,63.6386124317463,148.22148992241,169.49148992241,1.06872669123619,10,ok,20250128/28_calibration_00062.csv,20250128/28_calibration_00062.csv,28_calibration_00062,20250128/28_calibration_00062.csv,,,,,,,,1047,783,"(1047, 783)",3511,,,-21.27
tilted,tilted_20250128,tilted_20250128__90r__90r_00066,90r_00066,90r,20250128,18:07:00,10_deg,direct_compass,13,90r_00066_waggle_annotations.csv,E:\2026Trackathon\James\mp4\20250128\00066.mp4,-0.930751493440347,0.365652372422994,248.552263672895,169.49148992241,79.0607737504849,148.22148992241,169.49148992241,1.06872669123619,10,ok,20250128/28_calibration_00062.csv,20250128/28_calibration_00062.csv,28_calibration_00062,20250128/28_calibration_00062.csv,,,,,,,,1107,758,"(1107, 758)",3706,,,-21.27
tilted,tilted_20250128,tilted_20250128__95r__95r_00065,95r_00065,95r,20250128,18:07:00,10_deg,direct_compass,1,95r_00065_waggle_annotations.csv,E:\2026Trackathon\James\mp4\20250128\00065.mp4,-0.860926528214316,0.508729312126641,239.420773127511,169.49148992241,69.9292832051013,148.22148992241,169.49148992241,1.06872669123619,10,ok,20250128/28_calibration_00062.csv,20250128/28_calibration_00062.csv,28_calibration_00062,20250128/28_calibration_00062.csv,,,,,,,,1111,767,"(1111, 767)",18,,,-21.27
tilted,tilted_20250128,tilted_20250128__95r__95r_00065,95r_00065,95r,20250128,18:07:00,10_deg,direct_compass,2,95r_00065_waggle_annotations.csv,E:\2026Trackathon\James\mp4\20250128\00065.mp4,-0.817806419300767,0.575493406174614,234.865806943084,169.49148992241,65.3743170206747,148.22148992241,169.49148992241,1.06872669123619,10,ok,20250128/28_calibration_00062.csv,20250128/28_calibration_00062.csv,28_calibration_00062,20250128/28_calibration_00062.csv,,,,,,,,1124,782,"(1124, 782)",64,,,-21.27
tilted,tilted_20250128,tilted_20250128__95r__95r_00065,95r_00065,95r,20250128,18:07:00,10_deg,direct_compass,3,95r_00065_waggle_annotations.csv,E:\2026Trackathon\James\mp4\20250128\00065.mp4,-0.723355544143572,0.690475746682501,226.33221985387,169.49148992241,56.84072993146,148.22148992241,169.49148992241,1.06872669123619,10,ok,20250128/28_calibration_00062.csv,20250128/28_calibration_00062.csv,28_calibration_00062,20250128/28_calibration_00062.csv,,,,,,,,1142,787,"(1142, 787)",121,,,-21.27
tilted,tilted_20250128,tilted_20250128__95r__95r_00065,95r_00065,95r,20250128,18:07:00,10_deg,direct_compass,4,95r_00065_waggle_annotations.csv,E:\2026Trackathon\James\mp4\20250128\00065.mp4,-0.991881664685851,0.127164315985365,262.694240466689,169.49148992241,93.2027505442795,148.22148992241,169.49148992241,1.06872669123619,10,ok,20250128/28_calibration_00062.csv,20250128/28_calibration_00062.csv,28_calibration_00062,20250128/28_calibration_00062.csv,,,,,,,,1113,801,"(1113, 801)",173,,,-21.27
tilted,tilted_20250128,tilted_20250128__95r__95r_00065,95r_00065,95r,20250128,18:07:00,10_deg,direct_compass,5,95r_00065_waggle_annotations.csv,E:\2026Trackathon\James\mp4\20250128\00065.mp4,-0.832050294337844,0.554700196225229,236.30993247402,169.49148992241,66.8184425516105,148.22148992241,169.49148992241,1.06872669123619,10,ok,20250128/28_calibration_00062.csv,20250128/28_calibration_00062.csv,28_calibration_00062,20250128/28_calibration_00062.csv,,,,,,,,1105,787,"(1105, 787)",367,,,-21.27
tilted,tilted_20250128,tilted_20250128__95r__95r_00065,95r_00065,95r,20250128,18:07:00,10_deg,direct_compass,6,95r_00065_waggle_annotations.csv,E:\2026Trackathon\James\mp4\20250128\00065.mp4,-0.991777866634025,0.127971337630197,262.647620640108,169.49148992241,93.1561307176979,148.22148992241,169.49148992241,1.06872669123619,10,ok,20250128/28_calibration_00062.csv,20250128/28_calibration_00062.csv,28_calibration_00062,20250128/28_calibration_00062.csv,,,,,,,,1113,794,"(1113, 794)",403,,,-21.27
tilted,tilted_20250128,tilted_20250128__95r__95r_00065,95r_00065,95r,20250128,18:07:00,10_deg,direct_compass,7,95r_00065_waggle_annotations.csv,E:\2026Trackathon\James\mp4\20250128\00065.mp4,-0.832050294337844,0.554700196225229,236.30993247402,169.49148992241,66.8184425516105,148.22148992241,169.49148992241,1.06872669123619,10,ok,20250128/28_calibration_00062.csv,20250128/28_calibration_00062.csv,28_calibration_00062,20250128/28_calibration_00062.csv,,,,,,,,1164,771,"(1164, 771)",526,,,-21.27
tilted,tilted_20250128,tilted_20250128__95r__95r_00065,95r_00065,95r,20250128,18:07:00,10_deg,direct_compass,8,95r_00065_waggle_annotations.csv,E:\2026Trackathon\James\mp4\20250128\00065.mp4,-0.944496796706159,0.328520624941273,250.820991974189,169.49148992241,81.3295020517796,148.22148992241,169.49148992241,1.06872669123619,10,ok,20250128/28_calibration_00062.csv,20250128/28_calibration_00062.csv,28_calibration_00062,20250128/28_calibration_00062.csv,,,,,,,,1142,729,"(1142, 729)",922,,,-21.27
tilted,tilted_20250128,tilted_20250128__95r__95r_00065,95r_00065,95r,20250128,18:07:00,10_deg,direct_compass,9,95r_00065_waggle_annotations.csv,E:\2026Trackathon\James\mp4\20250128\00065.mp4,-0.932004671541296,0.362446261154948,248.749494492867,169.49148992241,79.2580045704571,148.22148992241,169.49148992241,1.06872669123619,10,ok,20250128/28_calibration_00062.csv,20250128/28_calibration_00062.csv,28_calibration_00062,20250128/28_calibration_00062.csv,,,,,,,,1110,794,"(1110, 794)",1157,,,-21.27
tilted,tilted_20250128,tilted_20250128__95r__95r_00065,95r_00065,95r,20250128,18:07:00,10_deg,direct_compass,10,95r_00065_waggle_annotations.csv,E:\2026Trackathon\James\mp4\20250128\00065.mp4,-0.74740931868366,0.66436383882992,228.36646066343,169.49148992241,58.8749707410201,148.22148992241,169.49148992241,1.06872669123619,10,ok,20250128/28_calibration_00062.csv,20250128/28_calibration_00062.csv,28_calibration_00062,20250128/28_calibration_00062.csv,,,,,,,,1101,802,"(1101, 802)",1208,,,-21.27
tilted,tilted_20250128,tilted_20250128__95r__95r_00065,95r_00065,95r,20250128,18:07:00,10_deg,direct_compass,11,95r_00065_waggle_annotations.csv,E:\2026Trackathon\James\mp4\20250128\00065.mp4,-1,0,270,169.49148992241,100.50851007759,148.22148992241,169.49148992241,1.06872669123619,10,ok,20250128/28_calibration_00062.csv,20250128/28_calibration_00062.csv,28_calibration_00062,20250128/28_calibration_00062.csv,,,,,,,,1117,773,"(1117, 773)",1350,,,-21.27
tilted,tilted_20250128,tilted_20250128__95r__95r_00065,95r_00065,95r,20250128,18:07:00,10_deg,direct_compass,12,95r_00065_waggle_annotations.csv,E:\2026Trackathon\James\mp4\20250128\00065.mp4,-0.645942241466174,0.763386285369115,220.236358309274,169.49148992241,50.7448683868641,148.22148992241,169.49148992241,1.06872669123619,10,ok,20250128/28_calibration_00062.csv,20250128/28_calibration_00062.csv,28_calibration_00062,20250128/28_calibration_00062.csv,,,,,,,,1102,773,"(1102, 773)",1402,,,-21.27
tilted,tilted_20250128,tilted_20250128__95r__95r_00065,95r_00065,95r,20250128,18:07:00,10_deg,direct_compass,13,95r_00065_waggle_annotations.csv,E:\2026Trackathon\James\mp4\20250128\00065.mp4,-0.999133073092352,0.0416305447121813,267.614055969611,169.49148992241,98.1225660472015,148.22148992241,169.49148992241,1.06872669123619,10,ok,20250128/28_calibration_00062.csv,20250128/28_calibration_00062.csv,28_calibration_00062,20250128/28_calibration_00062.csv,,,,,,,,1103,782,"(1103, 782)",1449,,,-21.27
tilted,tilted_20250128,tilted_20250128__95r__95r_00065,95r_00065,95r,20250128,18:07:00,10_deg,direct_compass,14,95r_00065_waggle_annotations.csv,E:\2026Trackathon\James\mp4\20250128\00065.mp4,-0.287347885566345,0.957826285221151,196.699244233994,169.49148992241,27.2077543115839,148.22148992241,169.49148992241,1.06872669123619,10,ok,20250128/28_calibration_00062.csv,20250128/28_calibration_00062.csv,28_calibration_00062,20250128/28_calibration_00062.csv,,,,,,,,1097,791,"(1097, 791)",1495,,,-21.27
tilted,tilted_20250128,tilted_20250128__95r__95r_00065,95r_00065,95r,20250128,18:07:00,10_deg,direct_compass,15,95r_00065_waggle_annotations.csv,E:\2026Trackathon\James\mp4\20250128\00065.mp4,-0.998868137724438,0.0475651494154494,267.273689006094,169.49148992241,97.782199083684,148.22148992241,169.49148992241,1.06872669123619,10,ok,20250128/28_calibration_00062.csv,20250128/28_calibration_00062.csv,28_calibration_00062,20250128/28_calibration_00062.csv,,,,,,,,1091,794,"(1091, 794)",1544,,,-21.27
tilted,tilted_20250128,tilted_20250128__95r__95r_00065,95r_00065,95r,20250128,18:07:00,10_deg,direct_compass,16,95r_00065_waggle_annotations.csv,E:\2026Trackathon\James\mp4\20250128\00065.mp4,-0.763386285369115,0.645942241466174,229.763641690726,169.49148992241,60.2721517683165,148.22148992241,169.49148992241,1.06872669123619,10,ok,20250128/28_calibration_00062.csv,20250128/28_calibration_00062.csv,28_calibration_00062,20250128/28_calibration_00062.csv,,,,,,,,1064,798,"(1064, 798)",1594,,,-21.27
tilted,tilted_20250128,tilted_20250128__95r__95r_00065,95r_00065,95r,20250128,18:07:00,10_deg,direct_compass,17,95r_00065_waggle_annotations.csv,E:\2026Trackathon\James\mp4\20250128\00065.mp4,-0.941194670761708,0.337864753606767,250.253163394574,169.49148992241,80.7616734721642,148.22148992241,169.49148992241,1.06872669123619,10,ok,20250128/28_calibration_00062.csv,20250128/28_calibration_00062.csv,28_calibration_00062,20250128/28_calibration_00062.csv,,,,,,,,1081,787,"(1081, 787)",1644,,,-21.27
tilted,tilted_20250128,tilted_20250128__95r__95r_00065,95r_00065,95r,20250128,18:07:00,10_deg,direct_compass,18,95r_00065_waggle_annotations.csv,E:\2026Trackathon\James\mp4\20250128\00065.mp4,-0.242535625036333,0.970142500145332,194.036243467926,169.49148992241,24.5447535455168,148.22148992241,169.49148992241,1.06872669123619,10,ok,20250128/28_calibration_00062.csv,20250128/28_calibration_00062.csv,28_calibration_00062,20250128/28_calibration_00062.csv,,,,,,,,1100,797,"(1100, 797)",1707,,,-21.27
tilted,tilted_20250128,tilted_20250128__95r__95r_00065,95r_00065,95r,20250128,18:07:00,10_deg,direct_compass,19,95r_00065_waggle_annotations.csv,E:\2026Trackathon\James\mp4\20250128\00065.mp4,-0.913811548620257,0.406138466053448,246.037511025422,169.49148992241,76.5460211030121,148.22148992241,169.49148992241,1.06872669123619,10,ok,20250128/28_calibration_00062.csv,20250128/28_calibration_00062.csv,28_calibration_00062,20250128/28_calibration_00062.csv,,,,,,,,1147,788,"(1147, 788)",1762,,,-21.27
tilted,tilted_20250128,tilted_20250128__95r__95r_00065,95r_00065,95r,20250128,18:07:00,10_deg,direct_compass,20,95r_00065_waggle_annotations.csv,E:\2026Trackathon\James\mp4\20250128\00065.mp4,-0.977414165439867,0.211332792527539,257.799531272619,169.49148992241,88.3080413502095,148.22148992241,169.49148992241,1.06872669123619,10,ok,20250128/28_calibration_00062.csv,20250128/28_calibration_00062.csv,28_calibration_00062,20250128/28_calibration_00062.csv,,,,,,,,1103,775,"(1103, 775)",1880,,,-21.27
tilted,tilted_20250128,tilted_20250128__95r__95r_00065,95r_00065,95r,20250128,18:07:00,10_deg,direct_compass,21,95r_00065_waggle_annotations.csv,E:\2026Trackathon\James\mp4\20250128\00065.mp4,-0.948683298050514,0.316227766016838,251.565051177078,169.49148992241,82.0735612546683,148.22148992241,169.49148992241,1.06872669123619,10,ok,20250128/28_calibration_00062.csv,20250128/28_calibration_00062.csv,28_calibration_00062,20250128/28_calibration_00062.csv,,,,,,,,1137,776,"(1137, 776)",1957,,,-21.27
tilted,tilted_20250128,tilted_20250128__95r__95r_00065,95r_00065,95r,20250128,18:07:00,10_deg,direct_compass,22,95r_00065_waggle_annotations.csv,E:\2026Trackathon\James\mp4\20250128\00065.mp4,-0.56333682464151,0.826227342807548,214.286876977209,169.49148992241,44.7953870547993,148.22148992241,169.49148992241,1.06872669123619,10,ok,20250128/28_calibration_00062.csv,20250128/28_calibration_00062.csv,28_calibration_00062,20250128/28_calibration_00062.csv,,,,,,,,1125,769,"(1125, 769)",2008,,,-21.27
tilted,tilted_20250128,tilted_20250128__95r__95r_00065,95r_00065,95r,20250128,18:07:00,10_deg,direct_compass,23,95r_00065_waggle_annotations.csv,E:\2026Trackathon\James\mp4\20250128\00065.mp4,-0.876812408671319,0.480832611206852,241.260204708312,169.49148992241,71.7687147859023,148.22148992241,169.49148992241,1.06872669123619,10,ok,20250128/28_calibration_00062.csv,20250128/28_calibration_00062.csv,28_calibration_00062,20250128/28_calibration_00062.csv,,,,,,,,1077,782,"(1077, 782)",2069,,,-21.27
tilted,tilted_20250128,tilted_20250128__95r__95r_00065,95r_00065,95r,20250128,18:07:00,10_deg,direct_compass,24,95r_00065_waggle_annotations.csv,E:\2026Trackathon\James\mp4\20250128\00065.mp4,-0.813733471206735,0.581238193719097,234.462322208026,169.49148992241,64.9708322856159,148.22148992241,169.49148992241,1.06872669123619,10,ok,20250128/28_calibration_00062.csv,20250128/28_calibration_00062.csv,28_calibration_00062,20250128/28_calibration_00062.csv,,,,,,,,1072,789,"(1072, 789)",2118,,,-21.27
tilted,tilted_20250128,tilted_20250128__95r__95r_00067,95r_00067,95r,20250128,18:12:00,10_deg,direct_compass,1,95r_00067_waggle_annotations.csv,E:\2026Trackathon\James\mp4\20250128\00067.mp4,-0.888217643155949,0.459422918873767,242.65012421993,169.49148992241,73.1586342975204,148.22148992241,169.49148992241,1.06872669123619,10,ok,20250128/28_calibration_00062.csv,20250128/28_calibration_00062.csv,28_calibration_00062,20250128/28_calibration_00062.csv,,,,,,,,1223,754,"(1223, 754)",28,,,-21.27
tilted,tilted_20250128,tilted_20250128__95r__95r_00067,95r_00067,95r,20250128,18:12:00,10_deg,direct_compass,2,95r_00067_waggle_annotations.csv,E:\2026Trackathon\James\mp4\20250128\00067.mp4,-0.996037705314462,0.0889319379745055,264.897834747642,169.49148992241,95.4063448252321,148.22148992241,169.49148992241,1.06872669123619,10,ok,20250128/28_calibration_00062.csv,20250128/28_calibration_00062.csv,28_calibration_00062,20250128/28_calibration_00062.csv,,,,,,,,1250,748,"(1250, 748)",76,,,-21.27
tilted,tilted_20250128,tilted_20250128__95r__95r_00067,95r_00067,95r,20250128,18:12:00,10_deg,direct_compass,3,95r_00067_waggle_annotations.csv,E:\2026Trackathon\James\mp4\20250128\00067.mp4,-0.952925780013262,0.303203657276947,252.34987578007,169.49148992241,82.8583858576602,148.22148992241,169.49148992241,1.06872669123619,10,ok,20250128/28_calibration_00062.csv,20250128/28_calibration_00062.csv,28_calibration_00062,20250128/28_calibration_00062.csv,,,,,,,,1214,720,"(1214, 720)",134,,,-21.27
tilted,tilted_20250128,tilted_20250128__95r__95r_00067,95r_00067,95r,20250128,18:12:00,10_deg,direct_compass,4,95r_00067_waggle_annotations.csv,E:\2026Trackathon\James\mp4\20250128\00067.mp4,-0.991881664685851,-0.127164315985365,277.305759533311,169.49148992241,107.814269610901,148.22148992241,169.49148992241,1.06872669123619,10,ok,20250128/28_calibration_00062.csv,20250128/28_calibration_00062.csv,28_calibration_00062,20250128/28_calibration_00062.csv,,,,,,,,1192,711,"(1192, 711)",184,,,-21.27
tilted,tilted_20250128,tilted_20250128__95r__95r_00067,95r_00067,95r,20250128,18:12:00,10_deg,direct_compass,5,95r_00067_waggle_annotations.csv,E:\2026Trackathon\James\mp4\20250128\00067.mp4,-0.878853431665694,0.477091862904234,241.504361381755,169.49148992241,72.0128714593453,148.22148992241,169.49148992241,1.06872669123619,10,ok,20250128/28_calibration_00062.csv,20250128/28_calibration_00062.csv,28_calibration_00062,20250128/28_calibration_00062.csv,,,,,,,,1180,745,"(1180, 745)",237,,,-21.27
tilted,tilted_20250128,tilted_20250128__95r__95r_00067,95r_00067,95r,20250128,18:12:00,10_deg,direct_compass,6,95r_00067_waggle_annotations.csv,E:\2026Trackathon\James\mp4\20250128\00067.mp4,-0.999133073092352,0.0416305447121813,267.614055969611,169.49148992241,98.1225660472015,148.22148992241,169.49148992241,1.06872669123619,10,ok,20250128/28_calibration_00062.csv,20250128/28_calibration_00062.csv,28_calibration_00062,20250128/28_calibration_00062.csv,,,,,,,,1185,769,"(1185, 769)",280,,,-21.27
tilted,tilted_20250128,tilted_20250128__95r__95r_00067,95r_00067,95r,20250128,18:12:00,10_deg,direct_compass,7,95r_00067_waggle_annotations.csv,E:\2026Trackathon\James\mp4\20250128\00067.mp4,-0.95087143148672,0.309586047460793,251.96571443287,169.49148992241,82.4742245104604,148.22148992241,169.49148992241,1.06872669123619,10,ok,20250128/28_calibration_00062.csv,20250128/28_calibration_00062.csv,28_calibration_00062,20250128/28_calibration_00062.csv,,,,,,,,1141,739,"(1141, 739)",334,,,-21.27
tilted,tilted_20250128,tilted_20250128__95r__95r_00067,95r_00067,95r,20250128,18:12:00,10_deg,direct_compass,8,95r_00067_waggle_annotations.csv,E:\2026Trackathon\James\mp4\20250128\00067.mp4,-0.942627225161207,0.333847142244594,250.497551493338,169.49148992241,81.0060615709281,148.22148992241,169.49148992241,1.06872669123619,10,ok,20250128/28_calibration_00062.csv,20250128/28_calibration_00062.csv,28_calibration_00062,20250128/28_calibration_00062.csv,,,,,,,,1174,740,"(1174, 740)",391,,,-21.27
tilted,tilted_20250128,tilted_20250128__95r__95r_00067,95r_00067,95r,20250128,18:12:00,10_deg,direct_compass,9,95r_00067_waggle_annotations.csv,E:\2026Trackathon\James\mp4\20250128\00067.mp4,-0.911586756889032,0.411107753106818,245.725558865561,169.49148992241,76.2340689431509,148.22148992241,169.49148992241,1.06872669123619,10,ok,20250128/28_calibration_00062.csv,20250128/28_calibration_00062.csv,28_calibration_00062,20250128/28_calibration_00062.csv,,,,,,,,1197,765,"(1197, 765)",458,,,-21.27
tilted,tilted_20250128,tilted_20250128__95r__95r_00067,95r_00067,95r,20250128,18:12:00,10_deg,direct_compass,10,95r_00067_waggle_annotations.csv,E:\2026Trackathon\James\mp4\20250128\00067.mp4,-0.936329177569045,0.351123441588392,249.443954780417,169.49148992241,79.9524648580068,148.22148992241,169.49148992241,1.06872669123619,10,ok,20250128/28_calibration_00062.csv,20250128/28_calibration_00062.csv,28_calibration_00062,20250128/28_calibration_00062.csv,,,,,,,,1243,787,"(1243, 787)",506,,,-21.27
tilted,tilted_20250128,tilted_20250128__95r__95r_00067,95r_00067,95r,20250128,18:12:00,10_deg,direct_compass,11,95r_00067_waggle_annotations.csv,E:\2026Trackathon\James\mp4\20250128\00067.mp4,-0.835705479701274,0.549177886660837,236.689369175439,169.49148992241,67.1978792530295,148.22148992241,169.49148992241,1.06872669123619,10,ok,20250128/28_calibration_00062.csv,20250128/28_calibration_00062.csv,28_calibration_00062,20250128/28_calibration_00062.csv,,,,,,,,1235,751,"(1235, 751)",560,,,-21.27
tilted,tilted_20250128,tilted_20250128__95r__95r_00067,95r_00067,95r,20250128,18:12:00,10_deg,direct_compass,12,95r_00067_waggle_annotations.csv,E:\2026Trackathon\James\mp4\20250128\00067.mp4,-0.687744647910783,0.725952683905827,223.451842301022,169.49148992241,53.9603523786123,148.22148992241,169.49148992241,1.06872669123619,10,ok,20250128/28_calibration_00062.csv,20250128/28_calibration_00062.csv,28_calibration_00062,20250128/28_calibration_00062.csv,,,,,,,,1158,772,"(1158, 772)",608,,,-21.27
tilted,tilted_20250128,tilted_20250128__95r__95r_00067,95r_00067,95r,20250128,18:12:00,10_deg,direct_compass,13,95r_00067_waggle_annotations.csv,E:\2026Trackathon\James\mp4\20250128\00067.mp4,-0.832050294337844,0.554700196225229,236.30993247402,169.49148992241,66.8184425516105,148.22148992241,169.49148992241,1.06872669123619,10,ok,20250128/28_calibration_00062.csv,20250128/28_calibration_00062.csv,28_calibration_00062,20250128/28_calibration_00062.csv,,,,,,,,1158,763,"(1158, 763)",710,,,-21.27
tilted,tilted_20250128,tilted_20250128__95r__95r_00067,95r_00067,95r,20250128,18:12:00,10_deg,direct_compass,14,95r_00067_waggle_annotations.csv,E:\2026Trackathon\James\mp4\20250128\00067.mp4,-0.809942121543021,0.586509812151843,234.090276920822,169.49148992241,64.5987869984126,148.22148992241,169.49148992241,1.06872669123619,10,ok,20250128/28_calibration_00062.csv,20250128/28_calibration_00062.csv,28_calibration_00062,20250128/28_calibration_00062.csv,,,,,,,,1156,779,"(1156, 779)",770,,,-21.27
tilted,tilted_20250128,tilted_20250128__95r__95r_00067,95r_00067,95r,20250128,18:12:00,10_deg,direct_compass,15,95r_00067_waggle_annotations.csv,E:\2026Trackathon\James\mp4\20250128\00067.mp4,-0.820398166769987,0.571792661688173,235.124671655398,169.49148992241,65.6331817329881,148.22148992241,169.49148992241,1.06872669123619,10,ok,20250128/28_calibration_00062.csv,20250128/28_calibration_00062.csv,28_calibration_00062,20250128/28_calibration_00062.csv,,,,,,,,1156,781,"(1156, 781)",816,,,-21.27
tilted,tilted_20250128,tilted_20250128__95r__95r_00067,95r_00067,95r,20250128,18:12:00,10_deg,direct_compass,16,95r_00067_waggle_annotations.csv,E:\2026Trackathon\James\mp4\20250128\00067.mp4,-0.734803444627488,0.678280102733066,227.290610042639,169.49148992241,57.7991201202288,148.22148992241,169.49148992241,1.06872669123619,10,ok,20250128/28_calibration_00062.csv,20250128/28_calibration_00062.csv,28_calibration_00062,20250128/28_calibration_00062.csv,,,,,,,,1152,773,"(1152, 773)",885,,,-21.27
