"recording_type","time","aperture","waggle_run","csv_file","direction_u","direction_v","true_north_video_deg","waggle_true_bearing_deg","calibration_quality_flag","start_x","start_y","notes","declination_deg","stimulus","video_file","day","ID_d","ID","utc_time","sast_time","sun_az","sun_el","feeder_az","angle","signed_angle","bearing","abs_feeder_angle_deg","feeder_angle"
"horizontal","",NA,1,"22b_00054_waggle_annotations.csv",-1,0,213.044435171668,56.9555648283318,"few_annotations",1476,735,"direct calibration",-21.27,"horizontal","20250119/00054.mp4",20250119,"22b_00054__20250119","22b",NA,NA,NA,NA,NA,0.994062133587468,56.9555648283318,56.9555648283318,NA,NA
"horizontal","",NA,2,"22b_00054_waggle_annotations.csv",-0.992645877550526,0.12105437531104,213.044435171668,50.0026073601579,"few_annotations",1265,804,"direct calibration",-21.27,"horizontal","20250119/00054.mp4",20250119,"22b_00054__20250119","22b",NA,NA,NA,NA,NA,0.872710133016705,50.0026073601579,50.0026073601579,NA,NA
"horizontal","",NA,3,"22b_00054_waggle_annotations.csv",-0.997880105965818,-0.0650791373455969,213.044435171668,60.6869618274922,"few_annotations",1235,793,"direct calibration",-21.27,"horizontal","20250119/00054.mp4",20250119,"22b_00054__20250119","22b",NA,NA,NA,NA,NA,1.05918729692185,60.6869618274922,60.6869618274922,NA,NA
"horizontal","",NA,4,"22b_00054_waggle_annotations.csv",-0.987440631916705,0.157990501106673,213.044435171668,47.8652879075095,"few_annotations",1203,802,"direct calibration",-21.27,"horizontal","20250119/00054.mp4",20250119,"22b_00054__20250119","22b",NA,NA,NA,NA,NA,0.835406871401067,47.8652879075095,47.8652879075095,NA,NA
"horizontal","",NA,5,"22b_00054_waggle_annotations.csv",-0.97439119569462,-0.224859506698758,213.044435171668,69.9501816202483,"few_annotations",1236,750,"direct calibration",-21.27,"horizontal","20250119/00054.mp4",20250119,"22b_00054__20250119","22b",NA,NA,NA,NA,NA,1.22086098164135,69.9501816202482,69.9501816202483,NA,NA
"horizontal","",NA,6,"22b_00054_waggle_annotations.csv",-0.992277876713668,-0.124034734589208,213.044435171668,64.0805811772336,"few_annotations",1219,755,"direct calibration",-21.27,"horizontal","20250119/00054.mp4",20250119,"22b_00054__20250119","22b",NA,NA,NA,NA,NA,1.11841712813423,64.0805811772336,64.0805811772336,NA,NA
"horizontal","",NA,7,"22b_00054_waggle_annotations.csv",-0.992277876713668,-0.124034734589208,213.044435171668,64.0805811772336,"few_annotations",1226,734,"direct calibration",-21.27,"horizontal","20250119/00054.mp4",20250119,"22b_00054__20250119","22b",NA,NA,NA,NA,NA,1.11841712813423,64.0805811772336,64.0805811772336,NA,NA
"horizontal","",NA,8,"22b_00054_waggle_annotations.csv",-0.992277876713668,0.124034734589208,213.044435171668,49.83054847943,"few_annotations",1201,709,"direct calibration",-21.27,"horizontal","20250119/00054.mp4",20250119,"22b_00054__20250119","22b",NA,NA,NA,NA,NA,0.869707139040707,49.83054847943,49.83054847943,NA,NA
"horizontal","",NA,9,"22b_00054_waggle_annotations.csv",-0.993883734673619,-0.110431526074847,213.044435171668,63.2957565742417,"few_annotations",1212,699,"direct calibration",-21.27,"horizontal","20250119/00054.mp4",20250119,"22b_00054__20250119","22b",NA,NA,NA,NA,NA,1.10471935476136,63.2957565742417,63.2957565742417,NA,NA
"horizontal","",NA,10,"22b_00054_waggle_annotations.csv",-0.999028234937562,-0.0440747750707748,213.044435171668,59.4816817399513,"few_annotations",1206,716,"direct calibration",-21.27,"horizontal","20250119/00054.mp4",20250119,"22b_00054__20250119","22b",NA,NA,NA,NA,NA,1.03815119098554,59.4816817399513,59.4816817399513,NA,NA
"horizontal","",NA,11,"22b_00054_waggle_annotations.csv",-0.999891886047579,-0.0147042924418762,213.044435171668,57.7980890890722,"few_annotations",1220,711,"direct calibration",-21.27,"horizontal","20250119/00054.mp4",20250119,"22b_00054__20250119","22b",NA,NA,NA,NA,NA,1.00876695596532,57.7980890890722,57.7980890890722,NA,NA
"horizontal","",NA,12,"22b_00054_waggle_annotations.csv",-0.996072640692686,-0.0885397902837944,213.044435171668,62.0351726883463,"few_annotations",1214,740,"direct calibration",-21.27,"horizontal","20250119/00054.mp4",20250119,"22b_00054__20250119","22b",NA,NA,NA,NA,NA,1.08271801545491,62.0351726883463,62.0351726883463,NA,NA
"horizontal","",NA,13,"22b_00054_waggle_annotations.csv",-0.99905615835506,-0.0434372242763069,213.044435171668,59.4451177503309,"few_annotations",1178,781,"direct calibration",-21.27,"horizontal","20250119/00054.mp4",20250119,"22b_00054__20250119","22b",NA,NA,NA,NA,NA,1.037513028979,59.4451177503309,59.4451177503309,NA,NA
"horizontal","",NA,14,"22b_00054_waggle_annotations.csv",-0.998687663476589,-0.0512147519731584,213.044435171668,59.8912382747529,"few_annotations",1082,802,"direct calibration",-21.27,"horizontal","20250119/00054.mp4",20250119,"22b_00054__20250119","22b",NA,NA,NA,NA,NA,1.04529930099089,59.8912382747529,59.8912382747529,NA,NA
"horizontal","",NA,15,"22b_00054_waggle_annotations.csv",-0.998646416445549,-0.0520128341898723,213.044435171668,59.937026048314,"few_annotations",1071,809,"direct calibration",-21.27,"horizontal","20250119/00054.mp4",20250119,"22b_00054__20250119","22b",NA,NA,NA,NA,NA,1.04609844839668,59.9370260483139,59.937026048314,NA,NA
"horizontal","",NA,16,"22b_00054_waggle_annotations.csv",-0.997458699830735,-0.0712470499879096,213.044435171668,61.0411816083067,"few_annotations",1054,816,"direct calibration",-21.27,"horizontal","20250119/00054.mp4",20250119,"22b_00054__20250119","22b",NA,NA,NA,NA,NA,1.06536959837276,61.0411816083067,61.0411816083067,NA,NA
"horizontal","",NA,1,"22b_00059_waggle_annotations.csv",-0.815507144735217,0.578747005941122,213.044435171668,21.5931029412627,"few_annotations",999,797,"direct calibration",-21.27,"horizontal","20250119/00059.mp4",20250119,"22b_00059__20250119","22b",NA,NA,NA,NA,NA,0.376870742047106,21.5931029412627,21.5931029412627,NA,NA
"horizontal","",NA,2,"22b_00059_waggle_annotations.csv",-0.99244848306821,0.12266217206461,213.044435171668,49.9097957034643,"few_annotations",1015,790,"direct calibration",-21.27,"horizontal","20250119/00059.mp4",20250119,"22b_00059__20250119","22b",NA,NA,NA,NA,NA,0.871090264023171,49.9097957034643,49.9097957034643,NA,NA
"horizontal","",NA,3,"22b_00059_waggle_annotations.csv",-1,0,213.044435171668,56.9555648283318,"few_annotations",948,765,"direct calibration",-21.27,"horizontal","20250119/00059.mp4",20250119,"22b_00059__20250119","22b",NA,NA,NA,NA,NA,0.994062133587468,56.9555648283318,56.9555648283318,NA,NA
"horizontal","",NA,4,"22b_00059_waggle_annotations.csv",-0.999791818463446,-0.0204039146625193,213.044435171668,58.1247041562392,"few_annotations",912,719,"direct calibration",-21.27,"horizontal","20250119/00059.mp4",20250119,"22b_00059__20250119","22b",NA,NA,NA,NA,NA,1.01446746427401,58.1247041562392,58.1247041562392,NA,NA
"horizontal","",NA,5,"22b_00059_waggle_annotations.csv",-0.983453188589073,0.181162429476935,213.044435171668,46.5180894772136,"few_annotations",939,723,"direct calibration",-21.27,"horizontal","20250119/00059.mp4",20250119,"22b_00059__20250119","22b",NA,NA,NA,NA,NA,0.811893823114704,46.5180894772136,46.5180894772136,NA,NA
"horizontal","",NA,6,"22b_00059_waggle_annotations.csv",-0.997575100836221,0.0695982628490387,213.044435171668,52.964651729902,"few_annotations",969,674,"direct calibration",-21.27,"horizontal","20250119/00059.mp4",20250119,"22b_00059__20250119","22b",NA,NA,NA,NA,NA,0.9244075598589,52.964651729902,52.964651729902,NA,NA
"horizontal","",NA,7,"22b_00059_waggle_annotations.csv",-0.999013806466209,0.0444006136207204,213.044435171668,54.4107604485187,"few_annotations",982,695,"direct calibration",-21.27,"horizontal","20250119/00059.mp4",20250119,"22b_00059__20250119","22b",NA,NA,NA,NA,NA,0.949646918340557,54.4107604485187,54.4107604485187,NA,NA
"horizontal","",NA,8,"22b_00059_waggle_annotations.csv",-0.999822048223522,-0.0188645669476136,213.044435171668,58.0364890149925,"few_annotations",961,698,"direct calibration",-21.27,"horizontal","20250119/00059.mp4",20250119,"22b_00059__20250119","22b",NA,NA,NA,NA,NA,1.01292781960914,58.0364890149925,58.0364890149925,NA,NA
"horizontal","",NA,9,"22b_00059_waggle_annotations.csv",-0.999512076087079,0.0312347523777212,213.044435171668,55.1656542200857,"few_annotations",948,691,"direct calibration",-21.27,"horizontal","20250119/00059.mp4",20250119,"22b_00059__20250119","22b",NA,NA,NA,NA,NA,0.9628223001572,55.1656542200857,55.1656542200857,NA,NA
"horizontal","",NA,10,"22b_00059_waggle_annotations.csv",-0.9998611400396,-0.0166643523339933,213.044435171668,57.910406082204,"few_annotations",997,637,"direct calibration",-21.27,"horizontal","20250119/00059.mp4",20250119,"22b_00059__20250119","22b",NA,NA,NA,NA,NA,1.01072725730141,57.910406082204,57.910406082204,NA,NA
"horizontal","",NA,11,"22b_00059_waggle_annotations.csv",-1,0,213.044435171668,56.9555648283318,"few_annotations",957,706,"direct calibration",-21.27,"horizontal","20250119/00059.mp4",20250119,"22b_00059__20250119","22b",NA,NA,NA,NA,NA,0.994062133587468,56.9555648283318,56.9555648283318,NA,NA
"horizontal","",NA,12,"22b_00059_waggle_annotations.csv",-0.999614420652718,-0.0277670672403533,213.044435171668,58.5467050995264,"few_annotations",960,715,"direct calibration",-21.27,"horizontal","20250119/00059.mp4",20250119,"22b_00059__20250119","22b",NA,NA,NA,NA,NA,1.02183277018089,58.5467050995264,58.5467050995264,NA,NA
"horizontal","",NA,13,"22b_00059_waggle_annotations.csv",-0.996898148653468,0.0787024854200107,213.044435171668,52.4415763703305,"few_annotations",940,702,"direct calibration",-21.27,"horizontal","20250119/00059.mp4",20250119,"22b_00059__20250119","22b",NA,NA,NA,NA,NA,0.915278172598324,52.4415763703305,52.4415763703305,NA,NA
"horizontal","",NA,14,"22b_00059_waggle_annotations.csv",-0.998371334423977,-0.0570497905385129,213.044435171668,60.2260527515153,"few_annotations",958,718,"direct calibration",-21.27,"horizontal","20250119/00059.mp4",20250119,"22b_00059__20250119","22b",NA,NA,NA,NA,NA,1.05114291599373,60.2260527515153,60.2260527515153,NA,NA
"horizontal","",NA,15,"22b_00059_waggle_annotations.csv",-0.999834751713323,-0.018178813667515,213.044435171668,57.9971915043417,"few_annotations",964,706,"direct calibration",-21.27,"horizontal","20250119/00059.mp4",20250119,"22b_00059__20250119","22b",NA,NA,NA,NA,NA,1.01224194866045,57.9971915043417,57.9971915043417,NA,NA
"horizontal","",NA,16,"22b_00059_waggle_annotations.csv",-0.962964019714182,0.269629925519971,213.044435171668,41.313318371123,"few_annotations",874,692,"direct calibration",-21.27,"horizontal","20250119/00059.mp4",20250119,"22b_00059__20250119","22b",NA,NA,NA,NA,NA,0.721053430500758,41.313318371123,41.313318371123,NA,NA
"horizontal","",NA,17,"22b_00059_waggle_annotations.csv",-1,0,213.044435171668,56.9555648283318,"few_annotations",939,705,"direct calibration",-21.27,"horizontal","20250119/00059.mp4",20250119,"22b_00059__20250119","22b",NA,NA,NA,NA,NA,0.994062133587468,56.9555648283318,56.9555648283318,NA,NA
"horizontal","",NA,18,"22b_00059_waggle_annotations.csv",-0.970142500145332,0.242535625036333,213.044435171668,42.9193213604053,"few_annotations",915,687,"direct calibration",-21.27,"horizontal","20250119/00059.mp4",20250119,"22b_00059__20250119","22b",NA,NA,NA,NA,NA,0.749083470460604,42.9193213604053,42.9193213604053,NA,NA
"horizontal","",NA,19,"22b_00059_waggle_annotations.csv",-0.986393923832144,-0.164398987305357,213.044435171668,66.4178870363574,"few_annotations",905,726,"direct calibration",-21.27,"horizontal","20250119/00059.mp4",20250119,"22b_00059__20250119","22b",NA,NA,NA,NA,NA,1.1592108110021,66.4178870363574,66.4178870363574,NA,NA
"horizontal","",NA,20,"22b_00059_waggle_annotations.csv",-0.997925308968458,-0.064382277997965,213.044435171668,60.6469508147831,"few_annotations",930,743,"direct calibration",-21.27,"horizontal","20250119/00059.mp4",20250119,"22b_00059__20250119","22b",NA,NA,NA,NA,NA,1.05848897301302,60.6469508147831,60.6469508147831,NA,NA
"horizontal","",NA,21,"22b_00059_waggle_annotations.csv",-0.995307161766705,-0.0967659740606518,213.044435171668,62.5085358613686,"few_annotations",936,732,"direct calibration",-21.27,"horizontal","20250119/00059.mp4",20250119,"22b_00059__20250119","22b",NA,NA,NA,NA,NA,1.09097976138183,62.5085358613686,62.5085358613686,NA,NA
"horizontal","",NA,22,"22b_00059_waggle_annotations.csv",-0.999339497946432,-0.036339618107143,213.044435171668,59.0381301080627,"few_annotations",906,711,"direct calibration",-21.27,"horizontal","20250119/00059.mp4",20250119,"22b_00059__20250119","22b",NA,NA,NA,NA,NA,1.03040975460649,59.0381301080627,59.0381301080627,NA,NA
"horizontal","",NA,23,"22b_00059_waggle_annotations.csv",-0.998052578482889,-0.0623782861551805,213.044435171668,60.5318992033291,"few_annotations",876,726,"direct calibration",-21.27,"horizontal","20250119/00059.mp4",20250119,"22b_00059__20250119","22b",NA,NA,NA,NA,NA,1.05648094358343,60.5318992033292,60.5318992033291,NA,NA
"horizontal","",NA,24,"22b_00059_waggle_annotations.csv",-0.999462943033229,-0.0327692768207616,213.044435171668,58.8334422756171,"few_annotations",884,718,"direct calibration",-21.27,"horizontal","20250119/00059.mp4",20250119,"22b_00059__20250119","22b",NA,NA,NA,NA,NA,1.02683727799154,58.8334422756171,58.8334422756171,NA,NA
"horizontal","",NA,25,"22b_00059_waggle_annotations.csv",-0.991600411186222,0.129339184067768,213.044435171668,49.5241568571593,"few_annotations",837,712,"direct calibration",-21.27,"horizontal","20250119/00059.mp4",20250119,"22b_00059__20250119","22b",NA,NA,NA,NA,NA,0.864359596431556,49.5241568571593,49.5241568571593,NA,NA
"horizontal","",NA,1,"60r_00053_waggle_annotations.csv",-0.98058067569092,0.196116135138184,213.044435171668,45.6456323543115,"few_annotations",707,748,"direct calibration",-21.27,"horizontal","20250119/00053_fixed.mp4",20250119,"60r_00053__20250119","60r",NA,NA,NA,NA,NA,0.796666573737587,45.6456323543115,45.6456323543115,NA,NA
"horizontal","",NA,2,"60r_00053_waggle_annotations.csv",-0.999261174631314,0.0384331221012044,213.044435171668,54.752966666566,"few_annotations",751,734,"direct calibration",-21.27,"horizontal","20250119/00053_fixed.mp4",20250119,"60r_00053__20250119","60r",NA,NA,NA,NA,NA,0.95561954356628,54.752966666566,54.752966666566,NA,NA
"horizontal","",NA,3,"60r_00053_waggle_annotations.csv",-0.999435546416609,0.0335944721484575,213.044435171668,55.0303811200086,"few_annotations",690,774,"direct calibration",-21.27,"horizontal","20250119/00053_fixed.mp4",20250119,"60r_00053__20250119","60r",NA,NA,NA,NA,NA,0.960461339171475,55.0303811200086,55.0303811200086,NA,NA
"horizontal","",NA,4,"60r_00053_waggle_annotations.csv",-0.997458699830735,0.0712470499879096,213.044435171668,52.8699480483569,"few_annotations",596,810,"direct calibration",-21.27,"horizontal","20250119/00053_fixed.mp4",20250119,"60r_00053__20250119","60r",NA,NA,NA,NA,NA,0.922754668802178,52.8699480483569,52.8699480483569,NA,NA
"horizontal","",NA,5,"60r_00053_waggle_annotations.csv",-0.998111869922868,-0.0614222689183304,213.044435171668,60.477018205254,"few_annotations",621,790,"direct calibration",-21.27,"horizontal","20250119/00053_fixed.mp4",20250119,"60r_00053__20250119","60r",NA,NA,NA,NA,NA,1.05552308947023,60.477018205254,60.477018205254,NA,NA
"horizontal","",NA,6,"60r_00053_waggle_annotations.csv",-0.894427190999916,0.447213595499958,213.044435171668,30.3905136512538,"few_annotations",558,803,"direct calibration",-21.27,"horizontal","20250119/00053_fixed.mp4",20250119,"60r_00053__20250119","60r",NA,NA,NA,NA,NA,0.530414524586662,30.3905136512538,30.3905136512538,NA,NA
"horizontal","",NA,1,"62b_00051_waggle_annotations.csv",-1,0,213.044435171668,56.9555648283318,"few_annotations",979,666,"direct calibration",-21.27,"horizontal","20250119/00051.mp4",20250119,"62b_00051__20250119","62b",NA,NA,NA,NA,NA,0.994062133587468,56.9555648283318,56.9555648283318,NA,NA
"horizontal","",NA,2,"62b_00051_waggle_annotations.csv",-0.998052578482889,-0.0623782861551805,213.044435171668,60.5318992033291,"few_annotations",878,684,"direct calibration",-21.27,"horizontal","20250119/00051.mp4",20250119,"62b_00051__20250119","62b",NA,NA,NA,NA,NA,1.05648094358343,60.5318992033292,60.5318992033291,NA,NA
"horizontal","",NA,3,"62b_00051_waggle_annotations.csv",-0.997128264651523,-0.0757312606064448,213.044435171668,61.2988047800212,"few_annotations",909,739,"direct calibration",-21.27,"horizontal","20250119/00051.mp4",20250119,"62b_00051__20250119","62b",NA,NA,NA,NA,NA,1.06986597094861,61.2988047800212,61.2988047800212,NA,NA
"horizontal","",NA,4,"62b_00051_waggle_annotations.csv",-1,0,213.044435171668,56.9555648283318,"few_annotations",941,642,"direct calibration",-21.27,"horizontal","20250119/00051.mp4",20250119,"62b_00051__20250119","62b",NA,NA,NA,NA,NA,0.994062133587468,56.9555648283318,56.9555648283318,NA,NA
"horizontal","",NA,5,"62b_00051_waggle_annotations.csv",-0.998752338877845,-0.0499376169438922,213.044435171668,59.8179700544435,"few_annotations",957,686,"direct calibration",-21.27,"horizontal","20250119/00051.mp4",20250119,"62b_00051__20250119","62b",NA,NA,NA,NA,NA,1.04402052930941,59.8179700544435,59.8179700544435,NA,NA
"horizontal","",NA,6,"62b_00051_waggle_annotations.csv",-0.946349856067995,-0.32314385329151,213.044435171668,75.8087235927509,"few_annotations",1010,632,"direct calibration",-21.27,"horizontal","20250119/00051.mp4",20250119,"62b_00051__20250119","62b",NA,NA,NA,NA,NA,1.32311182842781,75.8087235927509,75.8087235927509,NA,NA
"horizontal","",NA,7,"62b_00051_waggle_annotations.csv",-0.998588327594573,-0.0531164004039666,213.044435171668,60.0003432725258,"few_annotations",1006,621,"direct calibration",-21.27,"horizontal","20250119/00051.mp4",20250119,"62b_00051__20250119","62b",NA,NA,NA,NA,NA,1.0472035424324,60.0003432725258,60.0003432725258,NA,NA
"horizontal","",NA,8,"62b_00051_waggle_annotations.csv",-0.998204845465779,0.0598922907279467,213.044435171668,53.5219344658813,"few_annotations",1069,500,"direct calibration",-21.27,"horizontal","20250119/00051.mp4",20250119,"62b_00051__20250119","62b",NA,NA,NA,NA,NA,0.934133978466261,53.5219344658813,53.5219344658813,NA,NA
"horizontal","",NA,9,"62b_00051_waggle_annotations.csv",-0.999881677808259,-0.015382795043204,213.044435171668,57.8369688249139,"few_annotations",1120,528,"direct calibration",-21.27,"horizontal","20250119/00051.mp4",20250119,"62b_00051__20250119","62b",NA,NA,NA,NA,NA,1.00944553536806,57.8369688249139,57.8369688249139,NA,NA
"horizontal","",NA,10,"62b_00051_waggle_annotations.csv",-1,0,213.044435171668,56.9555648283318,"few_annotations",1103,506,"direct calibration",-21.27,"horizontal","20250119/00051.mp4",20250119,"62b_00051__20250119","62b",NA,NA,NA,NA,NA,0.994062133587468,56.9555648283318,56.9555648283318,NA,NA
"horizontal","",NA,11,"62b_00051_waggle_annotations.csv",-0.998168496631191,-0.0604950604018904,213.044435171668,60.423794087249,"few_annotations",1153,566,"direct calibration",-21.27,"horizontal","20250119/00051.mp4",20250119,"62b_00051__20250119","62b",NA,NA,NA,NA,NA,1.05459415336958,60.423794087249,60.423794087249,NA,NA
"horizontal","",NA,12,"62b_00051_waggle_annotations.csv",-0.987762965329069,-0.155962573473011,213.044435171668,65.9281914432282,"few_annotations",1143,549,"direct calibration",-21.27,"horizontal","20250119/00051.mp4",20250119,"62b_00051__20250119","62b",NA,NA,NA,NA,NA,1.15066401056948,65.9281914432282,65.9281914432282,NA,NA
"horizontal","",NA,13,"62b_00051_waggle_annotations.csv",-0.987440631916705,-0.157990501106673,213.044435171668,66.0458417491541,"few_annotations",1126,545,"direct calibration",-21.27,"horizontal","20250119/00051.mp4",20250119,"62b_00051__20250119","62b",NA,NA,NA,NA,NA,1.15271739577387,66.0458417491541,66.0458417491541,NA,NA
"horizontal","",NA,14,"62b_00051_waggle_annotations.csv",-0.997925308968458,-0.064382277997965,213.044435171668,60.6469508147831,"few_annotations",1166,526,"direct calibration",-21.27,"horizontal","20250119/00051.mp4",20250119,"62b_00051__20250119","62b",NA,NA,NA,NA,NA,1.05848897301302,60.6469508147831,60.6469508147831,NA,NA
"horizontal","",NA,15,"62b_00051_waggle_annotations.csv",-0.996240588195683,-0.086629616364842,213.044435171668,61.9253055564421,"few_annotations",1161,540,"direct calibration",-21.27,"horizontal","20250119/00051.mp4",20250119,"62b_00051__20250119","62b",NA,NA,NA,NA,NA,1.08080047226345,61.9253055564421,61.9253055564421,NA,NA
"horizontal","",NA,16,"62b_00051_waggle_annotations.csv",-1,0,213.044435171668,56.9555648283318,"few_annotations",1122,488,"direct calibration",-21.27,"horizontal","20250119/00051.mp4",20250119,"62b_00051__20250119","62b",NA,NA,NA,NA,NA,0.994062133587468,56.9555648283318,56.9555648283318,NA,NA
"horizontal","",NA,1,"62b_00063_waggle_annotations.csv",-0.999815140029847,-0.0192272142313432,213.044435171668,58.0572709435381,"few_annotations",939,701,"direct calibration",-21.27,"horizontal","20250119/00063.mp4",20250119,"62b_00063__20250119","62b",NA,NA,NA,NA,NA,1.01329053268718,58.0572709435381,58.0572709435381,NA,NA
"horizontal","",NA,2,"62b_00063_waggle_annotations.csv",-0.998936609848685,-0.0461047666084009,213.044435171668,59.5981101223965,"few_annotations",922,730,"direct calibration",-21.27,"horizontal","20250119/00063.mp4",20250119,"62b_00063__20250119","62b",NA,NA,NA,NA,NA,1.04018324960198,59.5981101223965,59.5981101223965,NA,NA
"horizontal","",NA,3,"62b_00063_waggle_annotations.csv",-0.999457029913818,-0.0329491328543017,213.044435171668,58.8437528350727,"few_annotations",960,736,"direct calibration",-21.27,"horizontal","20250119/00063.mp4",20250119,"62b_00063__20250119","62b",NA,NA,NA,NA,NA,1.02701723120177,58.8437528350727,58.8437528350727,NA,NA
"horizontal","",NA,4,"62b_00063_waggle_annotations.csv",0.967117870755288,0.254328575008311,213.044435171668,251.689368547283,"few_annotations",1053,760,"direct calibration",-21.27,"horizontal","20250119/00063.mp4",20250119,"62b_00063__20250119","62b",NA,NA,NA,NA,NA,-1.89037713376405,-108.310631452717,251.689368547283,NA,NA
"horizontal","",NA,5,"62b_00063_waggle_annotations.csv",-0.999783056728112,0.0208288136818357,213.044435171668,55.7620754043497,"few_annotations",1021,768,"direct calibration",-21.27,"horizontal","20250119/00063.mp4",20250119,"62b_00063__20250119","62b",NA,NA,NA,NA,NA,0.973231813551251,55.7620754043497,55.7620754043497,NA,NA
"horizontal","",NA,6,"62b_00063_waggle_annotations.csv",0.984680125739472,-0.174370438933031,213.044435171668,226.913541192802,"few_annotations",1007,814,"direct calibration",-21.27,"horizontal","20250119/00063.mp4",20250119,"62b_00063__20250119","62b",NA,NA,NA,NA,NA,-2.32279689600541,-133.086458807198,226.913541192802,NA,NA
"horizontal","",NA,7,"62b_00063_waggle_annotations.csv",0.999708405496772,-0.0241475460264921,213.044435171668,235.571877860963,"few_annotations",1084,658,"direct calibration",-21.27,"horizontal","20250119/00063.mp4",20250119,"62b_00063__20250119","62b",NA,NA,NA,NA,NA,-2.17168041339984,-124.428122139037,235.571877860963,NA,NA
"horizontal","",NA,1,"73b_00056_waggle_annotations.csv",-0.991881664685851,0.127164315985365,213.044435171668,49.6498052950209,"few_annotations",940,824,"direct calibration",-21.27,"horizontal","20250119/00056.mp4",20250119,"73b_00056__20250119","73b",NA,NA,NA,NA,NA,0.86655257537223,49.6498052950209,49.6498052950209,NA,NA
"horizontal","",NA,2,"73b_00056_waggle_annotations.csv",-0.995274633925616,0.097099964285426,213.044435171668,51.3833670243679,"few_annotations",980,831,"direct calibration",-21.27,"horizontal","20250119/00056.mp4",20250119,"73b_00056__20250119","73b",NA,NA,NA,NA,NA,0.896808935335902,51.3833670243679,51.3833670243679,NA,NA
"horizontal","",NA,3,"73b_00056_waggle_annotations.csv",0.99908289581767,-0.0428178383921858,213.044435171668,234.501533153805,"few_annotations",987,799,"direct calibration",-21.27,"horizontal","20250119/00056.mp4",20250119,"73b_00056__20250119","73b",NA,NA,NA,NA,NA,-2.19036145267105,-125.498466846195,234.501533153805,NA,NA
"horizontal","",NA,4,"73b_00056_waggle_annotations.csv",-0.994309153919809,0.106533123634265,213.044435171668,50.8400612620464,"few_annotations",990,787,"direct calibration",-21.27,"horizontal","20250119/00056.mp4",20250119,"73b_00056__20250119","73b",NA,NA,NA,NA,NA,0.887326460938333,50.8400612620464,50.8400612620464,NA,NA
"horizontal","",NA,5,"73b_00056_waggle_annotations.csv",-0.961523947640823,0.274721127897378,213.044435171668,41.0101689274089,"few_annotations",953,825,"direct calibration",-21.27,"horizontal","20250119/00056.mp4",20250119,"73b_00056__20250119","73b",NA,NA,NA,NA,NA,0.715762474582357,41.0101689274089,41.0101689274089,NA,NA
"horizontal","",NA,6,"73b_00056_waggle_annotations.csv",-0.999200958721789,-0.0399680383488716,213.044435171668,59.2461748709703,"few_annotations",975,806,"direct calibration",-21.27,"horizontal","20250119/00056.mp4",20250119,"73b_00056__20250119","73b",NA,NA,NA,NA,NA,1.03404082071076,59.2461748709703,59.2461748709703,NA,NA
"horizontal","",NA,7,"73b_00056_waggle_annotations.csv",-1,0,213.044435171668,56.9555648283318,"few_annotations",980,836,"direct calibration",-21.27,"horizontal","20250119/00056.mp4",20250119,"73b_00056__20250119","73b",NA,NA,NA,NA,NA,0.994062133587468,56.9555648283318,56.9555648283318,NA,NA
"horizontal","",NA,8,"73b_00056_waggle_annotations.csv",-0.998339941675609,0.0575965350966697,213.044435171668,53.6536991538968,"few_annotations",958,835,"direct calibration",-21.27,"horizontal","20250119/00056.mp4",20250119,"73b_00056__20250119","73b",NA,NA,NA,NA,NA,0.936433706109994,53.6536991538968,53.6536991538968,NA,NA
"horizontal","",NA,9,"73b_00056_waggle_annotations.csv",-0.997054485501582,-0.076696498884737,213.044435171668,61.3542701833273,"few_annotations",989,792,"direct calibration",-21.27,"horizontal","20250119/00056.mp4",20250119,"73b_00056__20250119","73b",NA,NA,NA,NA,NA,1.07083402485725,61.3542701833273,61.3542701833273,NA,NA
"horizontal","",NA,10,"73b_00056_waggle_annotations.csv",-0.846232840089751,0.532813269686139,213.044435171668,24.7598308936185,"few_annotations",890,811,"direct calibration",-21.27,"horizontal","20250119/00056.mp4",20250119,"73b_00056__20250119","73b",NA,NA,NA,NA,NA,0.432140571330653,24.7598308936185,24.7598308936185,NA,NA
"horizontal","",NA,11,"73b_00056_waggle_annotations.csv",-0.996684615822608,0.0813620094549068,213.044435171668,52.2887064568928,"few_annotations",912,790,"direct calibration",-21.27,"horizontal","20250119/00056.mp4",20250119,"73b_00056__20250119","73b",NA,NA,NA,NA,NA,0.912610089281597,52.2887064568928,52.2887064568928,NA,NA
"horizontal","",NA,1,"73b_00058_waggle_annotations.csv",0.985795457601304,-0.167950337220963,213.044435171668,227.286896167248,"few_annotations",886,790,"direct calibration",-21.27,"horizontal","20250119/00058.mp4",20250119,"73b_00058__20250119","73b",NA,NA,NA,NA,NA,-2.31628062242263,-132.713103832752,227.286896167248,NA,NA
"horizontal","",NA,2,"73b_00058_waggle_annotations.csv",-0.967230965379434,0.253898128412101,213.044435171668,42.247260928649,"few_annotations",903,772,"direct calibration",-21.27,"horizontal","20250119/00058.mp4",20250119,"73b_00058__20250119","73b",NA,NA,NA,NA,NA,0.737353803154083,42.247260928649,42.247260928649,NA,NA
"horizontal","",NA,3,"73b_00058_waggle_annotations.csv",-0.976523773463931,0.215409655911161,213.044435171668,44.5160028094852,"few_annotations",872,785,"direct calibration",-21.27,"horizontal","20250119/00058.mp4",20250119,"73b_00058__20250119","73b",NA,NA,NA,NA,NA,0.776950818852563,44.5160028094852,44.5160028094852,NA,NA
"horizontal","",NA,4,"73b_00058_waggle_annotations.csv",-0.998389744857247,-0.0567266900487072,213.044435171668,60.2075104286957,"few_annotations",883,803,"direct calibration",-21.27,"horizontal","20250119/00058.mp4",20250119,"73b_00058__20250119","73b",NA,NA,NA,NA,NA,1.05081929140956,60.2075104286957,60.2075104286957,NA,NA
"horizontal","",NA,5,"73b_00058_waggle_annotations.csv",-1,0,213.044435171668,56.9555648283318,"few_annotations",881,810,"direct calibration",-21.27,"horizontal","20250119/00058.mp4",20250119,"73b_00058__20250119","73b",NA,NA,NA,NA,NA,0.994062133587468,56.9555648283318,56.9555648283318,NA,NA
"horizontal","",NA,6,"73b_00058_waggle_annotations.csv",-0.999261174631314,-0.0384331221012044,213.044435171668,59.1581629900976,"few_annotations",916,780,"direct calibration",-21.27,"horizontal","20250119/00058.mp4",20250119,"73b_00058__20250119","73b",NA,NA,NA,NA,NA,1.03250472360866,59.1581629900976,59.1581629900976,NA,NA
"horizontal","",NA,7,"73b_00058_waggle_annotations.csv",-0.96561575852067,0.259973473447873,213.044435171668,41.8870766688395,"few_annotations",912,796,"direct calibration",-21.27,"horizontal","20250119/00058.mp4",20250119,"73b_00058__20250119","73b",NA,NA,NA,NA,NA,0.731067401906548,41.8870766688395,41.8870766688395,NA,NA
"horizontal","",NA,8,"73b_00058_waggle_annotations.csv",-0.998339941675609,-0.0575965350966697,213.044435171668,60.2574305027668,"few_annotations",946,781,"direct calibration",-21.27,"horizontal","20250119/00058.mp4",20250119,"73b_00058__20250119","73b",NA,NA,NA,NA,NA,1.05169056106494,60.2574305027668,60.2574305027668,NA,NA
"horizontal","",NA,9,"73b_00058_waggle_annotations.csv",-1,0,213.044435171668,56.9555648283318,"few_annotations",920,803,"direct calibration",-21.27,"horizontal","20250119/00058.mp4",20250119,"73b_00058__20250119","73b",NA,NA,NA,NA,NA,0.994062133587468,56.9555648283318,56.9555648283318,NA,NA
"horizontal","",NA,10,"73b_00058_waggle_annotations.csv",-0.998568132270089,-0.0534947213716119,213.044435171668,60.0220503294577,"few_annotations",922,792,"direct calibration",-21.27,"horizontal","20250119/00058.mp4",20250119,"73b_00058__20250119","73b",NA,NA,NA,NA,NA,1.04758240204678,60.0220503294577,60.0220503294577,NA,NA
"horizontal","",NA,11,"73b_00058_waggle_annotations.csv",-0.999881677808259,0.015382795043204,213.044435171668,56.0741608317496,"few_annotations",875,802,"direct calibration",-21.27,"horizontal","20250119/00058.mp4",20250119,"73b_00058__20250119","73b",NA,NA,NA,NA,NA,0.978678731806873,56.0741608317496,56.0741608317496,NA,NA
"horizontal","",NA,12,"73b_00058_waggle_annotations.csv",-0.999261174631314,0.0384331221012044,213.044435171668,54.752966666566,"few_annotations",904,796,"direct calibration",-21.27,"horizontal","20250119/00058.mp4",20250119,"73b_00058__20250119","73b",NA,NA,NA,NA,NA,0.95561954356628,54.752966666566,54.752966666566,NA,NA
"horizontal","",NA,13,"73b_00058_waggle_annotations.csv",-0.996240588195683,0.086629616364842,213.044435171668,51.9858241002215,"few_annotations",906,808,"direct calibration",-21.27,"horizontal","20250119/00058.mp4",20250119,"73b_00058__20250119","73b",NA,NA,NA,NA,NA,0.907323794911483,51.9858241002215,51.9858241002215,NA,NA
"horizontal","",NA,14,"73b_00058_waggle_annotations.csv",-0.996815278536125,0.07974522228289,213.044435171668,52.3816435684309,"few_annotations",915,795,"direct calibration",-21.27,"horizontal","20250119/00058.mp4",20250119,"73b_00058__20250119","73b",NA,NA,NA,NA,NA,0.914232147875231,52.3816435684309,52.3816435684309,NA,NA
"horizontal","",NA,15,"73b_00058_waggle_annotations.csv",-0.99936285434755,-0.0356915305124125,213.044435171668,59.000973317219,"few_annotations",946,823,"direct calibration",-21.27,"horizontal","20250119/00058.mp4",20250119,"73b_00058__20250119","73b",NA,NA,NA,NA,NA,1.02976124626679,59.000973317219,59.000973317219,NA,NA
"horizontal","",NA,16,"73b_00058_waggle_annotations.csv",-0.97152033878313,0.236956180191007,213.044435171668,43.248603824252,"few_annotations",968,791,"direct calibration",-21.27,"horizontal","20250119/00058.mp4",20250119,"73b_00058__20250119","73b",NA,NA,NA,NA,NA,0.754830533623808,43.248603824252,43.248603824252,NA,NA
"horizontal","",NA,17,"73b_00058_waggle_annotations.csv",-0.97513285579146,0.221621103588968,213.044435171668,44.151298763045,"few_annotations",949,809,"direct calibration",-21.27,"horizontal","20250119/00058.mp4",20250119,"73b_00058__20250119","73b",NA,NA,NA,NA,NA,0.770585532446835,44.151298763045,44.151298763045,NA,NA
"horizontal","",NA,18,"73b_00058_waggle_annotations.csv",-1,0,213.044435171668,56.9555648283318,"few_annotations",967,818,"direct calibration",-21.27,"horizontal","20250119/00058.mp4",20250119,"73b_00058__20250119","73b",NA,NA,NA,NA,NA,0.994062133587468,56.9555648283318,56.9555648283318,NA,NA
"horizontal","",NA,19,"73b_00058_waggle_annotations.csv",-0.988012033751101,0.15437688027361,213.044435171668,48.0749056778115,"few_annotations",915,813,"direct calibration",-21.27,"horizontal","20250119/00058.mp4",20250119,"73b_00058__20250119","73b",NA,NA,NA,NA,NA,0.839065391663527,48.0749056778115,48.0749056778115,NA,NA
"horizontal","",NA,20,"73b_00058_waggle_annotations.csv",-0.996729048114676,-0.0808158687660548,213.044435171668,61.5910282552344,"few_annotations",892,779,"direct calibration",-21.27,"horizontal","20250119/00058.mp4",20250119,"73b_00058__20250119","73b",NA,NA,NA,NA,NA,1.0749662327427,61.5910282552344,61.5910282552344,NA,NA
"horizontal","",NA,21,"73b_00058_waggle_annotations.csv",-0.962449675986404,0.271460165021806,213.044435171668,41.2043911648788,"few_annotations",855,804,"direct calibration",-21.27,"horizontal","20250119/00058.mp4",20250119,"73b_00058__20250119","73b",NA,NA,NA,NA,NA,0.719152292106796,41.2043911648788,41.2043911648788,NA,NA
"horizontal","",NA,1,"82b_00049_waggle_annotations.csv",-0.97908607344184,-0.203446456819084,213.044435171668,68.6941360350541,"few_annotations",883,767,"direct calibration",-21.27,"horizontal","20250119/00049.mp4",20250119,"82b_00049__20250119","82b",NA,NA,NA,NA,NA,1.19893885062458,68.6941360350541,68.6941360350541,NA,NA
"horizontal","",NA,2,"82b_00049_waggle_annotations.csv",-0.95577900872195,-0.294085848837523,213.044435171668,74.0582937973841,"few_annotations",848,709,"direct calibration",-21.27,"horizontal","20250119/00049.mp4",20250119,"82b_00049__20250119","82b",NA,NA,NA,NA,NA,1.29256106517365,74.0582937973841,74.0582937973841,NA,NA
"horizontal","",NA,1,"84b_00057_waggle_annotations.csv",-0.999874047483599,0.0158710166267238,213.044435171668,56.0461843791326,"few_annotations",656,821,"direct calibration",-21.27,"horizontal","20250119/00057.mp4",20250119,"84b_00057__20250119","84b",NA,NA,NA,NA,NA,0.978190450595678,56.0461843791326,56.0461843791326,NA,NA
"horizontal","",NA,2,"84b_00057_waggle_annotations.csv",0.99977130441941,-0.021385482447474,213.044435171668,235.730173525958,"few_annotations",680,810,"direct calibration",-21.27,"horizontal","20250119/00057.mp4",20250119,"84b_00057__20250119","84b",NA,NA,NA,NA,NA,-2.16891763285405,-124.269826474042,235.730173525958,NA,NA
"horizontal","",NA,3,"84b_00057_waggle_annotations.csv",-0.982872186934322,-0.184288535050185,213.044435171668,67.5752201044869,"few_annotations",797,753,"direct calibration",-21.27,"horizontal","20250119/00057.mp4",20250119,"84b_00057__20250119","84b",NA,NA,NA,NA,NA,1.17941008358316,67.5752201044869,67.5752201044869,NA,NA
"horizontal","",NA,1,"88b_00054_waggle_annotations.csv",-0.999975854695486,-0.00694910253436752,213.044435171668,57.3537222795042,"few_annotations",2417,13,"direct calibration",-21.27,"horizontal","20250119/00054.mp4",20250119,"88b_00054__20250119","88b",NA,NA,NA,NA,NA,1.00101129205177,57.3537222795041,57.3537222795042,NA,NA
"horizontal","",NA,2,"88b_00054_waggle_annotations.csv",-0.998868137724438,-0.0475651494154494,213.044435171668,59.6818758222381,"few_annotations",1169,812,"direct calibration",-21.27,"horizontal","20250119/00054.mp4",20250119,"88b_00054__20250119","88b",NA,NA,NA,NA,NA,1.04164523686445,59.6818758222381,59.6818758222381,NA,NA
"horizontal","",NA,3,"88b_00054_waggle_annotations.csv",-0.998339941675609,-0.0575965350966697,213.044435171668,60.2574305027668,"few_annotations",1128,772,"direct calibration",-21.27,"horizontal","20250119/00054.mp4",20250119,"88b_00054__20250119","88b",NA,NA,NA,NA,NA,1.05169056106494,60.2574305027668,60.2574305027668,NA,NA
"horizontal","",NA,4,"88b_00054_waggle_annotations.csv",-0.904818702200994,0.42579703632988,213.044435171668,31.7544411828567,"few_annotations",1129,812,"direct calibration",-21.27,"horizontal","20250119/00054.mp4",20250119,"88b_00054__20250119","88b",NA,NA,NA,NA,NA,0.554219550771732,31.7544411828567,31.7544411828567,NA,NA
"horizontal","",NA,5,"88b_00054_waggle_annotations.csv",-0.999567754464353,-0.0293990516018927,213.044435171668,58.6402491462281,"few_annotations",986,798,"direct calibration",-21.27,"horizontal","20250119/00054.mp4",20250119,"88b_00054__20250119","88b",NA,NA,NA,NA,NA,1.02346542179147,58.6402491462281,58.6402491462281,NA,NA
"horizontal","",NA,6,"88b_00054_waggle_annotations.csv",-0.949794781049111,0.312873574933825,213.044435171668,38.723073747628,"few_annotations",997,814,"direct calibration",-21.27,"horizontal","20250119/00054.mp4",20250119,"88b_00054__20250119","88b",NA,NA,NA,NA,NA,0.675845133388687,38.723073747628,38.723073747628,NA,NA
"horizontal","",NA,7,"88b_00054_waggle_annotations.csv",-0.9994801143397,-0.0322412940109581,213.044435171668,58.8031750943264,"few_annotations",1003,792,"direct calibration",-21.27,"horizontal","20250119/00054.mp4",20250119,"88b_00054__20250119","88b",NA,NA,NA,NA,NA,1.02630901602272,58.8031750943264,58.8031750943264,NA,NA
"horizontal","",NA,8,"88b_00054_waggle_annotations.csv",-0.909064822894284,0.416654710493214,213.044435171668,32.3320000421681,"few_annotations",1025,814,"direct calibration",-21.27,"horizontal","20250119/00054.mp4",20250119,"88b_00054__20250119","88b",NA,NA,NA,NA,NA,0.56429985449078,32.3320000421681,32.3320000421681,NA,NA
"horizontal","",NA,9,"88b_00054_waggle_annotations.csv",-1,0,213.044435171668,56.9555648283318,"few_annotations",1065,787,"direct calibration",-21.27,"horizontal","20250119/00054.mp4",20250119,"88b_00054__20250119","88b",NA,NA,NA,NA,NA,0.994062133587468,56.9555648283318,56.9555648283318,NA,NA
"horizontal","",NA,10,"88b_00054_waggle_annotations.csv",-0.865426285481126,0.501036270541705,213.044435171668,26.8869820064693,"few_annotations",1096,792,"direct calibration",-21.27,"horizontal","20250119/00054.mp4",20250119,"88b_00054__20250119","88b",NA,NA,NA,NA,NA,0.469266361937361,26.8869820064693,26.8869820064693,NA,NA
"horizontal","",NA,11,"88b_00054_waggle_annotations.csv",-1,0,213.044435171668,56.9555648283318,"few_annotations",1104,806,"direct calibration",-21.27,"horizontal","20250119/00054.mp4",20250119,"88b_00054__20250119","88b",NA,NA,NA,NA,NA,0.994062133587468,56.9555648283318,56.9555648283318,NA,NA
"horizontal","",NA,12,"88b_00054_waggle_annotations.csv",-0.975441002067706,0.220260871434643,213.044435171668,44.2312091429094,"few_annotations",1117,818,"direct calibration",-21.27,"horizontal","20250119/00054.mp4",20250119,"88b_00054__20250119","88b",NA,NA,NA,NA,NA,0.771980231681988,44.2312091429094,44.2312091429094,NA,NA
"horizontal","",NA,13,"88b_00054_waggle_annotations.csv",-0.997054485501581,-0.076696498884737,213.044435171668,61.3542701833273,"few_annotations",1140,789,"direct calibration",-21.27,"horizontal","20250119/00054.mp4",20250119,"88b_00054__20250119","88b",NA,NA,NA,NA,NA,1.07083402485725,61.3542701833273,61.3542701833273,NA,NA
"horizontal","",NA,14,"88b_00054_waggle_annotations.csv",-0.996014155971203,0.0891952975496599,213.044435171668,51.8382499783591,"few_annotations",1155,739,"direct calibration",-21.27,"horizontal","20250119/00054.mp4",20250119,"88b_00054__20250119","88b",NA,NA,NA,NA,NA,0.904748140594245,51.8382499783591,51.8382499783591,NA,NA
"horizontal","",NA,15,"88b_00054_waggle_annotations.csv",0.998858290933291,-0.0477714834794183,213.044435171668,234.217418308977,"few_annotations",1203,744,"direct calibration",-21.27,"horizontal","20250119/00054.mp4",20250119,"88b_00054__20250119","88b",NA,NA,NA,NA,NA,-2.1953201921671,-125.782581691023,234.217418308977,NA,NA
"horizontal","",NA,16,"88b_00054_waggle_annotations.csv",-0.917555625309924,0.3976074376343,213.044435171668,33.5268720195864,"few_annotations",1210,803,"direct calibration",-21.27,"horizontal","20250119/00054.mp4",20250119,"88b_00054__20250119","88b",NA,NA,NA,NA,NA,0.585154304636543,33.5268720195864,33.5268720195864,NA,NA
"horizontal","",NA,17,"88b_00054_waggle_annotations.csv",-0.999815140029847,-0.0192272142313432,213.044435171668,58.0572709435381,"few_annotations",1191,801,"direct calibration",-21.27,"horizontal","20250119/00054.mp4",20250119,"88b_00054__20250119","88b",NA,NA,NA,NA,NA,1.01329053268718,58.0572709435381,58.0572709435381,NA,NA
"horizontal","",NA,18,"88b_00054_waggle_annotations.csv",-0.99975317783161,0.0222167372851469,213.044435171668,55.6825348082751,"few_annotations",1195,808,"direct calibration",-21.27,"horizontal","20250119/00054.mp4",20250119,"88b_00054__20250119","88b",NA,NA,NA,NA,NA,0.97184356826075,55.6825348082751,55.6825348082751,NA,NA
"horizontal","",NA,19,"88b_00054_waggle_annotations.csv",0.999900828085242,0.0140831102547217,213.044435171668,237.762494283434,"few_annotations",1231,773,"direct calibration",-21.27,"horizontal","20250119/00054.mp4",20250119,"88b_00054__20250119","88b",NA,NA,NA,NA,NA,-2.13344694417947,-122.237505716566,237.762494283434,NA,NA
"horizontal","",NA,20,"88b_00054_waggle_annotations.csv",-0.981313749677157,0.192414460721011,213.044435171668,45.8618418167739,"few_annotations",1225,819,"direct calibration",-21.27,"horizontal","20250119/00054.mp4",20250119,"88b_00054__20250119","88b",NA,NA,NA,NA,NA,0.800440140731522,45.8618418167739,45.8618418167739,NA,NA
"horizontal","",NA,21,"88b_00054_waggle_annotations.csv",0.992277876713668,-0.124034734589208,213.044435171668,229.83054847943,"few_annotations",1272,779,"direct calibration",-21.27,"horizontal","20250119/00054.mp4",20250119,"88b_00054__20250119","88b",NA,NA,NA,NA,NA,-2.27188551454909,-130.16945152057,229.83054847943,NA,NA
"horizontal","",NA,1,"16b_00050_waggle_annotations.csv",-0.882352941176471,0.470588235294118,212.183522303019,29.7439907611279,"ok",940,864,"direct calibration",-21.27,"horizontal","20250120/00050.mp4",20250120,"16b_00050__20250120","16b",NA,NA,NA,NA,NA,0.519130571464457,29.7439907611279,29.7439907611279,NA,NA
"horizontal","",NA,2,"16b_00050_waggle_annotations.csv",-0.924261426490025,0.381760154419793,212.183522303019,35.3737243316866,"ok",819,891,"direct calibration",-21.27,"horizontal","20250120/00050.mp4",20250120,"16b_00050__20250120","16b",NA,NA,NA,NA,NA,0.617387958280761,35.3737243316866,35.3737243316866,NA,NA
"horizontal","",NA,3,"16b_00050_waggle_annotations.csv",-0.928476690885259,0.371390676354104,212.183522303019,36.0150682106291,"ok",855,883,"direct calibration",-21.27,"horizontal","20250120/00050.mp4",20250120,"16b_00050__20250120","16b",NA,NA,NA,NA,NA,0.62858152060582,36.0150682106291,36.0150682106291,NA,NA
"horizontal","",NA,4,"16b_00050_waggle_annotations.csv",-0.960564264414562,0.278058076541057,212.183522303019,41.6721389166974,"ok",809,931,"direct calibration",-21.27,"horizontal","20250120/00050.mp4",20250120,"16b_00050__20250120","16b",NA,NA,NA,NA,NA,0.727316030444833,41.6721389166974,41.6721389166974,NA,NA
"horizontal","",NA,5,"16b_00050_waggle_annotations.csv",-1,0,212.183522303019,57.8164776969809,"ok",771,794,"direct calibration",-21.27,"horizontal","20250120/00050.mp4",20250120,"16b_00050__20250120","16b",NA,NA,NA,NA,NA,1.00908789771819,57.8164776969809,57.8164776969809,NA,NA
"horizontal","",NA,6,"16b_00050_waggle_annotations.csv",-1,0,212.183522303019,57.8164776969809,"ok",807,811,"direct calibration",-21.27,"horizontal","20250120/00050.mp4",20250120,"16b_00050__20250120","16b",NA,NA,NA,NA,NA,1.00908789771819,57.8164776969809,57.8164776969809,NA,NA
"horizontal","",NA,7,"16b_00050_waggle_annotations.csv",-1,0,212.183522303019,57.8164776969809,"ok",845,796,"direct calibration",-21.27,"horizontal","20250120/00050.mp4",20250120,"16b_00050__20250120","16b",NA,NA,NA,NA,NA,1.00908789771819,57.8164776969809,57.8164776969809,NA,NA
"horizontal","",NA,8,"16b_00050_waggle_annotations.csv",-0.985211754819674,0.171341174751248,212.183522303019,47.9506707538965,"ok",847,853,"direct calibration",-21.27,"horizontal","20250120/00050.mp4",20250120,"16b_00050__20250120","16b",NA,NA,NA,NA,NA,0.836897083195246,47.9506707538965,47.9506707538965,NA,NA
"horizontal","",NA,9,"16b_00050_waggle_annotations.csv",-0.995495472593952,-0.0948090926279954,212.183522303019,63.2568097279864,"ok",819,824,"direct calibration",-21.27,"horizontal","20250120/00050.mp4",20250120,"16b_00050__20250120","16b",NA,NA,NA,NA,NA,1.10403960406094,63.2568097279864,63.2568097279864,NA,NA
"horizontal","",NA,10,"16b_00050_waggle_annotations.csv",-0.948683298050514,0.316227766016838,212.183522303019,39.3815288740589,"ok",832,893,"direct calibration",-21.27,"horizontal","20250120/00050.mp4",20250120,"16b_00050__20250120","16b",NA,NA,NA,NA,NA,0.687337343321543,39.3815288740589,39.3815288740589,NA,NA
"horizontal","",NA,11,"16b_00050_waggle_annotations.csv",-1,0,212.183522303019,57.8164776969809,"ok",929,927,"direct calibration",-21.27,"horizontal","20250120/00050.mp4",20250120,"16b_00050__20250120","16b",NA,NA,NA,NA,NA,1.00908789771819,57.8164776969809,57.8164776969809,NA,NA
"horizontal","",NA,12,"16b_00050_waggle_annotations.csv",-0.941741911594837,0.336336396998156,212.183522303019,38.1626536389276,"ok",954,910,"direct calibration",-21.27,"horizontal","20250120/00050.mp4",20250120,"16b_00050__20250120","16b",NA,NA,NA,NA,NA,0.666063957297482,38.1626536389276,38.1626536389276,NA,NA
"horizontal","",NA,13,"16b_00050_waggle_annotations.csv",-0.931242779705753,-0.364399348580512,212.183522303019,79.1870999663241,"ok",906,820,"direct calibration",-21.27,"horizontal","20250120/00050.mp4",20250120,"16b_00050__20250120","16b",NA,NA,NA,NA,NA,1.38207561951825,79.1870999663241,79.1870999663241,NA,NA
"horizontal","",NA,14,"16b_00050_waggle_annotations.csv",-0.973417168333576,0.229039333725547,212.183522303019,44.5759577817937,"ok",843,870,"direct calibration",-21.27,"horizontal","20250120/00050.mp4",20250120,"16b_00050__20250120","16b",NA,NA,NA,NA,NA,0.777997230522289,44.5759577817937,44.5759577817937,NA,NA
"horizontal","",NA,15,"16b_00050_waggle_annotations.csv",-1,0,212.183522303019,57.8164776969809,"ok",853,803,"direct calibration",-21.27,"horizontal","20250120/00050.mp4",20250120,"16b_00050__20250120","16b",NA,NA,NA,NA,NA,1.00908789771819,57.8164776969809,57.8164776969809,NA,NA
"horizontal","",NA,1,"1y_00050_waggle_annotations.csv",-0.926092359769548,0.377296887313519,212.183522303019,35.6501318748984,"ok",788,899,"direct calibration",-21.27,"horizontal","20250120/00050.mp4",20250120,"1y_00050__20250120","1y",NA,NA,NA,NA,NA,0.622212179987157,35.6501318748984,35.6501318748984,NA,NA
"horizontal","",NA,2,"1y_00050_waggle_annotations.csv",-0.936329177569045,0.351123441588392,212.183522303019,37.2604324773974,"ok",800,946,"direct calibration",-21.27,"horizontal","20250120/00050.mp4",20250120,"1y_00050__20250120","1y",NA,NA,NA,NA,NA,0.650317227447613,37.2604324773975,37.2604324773974,NA,NA
"horizontal","",NA,1,"22b_00019_waggle_annotations.csv",-0.894427190999916,-0.447213595499958,220.998881493835,75.5661696832427,"ok",883,811,"direct calibration",-21.27,"horizontal","20250120/00019.mp4",20250120,"22b_00019__20250120","22b",NA,NA,NA,NA,NA,1.31887846409331,75.5661696832427,75.5661696832427,NA,NA
"horizontal","",NA,2,"22b_00019_waggle_annotations.csv",-0.911921505175106,-0.410364677328798,220.998881493835,73.2288638241189,"ok",867,802,"direct calibration",-21.27,"horizontal","20250120/00019.mp4",20250120,"22b_00019__20250120","22b",NA,NA,NA,NA,NA,1.27808478122544,73.2288638241189,73.2288638241189,NA,NA
"horizontal","",NA,3,"22b_00019_waggle_annotations.csv",-0.884918222381982,-0.465746432832622,220.998881493835,76.7596591072247,"ok",874,815,"direct calibration",-21.27,"horizontal","20250120/00019.mp4",20250120,"22b_00019__20250120","22b",NA,NA,NA,NA,NA,1.33970878412952,76.7596591072247,76.7596591072247,NA,NA
"horizontal","",NA,4,"22b_00019_waggle_annotations.csv",-0.919145030018058,-0.393919298579168,220.998881493835,72.1997090198129,"ok",867,821,"direct calibration",-21.27,"horizontal","20250120/00019.mp4",20250120,"22b_00019__20250120","22b",NA,NA,NA,NA,NA,1.26012264137758,72.1997090198129,72.1997090198129,NA,NA
"horizontal","",NA,5,"22b_00019_waggle_annotations.csv",-0.926092359769548,-0.377296887313519,220.998881493835,71.1674643282472,"ok",842,830,"direct calibration",-21.27,"horizontal","20250120/00019.mp4",20250120,"22b_00019__20250120","22b",NA,NA,NA,NA,NA,1.24210657282353,71.1674643282472,71.1674643282472,NA,NA
"horizontal","",NA,6,"22b_00019_waggle_annotations.csv",-0.903737838893539,-0.428086344739045,220.998881493835,74.3472944481114,"ok",866,805,"direct calibration",-21.27,"horizontal","20250120/00019.mp4",20250120,"22b_00019__20250120","22b",NA,NA,NA,NA,NA,1.29760507806924,74.3472944481114,74.3472944481114,NA,NA
"horizontal","",NA,7,"22b_00019_waggle_annotations.csv",-0.845488903030971,-0.533992991387982,220.998881493835,81.2767628207423,"ok",851,852,"direct calibration",-21.27,"horizontal","20250120/00019.mp4",20250120,"22b_00019__20250120","22b",NA,NA,NA,NA,NA,1.41854711658447,81.2767628207423,81.2767628207423,NA,NA
"horizontal","",NA,1,"22b_00023_waggle_annotations.csv",-0.948683298050514,0.316227766016838,220.998881493835,30.5661696832427,"ok",521,823,"direct calibration",-21.27,"horizontal","20250120/00023.mp4",20250120,"22b_00023__20250120","22b",NA,NA,NA,NA,NA,0.533480300695857,30.5661696832427,30.5661696832427,NA,NA
"horizontal","",NA,2,"22b_00023_waggle_annotations.csv",-0.991227900682635,0.132163720091018,220.998881493835,41.4064751375733,"ok",532,838,"direct calibration",-21.27,"horizontal","20250120/00023.mp4",20250120,"22b_00023__20250120","22b",NA,NA,NA,NA,NA,0.722679322795826,41.4064751375733,41.4064751375733,NA,NA
"horizontal","",NA,3,"22b_00023_waggle_annotations.csv",-0.8,-0.6,220.998881493835,85.8710161520087,"ok",540,848,"direct calibration",-21.27,"horizontal","20250120/00023.mp4",20250120,"22b_00023__20250120","22b",NA,NA,NA,NA,NA,1.49873196388578,85.8710161520087,85.8710161520087,NA,NA
"horizontal","",NA,4,"22b_00023_waggle_annotations.csv",-1,0,220.998881493835,49.0011185061647,"ok",511,850,"direct calibration",-21.27,"horizontal","20250120/00023.mp4",20250120,"22b_00023__20250120","22b",NA,NA,NA,NA,NA,0.8552308550925,49.0011185061647,49.0011185061647,NA,NA
"horizontal","",NA,5,"22b_00023_waggle_annotations.csv",-0.78086880944303,-0.624695047554424,220.998881493835,87.6609267602548,"ok",530,852,"direct calibration",-21.27,"horizontal","20250120/00023.mp4",20250120,"22b_00023__20250120","22b",NA,NA,NA,NA,NA,1.52997179731605,87.6609267602548,87.6609267602548,NA,NA
"horizontal","",NA,6,"22b_00023_waggle_annotations.csv",-0.743294146247166,-0.66896473162245,220.998881493835,90.9883310019814,"ok",500,905,"direct calibration",-21.27,"horizontal","20250120/00023.mp4",20250120,"22b_00023__20250120","22b",NA,NA,NA,NA,NA,1.58804595687901,90.9883310019814,90.9883310019814,NA,NA
"horizontal","",NA,7,"22b_00023_waggle_annotations.csv",-0.64018439966448,-0.768221279597376,220.998881493835,99.1955474138995,"ok",480,829,"direct calibration",-21.27,"horizontal","20250120/00023.mp4",20250120,"22b_00023__20250120","22b",NA,NA,NA,NA,NA,1.73128890569069,99.1955474138995,99.1955474138995,NA,NA
"horizontal","",NA,8,"22b_00023_waggle_annotations.csv",-0.78086880944303,-0.624695047554424,220.998881493835,87.6609267602548,"ok",454,827,"direct calibration",-21.27,"horizontal","20250120/00023.mp4",20250120,"22b_00023__20250120","22b",NA,NA,NA,NA,NA,1.52997179731605,87.6609267602548,87.6609267602548,NA,NA
"horizontal","",NA,9,"22b_00023_waggle_annotations.csv",-0.993883734673619,0.110431526074847,220.998881493835,42.6609267602548,"ok",448,823,"direct calibration",-21.27,"horizontal","20250120/00023.mp4",20250120,"22b_00023__20250120","22b",NA,NA,NA,NA,NA,0.744573633918604,42.6609267602548,42.6609267602548,NA,NA
"horizontal","",NA,10,"22b_00023_waggle_annotations.csv",-0.868243142124459,-0.496138938356834,220.998881493835,78.7459998031069,"ok",398,817,"direct calibration",-21.27,"horizontal","20250120/00023.mp4",20250120,"22b_00023__20250120","22b",NA,NA,NA,NA,NA,1.37437696933902,78.7459998031069,78.7459998031069,NA,NA
"horizontal","",NA,11,"22b_00023_waggle_annotations.csv",-0.894427190999916,-0.447213595499958,220.998881493835,75.5661696832427,"ok",391,884,"direct calibration",-21.27,"horizontal","20250120/00023.mp4",20250120,"22b_00023__20250120","22b",NA,NA,NA,NA,NA,1.31887846409331,75.5661696832427,75.5661696832427,NA,NA
"horizontal","",NA,12,"22b_00023_waggle_annotations.csv",-0.857492925712544,-0.514495755427526,220.998881493835,79.9648750382382,"ok",384,853,"direct calibration",-21.27,"horizontal","20250120/00023.mp4",20250120,"22b_00023__20250120","22b",NA,NA,NA,NA,NA,1.39565035536308,79.9648750382382,79.9648750382382,NA,NA
"horizontal","",NA,13,"22b_00023_waggle_annotations.csv",-0.936329177569045,-0.351123441588392,220.998881493835,69.5571637257482,"ok",333,890,"direct calibration",-21.27,"horizontal","20250120/00023.mp4",20250120,"22b_00023__20250120","22b",NA,NA,NA,NA,NA,1.21400152536307,69.5571637257482,69.5571637257482,NA,NA
"horizontal","",NA,14,"22b_00023_waggle_annotations.csv",-0.894427190999916,-0.447213595499958,220.998881493835,75.5661696832427,"ok",344,878,"direct calibration",-21.27,"horizontal","20250120/00023.mp4",20250120,"22b_00023__20250120","22b",NA,NA,NA,NA,NA,1.31887846409331,75.5661696832427,75.5661696832427,NA,NA
"horizontal","",NA,15,"22b_00023_waggle_annotations.csv",-0.919145030018058,-0.393919298579168,220.998881493835,72.1997090198129,"ok",339,861,"direct calibration",-21.27,"horizontal","20250120/00023.mp4",20250120,"22b_00023__20250120","22b",NA,NA,NA,NA,NA,1.26012264137758,72.1997090198129,72.1997090198129,NA,NA
"horizontal","",NA,16,"22b_00023_waggle_annotations.csv",-0.913811548620257,-0.406138466053448,220.998881493835,72.9636074807429,"ok",331,846,"direct calibration",-21.27,"horizontal","20250120/00023.mp4",20250120,"22b_00023__20250120","22b",NA,NA,NA,NA,NA,1.27345518467173,72.9636074807429,72.9636074807429,NA,NA
"horizontal","",NA,17,"22b_00023_waggle_annotations.csv",-0.880471099922175,-0.474099823035017,220.998881493835,77.3018742721711,"ok",351,820,"direct calibration",-21.27,"horizontal","20250120/00023.mp4",20250120,"22b_00023__20250120","22b",NA,NA,NA,NA,NA,1.34917222401208,77.3018742721711,77.3018742721711,NA,NA
"horizontal","",NA,18,"22b_00023_waggle_annotations.csv",-0.894427190999916,-0.447213595499958,220.998881493835,75.5661696832427,"ok",320,872,"direct calibration",-21.27,"horizontal","20250120/00023.mp4",20250120,"22b_00023__20250120","22b",NA,NA,NA,NA,NA,1.31887846409331,75.5661696832427,75.5661696832427,NA,NA
"horizontal","",NA,19,"22b_00023_waggle_annotations.csv",-0.894427190999916,-0.447213595499958,220.998881493835,75.5661696832427,"ok",295,890,"direct calibration",-21.27,"horizontal","20250120/00023.mp4",20250120,"22b_00023__20250120","22b",NA,NA,NA,NA,NA,1.31887846409331,75.5661696832427,75.5661696832427,NA,NA
"horizontal","",NA,20,"22b_00023_waggle_annotations.csv",-0.874157276121538,-0.485642931178632,220.998881493835,78.0557226052419,"ok",285,845,"direct calibration",-21.27,"horizontal","20250120/00023.mp4",20250120,"22b_00023__20250120","22b",NA,NA,NA,NA,NA,1.36232935948484,78.0557226052419,78.0557226052419,NA,NA
"horizontal","",NA,21,"22b_00023_waggle_annotations.csv",-0.928476690885259,-0.371390676354104,220.998881493835,70.8025279925165,"ok",291,872,"direct calibration",-21.27,"horizontal","20250120/00023.mp4",20250120,"22b_00023__20250120","22b",NA,NA,NA,NA,NA,1.23573723220486,70.8025279925165,70.8025279925165,NA,NA
"horizontal","",NA,22,"22b_00023_waggle_annotations.csv",-0.874157276121538,-0.485642931178632,220.998881493835,78.0557226052419,"ok",309,836,"direct calibration",-21.27,"horizontal","20250120/00023.mp4",20250120,"22b_00023__20250120","22b",NA,NA,NA,NA,NA,1.36232935948484,78.0557226052419,78.0557226052419,NA,NA
"horizontal","",NA,23,"22b_00023_waggle_annotations.csv",-0.874157276121538,-0.485642931178632,220.998881493835,78.0557226052419,"ok",287,836,"direct calibration",-21.27,"horizontal","20250120/00023.mp4",20250120,"22b_00023__20250120","22b",NA,NA,NA,NA,NA,1.36232935948484,78.0557226052419,78.0557226052419,NA,NA
"horizontal","",NA,24,"22b_00023_waggle_annotations.csv",-0.923076923076923,-0.384615384615385,220.998881493835,71.6209834542052,"ok",281,847,"direct calibration",-21.27,"horizontal","20250120/00023.mp4",20250120,"22b_00023__20250120","22b",NA,NA,NA,NA,NA,1.25002197479226,71.6209834542052,71.6209834542052,NA,NA
"horizontal","",NA,25,"22b_00023_waggle_annotations.csv",-0.894427190999916,-0.447213595499958,220.998881493835,75.5661696832427,"ok",294,856,"direct calibration",-21.27,"horizontal","20250120/00023.mp4",20250120,"22b_00023__20250120","22b",NA,NA,NA,NA,NA,1.31887846409331,75.5661696832427,75.5661696832427,NA,NA
"horizontal","",NA,26,"22b_00023_waggle_annotations.csv",-0.948683298050514,-0.316227766016838,220.998881493835,67.4360673290867,"ok",261,838,"direct calibration",-21.27,"horizontal","20250120/00023.mp4",20250120,"22b_00023__20250120","22b",NA,NA,NA,NA,NA,1.17698140948914,67.4360673290867,67.4360673290867,NA,NA
"horizontal","",NA,27,"22b_00023_waggle_annotations.csv",-0.894427190999916,-0.447213595499958,220.998881493835,75.5661696832427,"ok",221,854,"direct calibration",-21.27,"horizontal","20250120/00023.mp4",20250120,"22b_00023__20250120","22b",NA,NA,NA,NA,NA,1.31887846409331,75.5661696832427,75.5661696832427,NA,NA
"horizontal","",NA,28,"22b_00023_waggle_annotations.csv",-0.894427190999916,-0.447213595499958,220.998881493835,75.5661696832427,"ok",173,788,"direct calibration",-21.27,"horizontal","20250120/00023.mp4",20250120,"22b_00023__20250120","22b",NA,NA,NA,NA,NA,1.31887846409331,75.5661696832427,75.5661696832427,NA,NA
"horizontal","",NA,29,"22b_00023_waggle_annotations.csv",-0.911921505175106,-0.410364677328798,220.998881493835,73.2288638241189,"ok",169,810,"direct calibration",-21.27,"horizontal","20250120/00023.mp4",20250120,"22b_00023__20250120","22b",NA,NA,NA,NA,NA,1.27808478122544,73.2288638241189,73.2288638241189,NA,NA
"horizontal","",NA,1,"22b_00053_waggle_annotations.csv",-1,0,212.183522303019,57.8164776969809,"ok",1080,723,"direct calibration",-21.27,"horizontal","20250120/00053.mp4",20250120,"22b_00053__20250120","22b",NA,NA,NA,NA,NA,1.00908789771819,57.8164776969809,57.8164776969809,NA,NA
"horizontal","",NA,2,"22b_00053_waggle_annotations.csv",-0.989949493661166,0.14142135623731,212.183522303019,49.686375342825,"ok",1105,711,"direct calibration",-21.27,"horizontal","20250120/00053.mp4",20250120,"22b_00053__20250120","22b",NA,NA,NA,NA,NA,0.867190843114022,49.686375342825,49.686375342825,NA,NA
"horizontal","",NA,3,"22b_00053_waggle_annotations.csv",-1,0,212.183522303019,57.8164776969809,"ok",986,761,"direct calibration",-21.27,"horizontal","20250120/00053.mp4",20250120,"22b_00053__20250120","22b",NA,NA,NA,NA,NA,1.00908789771819,57.8164776969809,57.8164776969809,NA,NA
"horizontal","",NA,4,"22b_00053_waggle_annotations.csv",-1,0,212.183522303019,57.8164776969809,"ok",946,795,"direct calibration",-21.27,"horizontal","20250120/00053.mp4",20250120,"22b_00053__20250120","22b",NA,NA,NA,NA,NA,1.00908789771819,57.8164776969809,57.8164776969809,NA,NA
"horizontal","",NA,5,"22b_00053_waggle_annotations.csv",-1,0,212.183522303019,57.8164776969809,"ok",939,767,"direct calibration",-21.27,"horizontal","20250120/00053.mp4",20250120,"22b_00053__20250120","22b",NA,NA,NA,NA,NA,1.00908789771819,57.8164776969809,57.8164776969809,NA,NA
"horizontal","",NA,6,"22b_00053_waggle_annotations.csv",-0.983869910099907,0.178885438199983,212.183522303019,47.5116312282149,"ok",986,833,"direct calibration",-21.27,"horizontal","20250120/00053.mp4",20250120,"22b_00053__20250120","22b",NA,NA,NA,NA,NA,0.829234397925707,47.5116312282149,47.5116312282149,NA,NA
"horizontal","",NA,7,"22b_00053_waggle_annotations.csv",-0.989949493661166,0.14142135623731,212.183522303019,49.686375342825,"ok",1017,860,"direct calibration",-21.27,"horizontal","20250120/00053.mp4",20250120,"22b_00053__20250120","22b",NA,NA,NA,NA,NA,0.867190843114022,49.686375342825,49.686375342825,NA,NA
"horizontal","",NA,8,"22b_00053_waggle_annotations.csv",-0.994505452921406,0.104684784518043,212.183522303019,51.8074717394864,"ok",988,875,"direct calibration",-21.27,"horizontal","20250120/00053.mp4",20250120,"22b_00053__20250120","22b",NA,NA,NA,NA,NA,0.904210958987951,51.8074717394864,51.8074717394864,NA,NA
"horizontal","",NA,9,"22b_00053_waggle_annotations.csv",-0.996240588195683,0.086629616364842,212.183522303019,52.8467369688706,"ok",979,862,"direct calibration",-21.27,"horizontal","20250120/00053.mp4",20250120,"22b_00053__20250120","22b",NA,NA,NA,NA,NA,0.9223495590422,52.8467369688706,52.8467369688706,NA,NA
"horizontal","",NA,10,"22b_00053_waggle_annotations.csv",-0.989949493661166,0.14142135623731,212.183522303019,49.686375342825,"ok",961,851,"direct calibration",-21.27,"horizontal","20250120/00053.mp4",20250120,"22b_00053__20250120","22b",NA,NA,NA,NA,NA,0.867190843114022,49.686375342825,49.686375342825,NA,NA
"horizontal","",NA,11,"22b_00053_waggle_annotations.csv",-0.991227900682635,0.132163720091018,212.183522303019,50.2218343283895,"ok",921,860,"direct calibration",-21.27,"horizontal","20250120/00053.mp4",20250120,"22b_00053__20250120","22b",NA,NA,NA,NA,NA,0.876536365421511,50.2218343283895,50.2218343283895,NA,NA
"horizontal","",NA,12,"22b_00053_waggle_annotations.csv",-1,0,212.183522303019,57.8164776969809,"ok",927,881,"direct calibration",-21.27,"horizontal","20250120/00053.mp4",20250120,"22b_00053__20250120","22b",NA,NA,NA,NA,NA,1.00908789771819,57.8164776969809,57.8164776969809,NA,NA
"horizontal","",NA,13,"22b_00053_waggle_annotations.csv",-1,0,212.183522303019,57.8164776969809,"ok",879,873,"direct calibration",-21.27,"horizontal","20250120/00053.mp4",20250120,"22b_00053__20250120","22b",NA,NA,NA,NA,NA,1.00908789771819,57.8164776969809,57.8164776969809,NA,NA
"horizontal","",NA,14,"22b_00053_waggle_annotations.csv",-1,0,212.183522303019,57.8164776969809,"ok",887,851,"direct calibration",-21.27,"horizontal","20250120/00053.mp4",20250120,"22b_00053__20250120","22b",NA,NA,NA,NA,NA,1.00908789771819,57.8164776969809,57.8164776969809,NA,NA
"horizontal","",NA,15,"22b_00053_waggle_annotations.csv",-0.894427190999916,0.447213595499958,212.183522303019,31.2514265199029,"ok",866,881,"direct calibration",-21.27,"horizontal","20250120/00053.mp4",20250120,"22b_00053__20250120","22b",NA,NA,NA,NA,NA,0.545440288717379,31.2514265199029,31.2514265199029,NA,NA
"horizontal","",NA,1,"22b_00057_waggle_annotations.csv",-0.957826285221151,0.287347885566345,212.183522303019,41.1172334629873,"ok",1428,892,"direct calibration",-21.27,"horizontal","20250120/00057.mp4",20250120,"22b_00057__20250120","22b",NA,NA,NA,NA,NA,0.717631103240318,41.1172334629873,41.1172334629873,NA,NA
"horizontal","",NA,2,"22b_00057_waggle_annotations.csv",-0.216930457818656,0.976187060183953,212.183522303019,340.345285406132,"ok",1438,903,"direct calibration",-21.27,"horizontal","20250120/00057.mp4",20250120,"22b_00057__20250120","22b",NA,NA,NA,NA,NA,-0.343039483202769,-19.6547145938676,340.345285406132,NA,NA
"horizontal","",NA,3,"22b_00057_waggle_annotations.csv",-0.977802414077409,-0.209529088730873,212.183522303019,69.911234773993,"ok",1479,844,"direct calibration",-21.27,"horizontal","20250120/00057.mp4",20250120,"22b_00057__20250120","22b",NA,NA,NA,NA,NA,1.22018123094093,69.911234773993,69.911234773993,NA,NA
"horizontal","",NA,4,"22b_00057_waggle_annotations.csv",-0.98058067569092,-0.196116135138184,212.183522303019,69.1264101710011,"ok",1417,871,"direct calibration",-21.27,"horizontal","20250120/00057.mp4",20250120,"22b_00057__20250120","22b",NA,NA,NA,NA,NA,1.20648345756807,69.1264101710011,69.1264101710011,NA,NA
"horizontal","",NA,5,"22b_00057_waggle_annotations.csv",-1,0,212.183522303019,57.8164776969809,"ok",1388,863,"direct calibration",-21.27,"horizontal","20250120/00057.mp4",20250120,"22b_00057__20250120","22b",NA,NA,NA,NA,NA,1.00908789771819,57.8164776969809,57.8164776969809,NA,NA
"horizontal","",NA,6,"22b_00057_waggle_annotations.csv",-1,0,212.183522303019,57.8164776969809,"ok",1383,889,"direct calibration",-21.27,"horizontal","20250120/00057.mp4",20250120,"22b_00057__20250120","22b",NA,NA,NA,NA,NA,1.00908789771819,57.8164776969809,57.8164776969809,NA,NA
"horizontal","",NA,7,"22b_00057_waggle_annotations.csv",-0.707106781186547,0.707106781186547,212.183522303019,12.8164776969809,"ok",1377,909,"direct calibration",-21.27,"horizontal","20250120/00057.mp4",20250120,"22b_00057__20250120","22b",NA,NA,NA,NA,NA,0.223689734320737,12.8164776969809,12.8164776969809,NA,NA
"horizontal","",NA,8,"22b_00057_waggle_annotations.csv",-0.102899151085505,0.994691793826551,212.183522303019,333.722618810751,"ok",1323,920,"direct calibration",-21.27,"horizontal","20250120/00057.mp4",20250120,"22b_00057__20250120","22b",NA,NA,NA,NA,NA,-0.458626820554011,-26.2773811892486,333.722618810751,NA,NA
"horizontal","",NA,9,"22b_00057_waggle_annotations.csv",-0.998168496631191,0.0604950604018904,212.183522303019,54.3482484380637,"ok",1315,912,"direct calibration",-21.27,"horizontal","20250120/00057.mp4",20250120,"22b_00057__20250120","22b",NA,NA,NA,NA,NA,0.948555877936078,54.3482484380637,54.3482484380637,NA,NA
"horizontal","",NA,10,"22b_00057_waggle_annotations.csv",0,1,212.183522303019,327.816477696981,"ok",1406,925,"direct calibration",-21.27,"horizontal","20250120/00057.mp4",20250120,"22b_00057__20250120","22b",NA,NA,NA,NA,NA,-0.561708429076712,-32.1835223030191,327.816477696981,NA,NA
"horizontal","",NA,11,"22b_00057_waggle_annotations.csv",-0.633237790257263,0.773957299203321,212.183522303019,7.10588455948124,"ok",1377,895,"direct calibration",-21.27,"horizontal","20250120/00057.mp4",20250120,"22b_00057__20250120","22b",NA,NA,NA,NA,NA,0.124021081829574,7.10588455948124,7.10588455948124,NA,NA
"horizontal","",NA,12,"22b_00057_waggle_annotations.csv",-0.948683298050514,0.316227766016838,212.183522303019,39.3815288740589,"ok",1364,900,"direct calibration",-21.27,"horizontal","20250120/00057.mp4",20250120,"22b_00057__20250120","22b",NA,NA,NA,NA,NA,0.687337343321543,39.3815288740589,39.3815288740589,NA,NA
"horizontal","",NA,13,"22b_00057_waggle_annotations.csv",-0.554700196225229,0.832050294337844,212.183522303019,1.50654522296068,"ok",1372,892,"direct calibration",-21.27,"horizontal","20250120/00057.mp4",20250120,"22b_00057__20250120","22b",NA,NA,NA,NA,NA,0.026294174470856,1.50654522296068,1.50654522296068,NA,NA
"horizontal","",NA,14,"22b_00057_waggle_annotations.csv",-0.93334560620306,0.358979079308869,212.183522303019,36.7789666715591,"ok",1288,876,"direct calibration",-21.27,"horizontal","20250120/00057.mp4",20250120,"22b_00057__20250120","22b",NA,NA,NA,NA,NA,0.641914063899966,36.7789666715591,36.7789666715591,NA,NA
"horizontal","",NA,15,"22b_00057_waggle_annotations.csv",-0.957826285221151,0.287347885566345,212.183522303019,41.1172334629873,"ok",1250,874,"direct calibration",-21.27,"horizontal","20250120/00057.mp4",20250120,"22b_00057__20250120","22b",NA,NA,NA,NA,NA,0.717631103240318,41.1172334629873,41.1172334629873,NA,NA
"horizontal","",NA,16,"22b_00057_waggle_annotations.csv",-0.98058067569092,0.196116135138184,212.183522303019,46.5065452229607,"ok",1253,784,"direct calibration",-21.27,"horizontal","20250120/00057.mp4",20250120,"22b_00057__20250120","22b",NA,NA,NA,NA,NA,0.811692337868304,46.5065452229607,46.5065452229607,NA,NA
"horizontal","",NA,1,"60r_00019_waggle_annotations.csv",-0.8,-0.6,220.998881493835,85.8710161520087,"ok",664,887,"direct calibration",-21.27,"horizontal","20250120/00019.mp4",20250120,"60r_00019__20250120","60r",NA,NA,NA,NA,NA,1.49873196388578,85.8710161520087,85.8710161520087,NA,NA
"horizontal","",NA,2,"60r_00019_waggle_annotations.csv",-0.675724628517346,-0.737154140200741,220.998881493835,96.4906714281639,"ok",706,864,"direct calibration",-21.27,"horizontal","20250120/00019.mp4",20250120,"60r_00019__20250120","60r",NA,NA,NA,NA,NA,1.68407991388148,96.4906714281639,96.4906714281639,NA,NA
"horizontal","",NA,3,"60r_00019_waggle_annotations.csv",-0.6357072528611,-0.77193023561705,220.998881493835,99.5286586578209,"ok",728,893,"direct calibration",-21.27,"horizontal","20250120/00019.mp4",20250120,"60r_00019__20250120","60r",NA,NA,NA,NA,NA,1.73710279367253,99.5286586578209,99.5286586578209,NA,NA
"horizontal","",NA,4,"60r_00019_waggle_annotations.csv",-0.7926239891046,-0.609710760849692,220.998881493835,86.5697105349922,"ok",711,903,"direct calibration",-21.27,"horizontal","20250120/00019.mp4",20250120,"60r_00019__20250120","60r",NA,NA,NA,NA,NA,1.51092648133404,86.5697105349922,86.5697105349922,NA,NA
"horizontal","",NA,5,"60r_00019_waggle_annotations.csv",-0.707106781186547,-0.707106781186547,220.998881493835,94.0011185061647,"ok",694,856,"direct calibration",-21.27,"horizontal","20250120/00019.mp4",20250120,"60r_00019__20250120","60r",NA,NA,NA,NA,NA,1.64062901848995,94.0011185061647,94.0011185061647,NA,NA
"horizontal","",NA,6,"60r_00019_waggle_annotations.csv",-0.624695047554424,-0.78086880944303,220.998881493835,100.341310252075,"ok",741,878,"direct calibration",-21.27,"horizontal","20250120/00019.mp4",20250120,"60r_00019__20250120","60r",NA,NA,NA,NA,NA,1.75128623966384,100.341310252075,100.341310252075,NA,NA
"horizontal","",NA,7,"60r_00019_waggle_annotations.csv",-0.98058067569092,-0.196116135138184,220.998881493835,60.3110509801849,"ok",769,824,"direct calibration",-21.27,"horizontal","20250120/00019.mp4",20250120,"60r_00019__20250120","60r",NA,NA,NA,NA,NA,1.05262641494238,60.311050980185,60.3110509801849,NA,NA
"horizontal","",NA,8,"60r_00019_waggle_annotations.csv",-0.868243142124459,-0.496138938356834,220.998881493835,78.7459998031069,"ok",755,848,"direct calibration",-21.27,"horizontal","20250120/00019.mp4",20250120,"60r_00019__20250120","60r",NA,NA,NA,NA,NA,1.37437696933902,78.7459998031069,78.7459998031069,NA,NA
"horizontal","",NA,9,"60r_00019_waggle_annotations.csv",-0.939793423488437,-0.341743063086704,220.998881493835,68.9842250280647,"ok",851,852,"direct calibration",-21.27,"horizontal","20250120/00019.mp4",20250120,"60r_00019__20250120","60r",NA,NA,NA,NA,NA,1.20400185867641,68.9842250280647,68.9842250280647,NA,NA
"horizontal","",NA,10,"60r_00019_waggle_annotations.csv",-0.824041924199368,-0.566528822887065,220.998881493835,83.5096414938331,"ok",869,898,"direct calibration",-21.27,"horizontal","20250120/00019.mp4",20250120,"60r_00019__20250120","60r",NA,NA,NA,NA,NA,1.45751820122746,83.5096414938331,83.5096414938331,NA,NA
"horizontal","",NA,11,"60r_00019_waggle_annotations.csv",-0.768221279597376,-0.64018439966448,220.998881493835,88.8066895984299,"ok",837,897,"direct calibration",-21.27,"horizontal","20250120/00019.mp4",20250120,"60r_00019__20250120","60r",NA,NA,NA,NA,NA,1.5499691312892,88.8066895984299,88.8066895984299,NA,NA
"horizontal","",NA,12,"60r_00019_waggle_annotations.csv",-0.633237790257263,-0.773957299203321,220.998881493835,99.7117116436644,"ok",766,928,"direct calibration",-21.27,"horizontal","20250120/00019.mp4",20250120,"60r_00019__20250120","60r",NA,NA,NA,NA,NA,1.74029767098111,99.7117116436644,99.7117116436644,NA,NA
"horizontal","",NA,13,"60r_00019_waggle_annotations.csv",-0.633237790257263,-0.773957299203321,220.998881493835,99.7117116436644,"ok",788,909,"direct calibration",-21.27,"horizontal","20250120/00019.mp4",20250120,"60r_00019__20250120","60r",NA,NA,NA,NA,NA,1.74029767098111,99.7117116436644,99.7117116436644,NA,NA
"horizontal","",NA,14,"60r_00019_waggle_annotations.csv",-0.995495472593952,-0.0948090926279954,220.998881493835,54.4414505371702,"ok",795,938,"direct calibration",-21.27,"horizontal","20250120/00019.mp4",20250120,"60r_00019__20250120","60r",NA,NA,NA,NA,NA,0.950182561435255,54.4414505371702,54.4414505371702,NA,NA
"horizontal","",NA,15,"60r_00019_waggle_annotations.csv",-0.6,-0.8,220.998881493835,102.131220860321,"ok",807,941,"direct calibration",-21.27,"horizontal","20250120/00019.mp4",20250120,"60r_00019__20250120","60r",NA,NA,NA,NA,NA,1.78252607309411,102.131220860321,102.131220860321,NA,NA
"horizontal","",NA,16,"60r_00019_waggle_annotations.csv",-0.78086880944303,-0.624695047554424,220.998881493835,87.6609267602548,"ok",815,953,"direct calibration",-21.27,"horizontal","20250120/00019.mp4",20250120,"60r_00019__20250120","60r",NA,NA,NA,NA,NA,1.52997179731605,87.6609267602548,87.6609267602548,NA,NA
"horizontal","",NA,17,"60r_00019_waggle_annotations.csv",-0.913811548620257,-0.406138466053448,220.998881493835,72.9636074807429,"ok",791,953,"direct calibration",-21.27,"horizontal","20250120/00019.mp4",20250120,"60r_00019__20250120","60r",NA,NA,NA,NA,NA,1.27345518467173,72.9636074807429,72.9636074807429,NA,NA
"horizontal","",NA,18,"60r_00019_waggle_annotations.csv",-0.907008967748432,-0.421111306454629,220.998881493835,73.9058873142599,"ok",829,960,"direct calibration",-21.27,"horizontal","20250120/00019.mp4",20250120,"60r_00019__20250120","60r",NA,NA,NA,NA,NA,1.28990107024174,73.9058873142599,73.9058873142599,NA,NA
"horizontal","",NA,19,"60r_00019_waggle_annotations.csv",-0.789352217376326,-0.61394061351492,220.998881493835,86.8761021572629,"ok",769,889,"direct calibration",-21.27,"horizontal","20250120/00019.mp4",20250120,"60r_00019__20250120","60r",NA,NA,NA,NA,NA,1.51627402394319,86.8761021572629,86.8761021572629,NA,NA
"horizontal","",NA,20,"60r_00019_waggle_annotations.csv",-0.707106781186548,-0.707106781186548,220.998881493835,94.0011185061647,"ok",747,906,"direct calibration",-21.27,"horizontal","20250120/00019.mp4",20250120,"60r_00019__20250120","60r",NA,NA,NA,NA,NA,1.64062901848995,94.0011185061647,94.0011185061647,NA,NA
"horizontal","",NA,21,"60r_00019_waggle_annotations.csv",-0.707106781186547,-0.707106781186547,220.998881493835,94.0011185061647,"ok",784,925,"direct calibration",-21.27,"horizontal","20250120/00019.mp4",20250120,"60r_00019__20250120","60r",NA,NA,NA,NA,NA,1.64062901848995,94.0011185061647,94.0011185061647,NA,NA
"horizontal","",NA,22,"60r_00019_waggle_annotations.csv",-0.890761869708233,-0.454470341687874,220.998881493835,76.0319787660077,"ok",785,876,"direct calibration",-21.27,"horizontal","20250120/00019.mp4",20250120,"60r_00019__20250120","60r",NA,NA,NA,NA,NA,1.32700836627325,76.0319787660077,76.0319787660077,NA,NA
"horizontal","",NA,23,"60r_00019_waggle_annotations.csv",-0.737154140200741,-0.675724628517346,220.998881493835,91.5115655841655,"ok",750,873,"direct calibration",-21.27,"horizontal","20250120/00019.mp4",20250120,"60r_00019__20250120","60r",NA,NA,NA,NA,NA,1.59717812309842,91.5115655841655,91.5115655841655,NA,NA
"horizontal","",NA,24,"60r_00019_waggle_annotations.csv",-0.904818702200994,-0.42579703632988,220.998881493835,74.2022421516398,"ok",750,868,"direct calibration",-21.27,"horizontal","20250120/00019.mp4",20250120,"60r_00019__20250120","60r",NA,NA,NA,NA,NA,1.29507343790824,74.2022421516398,74.2022421516398,NA,NA
"horizontal","",NA,25,"60r_00019_waggle_annotations.csv",-0.919145030018058,-0.393919298579168,220.998881493835,72.1997090198129,"ok",754,827,"direct calibration",-21.27,"horizontal","20250120/00019.mp4",20250120,"60r_00019__20250120","60r",NA,NA,NA,NA,NA,1.26012264137758,72.1997090198129,72.1997090198129,NA,NA
"horizontal","",NA,26,"60r_00019_waggle_annotations.csv",-0.877895572914384,-0.478852130680573,220.998881493835,77.6115781721299,"ok",766,865,"direct calibration",-21.27,"horizontal","20250120/00019.mp4",20250120,"60r_00019__20250120","60r",NA,NA,NA,NA,NA,1.35457757677263,77.6115781721299,77.6115781721299,NA,NA
"horizontal","",NA,27,"60r_00019_waggle_annotations.csv",-0.934487734928968,-0.355995327591988,220.998881493835,69.855576545743,"ok",915,912,"direct calibration",-21.27,"horizontal","20250120/00019.mp4",20250120,"60r_00019__20250120","60r",NA,NA,NA,NA,NA,1.21920981160214,69.855576545743,69.855576545743,NA,NA
"horizontal","",NA,28,"60r_00019_waggle_annotations.csv",-0.832050294337844,-0.554700196225229,220.998881493835,82.6911860321445,"ok",935,949,"direct calibration",-21.27,"horizontal","20250120/00019.mp4",20250120,"60r_00019__20250120","60r",NA,NA,NA,NA,NA,1.44323345864007,82.6911860321445,82.6911860321445,NA,NA
"horizontal","",NA,1,"69r_00016_waggle_annotations.csv",-0.824041924199368,-0.566528822887065,220.998881493835,83.5096414938331,"ok",966,884,"direct calibration",-21.27,"horizontal","20250120/00016.mp4",20250120,"69r_00016__20250120","69r",NA,NA,NA,NA,NA,1.45751820122746,83.5096414938331,83.5096414938331,NA,NA
"horizontal","",NA,2,"69r_00016_waggle_annotations.csv",-0.6,-0.8,220.998881493835,102.131220860321,"ok",950,885,"direct calibration",-21.27,"horizontal","20250120/00016.mp4",20250120,"69r_00016__20250120","69r",NA,NA,NA,NA,NA,1.78252607309411,102.131220860321,102.131220860321,NA,NA
"horizontal","",NA,3,"69r_00016_waggle_annotations.csv",-0.813733471206735,-0.581238193719096,220.998881493835,84.5387962981391,"ok",948,851,"direct calibration",-21.27,"horizontal","20250120/00016.mp4",20250120,"69r_00016__20250120","69r",NA,NA,NA,NA,NA,1.47548034107532,84.5387962981391,84.5387962981391,NA,NA
"horizontal","",NA,4,"69r_00016_waggle_annotations.csv",-0.997054485501581,-0.076696498884737,220.998881493835,53.3998238611602,"ok",941,841,"direct calibration",-21.27,"horizontal","20250120/00016.mp4",20250120,"69r_00016__20250120","69r",NA,NA,NA,NA,NA,0.932002746362277,53.3998238611602,53.3998238611602,NA,NA
"horizontal","",NA,5,"69r_00016_waggle_annotations.csv",-0.989949493661166,-0.14142135623731,220.998881493835,57.1312208603207,"ok",882,854,"direct calibration",-21.27,"horizontal","20250120/00016.mp4",20250120,"69r_00016__20250120","69r",NA,NA,NA,NA,NA,0.997127909696663,57.1312208603207,57.1312208603207,NA,NA
"horizontal","",NA,6,"69r_00016_waggle_annotations.csv",-0.894427190999916,-0.447213595499958,220.998881493835,75.5661696832427,"ok",901,745,"direct calibration",-21.27,"horizontal","20250120/00016.mp4",20250120,"69r_00016__20250120","69r",NA,NA,NA,NA,NA,1.31887846409331,75.5661696832427,75.5661696832427,NA,NA
"horizontal","",NA,7,"69r_00016_waggle_annotations.csv",-0.868243142124459,-0.496138938356834,220.998881493835,78.7459998031069,"ok",963,806,"direct calibration",-21.27,"horizontal","20250120/00016.mp4",20250120,"69r_00016__20250120","69r",NA,NA,NA,NA,NA,1.37437696933902,78.7459998031069,78.7459998031069,NA,NA
"horizontal","",NA,8,"69r_00016_waggle_annotations.csv",-0.877895572914384,-0.478852130680573,220.998881493835,77.6115781721299,"ok",912,765,"direct calibration",-21.27,"horizontal","20250120/00016.mp4",20250120,"69r_00016__20250120","69r",NA,NA,NA,NA,NA,1.35457757677263,77.6115781721299,77.6115781721299,NA,NA
"horizontal","",NA,9,"69r_00016_waggle_annotations.csv",-0.95577900872195,0.294085848837523,220.998881493835,31.8983895371123,"ok",930,877,"direct calibration",-21.27,"horizontal","20250120/00016.mp4",20250120,"69r_00016__20250120","69r",NA,NA,NA,NA,NA,0.55673192350632,31.8983895371123,31.8983895371123,NA,NA
"horizontal","",NA,10,"69r_00016_waggle_annotations.csv",-0.8,-0.6,220.998881493835,85.8710161520087,"ok",934,857,"direct calibration",-21.27,"horizontal","20250120/00016.mp4",20250120,"69r_00016__20250120","69r",NA,NA,NA,NA,NA,1.49873196388578,85.8710161520087,85.8710161520087,NA,NA
"horizontal","",NA,11,"69r_00016_waggle_annotations.csv",-0.928476690885259,-0.371390676354104,220.998881493835,70.8025279925165,"ok",890,855,"direct calibration",-21.27,"horizontal","20250120/00016.mp4",20250120,"69r_00016__20250120","69r",NA,NA,NA,NA,NA,1.23573723220486,70.8025279925165,70.8025279925165,NA,NA
"horizontal","",NA,1,"69r_00024_waggle_annotations.csv",-0.7926239891046,-0.609710760849692,220.998881493835,86.5697105349922,"ok",579,875,"direct calibration",-21.27,"horizontal","20250120/00024.mp4",20250120,"69r_00024__20250120","69r",NA,NA,NA,NA,NA,1.51092648133404,86.5697105349922,86.5697105349922,NA,NA
"horizontal","",NA,2,"69r_00024_waggle_annotations.csv",-0.78086880944303,-0.624695047554424,220.998881493835,87.6609267602548,"ok",562,904,"direct calibration",-21.27,"horizontal","20250120/00024.mp4",20250120,"69r_00024__20250120","69r",NA,NA,NA,NA,NA,1.52997179731605,87.6609267602548,87.6609267602548,NA,NA
"horizontal","",NA,3,"69r_00024_waggle_annotations.csv",-0.768221279597376,-0.64018439966448,220.998881493835,88.8066895984299,"ok",566,885,"direct calibration",-21.27,"horizontal","20250120/00024.mp4",20250120,"69r_00024__20250120","69r",NA,NA,NA,NA,NA,1.5499691312892,88.8066895984299,88.8066895984299,NA,NA
"horizontal","",NA,4,"69r_00024_waggle_annotations.csv",-0.821369965673296,-0.570395809495344,220.998881493835,83.7789498725286,"ok",596,877,"direct calibration",-21.27,"horizontal","20250120/00024.mp4",20250120,"69r_00024__20250120","69r",NA,NA,NA,NA,NA,1.46221851913891,83.7789498725286,83.7789498725286,NA,NA
"horizontal","",NA,5,"69r_00024_waggle_annotations.csv",-0.868243142124459,-0.496138938356834,220.998881493835,78.7459998031069,"ok",583,858,"direct calibration",-21.27,"horizontal","20250120/00024.mp4",20250120,"69r_00024__20250120","69r",NA,NA,NA,NA,NA,1.37437696933902,78.7459998031069,78.7459998031069,NA,NA
"horizontal","",NA,6,"69r_00024_waggle_annotations.csv",-0.882352941176471,-0.470588235294118,220.998881493835,77.0736054420177,"ok",581,875,"direct calibration",-21.27,"horizontal","20250120/00024.mp4",20250120,"69r_00024__20250120","69r",NA,NA,NA,NA,NA,1.34518818134623,77.0736054420177,77.0736054420177,NA,NA
"horizontal","",NA,7,"69r_00024_waggle_annotations.csv",-0.763386285369114,-0.645942241466174,220.998881493835,89.2374768154386,"ok",533,865,"direct calibration",-21.27,"horizontal","20250120/00024.mp4",20250120,"69r_00024__20250120","69r",NA,NA,NA,NA,NA,1.55748778660151,89.2374768154386,89.2374768154386,NA,NA
"horizontal","",NA,8,"69r_00024_waggle_annotations.csv",-0.877895572914384,-0.478852130680573,220.998881493835,77.6115781721299,"ok",510,881,"direct calibration",-21.27,"horizontal","20250120/00024.mp4",20250120,"69r_00024__20250120","69r",NA,NA,NA,NA,NA,1.35457757677263,77.6115781721299,77.6115781721299,NA,NA
"horizontal","",NA,9,"69r_00024_waggle_annotations.csv",-0.857492925712544,-0.514495755427526,220.998881493835,79.9648750382382,"ok",533,881,"direct calibration",-21.27,"horizontal","20250120/00024.mp4",20250120,"69r_00024__20250120","69r",NA,NA,NA,NA,NA,1.39565035536308,79.9648750382382,79.9648750382382,NA,NA
"horizontal","",NA,10,"69r_00024_waggle_annotations.csv",-0.855500079018233,-0.517802679405773,220.998881493835,80.1860931649031,"ok",514,898,"direct calibration",-21.27,"horizontal","20250120/00024.mp4",20250120,"69r_00024__20250120","69r",NA,NA,NA,NA,NA,1.39951134003848,80.1860931649031,80.1860931649031,NA,NA
"horizontal","",NA,11,"69r_00024_waggle_annotations.csv",-0.928476690885259,-0.371390676354104,220.998881493835,70.8025279925165,"ok",497,904,"direct calibration",-21.27,"horizontal","20250120/00024.mp4",20250120,"69r_00024__20250120","69r",NA,NA,NA,NA,NA,1.23573723220486,70.8025279925165,70.8025279925165,NA,NA
"horizontal","",NA,12,"69r_00024_waggle_annotations.csv",-0.806404995855705,-0.591363663627517,220.998881493835,85.2549562436095,"ok",529,888,"direct calibration",-21.27,"horizontal","20250120/00024.mp4",20250120,"69r_00024__20250120","69r",NA,NA,NA,NA,NA,1.48797969009468,85.2549562436095,85.2549562436095,NA,NA
"horizontal","",NA,13,"69r_00024_waggle_annotations.csv",-0.939793423488437,-0.341743063086704,220.998881493835,68.9842250280647,"ok",481,898,"direct calibration",-21.27,"horizontal","20250120/00024.mp4",20250120,"69r_00024__20250120","69r",NA,NA,NA,NA,NA,1.20400185867641,68.9842250280647,68.9842250280647,NA,NA
"horizontal","",NA,14,"69r_00024_waggle_annotations.csv",-0.832050294337844,-0.554700196225229,220.998881493835,82.6911860321445,"ok",487,833,"direct calibration",-21.27,"horizontal","20250120/00024.mp4",20250120,"69r_00024__20250120","69r",NA,NA,NA,NA,NA,1.44323345864007,82.6911860321445,82.6911860321445,NA,NA
"horizontal","",NA,15,"69r_00024_waggle_annotations.csv",-0.948683298050514,-0.316227766016838,220.998881493835,67.4360673290867,"ok",453,846,"direct calibration",-21.27,"horizontal","20250120/00024.mp4",20250120,"69r_00024__20250120","69r",NA,NA,NA,NA,NA,1.17698140948914,67.4360673290867,67.4360673290867,NA,NA
"horizontal","",NA,16,"69r_00024_waggle_annotations.csv",-0.98058067569092,-0.196116135138184,220.998881493835,60.3110509801849,"ok",436,823,"direct calibration",-21.27,"horizontal","20250120/00024.mp4",20250120,"69r_00024__20250120","69r",NA,NA,NA,NA,NA,1.05262641494238,60.311050980185,60.3110509801849,NA,NA
"horizontal","",NA,17,"69r_00024_waggle_annotations.csv",-0.948683298050514,-0.316227766016838,220.998881493835,67.4360673290867,"ok",436,862,"direct calibration",-21.27,"horizontal","20250120/00024.mp4",20250120,"69r_00024__20250120","69r",NA,NA,NA,NA,NA,1.17698140948914,67.4360673290867,67.4360673290867,NA,NA
"horizontal","",NA,18,"69r_00024_waggle_annotations.csv",-0.94299033358289,-0.332820117735137,220.998881493835,68.4411533343409,"ok",409,856,"direct calibration",-21.27,"horizontal","20250120/00024.mp4",20250120,"69r_00024__20250120","69r",NA,NA,NA,NA,NA,1.19452346954654,68.4411533343409,68.4411533343409,NA,NA
"horizontal","",NA,19,"69r_00024_waggle_annotations.csv",-0.93256809827409,-0.360994102557712,220.998881493835,70.162378322993,"ok",380,885,"direct calibration",-21.27,"horizontal","20250120/00024.mp4",20250120,"69r_00024__20250120","69r",NA,NA,NA,NA,NA,1.22456451276613,70.162378322993,70.162378322993,NA,NA
"horizontal","",NA,20,"69r_00024_waggle_annotations.csv",-0.93334560620306,-0.358979079308869,220.998881493835,70.0386295315865,"ok",370,844,"direct calibration",-21.27,"horizontal","20250120/00024.mp4",20250120,"69r_00024__20250120","69r",NA,NA,NA,NA,NA,1.22240468891072,70.0386295315865,70.0386295315865,NA,NA
"horizontal","",NA,21,"69r_00024_waggle_annotations.csv",-0.934487734928968,-0.355995327591988,220.998881493835,69.855576545743,"ok",296,875,"direct calibration",-21.27,"horizontal","20250120/00024.mp4",20250120,"69r_00024__20250120","69r",NA,NA,NA,NA,NA,1.21920981160214,69.855576545743,69.855576545743,NA,NA
"horizontal","",NA,22,"69r_00024_waggle_annotations.csv",-0.93334560620306,-0.358979079308869,220.998881493835,70.0386295315865,"ok",240,846,"direct calibration",-21.27,"horizontal","20250120/00024.mp4",20250120,"69r_00024__20250120","69r",NA,NA,NA,NA,NA,1.22240468891072,70.0386295315865,70.0386295315865,NA,NA
"horizontal","",NA,1,"69r_00041_waggle_annotations.csv",0.707106781186547,0.707106781186547,203.826150078578,291.173849921422,"only_one_annotation",1552,956,"direct calibration",-21.27,"horizontal","20250120/00041.mp4",20250120,"69r_00041__20250120","69r",NA,NA,NA,NA,NA,-1.20124293034295,-68.8261500785783,291.173849921422,NA,NA
"horizontal","",NA,2,"69r_00041_waggle_annotations.csv",0.707106781186547,0.707106781186547,203.826150078578,291.173849921422,"only_one_annotation",1636,956,"direct calibration",-21.27,"horizontal","20250120/00041.mp4",20250120,"69r_00041__20250120","69r",NA,NA,NA,NA,NA,-1.20124293034295,-68.8261500785783,291.173849921422,NA,NA
"horizontal","",NA,3,"69r_00041_waggle_annotations.csv",0.862697970097658,0.50571949971242,203.826150078578,276.55297593279,"only_one_annotation",1674,939,"direct calibration",-21.27,"horizontal","20250120/00041.mp4",20250120,"69r_00041__20250120","69r",NA,NA,NA,NA,NA,-1.45642532096376,-83.44702406721,276.55297593279,NA,NA
"horizontal","",NA,4,"69r_00041_waggle_annotations.csv",0.8,0.6,203.826150078578,283.043747567266,"only_one_annotation",1727,927,"direct calibration",-21.27,"horizontal","20250120/00041.mp4",20250120,"69r_00041__20250120","69r",NA,NA,NA,NA,NA,-1.34313998494711,-76.9562524327343,283.043747567266,NA,NA
"horizontal","",NA,1,"73b_00021_waggle_annotations.csv",-0.919145030018058,-0.393919298579168,220.998881493835,72.1997090198129,"ok",639,918,"direct calibration",-21.27,"horizontal","20250120/00021.mp4",20250120,"73b_00021__20250120","73b",NA,NA,NA,NA,NA,1.26012264137758,72.1997090198129,72.1997090198129,NA,NA
"horizontal","",NA,2,"73b_00021_waggle_annotations.csv",-0.911370599658675,-0.411586722426498,220.998881493835,73.3056677721014,"ok",641,930,"direct calibration",-21.27,"horizontal","20250120/00021.mp4",20250120,"73b_00021__20250120","73b",NA,NA,NA,NA,NA,1.27942526299627,73.3056677721014,73.3056677721014,NA,NA
"horizontal","",NA,3,"73b_00021_waggle_annotations.csv",-0.910366477462605,-0.413802944301184,220.998881493835,73.4450732865813,"ok",643,947,"direct calibration",-21.27,"horizontal","20250120/00021.mp4",20250120,"73b_00021__20250120","73b",NA,NA,NA,NA,NA,1.28185834821938,73.4450732865813,73.4450732865813,NA,NA
"horizontal","",NA,4,"73b_00021_waggle_annotations.csv",-0.868243142124459,-0.496138938356834,220.998881493835,78.7459998031069,"ok",735,932,"direct calibration",-21.27,"horizontal","20250120/00021.mp4",20250120,"73b_00021__20250120","73b",NA,NA,NA,NA,NA,1.37437696933902,78.7459998031069,78.7459998031069,NA,NA
"horizontal","",NA,5,"73b_00021_waggle_annotations.csv",-0.876215908676647,-0.481918749772156,220.998881493835,77.8119122491377,"ok",789,943,"direct calibration",-21.27,"horizontal","20250120/00021.mp4",20250120,"73b_00021__20250120","73b",NA,NA,NA,NA,NA,1.35807406602036,77.8119122491377,77.8119122491377,NA,NA
"horizontal","",NA,6,"73b_00021_waggle_annotations.csv",-0.851658316704544,-0.524097425664335,220.998881493835,80.6086207524136,"ok",708,928,"direct calibration",-21.27,"horizontal","20250120/00021.mp4",20250120,"73b_00021__20250120","73b",NA,NA,NA,NA,NA,1.40688583762105,80.6086207524136,80.6086207524136,NA,NA
"horizontal","",NA,7,"73b_00021_waggle_annotations.csv",-0.876812408671319,-0.480832611206852,220.998881493835,77.7409137978528,"ok",704,907,"direct calibration",-21.27,"horizontal","20250120/00021.mp4",20250120,"73b_00021__20250120","73b",NA,NA,NA,NA,NA,1.35683490928162,77.7409137978527,77.7409137978528,NA,NA
"horizontal","",NA,8,"73b_00021_waggle_annotations.csv",-0.832050294337844,-0.554700196225229,220.998881493835,82.6911860321445,"ok",691,936,"direct calibration",-21.27,"horizontal","20250120/00021.mp4",20250120,"73b_00021__20250120","73b",NA,NA,NA,NA,NA,1.44323345864007,82.6911860321445,82.6911860321445,NA,NA
"horizontal","",NA,9,"73b_00021_waggle_annotations.csv",-0.832050294337844,-0.554700196225229,220.998881493835,82.6911860321445,"ok",677,907,"direct calibration",-21.27,"horizontal","20250120/00021.mp4",20250120,"73b_00021__20250120","73b",NA,NA,NA,NA,NA,1.44323345864007,82.6911860321445,82.6911860321445,NA,NA
"horizontal","",NA,10,"73b_00021_waggle_annotations.csv",-0.978549784986749,0.206010481049842,220.998881493835,37.1124604665367,"ok",819,918,"direct calibration",-21.27,"horizontal","20250120/00021.mp4",20250120,"73b_00021__20250120","73b",NA,NA,NA,NA,NA,0.647734628657296,37.1124604665367,37.1124604665367,NA,NA
"horizontal","",NA,11,"73b_00021_waggle_annotations.csv",-0.851658316704544,-0.524097425664335,220.998881493835,80.6086207524136,"ok",725,913,"direct calibration",-21.27,"horizontal","20250120/00021.mp4",20250120,"73b_00021__20250120","73b",NA,NA,NA,NA,NA,1.40688583762105,80.6086207524136,80.6086207524136,NA,NA
"horizontal","",NA,12,"73b_00021_waggle_annotations.csv",-0.820905201785487,-0.5710644881986,220.998881493835,83.8256076631215,"ok",744,932,"direct calibration",-21.27,"horizontal","20250120/00021.mp4",20250120,"73b_00021__20250120","73b",NA,NA,NA,NA,NA,1.46303285120646,83.8256076631215,83.8256076631215,NA,NA
"horizontal","",NA,13,"73b_00021_waggle_annotations.csv",-0.874157276121538,-0.485642931178632,220.998881493835,78.0557226052419,"ok",714,886,"direct calibration",-21.27,"horizontal","20250120/00021.mp4",20250120,"73b_00021__20250120","73b",NA,NA,NA,NA,NA,1.36232935948484,78.0557226052419,78.0557226052419,NA,NA
"horizontal","",NA,14,"73b_00021_waggle_annotations.csv",-0.968277323709358,-0.24987801902177,220.998881493835,63.4714126062306,"ok",735,903,"direct calibration",-21.27,"horizontal","20250120/00021.mp4",20250120,"73b_00021__20250120","73b",NA,NA,NA,NA,NA,1.10778513087056,63.4714126062306,63.4714126062306,NA,NA
"horizontal","",NA,15,"73b_00021_waggle_annotations.csv",-0.961523947640823,-0.274721127897378,220.998881493835,64.9465144070876,"ok",754,903,"direct calibration",-21.27,"horizontal","20250120/00021.mp4",20250120,"73b_00021__20250120","73b",NA,NA,NA,NA,NA,1.13353051409761,64.9465144070876,64.9465144070876,NA,NA
"horizontal","",NA,16,"73b_00021_waggle_annotations.csv",-0.93256809827409,-0.360994102557712,220.998881493835,70.162378322993,"ok",735,934,"direct calibration",-21.27,"horizontal","20250120/00021.mp4",20250120,"73b_00021__20250120","73b",NA,NA,NA,NA,NA,1.22456451276613,70.162378322993,70.162378322993,NA,NA
"horizontal","",NA,17,"73b_00021_waggle_annotations.csv",-0.868243142124459,-0.496138938356834,220.998881493835,78.7459998031069,"ok",737,890,"direct calibration",-21.27,"horizontal","20250120/00021.mp4",20250120,"73b_00021__20250120","73b",NA,NA,NA,NA,NA,1.37437696933902,78.7459998031069,78.7459998031069,NA,NA
"horizontal","",NA,18,"73b_00021_waggle_annotations.csv",-0.939793423488437,-0.341743063086704,220.998881493835,68.9842250280647,"ok",681,890,"direct calibration",-21.27,"horizontal","20250120/00021.mp4",20250120,"73b_00021__20250120","73b",NA,NA,NA,NA,NA,1.20400185867641,68.9842250280647,68.9842250280647,NA,NA
"horizontal","",NA,19,"73b_00021_waggle_annotations.csv",-0.948683298050514,-0.316227766016838,220.998881493835,67.4360673290867,"ok",710,905,"direct calibration",-21.27,"horizontal","20250120/00021.mp4",20250120,"73b_00021__20250120","73b",NA,NA,NA,NA,NA,1.17698140948914,67.4360673290867,67.4360673290867,NA,NA
"horizontal","",NA,20,"73b_00021_waggle_annotations.csv",-0.903737838893539,-0.428086344739045,220.998881493835,74.3472944481114,"ok",689,899,"direct calibration",-21.27,"horizontal","20250120/00021.mp4",20250120,"73b_00021__20250120","73b",NA,NA,NA,NA,NA,1.29760507806924,74.3472944481114,74.3472944481114,NA,NA
"horizontal","",NA,21,"73b_00021_waggle_annotations.csv",-0.924678098474716,-0.380749805254295,220.998881493835,71.3812535581243,"ok",729,916,"direct calibration",-21.27,"horizontal","20250120/00021.mp4",20250120,"73b_00021__20250120","73b",NA,NA,NA,NA,NA,1.24583789879019,71.3812535581243,71.3812535581243,NA,NA
"horizontal","",NA,22,"73b_00021_waggle_annotations.csv",-0.87250601594972,-0.488603368931843,220.998881493835,78.2499448427117,"ok",777,936,"direct calibration",-21.27,"horizontal","20250120/00021.mp4",20250120,"73b_00021__20250120","73b",NA,NA,NA,NA,NA,1.36571917700928,78.2499448427117,78.2499448427117,NA,NA
"horizontal","",NA,23,"73b_00021_waggle_annotations.csv",-0.874157276121538,-0.485642931178632,220.998881493835,78.0557226052419,"ok",720,913,"direct calibration",-21.27,"horizontal","20250120/00021.mp4",20250120,"73b_00021__20250120","73b",NA,NA,NA,NA,NA,1.36232935948484,78.0557226052419,78.0557226052419,NA,NA
"horizontal","",NA,24,"73b_00021_waggle_annotations.csv",-0.894427190999916,-0.447213595499958,220.998881493835,75.5661696832427,"ok",716,916,"direct calibration",-21.27,"horizontal","20250120/00021.mp4",20250120,"73b_00021__20250120","73b",NA,NA,NA,NA,NA,1.31887846409331,75.5661696832427,75.5661696832427,NA,NA
"horizontal","",NA,25,"73b_00021_waggle_annotations.csv",-0.913811548620257,-0.406138466053448,220.998881493835,72.9636074807429,"ok",700,913,"direct calibration",-21.27,"horizontal","20250120/00021.mp4",20250120,"73b_00021__20250120","73b",NA,NA,NA,NA,NA,1.27345518467173,72.9636074807429,72.9636074807429,NA,NA
"horizontal","",NA,26,"73b_00021_waggle_annotations.csv",-0.862697970097658,-0.50571949971242,220.998881493835,79.380244517533,"ok",687,874,"direct calibration",-21.27,"horizontal","20250120/00021.mp4",20250120,"73b_00021__20250120","73b",NA,NA,NA,NA,NA,1.38544662786913,79.380244517533,79.380244517533,NA,NA
"horizontal","",NA,27,"73b_00021_waggle_annotations.csv",-0.904818702200994,-0.42579703632988,220.998881493835,74.2022421516398,"ok",687,886,"direct calibration",-21.27,"horizontal","20250120/00021.mp4",20250120,"73b_00021__20250120","73b",NA,NA,NA,NA,NA,1.29507343790824,74.2022421516398,74.2022421516398,NA,NA
"horizontal","",NA,28,"73b_00021_waggle_annotations.csv",-0.906183139995265,-0.422885465331124,220.998881493835,74.0180119842647,"ok",721,897,"direct calibration",-21.27,"horizontal","20250120/00021.mp4",20250120,"73b_00021__20250120","73b",NA,NA,NA,NA,NA,1.29185801490604,74.0180119842647,74.0180119842647,NA,NA
"horizontal","",NA,29,"73b_00021_waggle_annotations.csv",-0.982338566422475,-0.187112107889995,220.998881493835,59.7854163737273,"ok",675,901,"direct calibration",-21.27,"horizontal","20250120/00021.mp4",20250120,"73b_00021__20250120","73b",NA,NA,NA,NA,NA,1.04345236039727,59.7854163737273,59.7854163737273,NA,NA
"horizontal","",NA,30,"73b_00021_waggle_annotations.csv",-0.894427190999916,-0.447213595499958,220.998881493835,75.5661696832427,"ok",672,876,"direct calibration",-21.27,"horizontal","20250120/00021.mp4",20250120,"73b_00021__20250120","73b",NA,NA,NA,NA,NA,1.31887846409331,75.5661696832427,75.5661696832427,NA,NA
"horizontal","",NA,31,"73b_00021_waggle_annotations.csv",-0.999405999353588,-0.0344622758397789,220.998881493835,50.9760525170467,"ok",712,916,"direct calibration",-21.27,"horizontal","20250120/00021.mp4",20250120,"73b_00021__20250120","73b",NA,NA,NA,NA,NA,0.889699956092007,50.9760525170467,50.9760525170467,NA,NA
"horizontal","",NA,32,"73b_00021_waggle_annotations.csv",-0.86478894661009,-0.502135517386504,220.998881493835,79.1425040582401,"ok",741,886,"direct calibration",-21.27,"horizontal","20250120/00021.mp4",20250120,"73b_00021__20250120","73b",NA,NA,NA,NA,NA,1.38129727408926,79.1425040582401,79.1425040582401,NA,NA
"horizontal","",NA,33,"73b_00021_waggle_annotations.csv",-0.906183139995265,-0.422885465331124,220.998881493835,74.0180119842647,"ok",700,909,"direct calibration",-21.27,"horizontal","20250120/00021.mp4",20250120,"73b_00021__20250120","73b",NA,NA,NA,NA,NA,1.29185801490604,74.0180119842647,74.0180119842647,NA,NA
"horizontal","",NA,34,"73b_00021_waggle_annotations.csv",-0.857492925712544,-0.514495755427526,220.998881493835,79.9648750382382,"ok",716,863,"direct calibration",-21.27,"horizontal","20250120/00021.mp4",20250120,"73b_00021__20250120","73b",NA,NA,NA,NA,NA,1.39565035536308,79.9648750382382,79.9648750382382,NA,NA
"horizontal","",NA,35,"73b_00021_waggle_annotations.csv",-0.970142500145332,-0.242535625036333,220.998881493835,63.0373619740912,"ok",700,884,"direct calibration",-21.27,"horizontal","20250120/00021.mp4",20250120,"73b_00021__20250120","73b",NA,NA,NA,NA,NA,1.10020951821936,63.0373619740912,63.0373619740912,NA,NA
"horizontal","",NA,36,"73b_00021_waggle_annotations.csv",-0.928476690885259,-0.371390676354104,220.998881493835,70.8025279925165,"ok",679,905,"direct calibration",-21.27,"horizontal","20250120/00021.mp4",20250120,"73b_00021__20250120","73b",NA,NA,NA,NA,NA,1.23573723220486,70.8025279925165,70.8025279925165,NA,NA
"horizontal","",NA,1,"73b_00053_waggle_annotations.csv",-0.978549784986749,0.206010481049842,212.183522303019,45.9278196573529,"ok",900,866,"direct calibration",-21.27,"horizontal","20250120/00053.mp4",20250120,"73b_00053__20250120","73b",NA,NA,NA,NA,NA,0.801591671282982,45.9278196573529,45.9278196573529,NA,NA
"horizontal","",NA,2,"73b_00053_waggle_annotations.csv",-0.645942241466174,0.763386285369114,212.183522303019,8.05283600625472,"ok",906,921,"direct calibration",-21.27,"horizontal","20250120/00053.mp4",20250120,"73b_00053__20250120","73b",NA,NA,NA,NA,NA,0.140548502432296,8.05283600625472,8.05283600625472,NA,NA
"horizontal","",NA,3,"73b_00053_waggle_annotations.csv",-0.993150604322876,0.116841247567397,212.183522303019,51.106640889224,"ok",914,906,"direct calibration",-21.27,"horizontal","20250120/00053.mp4",20250120,"73b_00053__20250120","73b",NA,NA,NA,NA,NA,0.891979153151321,51.106640889224,51.106640889224,NA,NA
"horizontal","",NA,4,"73b_00053_waggle_annotations.csv",-0.894427190999916,0.447213595499958,212.183522303019,31.2514265199029,"ok",855,889,"direct calibration",-21.27,"horizontal","20250120/00053.mp4",20250120,"73b_00053__20250120","73b",NA,NA,NA,NA,NA,0.545440288717379,31.2514265199029,31.2514265199029,NA,NA
"horizontal","",NA,1,"73b_00057_waggle_annotations.csv",-0.936329177569045,0.351123441588392,212.183522303019,37.2604324773974,"ok",952,889,"direct calibration",-21.27,"horizontal","20250120/00057.mp4",20250120,"73b_00057__20250120","73b",NA,NA,NA,NA,NA,0.650317227447613,37.2604324773975,37.2604324773974,NA,NA
"horizontal","",NA,2,"73b_00057_waggle_annotations.csv",-0.936329177569045,0.351123441588392,212.183522303019,37.2604324773974,"ok",969,908,"direct calibration",-21.27,"horizontal","20250120/00057.mp4",20250120,"73b_00057__20250120","73b",NA,NA,NA,NA,NA,0.650317227447613,37.2604324773975,37.2604324773974,NA,NA
"horizontal","",NA,3,"73b_00057_waggle_annotations.csv",-0.514495755427527,0.857492925712544,212.183522303019,358.780234229054,"ok",944,905,"direct calibration",-21.27,"horizontal","20250120/00057.mp4",20250120,"73b_00057__20250120","73b",NA,NA,NA,NA,NA,-0.0212889288061267,-1.21976577094554,358.780234229054,NA,NA
"horizontal","",NA,4,"73b_00057_waggle_annotations.csv",-0.919145030018058,0.393919298579168,212.183522303019,34.6178871833327,"ok",988,862,"direct calibration",-21.27,"horizontal","20250120/00057.mp4",20250120,"73b_00057__20250120","73b",NA,NA,NA,NA,NA,0.604196111433102,34.6178871833327,34.6178871833327,NA,NA
"horizontal","",NA,5,"73b_00057_waggle_annotations.csv",-0.832050294337844,0.554700196225229,212.183522303019,24.1264101710011,"ok",955,876,"direct calibration",-21.27,"horizontal","20250120/00057.mp4",20250120,"73b_00057__20250120","73b",NA,NA,NA,NA,NA,0.421085294170618,24.1264101710011,24.1264101710011,NA,NA
"horizontal","",NA,6,"73b_00057_waggle_annotations.csv",-0.901523057468274,0.432731067584771,212.183522303019,32.1754718726756,"ok",937,867,"direct calibration",-21.27,"horizontal","20250120/00057.mp4",20250120,"73b_00057__20250120","73b",NA,NA,NA,NA,NA,0.561567922561015,32.1754718726756,32.1754718726756,NA,NA
"horizontal","",NA,7,"73b_00057_waggle_annotations.csv",-0.906183139995265,0.422885465331124,212.183522303019,32.7995842188809,"ok",960,865,"direct calibration",-21.27,"horizontal","20250120/00057.mp4",20250120,"73b_00057__20250120","73b",NA,NA,NA,NA,NA,0.572460737904644,32.7995842188809,32.7995842188809,NA,NA
"horizontal","",NA,8,"73b_00057_waggle_annotations.csv",-0.988371697650617,0.152057184253941,212.183522303019,49.0703154344257,"ok",939,811,"direct calibration",-21.27,"horizontal","20250120/00057.mp4",20250120,"73b_00057__20250120","73b",NA,NA,NA,NA,NA,0.85643856932292,49.0703154344257,49.0703154344257,NA,NA
"horizontal","",NA,9,"73b_00057_waggle_annotations.csv",-0.978980419737605,0.203954254112001,212.183522303019,46.0481887649603,"ok",934,825,"direct calibration",-21.27,"horizontal","20250120/00057.mp4",20250120,"73b_00057__20250120","73b",NA,NA,NA,NA,NA,0.803692508528418,46.0481887649603,46.0481887649603,NA,NA
"horizontal","",NA,10,"73b_00057_waggle_annotations.csv",-0.957826285221151,0.287347885566345,212.183522303019,41.1172334629873,"ok",944,846,"direct calibration",-21.27,"horizontal","20250120/00057.mp4",20250120,"73b_00057__20250120","73b",NA,NA,NA,NA,NA,0.717631103240318,41.1172334629873,41.1172334629873,NA,NA
"horizontal","",NA,11,"73b_00057_waggle_annotations.csv",-0.994337832926775,0.106265111915839,212.183522303019,51.7164177366592,"ok",932,803,"direct calibration",-21.27,"horizontal","20250120/00057.mp4",20250120,"73b_00057__20250120","73b",NA,NA,NA,NA,NA,0.902621766841497,51.7164177366592,51.7164177366592,NA,NA
"horizontal","",NA,12,"73b_00057_waggle_annotations.csv",-0.98058067569092,0.196116135138184,212.183522303019,46.5065452229607,"ok",967,808,"direct calibration",-21.27,"horizontal","20250120/00057.mp4",20250120,"73b_00057__20250120","73b",NA,NA,NA,NA,NA,0.811692337868304,46.5065452229607,46.5065452229607,NA,NA
"horizontal","",NA,13,"73b_00057_waggle_annotations.csv",-0.941741911594837,0.336336396998156,212.183522303019,38.1626536389276,"ok",974,800,"direct calibration",-21.27,"horizontal","20250120/00057.mp4",20250120,"73b_00057__20250120","73b",NA,NA,NA,NA,NA,0.666063957297482,38.1626536389276,38.1626536389276,NA,NA
"horizontal","",NA,14,"73b_00057_waggle_annotations.csv",-0.990830168044299,0.135113204733313,212.183522303019,50.0513116785555,"ok",988,810,"direct calibration",-21.27,"horizontal","20250120/00057.mp4",20250120,"73b_00057__20250120","73b",NA,NA,NA,NA,NA,0.873560183732684,50.0513116785556,50.0513116785555,NA,NA
"horizontal","",NA,15,"73b_00057_waggle_annotations.csv",-1,0,212.183522303019,57.8164776969809,"ok",991,824,"direct calibration",-21.27,"horizontal","20250120/00057.mp4",20250120,"73b_00057__20250120","73b",NA,NA,NA,NA,NA,1.00908789771819,57.8164776969809,57.8164776969809,NA,NA
"horizontal","",NA,16,"73b_00057_waggle_annotations.csv",-1,0,212.183522303019,57.8164776969809,"ok",940,784,"direct calibration",-21.27,"horizontal","20250120/00057.mp4",20250120,"73b_00057__20250120","73b",NA,NA,NA,NA,NA,1.00908789771819,57.8164776969809,57.8164776969809,NA,NA
"horizontal","",NA,17,"73b_00057_waggle_annotations.csv",-1,0,212.183522303019,57.8164776969809,"ok",952,794,"direct calibration",-21.27,"horizontal","20250120/00057.mp4",20250120,"73b_00057__20250120","73b",NA,NA,NA,NA,NA,1.00908789771819,57.8164776969809,57.8164776969809,NA,NA
"horizontal","",NA,18,"73b_00057_waggle_annotations.csv",-0.999133073092352,0.0416305447121813,212.183522303019,55.4305336665921,"ok",982,800,"direct calibration",-21.27,"horizontal","20250120/00057.mp4",20250120,"73b_00057__20250120","73b",NA,NA,NA,NA,NA,0.967445318619597,55.4305336665921,55.4305336665921,NA,NA
"horizontal","",NA,19,"73b_00057_waggle_annotations.csv",-1,0,212.183522303019,57.8164776969809,"ok",955,813,"direct calibration",-21.27,"horizontal","20250120/00057.mp4",20250120,"73b_00057__20250120","73b",NA,NA,NA,NA,NA,1.00908789771819,57.8164776969809,57.8164776969809,NA,NA
"horizontal","",NA,1,"84b_00052_waggle_annotations.csv",-0.95577900872195,-0.294085848837523,212.183522303019,74.9192066660333,"ok",1228,805,"direct calibration",-21.27,"horizontal","20250120/00052.mp4",20250120,"84b_00052__20250120","84b",NA,NA,NA,NA,NA,1.30758682930436,74.9192066660333,74.9192066660333,NA,NA
"horizontal","",NA,2,"84b_00052_waggle_annotations.csv",-0.993150604322876,-0.116841247567397,212.183522303019,64.5263145047378,"ok",1148,765,"direct calibration",-21.27,"horizontal","20250120/00052.mp4",20250120,"84b_00052__20250120","84b",NA,NA,NA,NA,NA,1.12619664228505,64.5263145047378,64.5263145047378,NA,NA
"horizontal","",NA,3,"84b_00052_waggle_annotations.csv",-0.919145030018058,-0.393919298579168,212.183522303019,81.0150682106291,"ok",1146,819,"direct calibration",-21.27,"horizontal","20250120/00052.mp4",20250120,"84b_00052__20250120","84b",NA,NA,NA,NA,NA,1.41397968400327,81.0150682106291,81.0150682106291,NA,NA
"horizontal","",NA,4,"84b_00052_waggle_annotations.csv",-0.993150604322876,-0.116841247567397,212.183522303019,64.5263145047378,"ok",1112,832,"direct calibration",-21.27,"horizontal","20250120/00052.mp4",20250120,"84b_00052__20250120","84b",NA,NA,NA,NA,NA,1.12619664228505,64.5263145047378,64.5263145047378,NA,NA
"horizontal","",NA,5,"84b_00052_waggle_annotations.csv",-0.972387301980517,-0.233372952475324,212.183522303019,71.3122109777767,"ok",1099,849,"direct calibration",-21.27,"horizontal","20250120/00052.mp4",20250120,"84b_00052__20250120","84b",NA,NA,NA,NA,NA,1.24463287843905,71.3122109777767,71.3122109777767,NA,NA
"horizontal","",NA,6,"84b_00052_waggle_annotations.csv",-1,0,212.183522303019,57.8164776969809,"ok",1043,876,"direct calibration",-21.27,"horizontal","20250120/00052.mp4",20250120,"84b_00052__20250120","84b",NA,NA,NA,NA,NA,1.00908789771819,57.8164776969809,57.8164776969809,NA,NA
"horizontal","",NA,7,"84b_00052_waggle_annotations.csv",-0.650791373455968,-0.759256602365297,212.183522303019,107.215183051976,"ok",1059,847,"direct calibration",-21.27,"horizontal","20250120/00052.mp4",20250120,"84b_00052__20250120","84b",NA,NA,NA,NA,NA,1.87125795238541,107.215183051976,107.215183051976,NA,NA
"horizontal","",NA,1,"88b_00015_waggle_annotations.csv",-0.514495755427526,-0.857492925712544,220.998881493835,108.037361974091,"ok",686,914,"direct calibration",-21.27,"horizontal","20250120/00015.mp4",20250120,"88b_00015__20250120","88b",NA,NA,NA,NA,NA,1.88560768161681,108.037361974091,108.037361974091,NA,NA
"horizontal","",NA,2,"88b_00015_waggle_annotations.csv",-0.447213595499958,-0.894427190999916,220.998881493835,112.436067329087,"ok",716,863,"direct calibration",-21.27,"horizontal","20250120/00015.mp4",20250120,"88b_00015__20250120","88b",NA,NA,NA,NA,NA,1.96237957288659,112.436067329087,112.436067329087,NA,NA
"horizontal","",NA,3,"88b_00015_waggle_annotations.csv",-0.485642931178632,-0.874157276121538,220.998881493835,109.946514407088,"ok",712,882,"direct calibration",-21.27,"horizontal","20250120/00015.mp4",20250120,"88b_00015__20250120","88b",NA,NA,NA,NA,NA,1.91892867749506,109.946514407088,109.946514407088,NA,NA
"horizontal","",NA,1,"88b_00017_waggle_annotations.csv",-0.64764842009554,-0.761939317759459,220.998881493835,98.6365819330673,"ok",1389,866,"direct calibration",-21.27,"horizontal","20250120/00017.mp4",20250120,"88b_00017__20250120","88b",NA,NA,NA,NA,NA,1.72153311764518,98.6365819330673,98.6365819330673,NA,NA
"horizontal","",NA,2,"88b_00017_waggle_annotations.csv",-1,0,220.998881493835,49.0011185061647,"ok",1428,863,"direct calibration",-21.27,"horizontal","20250120/00017.mp4",20250120,"88b_00017__20250120","88b",NA,NA,NA,NA,NA,0.8552308550925,49.0011185061647,49.0011185061647,NA,NA
"horizontal","",NA,3,"88b_00017_waggle_annotations.csv",-0.874157276121538,-0.485642931178632,220.998881493835,78.0557226052419,"ok",1430,909,"direct calibration",-21.27,"horizontal","20250120/00017.mp4",20250120,"88b_00017__20250120","88b",NA,NA,NA,NA,NA,1.36232935948484,78.0557226052419,78.0557226052419,NA,NA
"horizontal","",NA,1,"92w_00057_waggle_annotations.csv",-0.982872186934322,-0.184288535050185,212.183522303019,68.436132973136,"ok",931,844,"direct calibration",-21.27,"horizontal","20250120/00057.mp4",20250120,"92w_00057__20250120","92w",NA,NA,NA,NA,NA,1.19443584771388,68.436132973136,68.436132973136,NA,NA
"horizontal","",NA,2,"92w_00057_waggle_annotations.csv",-1,0,212.183522303019,57.8164776969809,"ok",942,789,"direct calibration",-21.27,"horizontal","20250120/00057.mp4",20250120,"92w_00057__20250120","92w",NA,NA,NA,NA,NA,1.00908789771819,57.8164776969809,57.8164776969809,NA,NA
"horizontal","",NA,3,"92w_00057_waggle_annotations.csv",-0.999168053100577,-0.0407823695143093,212.183522303019,60.1537835561047,"ok",209,870,"direct calibration",-21.27,"horizontal","20250120/00057.mp4",20250120,"92w_00057__20250120","92w",NA,NA,NA,NA,NA,1.04988158058605,60.1537835561047,60.1537835561047,NA,NA
"horizontal","",NA,4,"92w_00057_waggle_annotations.csv",-0.832050294337844,0.554700196225229,212.183522303019,24.1264101710011,"ok",195,891,"direct calibration",-21.27,"horizontal","20250120/00057.mp4",20250120,"92w_00057__20250120","92w",NA,NA,NA,NA,NA,0.421085294170618,24.1264101710011,24.1264101710011,NA,NA
"horizontal","",NA,5,"92w_00057_waggle_annotations.csv",-0.985460115744348,0.169906916507646,212.183522303019,48.0340706651736,"ok",154,857,"direct calibration",-21.27,"horizontal","20250120/00057.mp4",20250120,"92w_00057__20250120","92w",NA,NA,NA,NA,NA,0.838352686242902,48.0340706651736,48.0340706651736,NA,NA
"horizontal","",NA,6,"92w_00057_waggle_annotations.csv",-0.992277876713668,0.124034734589208,212.183522303019,50.6914613480791,"ok",254,891,"direct calibration",-21.27,"horizontal","20250120/00057.mp4",20250120,"92w_00057__20250120","92w",NA,NA,NA,NA,NA,0.884732903171424,50.6914613480791,50.6914613480791,NA,NA
"horizontal","",NA,7,"92w_00057_waggle_annotations.csv",-0.894427190999916,0.447213595499958,212.183522303019,31.2514265199029,"ok",228,903,"direct calibration",-21.27,"horizontal","20250120/00057.mp4",20250120,"92w_00057__20250120","92w",NA,NA,NA,NA,NA,0.545440288717379,31.2514265199029,31.2514265199029,NA,NA
"horizontal","",NA,8,"92w_00057_waggle_annotations.csv",-0.983869910099907,0.178885438199983,212.183522303019,47.5116312282149,"ok",185,884,"direct calibration",-21.27,"horizontal","20250120/00057.mp4",20250120,"92w_00057__20250120","92w",NA,NA,NA,NA,NA,0.829234397925707,47.5116312282149,47.5116312282149,NA,NA
"horizontal","",NA,9,"92w_00057_waggle_annotations.csv",-0.997054485501581,-0.076696498884737,212.183522303019,62.2151830519764,"ok",157,852,"direct calibration",-21.27,"horizontal","20250120/00057.mp4",20250120,"92w_00057__20250120","92w",NA,NA,NA,NA,NA,1.08585978898796,62.2151830519764,62.2151830519764,NA,NA
"horizontal","",NA,10,"92w_00057_waggle_annotations.csv",-1,0,212.183522303019,57.8164776969809,"ok",162,844,"direct calibration",-21.27,"horizontal","20250120/00057.mp4",20250120,"92w_00057__20250120","92w",NA,NA,NA,NA,NA,1.00908789771819,57.8164776969809,57.8164776969809,NA,NA
"horizontal","",NA,11,"92w_00057_waggle_annotations.csv",-0.98058067569092,0.196116135138184,212.183522303019,46.5065452229607,"ok",133,811,"direct calibration",-21.27,"horizontal","20250120/00057.mp4",20250120,"92w_00057__20250120","92w",NA,NA,NA,NA,NA,0.811692337868304,46.5065452229607,46.5065452229607,NA,NA
"horizontal","",NA,12,"92w_00057_waggle_annotations.csv",-0.95447997803503,0.298274993135947,212.183522303019,40.4624530607196,"ok",138,744,"direct calibration",-21.27,"horizontal","20250120/00057.mp4",20250120,"92w_00057__20250120","92w",NA,NA,NA,NA,NA,0.706203029343214,40.4624530607196,40.4624530607196,NA,NA
"horizontal","",NA,1,"94w_00015_waggle_annotations.csv",-0.507020126563394,-0.861934215157769,220.998881493835,108.535573586705,"ok",587,858,"direct calibration",-21.27,"horizontal","20250120/00015.mp4",20250120,"94w_00015__20250120","94w",NA,NA,NA,NA,NA,1.89430311462859,108.535573586705,108.535573586705,NA,NA
"horizontal","",NA,2,"94w_00015_waggle_annotations.csv",-0.569209978830308,-0.822192191643779,220.998881493835,104.305964974931,"ok",601,835,"direct calibration",-21.27,"horizontal","20250120/00015.mp4",20250120,"94w_00015__20250120","94w",NA,NA,NA,NA,NA,1.82048251828243,104.305964974931,104.305964974931,NA,NA
"horizontal","",NA,3,"94w_00015_waggle_annotations.csv",-0.885831535280155,0.464006994670558,220.998881493835,21.355143142426,"ok",505,776,"direct calibration",-21.27,"horizontal","20250120/00015.mp4",20250120,"94w_00015__20250120","94w",NA,NA,NA,NA,NA,0.372717560070023,21.355143142426,21.355143142426,NA,NA
"horizontal","",NA,4,"94w_00015_waggle_annotations.csv",-0.74740931868366,-0.66436383882992,220.998881493835,90.6346578427349,"ok",473,813,"direct calibration",-21.27,"horizontal","20250120/00015.mp4",20250120,"94w_00015__20250120","94w",NA,NA,NA,NA,NA,1.58187319577423,90.6346578427349,90.6346578427349,NA,NA
"horizontal","",NA,5,"94w_00015_waggle_annotations.csv",-0.894427190999916,-0.447213595499958,220.998881493835,75.5661696832427,"ok",476,827,"direct calibration",-21.27,"horizontal","20250120/00015.mp4",20250120,"94w_00015__20250120","94w",NA,NA,NA,NA,NA,1.31887846409331,75.5661696832427,75.5661696832427,NA,NA
"horizontal","",NA,6,"94w_00015_waggle_annotations.csv",-0.554700196225229,-0.832050294337844,220.998881493835,105.311050980185,"ok",397,787,"direct calibration",-21.27,"horizontal","20250120/00015.mp4",20250120,"94w_00015__20250120","94w",NA,NA,NA,NA,NA,1.83802457833983,105.311050980185,105.311050980185,NA,NA
"horizontal","",NA,7,"94w_00015_waggle_annotations.csv",-0.654930538417842,-0.755689082789818,220.998881493835,98.0867352861396,"ok",480,832,"direct calibration",-21.27,"horizontal","20250120/00015.mp4",20250120,"94w_00015__20250120","94w",NA,NA,NA,NA,NA,1.71193648327524,98.0867352861396,98.0867352861396,NA,NA
"horizontal","",NA,8,"94w_00015_waggle_annotations.csv",-1,0,220.998881493835,49.0011185061647,"ok",476,762,"direct calibration",-21.27,"horizontal","20250120/00015.mp4",20250120,"94w_00015__20250120","94w",NA,NA,NA,NA,NA,0.8552308550925,49.0011185061647,49.0011185061647,NA,NA
"horizontal","",NA,9,"94w_00015_waggle_annotations.csv",-0.470588235294118,-0.882352941176471,220.998881493835,110.928631570312,"ok",424,757,"direct calibration",-21.27,"horizontal","20250120/00015.mp4",20250120,"94w_00015__20250120","94w",NA,NA,NA,NA,NA,1.93606985563367,110.928631570312,110.928631570312,NA,NA
"horizontal","",NA,10,"94w_00015_waggle_annotations.csv",-0.768221279597376,0.64018439966448,220.998881493835,9.1955474138995,"ok",407,748,"direct calibration",-21.27,"horizontal","20250120/00015.mp4",20250120,"94w_00015__20250120","94w",NA,NA,NA,NA,NA,0.160492578895796,9.1955474138995,9.1955474138995,NA,NA
"horizontal","",NA,1,"22b_00025_waggle_annotations.csv",-0.735169381880594,-0.677883456019768,209.833042857156,102.845426553011,"ok",870,633,"direct calibration",-21.27,"horizontal","20250121/00025.mp4",20250121,"22b_00025__20250121","22b",NA,NA,NA,NA,NA,1.79499131396805,102.845426553011,102.845426553011,NA,NA
"horizontal","",NA,2,"22b_00025_waggle_annotations.csv",0.107481842980092,-0.994207047565849,209.833042857156,156.337132237874,"ok",771,621,"direct calibration",-21.27,"horizontal","20250121/00025.mp4",20250121,"22b_00025__20250121","22b",NA,NA,NA,NA,NA,2.72859770067667,156.337132237874,156.337132237874,NA,NA
"horizontal","",NA,3,"22b_00025_waggle_annotations.csv",-0.829722110200009,-0.55817669231637,209.833042857156,94.0967545649048,"ok",753,601,"direct calibration",-21.27,"horizontal","20250121/00025.mp4",20250121,"22b_00025__20250121","22b",NA,NA,NA,NA,NA,1.64229818259859,94.0967545649048,94.0967545649048,NA,NA
"horizontal","",NA,4,"22b_00025_waggle_annotations.csv",-0.995893206467704,-0.0905357460425185,209.833042857156,65.3613860505789,"ok",890,445,"direct calibration",-21.27,"horizontal","20250121/00025.mp4",20250121,"22b_00025__20250121","22b",NA,NA,NA,NA,NA,1.1407713902497,65.3613860505789,65.3613860505789,NA,NA
"horizontal","",NA,5,"22b_00025_waggle_annotations.csv",-0.461934418836969,-0.886914084166979,209.833042857156,122.654954518993,"ok",886,406,"direct calibration",-21.27,"horizontal","20250121/00025.mp4",20250121,"22b_00025__20250121","22b",NA,NA,NA,NA,NA,2.14073280024032,122.654954518993,122.654954518993,NA,NA
"horizontal","",NA,6,"22b_00025_waggle_annotations.csv",-0.818556692462413,-0.57442574909643,209.833042857156,95.2263841097311,"ok",897,279,"direct calibration",-21.27,"horizontal","20250121/00025.mp4",20250121,"22b_00025__20250121","22b",NA,NA,NA,NA,NA,1.66201393748362,95.2263841097311,95.2263841097311,NA,NA
"horizontal","",NA,7,"22b_00025_waggle_annotations.csv",-0.610228009432296,-0.79222583680684,209.833042857156,112.560965785442,"ok",911,200,"direct calibration",-21.27,"horizontal","20250121/00025.mp4",20250121,"22b_00025__20250121","22b",NA,NA,NA,NA,NA,1.96455946218066,112.560965785442,112.560965785442,NA,NA
"horizontal","",NA,8,"22b_00025_waggle_annotations.csv",-0.725952683905827,-0.687744647910783,209.833042857156,103.618799443866,"ok",937,226,"direct calibration",-21.27,"horizontal","20250121/00025.mp4",20250121,"22b_00025__20250121","22b",NA,NA,NA,NA,NA,1.80848921725913,103.618799443866,103.618799443866,NA,NA
"horizontal","",NA,9,"22b_00025_waggle_annotations.csv",-0.360994102557712,-0.93256809827409,209.833042857156,129.005697326016,"ok",887,199,"direct calibration",-21.27,"horizontal","20250121/00025.mp4",20250121,"22b_00025__20250121","22b",NA,NA,NA,NA,NA,2.25157417217022,129.005697326016,129.005697326016,NA,NA
"horizontal","",NA,10,"22b_00025_waggle_annotations.csv",-0.266586054538395,-0.963811120254198,209.833042857156,134.705739402402,"ok",865,216,"direct calibration",-21.27,"horizontal","20250121/00025.mp4",20250121,"22b_00025__20250121","22b",NA,NA,NA,NA,NA,2.35105867390538,134.705739402402,134.705739402402,NA,NA
"horizontal","",NA,11,"22b_00025_waggle_annotations.csv",-0.299340074537325,-0.954146487587723,209.833042857156,132.748986350641,"ok",843,193,"direct calibration",-21.27,"horizontal","20250121/00025.mp4",20250121,"22b_00025__20250121","22b",NA,NA,NA,NA,NA,2.3169068905037,132.748986350641,132.748986350641,NA,NA
"horizontal","",NA,1,"87r_00021_waggle_annotations.csv",0.524747890048042,-0.851257688300157,209.833042857156,181.818230029557,"ok",1265,807,"direct calibration",-21.27,"horizontal","20250121/00021.mp4",20250121,"87r_00021__20250121","87r",NA,NA,NA,NA,NA,-3.10985855301539,-178.181769970443,181.818230029557,NA,NA
"horizontal","",NA,2,"87r_00021_waggle_annotations.csv",0.679764665159936,-0.733430296619931,209.833042857156,192.992213028234,"ok",1332,848,"direct calibration",-21.27,"horizontal","20250121/00021.mp4",20250121,"87r_00021__20250121","87r",NA,NA,NA,NA,NA,-2.91483575912661,-167.007786971766,192.992213028234,NA,NA
"horizontal","",NA,3,"87r_00021_waggle_annotations.csv",0.404747112057765,-0.914428660574951,209.833042857156,174.042237996772,"ok",1312,801,"direct calibration",-21.27,"horizontal","20250121/00021.mp4",20250121,"87r_00021__20250121","87r",NA,NA,NA,NA,NA,3.03761009058325,174.042237996772,174.042237996772,NA,NA
"horizontal","",NA,4,"87r_00021_waggle_annotations.csv",0.358979079308869,-0.93334560620306,209.833042857156,171.204468168266,"ok",1377,832,"direct calibration",-21.27,"horizontal","20250121/00021.mp4",20250121,"87r_00021__20250121","87r",NA,NA,NA,NA,NA,2.98808166366207,171.204468168266,171.204468168266,NA,NA
"horizontal","",NA,5,"87r_00021_waggle_annotations.csv",0.638572469597315,-0.769561694130098,209.833042857156,189.852411472899,"ok",1420,796,"direct calibration",-21.27,"horizontal","20250121/00021.mp4",20250121,"87r_00021__20250121","87r",NA,NA,NA,NA,NA,-2.96963563412643,-170.147588527101,189.852411472899,NA,NA
"horizontal","",NA,6,"87r_00021_waggle_annotations.csv",0.721988205115424,-0.691905363235615,209.833042857156,196.385832377975,"ok",1428,832,"direct calibration",-21.27,"horizontal","20250121/00021.mp4",20250121,"87r_00021__20250121","87r",NA,NA,NA,NA,NA,-2.85560592791423,-163.614167622025,196.385832377975,NA,NA
"horizontal","",NA,7,"87r_00021_waggle_annotations.csv",0.68394112888133,-0.729537204140085,209.833042857156,193.31934687685,"ok",1441,802,"direct calibration",-21.27,"horizontal","20250121/00021.mp4",20250121,"87r_00021__20250121","87r",NA,NA,NA,NA,NA,-2.90912619637354,-166.68065312315,193.31934687685,NA,NA
"horizontal","",NA,8,"87r_00021_waggle_annotations.csv",0.611447501075765,-0.791285001392167,209.833042857156,187.861197609533,"ok",1387,846,"direct calibration",-21.27,"horizontal","20250121/00021.mp4",20250121,"87r_00021__20250121","87r",NA,NA,NA,NA,NA,-3.00438887215353,-172.138802390467,187.861197609533,NA,NA
"horizontal","",NA,9,"87r_00021_waggle_annotations.csv",0.0712470499879096,-0.997458699830735,209.833042857156,154.252573922819,"ok",1435,747,"direct calibration",-21.27,"horizontal","20250121/00021.mp4",20250121,"87r_00021__20250121","87r",NA,NA,NA,NA,NA,2.69221529462914,154.252573922819,154.252573922819,NA,NA
"horizontal","",NA,10,"87r_00021_waggle_annotations.csv",0.826599247589219,-0.562790977082022,209.833042857156,205.917924136032,"ok",1481,839,"direct calibration",-21.27,"horizontal","20250121/00021.mp4",20250121,"87r_00021__20250121","87r",NA,NA,NA,NA,NA,-2.68923954213393,-154.082075863968,205.917924136032,NA,NA
"horizontal","",NA,11,"87r_00021_waggle_annotations.csv",0.878483902382874,-0.477771946909984,209.833042857156,211.626971954884,"ok",1513,765,"direct calibration",-21.27,"horizontal","20250121/00021.mp4",20250121,"87r_00021__20250121","87r",NA,NA,NA,NA,NA,-2.58959786054116,-148.373028045116,211.626971954884,NA,NA
"horizontal","",NA,1,"22b_00038_waggle_annotations.csv",-0.898989868837269,0.437969423279695,204.593380891384,39.4322251461845,"ok",824,869,"direct calibration",-21.27,"horizontal","20250122/00038.mp4",20250122,"22b_00038__20250122","22b",NA,NA,NA,NA,NA,0.688222160188622,39.4322251461845,39.4322251461845,NA,NA
"horizontal","",NA,2,"22b_00038_waggle_annotations.csv",-0.907959384500452,0.419058177461747,204.593380891384,40.6314785397839,"ok",821,867,"direct calibration",-21.27,"horizontal","20250122/00038.mp4",20250122,"22b_00038__20250122","22b",NA,NA,NA,NA,NA,0.709153080472647,40.6314785397839,40.6314785397839,NA,NA
"horizontal","",NA,3,"22b_00038_waggle_annotations.csv",-0.936329177569045,0.351123441588392,204.593380891384,44.8505738890324,"ok",810,865,"direct calibration",-21.27,"horizontal","20250122/00038.mp4",20250122,"22b_00038__20250122","22b",NA,NA,NA,NA,NA,0.782790185772613,44.8505738890324,44.8505738890324,NA,NA
"horizontal","",NA,4,"22b_00038_waggle_annotations.csv",-0.413802944301184,0.910366477462605,204.593380891384,359.850573889032,"ok",787,868,"direct calibration",-21.27,"horizontal","20250122/00038.mp4",20250122,"22b_00038__20250122","22b",NA,NA,NA,NA,NA,-0.0026079776248358,-0.149426110967644,359.850573889032,NA,NA
"horizontal","",NA,5,"22b_00038_waggle_annotations.csv",-0.894427190999916,0.447213595499958,204.593380891384,38.8415679315379,"ok",806,850,"direct calibration",-21.27,"horizontal","20250122/00038.mp4",20250122,"22b_00038__20250122","22b",NA,NA,NA,NA,NA,0.677913247042379,38.8415679315379,38.8415679315379,NA,NA
"horizontal","",NA,6,"22b_00038_waggle_annotations.csv",-0.722641857147699,0.691222645967364,204.593380891384,21.6796491286725,"ok",799,855,"direct calibration",-21.27,"horizontal","20250122/00038.mp4",20250122,"22b_00038__20250122","22b",NA,NA,NA,NA,NA,0.378381257972456,21.6796491286725,21.6796491286725,NA,NA
"horizontal","",NA,1,"22b_00057_waggle_annotations.csv",-1,0,205.803583864777,64.1964161352231,"ok",932,896,"direct calibration",-21.27,"horizontal","20250122/00057.mp4",20250122,"22b_00057__20250122","22b",NA,NA,NA,NA,NA,1.12043882954006,64.1964161352231,64.1964161352231,NA,NA
"horizontal","",NA,2,"22b_00057_waggle_annotations.csv",-0.952424147199324,-0.304775727103784,205.803583864777,81.9410877602801,"ok",974,852,"direct calibration",-21.27,"horizontal","20250122/00057.mp4",20250122,"22b_00057__20250122","22b",NA,NA,NA,NA,NA,1.43014177408251,81.94108776028,81.9410877602801,NA,NA
"horizontal","",NA,3,"22b_00057_waggle_annotations.csv",-0.994251140256692,-0.107073199719951,205.803583864777,70.3430417948698,"ok",962,890,"direct calibration",-21.27,"horizontal","20250122/00057.mp4",20250122,"22b_00057__20250122","22b",NA,NA,NA,NA,NA,1.22771768518846,70.3430417948698,70.3430417948698,NA,NA
"horizontal","",NA,4,"22b_00057_waggle_annotations.csv",-0.999384993791767,-0.0350661401330444,205.803583864777,66.2059699482443,"ok",942,854,"direct calibration",-21.27,"horizontal","20250122/00057.mp4",20250122,"22b_00057__20250122","22b",NA,NA,NA,NA,NA,1.15551216007328,66.2059699482443,66.2059699482443,NA,NA
"horizontal","",NA,5,"22b_00057_waggle_annotations.csv",-0.999347424068558,-0.0361209912313936,205.803583864777,66.2664467882642,"ok",934,836,"direct calibration",-21.27,"horizontal","20250122/00057.mp4",20250122,"22b_00057__20250122","22b",NA,NA,NA,NA,NA,1.15656768005283,66.2664467882642,66.2664467882642,NA,NA
"horizontal","",NA,6,"22b_00057_waggle_annotations.csv",-0.994207047565849,-0.107481842980092,205.803583864777,70.3665912302527,"ok",898,813,"direct calibration",-21.27,"horizontal","20250122/00057.mp4",20250122,"22b_00057__20250122","22b",NA,NA,NA,NA,NA,1.22812870037288,70.3665912302527,70.3665912302527,NA,NA
"horizontal","",NA,7,"22b_00057_waggle_annotations.csv",-0.994911717657301,0.100750553686815,205.803583864777,58.4140238128591,"ok",897,852,"direct calibration",-21.27,"horizontal","20250122/00057.mp4",20250122,"22b_00057__20250122","22b",NA,NA,NA,NA,NA,1.01951704487276,58.4140238128591,58.4140238128591,NA,NA
"horizontal","",NA,8,"22b_00057_waggle_annotations.csv",-0.989203462353871,0.146548661089462,205.803583864777,55.7694471137425,"ok",902,834,"direct calibration",-21.27,"horizontal","20250122/00057.mp4",20250122,"22b_00057__20250122","22b",NA,NA,NA,NA,NA,0.973360474151655,55.7694471137425,55.7694471137425,NA,NA
"horizontal","",NA,9,"22b_00057_waggle_annotations.csv",-0.999856394053974,0.0169467185432877,205.803583864777,63.225394204144,"ok",891,842,"direct calibration",-21.27,"horizontal","20250122/00057.mp4",20250122,"22b_00057__20250122","22b",NA,NA,NA,NA,NA,1.10349129973365,63.2253942041439,63.225394204144,NA,NA
"horizontal","",NA,10,"22b_00057_waggle_annotations.csv",-0.999004994679079,-0.0445984372624589,205.803583864777,66.7525662138014,"ok",906,805,"direct calibration",-21.27,"horizontal","20250122/00057.mp4",20250122,"22b_00057__20250122","22b",NA,NA,NA,NA,NA,1.16505206458636,66.7525662138014,66.7525662138014,NA,NA
"horizontal","",NA,11,"22b_00057_waggle_annotations.csv",-0.99751792226177,0.0704130298067132,205.803583864777,60.158705514246,"ok",879,861,"direct calibration",-21.27,"horizontal","20250122/00057.mp4",20250122,"22b_00057__20250122","22b",NA,NA,NA,NA,NA,1.04996748496126,60.158705514246,60.158705514246,NA,NA
"horizontal","",NA,12,"22b_00057_waggle_annotations.csv",-0.998204845465779,-0.0598922907279467,205.803583864777,67.6300464976736,"ok",877,850,"direct calibration",-21.27,"horizontal","20250122/00057.mp4",20250122,"22b_00057__20250122","22b",NA,NA,NA,NA,NA,1.18036698466126,67.6300464976736,67.6300464976736,NA,NA
"horizontal","",NA,13,"22b_00057_waggle_annotations.csv",-0.977176363922801,-0.212429644331044,205.803583864777,76.4611898631155,"ok",892,896,"direct calibration",-21.27,"horizontal","20250122/00057.mp4",20250122,"22b_00057__20250122","22b",NA,NA,NA,NA,NA,1.33449951310388,76.4611898631155,76.4611898631155,NA,NA
"horizontal","",NA,14,"22b_00057_waggle_annotations.csv",-0.995175000159784,-0.0981158450861759,205.803583864777,69.8270988928584,"ok",852,891,"direct calibration",-21.27,"horizontal","20250122/00057.mp4",20250122,"22b_00057__20250122","22b",NA,NA,NA,NA,NA,1.21871278279607,69.8270988928584,69.8270988928584,NA,NA
"horizontal","",NA,15,"22b_00057_waggle_annotations.csv",-0.917555625309924,0.3976074376343,205.803583864777,40.7677233264777,"ok",827,956,"direct calibration",-21.27,"horizontal","20250122/00057.mp4",20250122,"22b_00057__20250122","22b",NA,NA,NA,NA,NA,0.711531000589132,40.7677233264777,40.7677233264777,NA,NA
"horizontal","",NA,16,"22b_00057_waggle_annotations.csv",-0.984917256307086,0.17302600448638,205.803583864777,54.2326119453159,"ok",799,955,"direct calibration",-21.27,"horizontal","20250122/00057.mp4",20250122,"22b_00057__20250122","22b",NA,NA,NA,NA,NA,0.94653764040217,54.2326119453159,54.2326119453159,NA,NA
"horizontal","",NA,17,"22b_00057_waggle_annotations.csv",-0.997925308968458,0.064382277997965,205.803583864777,60.5050301487719,"ok",799,958,"direct calibration",-21.27,"horizontal","20250122/00057.mp4",20250122,"22b_00057__20250122","22b",NA,NA,NA,NA,NA,1.0560119901145,60.5050301487719,60.5050301487719,NA,NA
"horizontal","",NA,18,"22b_00057_waggle_annotations.csv",-0.992946793169428,0.118560811124708,205.803583864777,57.3873659556097,"ok",763,966,"direct calibration",-21.27,"horizontal","20250122/00057.mp4",20250122,"22b_00057__20250122","22b",NA,NA,NA,NA,NA,1.00159848497229,57.3873659556098,57.3873659556097,NA,NA
"horizontal","",NA,1,"23y_00059_waggle_annotations.csv",-0.126103861558329,-0.992017044258856,205.803583864777,146.951909282782,"ok",1136,955,"direct calibration",-21.27,"horizontal","20250122/00059.mp4",20250122,"23y_00059__20250122","23y",NA,NA,NA,NA,NA,2.56479465907656,146.951909282782,146.951909282782,NA,NA
"horizontal","",NA,2,"23y_00059_waggle_annotations.csv",-0.946349856067995,-0.32314385329151,205.803583864777,83.0495748996422,"ok",1187,985,"direct calibration",-21.27,"horizontal","20250122/00059.mp4",20250122,"23y_00059__20250122","23y",NA,NA,NA,NA,NA,1.4494885243804,83.0495748996422,83.0495748996422,NA,NA
"horizontal","",NA,1,"26y_00038_waggle_annotations.csv",-0.654930538417842,0.755689082789818,204.593380891384,16.321002328641,"ok",768,854,"direct calibration",-21.27,"horizontal","20250122/00038.mp4",20250122,"26y_00038__20250122","26y",NA,NA,NA,NA,NA,0.284855227860446,16.321002328641,16.321002328641,NA,NA
"horizontal","",NA,2,"26y_00038_waggle_annotations.csv",-0.752576694706878,0.658504607868518,204.593380891384,24.2206939429062,"ok",784,856,"direct calibration",-21.27,"horizontal","20250122/00038.mp4",20250122,"26y_00038__20250122","26y",NA,NA,NA,NA,NA,0.422730856421561,24.2206939429062,24.2206939429062,NA,NA
"horizontal","",NA,3,"26y_00038_waggle_annotations.csv",-0.857492925712544,0.514495755427527,204.593380891384,34.4428625765423,"ok",780,837,"direct calibration",-21.27,"horizontal","20250122/00038.mp4",20250122,"26y_00038__20250122","26y",NA,NA,NA,NA,NA,0.601141355772601,34.4428625765423,34.4428625765423,NA,NA
"horizontal","",NA,4,"26y_00038_waggle_annotations.csv",-0.768221279597376,0.64018439966448,204.593380891384,25.6010480163506,"ok",799,862,"direct calibration",-21.27,"horizontal","20250122/00038.mp4",20250122,"26y_00038__20250122","26y",NA,NA,NA,NA,NA,0.446822579846482,25.6010480163506,25.6010480163506,NA,NA
"horizontal","",NA,1,"26y_00043_waggle_annotations.csv",-0.911921505175106,-0.410364677328798,204.593380891384,89.63436442657,"ok",944,822,"direct calibration",-21.27,"horizontal","20250122/00043.mp4",20250122,"26y_00043__20250122","26y",NA,NA,NA,NA,NA,1.56441478217613,89.63436442657,89.63436442657,NA,NA
"horizontal","",NA,2,"26y_00043_waggle_annotations.csv",-0.952925780013262,0.303203657276947,204.593380891384,47.7564948886857,"ok",950,830,"direct calibration",-21.27,"horizontal","20250122/00043.mp4",20250122,"26y_00043__20250122","26y",NA,NA,NA,NA,NA,0.833508075019408,47.7564948886857,47.7564948886857,NA,NA
"horizontal","",NA,3,"26y_00043_waggle_annotations.csv",-0.991600411186222,0.129339184067768,204.593380891384,57.9752111374433,"ok",983,828,"direct calibration",-21.27,"horizontal","20250122/00043.mp4",20250122,"26y_00043__20250122","26y",NA,NA,NA,NA,NA,1.01185831888727,57.9752111374433,57.9752111374433,NA,NA
"horizontal","",NA,4,"26y_00043_waggle_annotations.csv",-0.996815278536125,0.07974522228289,204.593380891384,60.832697848715,"ok",967,782,"direct calibration",-21.27,"horizontal","20250122/00043.mp4",20250122,"26y_00043__20250122","26y",NA,NA,NA,NA,NA,1.06173087033095,60.832697848715,60.832697848715,NA,NA
"horizontal","",NA,5,"26y_00043_waggle_annotations.csv",-0.99654575824488,0.08304547985374,204.593380891384,60.6429774178897,"ok",999,799,"direct calibration",-21.27,"horizontal","20250122/00043.mp4",20250122,"26y_00043__20250122","26y",NA,NA,NA,NA,NA,1.05841962415474,60.6429774178897,60.6429774178897,NA,NA
"horizontal","",NA,1,"66b_00043_waggle_annotations.csv",-0.906183139995265,0.422885465331124,204.593380891384,40.3897256305158,"ok",563,823,"direct calibration",-21.27,"horizontal","20250122/00043.mp4",20250122,"66b_00043__20250122","66b",NA,NA,NA,NA,NA,0.704933696229644,40.3897256305158,40.3897256305158,NA,NA
"horizontal","",NA,2,"66b_00043_waggle_annotations.csv",-0.972387301980517,0.233372952475324,204.593380891384,51.91088582782,"ok",567,852,"direct calibration",-21.27,"horizontal","20250122/00043.mp4",20250122,"66b_00043__20250122","66b",NA,NA,NA,NA,NA,0.906015875322322,51.91088582782,51.91088582782,NA,NA
"horizontal","",NA,3,"66b_00043_waggle_annotations.csv",-1,0,204.593380891384,65.4066191086158,"ok",584,841,"direct calibration",-21.27,"horizontal","20250122/00043.mp4",20250122,"66b_00043__20250122","66b",NA,NA,NA,NA,NA,1.14156085604319,65.4066191086158,65.4066191086158,NA,NA
"horizontal","",NA,4,"66b_00043_waggle_annotations.csv",-0.98058067569092,0.196116135138184,204.593380891384,54.0966866345956,"ok",615,863,"direct calibration",-21.27,"horizontal","20250122/00043.mp4",20250122,"66b_00043__20250122","66b",NA,NA,NA,NA,NA,0.944165296193304,54.0966866345956,54.0966866345956,NA,NA
"horizontal","",NA,1,"73b_00055_waggle_annotations.csv",0.976187060183953,0.216930457818656,205.803583864777,256.725223844375,"ok",958,961,"direct calibration",-21.27,"horizontal","20250122/00055.mp4",20250122,"73b_00055__20250122","73b",NA,NA,NA,NA,NA,-1.8024848781758,-103.274776155625,256.725223844375,NA,NA
"horizontal","",NA,2,"73b_00055_waggle_annotations.csv",0.970142500145332,-0.242535625036333,205.803583864777,230.160172667297,"ok",1093,995,"direct calibration",-21.27,"horizontal","20250122/00055.mp4",20250122,"73b_00055__20250122","73b",NA,NA,NA,NA,NA,-2.2661324871766,-129.839827332703,230.160172667297,NA,NA
"horizontal","",NA,3,"73b_00055_waggle_annotations.csv",-0.999133073092352,-0.0416305447121813,205.803583864777,66.582360165612,"ok",1072,947,"direct calibration",-21.27,"horizontal","20250122/00055.mp4",20250122,"73b_00055__20250122","73b",NA,NA,NA,NA,NA,1.16208140863865,66.582360165612,66.582360165612,NA,NA
"horizontal","",NA,4,"73b_00055_waggle_annotations.csv",-0.188847393650124,0.982006446980647,205.803583864777,345.081943189882,"ok",1129,988,"direct calibration",-21.27,"horizontal","20250122/00055.mp4",20250122,"73b_00055__20250122","73b",NA,NA,NA,NA,NA,-0.260369209336125,-14.9180568101182,345.081943189882,NA,NA
"horizontal","",NA,5,"73b_00055_waggle_annotations.csv",-0.967279624391331,-0.253712688364939,205.803583864777,78.8937354147351,"ok",1140,934,"direct calibration",-21.27,"horizontal","20250122/00055.mp4",20250122,"73b_00055__20250122","73b",NA,NA,NA,NA,NA,1.37695544218438,78.8937354147351,78.8937354147351,NA,NA
"horizontal","",NA,6,"73b_00055_waggle_annotations.csv",0.985548890759753,-0.169391215599333,205.803583864777,234.443991193569,"ok",1181,922,"direct calibration",-21.27,"horizontal","20250122/00055.mp4",20250122,"73b_00055__20250122","73b",NA,NA,NA,NA,NA,-2.19136574933521,-125.556008806431,234.443991193569,NA,NA
"horizontal","",NA,7,"73b_00055_waggle_annotations.csv",-0.989949493661166,0.14142135623731,205.803583864777,56.0663137810672,"ok",1064,882,"direct calibration",-21.27,"horizontal","20250122/00055.mp4",20250122,"73b_00055__20250122","73b",NA,NA,NA,NA,NA,0.978541774935894,56.0663137810672,56.0663137810672,NA,NA
"horizontal","",NA,8,"73b_00055_waggle_annotations.csv",-0.998460353205412,-0.0554700196225229,205.803583864777,67.3762462550874,"ok",1105,857,"direct calibration",-21.27,"horizontal","20250122/00055.mp4",20250122,"73b_00055__20250122","73b",NA,NA,NA,NA,NA,1.17593733478577,67.3762462550874,67.3762462550874,NA,NA
"horizontal","",NA,9,"73b_00055_waggle_annotations.csv",-0.992876838486922,0.119145220618431,205.803583864777,57.3536427225922,"ok",1047,843,"direct calibration",-21.27,"horizontal","20250122/00055.mp4",20250122,"73b_00055__20250122","73b",NA,NA,NA,NA,NA,1.00100990352172,57.3536427225922,57.3536427225922,NA,NA
"horizontal","",NA,10,"73b_00055_waggle_annotations.csv",-0.963992618206074,-0.265928998125813,205.803583864777,79.6185774539618,"ok",1114,846,"direct calibration",-21.27,"horizontal","20250122/00055.mp4",20250122,"73b_00055__20250122","73b",NA,NA,NA,NA,NA,1.38960632232576,79.6185774539618,79.6185774539618,NA,NA
"horizontal","",NA,11,"73b_00055_waggle_annotations.csv",-0.979366639219671,-0.202091528727869,205.803583864777,75.8557087887461,"ok",1121,862,"direct calibration",-21.27,"horizontal","20250122/00055.mp4",20250122,"73b_00055__20250122","73b",NA,NA,NA,NA,NA,1.32393187479762,75.8557087887461,75.8557087887461,NA,NA
"horizontal","",NA,12,"73b_00055_waggle_annotations.csv",0.982338566422475,0.187112107889995,205.803583864777,254.980714002786,"ok",1144,886,"direct calibration",-21.27,"horizontal","20250122/00055.mp4",20250122,"73b_00055__20250122","73b",NA,NA,NA,NA,NA,-1.83293231874497,-105.019285997214,254.980714002786,NA,NA
"horizontal","",NA,1,"81r_00053_waggle_annotations.csv",1,0,205.803583864777,244.196416135223,"ok",986,977,"direct calibration",-21.27,"horizontal","20250122/00053.mp4",20250122,"81r_00053__20250122","81r",NA,NA,NA,NA,NA,-2.02115382404974,-115.803583864777,244.196416135223,NA,NA
"horizontal","",NA,2,"81r_00053_waggle_annotations.csv",0.536875492193159,0.843661487732108,205.803583864777,301.725223844375,"ok",1089,910,"direct calibration",-21.27,"horizontal","20250122/00053.mp4",20250122,"81r_00053__20250122","81r",NA,NA,NA,NA,NA,-1.01708671477835,-58.2747761556253,301.725223844375,NA,NA
"horizontal","",NA,3,"81r_00053_waggle_annotations.csv",0.95577900872195,0.294085848837523,205.803583864777,261.299145104276,"ok",1094,946,"direct calibration",-21.27,"horizontal","20250122/00053.mp4",20250122,"81r_00053__20250122","81r",NA,NA,NA,NA,NA,-1.72265489246356,-98.7008548957245,261.299145104276,NA,NA
"horizontal","",NA,4,"81r_00053_waggle_annotations.csv",0.998903174369838,0.0468235862985861,205.803583864777,246.880191294692,"ok",1158,927,"direct calibration",-21.27,"horizontal","20250122/00053.mp4",20250122,"81r_00053__20250122","81r",NA,NA,NA,NA,NA,-1.97431311113377,-113.119808705308,246.880191294692,NA,NA
"horizontal","",NA,5,"81r_00053_waggle_annotations.csv",-0.999462943033229,-0.0327692768207616,205.803583864777,66.0742935825085,"ok",1154,869,"direct calibration",-21.27,"horizontal","20250122/00053.mp4",20250122,"81r_00053__20250122","81r",NA,NA,NA,NA,NA,1.15321397394413,66.0742935825085,66.0742935825085,NA,NA
"horizontal","",NA,6,"81r_00053_waggle_annotations.csv",-0.999822048223522,-0.0188645669476136,205.803583864777,65.2773403218838,"ok",1071,884,"direct calibration",-21.27,"horizontal","20250122/00053.mp4",20250122,"81r_00053__20250122","81r",NA,NA,NA,NA,NA,1.13930451556173,65.2773403218838,65.2773403218838,NA,NA
"horizontal","",NA,7,"81r_00053_waggle_annotations.csv",-0.991600411186222,-0.129339184067768,205.803583864777,71.6278241063957,"ok",1061,846,"direct calibration",-21.27,"horizontal","20250122/00053.mp4",20250122,"81r_00053__20250122","81r",NA,NA,NA,NA,NA,1.25014136669597,71.6278241063957,71.6278241063957,NA,NA
"horizontal","",NA,8,"81r_00053_waggle_annotations.csv",-0.991949779603849,-0.126631886757938,205.803583864777,71.4714210931124,"ok",1076,902,"direct calibration",-21.27,"horizontal","20250122/00053.mp4",20250122,"81r_00053__20250122","81r",NA,NA,NA,NA,NA,1.24741161915414,71.4714210931124,71.4714210931124,NA,NA
"horizontal","",NA,9,"81r_00053_waggle_annotations.csv",-0.97439119569462,-0.224859506698758,205.803583864777,77.1910329271396,"ok",972,832,"direct calibration",-21.27,"horizontal","20250122/00053.mp4",20250122,"81r_00053__20250122","81r",NA,NA,NA,NA,NA,1.34723767759394,77.1910329271396,77.1910329271396,NA,NA
"horizontal","",NA,1,"84b_00038_waggle_annotations.csv",-0.832050294337844,0.554700196225229,204.593380891384,31.7165515826361,"ok",985,869,"direct calibration",-21.27,"horizontal","20250122/00038.mp4",20250122,"84b_00038__20250122","84b",NA,NA,NA,NA,NA,0.553558252495618,31.7165515826361,31.7165515826361,NA,NA
"horizontal","",NA,2,"84b_00038_waggle_annotations.csv",-0.894427190999916,0.447213595499958,204.593380891384,38.8415679315379,"ok",932,861,"direct calibration",-21.27,"horizontal","20250122/00038.mp4",20250122,"84b_00038__20250122","84b",NA,NA,NA,NA,NA,0.677913247042379,38.8415679315379,38.8415679315379,NA,NA
"horizontal","",NA,3,"84b_00038_waggle_annotations.csv",-0.986393923832144,0.164398987305357,204.593380891384,55.9442969005902,"ok",1005,861,"direct calibration",-21.27,"horizontal","20250122/00038.mp4",20250122,"84b_00038__20250122","84b",NA,NA,NA,NA,NA,0.976412178628558,55.9442969005902,55.9442969005902,NA,NA
"horizontal","",NA,1,"84b_00040_waggle_annotations.csv",-0.992277876713668,0.124034734589208,204.593380891384,58.281602759714,"ok",961,801,"direct calibration",-21.27,"horizontal","20250122/00040.mp4",20250122,"84b_00040__20250122","84b",NA,NA,NA,NA,NA,1.01720586149642,58.281602759714,58.281602759714,NA,NA
"horizontal","",NA,2,"84b_00040_waggle_annotations.csv",-0.997458699830735,-0.0712470499879096,204.593380891384,69.4922358885907,"ok",982,804,"direct calibration",-21.27,"horizontal","20250122/00040.mp4",20250122,"84b_00040__20250122","84b",NA,NA,NA,NA,NA,1.21286832082848,69.4922358885907,69.4922358885907,NA,NA
"horizontal","",NA,3,"84b_00040_waggle_annotations.csv",-0.768221279597376,0.64018439966448,204.593380891384,25.6010480163506,"ok",971,840,"direct calibration",-21.27,"horizontal","20250122/00040.mp4",20250122,"84b_00040__20250122","84b",NA,NA,NA,NA,NA,0.446822579846482,25.6010480163506,25.6010480163506,NA,NA
"horizontal","",NA,4,"84b_00040_waggle_annotations.csv",-0.997458699830735,-0.0712470499879096,204.593380891384,69.4922358885907,"ok",960,824,"direct calibration",-21.27,"horizontal","20250122/00040.mp4",20250122,"84b_00040__20250122","84b",NA,NA,NA,NA,NA,1.21286832082848,69.4922358885907,69.4922358885907,NA,NA
"horizontal","",NA,5,"84b_00040_waggle_annotations.csv",-0.894427190999916,0.447213595499958,204.593380891384,38.8415679315379,"ok",937,849,"direct calibration",-21.27,"horizontal","20250122/00040.mp4",20250122,"84b_00040__20250122","84b",NA,NA,NA,NA,NA,0.677913247042379,38.8415679315379,38.8415679315379,NA,NA
"horizontal","",NA,6,"84b_00040_waggle_annotations.csv",-0.992277876713668,-0.124034734589208,204.593380891384,72.5316354575176,"ok",933,832,"direct calibration",-21.27,"horizontal","20250122/00040.mp4",20250122,"84b_00040__20250122","84b",NA,NA,NA,NA,NA,1.26591585058995,72.5316354575176,72.5316354575176,NA,NA
"horizontal","",NA,7,"84b_00040_waggle_annotations.csv",-0.993532672656404,-0.113546591160732,204.593380891384,71.9264208602728,"ok",907,834,"direct calibration",-21.27,"horizontal","20250122/00040.mp4",20250122,"84b_00040__20250122","84b",NA,NA,NA,NA,NA,1.25535286318689,71.9264208602728,71.9264208602728,NA,NA
"horizontal","",NA,8,"84b_00040_waggle_annotations.csv",-0.987241120712647,-0.15923243882462,204.593380891384,74.5689661543376,"ok",962,808,"direct calibration",-21.27,"horizontal","20250122/00040.mp4",20250122,"84b_00040__20250122","84b",NA,NA,NA,NA,NA,1.3014739792014,74.5689661543376,74.5689661543376,NA,NA
"horizontal","",NA,9,"84b_00040_waggle_annotations.csv",-0.982338566422475,-0.187112107889995,204.593380891384,76.1909169761784,"ok",901,797,"direct calibration",-21.27,"horizontal","20250122/00040.mp4",20250122,"84b_00040__20250122","84b",NA,NA,NA,NA,NA,1.32978236134796,76.1909169761784,76.1909169761784,NA,NA
"horizontal","",NA,10,"84b_00040_waggle_annotations.csv",-0.98058067569092,-0.196116135138184,204.593380891384,76.7165515826361,"ok",891,813,"direct calibration",-21.27,"horizontal","20250122/00040.mp4",20250122,"84b_00040__20250122","84b",NA,NA,NA,NA,NA,1.33895641589307,76.7165515826361,76.7165515826361,NA,NA
"horizontal","",NA,11,"84b_00040_waggle_annotations.csv",-0.998542273277508,0.0539752580150005,204.593380891384,62.3125610496988,"ok",903,844,"direct calibration",-21.27,"horizontal","20250122/00040.mp4",20250122,"84b_00040__20250122","84b",NA,NA,NA,NA,NA,1.08755935566722,62.3125610496988,62.3125610496988,NA,NA
"horizontal","",NA,1,"20y_00058_waggle_annotations.csv",-0.994505452921406,0.104684784518043,212.2251977675,51.7657962750053,"ok",1218,891,"direct calibration",-21.27,"horizontal","20250123/00058.mp4",20250123,"20y_00058__20250123","20y",NA,NA,NA,NA,NA,0.903483584915459,51.7657962750053,51.7657962750053,NA,NA
"horizontal","",NA,2,"20y_00058_waggle_annotations.csv",0.98058067569092,-0.196116135138184,212.2251977675,226.46486975848,"ok",1196,869,"direct calibration",-21.27,"horizontal","20250123/00058.mp4",20250123,"20y_00058__20250123","20y",NA,NA,NA,NA,NA,-2.33062768979398,-133.53513024152,226.46486975848,NA,NA
"horizontal","",NA,3,"20y_00058_waggle_annotations.csv",-0.995555735114543,0.0941741911594837,212.2251977675,52.3710108722501,"ok",1173,772,"direct calibration",-21.27,"horizontal","20250123/00058.mp4",20250123,"20y_00058__20250123","20y",NA,NA,NA,NA,NA,0.914046572318512,52.3710108722501,52.3710108722501,NA,NA
"horizontal","",NA,4,"20y_00058_waggle_annotations.csv",-0.999791818463446,0.0204039146625193,212.2251977675,56.6056629045924,"ok",1247,834,"direct calibration",-21.27,"horizontal","20250123/00058.mp4",20250123,"20y_00058__20250123","20y",NA,NA,NA,NA,NA,0.987955192959155,56.6056629045924,56.6056629045924,NA,NA
"horizontal","",NA,5,"20y_00058_waggle_annotations.csv",-1,0,212.2251977675,57.7748022324999,"ok",1163,812,"direct calibration",-21.27,"horizontal","20250123/00058.mp4",20250123,"20y_00058__20250123","20y",NA,NA,NA,NA,NA,1.00836052364569,57.7748022324999,57.7748022324999,NA,NA
"horizontal","",NA,6,"20y_00058_waggle_annotations.csv",-0.98058067569092,0.196116135138184,212.2251977675,46.4648697584796,"ok",1119,823,"direct calibration",-21.27,"horizontal","20250123/00058.mp4",20250123,"20y_00058__20250123","20y",NA,NA,NA,NA,NA,0.810964963795812,46.4648697584796,46.4648697584796,NA,NA
"horizontal","",NA,1,"22b_00042_waggle_annotations.csv",0.884193384073724,0.467121033095552,217.584353254488,260.2632250053,"ok",1669,825,"direct calibration",-21.27,"horizontal","20250123/00042.mp4",20250123,"22b_00042__20250123","22b",NA,NA,NA,NA,NA,-1.74073510897826,-99.7367749946998,260.2632250053,NA,NA
"horizontal","",NA,2,"22b_00042_waggle_annotations.csv",0.916157334902189,0.400818834019708,217.584353254488,256.045024476169,"ok",1829,805,"direct calibration",-21.27,"horizontal","20250123/00042.mp4",20250123,"22b_00042__20250123","22b",NA,NA,NA,NA,NA,-1.81435659672097,-103.954975523831,256.045024476169,NA,NA
"horizontal","",NA,3,"22b_00042_waggle_annotations.csv",0.832050294337844,0.554700196225229,217.584353254488,266.105714271492,"ok",1801,781,"direct calibration",-21.27,"horizontal","20250123/00042.mp4",20250123,"22b_00042__20250123","22b",NA,NA,NA,NA,NA,-1.63876443477079,-93.8942857285081,266.105714271492,NA,NA
"horizontal","",NA,4,"22b_00042_waggle_annotations.csv",0.908676843963313,0.417500171550711,217.584353254488,257.092509915849,"ok",1853,803,"direct calibration",-21.27,"horizontal","20250123/00042.mp4",20250123,"22b_00042__20250123","22b",NA,NA,NA,NA,NA,-1.79607452693185,-102.907490084151,257.092509915849,NA,NA
"horizontal","",NA,1,"25y_00057_waggle_annotations.csv",0.999405999353588,-0.0344622758397789,212.2251977675,235.799868221618,"ok",1149,913,"direct calibration",-21.27,"horizontal","20250123/00057.mp4",20250123,"25y_00057__20250123","25y",NA,NA,NA,NA,NA,-2.16770123094361,-124.200131778382,235.799868221618,NA,NA
"horizontal","",NA,2,"25y_00057_waggle_annotations.csv",-1,0,212.2251977675,57.7748022324999,"ok",1135,864,"direct calibration",-21.27,"horizontal","20250123/00057.mp4",20250123,"25y_00057__20250123","25y",NA,NA,NA,NA,NA,1.00836052364569,57.7748022324999,57.7748022324999,NA,NA
"horizontal","",NA,3,"25y_00057_waggle_annotations.csv",-0.996174723949222,-0.087383747714844,212.2251977675,62.7879159875357,"ok",1094,826,"direct calibration",-21.27,"horizontal","20250123/00057.mp4",20250123,"25y_00057__20250123","25y",NA,NA,NA,NA,NA,1.09585586444808,62.7879159875357,62.7879159875357,NA,NA
"horizontal","",NA,4,"25y_00057_waggle_annotations.csv",-0.998812351124897,-0.0487225537134096,212.2251977675,60.5675045982132,"ok",1088,808,"direct calibration",-21.27,"horizontal","20250123/00057.mp4",20250123,"25y_00057__20250123","25y",NA,NA,NA,NA,NA,1.05710237495562,60.5675045982132,60.5675045982132,NA,NA
"horizontal","",NA,5,"25y_00057_waggle_annotations.csv",-0.998111869922868,-0.0614222689183304,212.2251977675,61.2962556094221,"ok",1092,830,"direct calibration",-21.27,"horizontal","20250123/00057.mp4",20250123,"25y_00057__20250123","25y",NA,NA,NA,NA,NA,1.06982147952846,61.2962556094221,61.2962556094221,NA,NA
"horizontal","",NA,6,"25y_00057_waggle_annotations.csv",-0.9953500135553,-0.0963241948601903,212.2251977675,63.302342384156,"ok",1059,823,"direct calibration",-21.27,"horizontal","20250123/00057.mp4",20250123,"25y_00057__20250123","25y",NA,NA,NA,NA,NA,1.10483429882828,63.3023423841561,63.302342384156,NA,NA
"horizontal","",NA,7,"25y_00057_waggle_annotations.csv",-0.973417168333576,0.229039333725547,212.2251977675,44.5342823173127,"ok",1067,874,"direct calibration",-21.27,"horizontal","20250123/00057.mp4",20250123,"25y_00057__20250123","25y",NA,NA,NA,NA,NA,0.777269856449796,44.5342823173127,44.5342823173127,NA,NA
"horizontal","",NA,1,"73b_00009_waggle_annotations.csv",-0.843661487732108,-0.536875492193159,220.835188846923,81.6360034439259,"ok",610,873,"direct calibration",-21.27,"horizontal","20250123/00009.mp4",20250123,"73b_00009__20250123","73b",NA,NA,NA,NA,NA,1.42481704826594,81.6360034439259,81.6360034439259,NA,NA
"horizontal","",NA,2,"73b_00009_waggle_annotations.csv",-0.960346226753624,-0.278810194863955,220.835188846923,65.3540174101044,"ok",707,905,"direct calibration",-21.27,"horizontal","20250123/00009.mp4",20250123,"73b_00009__20250123","73b",NA,NA,NA,NA,NA,1.14064278321202,65.3540174101044,65.3540174101044,NA,NA
"horizontal","",NA,3,"73b_00009_waggle_annotations.csv",-0.786318338822423,-0.617821551931903,220.835188846923,87.3220377404465,"ok",686,911,"direct calibration",-21.27,"horizontal","20250123/00009.mp4",20250123,"73b_00009__20250123","73b",NA,NA,NA,NA,NA,1.52405706812154,87.3220377404465,87.3220377404465,NA,NA
"horizontal","",NA,4,"73b_00009_waggle_annotations.csv",-0.986393923832144,-0.164398987305357,220.835188846923,58.6271333611031,"ok",735,926,"direct calibration",-21.27,"horizontal","20250123/00009.mp4",20250123,"73b_00009__20250123","73b",NA,NA,NA,NA,NA,1.02323650815706,58.6271333611031,58.6271333611031,NA,NA
"horizontal","",NA,5,"73b_00009_waggle_annotations.csv",-0.764911198117051,-0.64413574578278,220.835188846923,89.2657186992897,"ok",743,922,"direct calibration",-21.27,"horizontal","20250123/00009.mp4",20250123,"73b_00009__20250123","73b",NA,NA,NA,NA,NA,1.55798070046167,89.2657186992897,89.2657186992897,NA,NA
"horizontal","",NA,6,"73b_00009_waggle_annotations.csv",-0.966234939601246,-0.257662650560332,220.835188846923,64.096228331215,"ok",728,911,"direct calibration",-21.27,"horizontal","20250123/00009.mp4",20250123,"73b_00009__20250123","73b",NA,NA,NA,NA,NA,1.11869022248977,64.096228331215,64.096228331215,NA,NA
"horizontal","",NA,7,"73b_00009_waggle_annotations.csv",-0.97960270064149,-0.200944143721331,220.835188846923,60.7569865633685,"ok",744,904,"direct calibration",-21.27,"horizontal","20250123/00009.mp4",20250123,"73b_00009__20250123","73b",NA,NA,NA,NA,NA,1.06040945912074,60.7569865633685,60.7569865633685,NA,NA
"horizontal","",NA,1,"73b_00058_waggle_annotations.csv",-0.954226213925607,0.29908582824534,212.2251977675,40.3720981011436,"ok",1176,900,"direct calibration",-21.27,"horizontal","20250123/00058.mp4",20250123,"73b_00058__20250123","73b",NA,NA,NA,NA,NA,0.704626037803106,40.3720981011436,40.3720981011436,NA,NA
"horizontal","",NA,2,"73b_00058_waggle_annotations.csv",-0.956673880428858,0.291161615782696,212.2251977675,40.8472891683528,"ok",1475,852,"direct calibration",-21.27,"horizontal","20250123/00058.mp4",20250123,"73b_00058__20250123","73b",NA,NA,NA,NA,NA,0.712919686501973,40.8472891683528,40.8472891683528,NA,NA
"horizontal","",NA,3,"73b_00058_waggle_annotations.csv",0.955402640982902,-0.29530627084926,212.2251977675,220.598898616753,"ok",1486,894,"direct calibration",-21.27,"horizontal","20250123/00058.mp4",20250123,"73b_00058__20250123","73b",NA,NA,NA,NA,NA,-2.43300820004408,-139.401101383247,220.598898616753,NA,NA
"horizontal","",NA,4,"73b_00058_waggle_annotations.csv",-0.989949493661166,0.14142135623731,212.2251977675,49.6446998783439,"ok",1409,873,"direct calibration",-21.27,"horizontal","20250123/00058.mp4",20250123,"73b_00058__20250123","73b",NA,NA,NA,NA,NA,0.86646346904153,49.6446998783439,49.6446998783439,NA,NA
"horizontal","",NA,5,"73b_00058_waggle_annotations.csv",0.996684615822608,0.0813620094549068,212.2251977675,242.441660603939,"ok",1393,934,"direct calibration",-21.27,"horizontal","20250123/00058.mp4",20250123,"73b_00058__20250123","73b",NA,NA,NA,NA,NA,-2.05178008563823,-117.558339396061,242.441660603939,NA,NA
"horizontal","",NA,6,"73b_00058_waggle_annotations.csv",0.96849293259685,-0.249041039810618,212.2251977675,223.354029104989,"ok",1429,931,"direct calibration",-21.27,"horizontal","20250123/00058.mp4",20250123,"73b_00058__20250123","73b",NA,NA,NA,NA,NA,-2.38492210170229,-136.645970895011,223.354029104989,NA,NA
"horizontal","",NA,7,"73b_00058_waggle_annotations.csv",-0.984783558817937,0.173785333909048,212.2251977675,47.7668224310585,"ok",1082,891,"direct calibration",-21.27,"horizontal","20250123/00058.mp4",20250123,"73b_00058__20250123","73b",NA,NA,NA,NA,NA,0.833688324637453,47.7668224310585,47.7668224310585,NA,NA
"horizontal","",NA,1,"87r_00044_waggle_annotations.csv",-0.990492273177752,-0.137568371274688,217.584353254488,60.3228094484705,"ok",838,643,"direct calibration",-21.27,"horizontal","20250123/00044.mp4",20250123,"87r_00044__20250123","87r",NA,NA,NA,NA,NA,1.05283163892896,60.3228094484705,60.3228094484705,NA,NA
"horizontal","",NA,2,"87r_00044_waggle_annotations.csv",-0.995893206467704,0.0905357460425185,217.584353254488,47.2212178377773,"ok",833,657,"direct calibration",-21.27,"horizontal","20250123/00044.mp4",20250123,"87r_00044__20250123","87r",NA,NA,NA,NA,NA,0.824165728070691,47.2212178377773,47.2212178377773,NA,NA
"horizontal","",NA,3,"87r_00044_waggle_annotations.csv",-0.936329177569045,-0.351123441588392,217.584353254488,72.9716919650955,"ok",835,649,"direct calibration",-21.27,"horizontal","20250123/00044.mp4",20250123,"87r_00044__20250123","87r",NA,NA,NA,NA,NA,1.27359628554201,72.9716919650955,72.9716919650955,NA,NA
"horizontal","",NA,4,"87r_00044_waggle_annotations.csv",-0.991227900682635,-0.132163720091018,217.584353254488,60.0102901141035,"ok",807,656,"direct calibration",-21.27,"horizontal","20250123/00044.mp4",20250123,"87r_00044__20250123","87r",NA,NA,NA,NA,NA,1.04737714756811,60.0102901141035,60.0102901141035,NA,NA
"horizontal","",NA,1,"92w_00057_waggle_annotations.csv",-0.997630328422983,-0.0688020916153781,212.2251977675,61.7199884615374,"ok",1114,846,"direct calibration",-21.27,"horizontal","20250123/00057.mp4",20250123,"92w_00057__20250123","92w",NA,NA,NA,NA,NA,1.07721701294674,61.7199884615374,61.7199884615374,NA,NA
"horizontal","",NA,2,"92w_00057_waggle_annotations.csv",-0.996657521232313,-0.0816932394452715,212.2251977675,62.4607020720025,"ok",1140,844,"direct calibration",-21.27,"horizontal","20250123/00057.mp4",20250123,"92w_00057__20250123","92w",NA,NA,NA,NA,NA,1.09014490426369,62.4607020720025,62.4607020720025,NA,NA
"horizontal","",NA,3,"92w_00057_waggle_annotations.csv",-0.993883734673619,-0.110431526074847,212.2251977675,64.1149939784098,"ok",1067,902,"direct calibration",-21.27,"horizontal","20250123/00057.mp4",20250123,"92w_00057__20250123","92w",NA,NA,NA,NA,NA,1.11901774481959,64.1149939784098,64.1149939784098,NA,NA
"horizontal","",NA,4,"92w_00057_waggle_annotations.csv",-0.999840599345445,0.0178542964168829,212.2251977675,56.751772043832,"ok",1075,899,"direct calibration",-21.27,"horizontal","20250123/00057.mp4",20250123,"92w_00057__20250123","92w",NA,NA,NA,NA,NA,0.99050527850614,56.751772043832,56.751772043832,NA,NA
"horizontal","",NA,5,"92w_00057_waggle_annotations.csv",-0.99936285434755,0.0356915305124125,212.2251977675,55.7293937436126,"ok",1025,936,"direct calibration",-21.27,"horizontal","20250123/00057.mp4",20250123,"92w_00057__20250123","92w",NA,NA,NA,NA,NA,0.972661410966369,55.7293937436126,55.7293937436126,NA,NA
"horizontal","",NA,6,"92w_00057_waggle_annotations.csv",-0.9983239041225,-0.0578738495143478,212.2251977675,61.0925834008347,"ok",1022,891,"direct calibration",-21.27,"horizontal","20250123/00057.mp4",20250123,"92w_00057__20250123","92w",NA,NA,NA,NA,NA,1.0662667288938,61.0925834008347,61.0925834008347,NA,NA
"horizontal","",NA,7,"92w_00057_waggle_annotations.csv",-0.999133073092352,-0.0416305447121813,212.2251977675,60.1607462628887,"ok",1044,927,"direct calibration",-21.27,"horizontal","20250123/00057.mp4",20250123,"92w_00057__20250123","92w",NA,NA,NA,NA,NA,1.05000310274428,60.1607462628887,60.1607462628887,NA,NA
"horizontal","",NA,8,"92w_00057_waggle_annotations.csv",-0.992795613009968,-0.119820160190858,212.2251977675,64.6565258631368,"ok",1038,901,"direct calibration",-21.27,"horizontal","20250123/00057.mp4",20250123,"92w_00057__20250123","92w",NA,NA,NA,NA,NA,1.12846925921261,64.6565258631368,64.6565258631368,NA,NA
"horizontal","",NA,9,"92w_00057_waggle_annotations.csv",-0.989949493661166,0.14142135623731,212.2251977675,49.6446998783439,"ok",1069,930,"direct calibration",-21.27,"horizontal","20250123/00057.mp4",20250123,"92w_00057__20250123","92w",NA,NA,NA,NA,NA,0.86646346904153,49.6446998783439,49.6446998783439,NA,NA
"horizontal","",NA,1,"23y_00030_waggle_annotations.csv",1,0,214.757542605589,235.242457394411,"ok",1049,901,"direct calibration",-21.27,"horizontal","20250124/00030.mp4",20250124,"23y_00030__20250124","23y",NA,NA,NA,NA,NA,-2.17742988516464,-124.75754260559,235.242457394411,NA,NA
"horizontal","",NA,2,"23y_00030_waggle_annotations.csv",0.56333682464151,-0.826227342807548,214.757542605589,179.529334371619,"ok",1020,811,"direct calibration",-21.27,"horizontal","20250124/00030.mp4",20250124,"23y_00030__20250124","23y",NA,NA,NA,NA,NA,3.13337798869859,179.529334371619,179.529334371619,NA,NA
"horizontal","",NA,3,"23y_00030_waggle_annotations.csv",-0.761939317759459,-0.64764842009554,214.757542605589,95.6069939675079,"ok",1008,797,"direct calibration",-21.27,"horizontal","20250124/00030.mp4",20250124,"23y_00030__20250124","23y",NA,NA,NA,NA,NA,1.66865683266737,95.6069939675079,95.6069939675079,NA,NA
"horizontal","",NA,4,"23y_00030_waggle_annotations.csv",-0.993883734673619,0.110431526074847,214.757542605589,48.9022656485006,"ok",935,810,"direct calibration",-21.27,"horizontal","20250124/00030.mp4",20250124,"23y_00030__20250124","23y",NA,NA,NA,NA,NA,0.853505547251255,48.9022656485006,48.9022656485006,NA,NA
"horizontal","",NA,5,"23y_00030_waggle_annotations.csv",-0.894427190999916,-0.447213595499958,214.757542605589,81.8075085714885,"ok",953,851,"direct calibration",-21.27,"horizontal","20250124/00030.mp4",20250124,"23y_00030__20250124","23y",NA,NA,NA,NA,NA,1.42781037742596,81.8075085714885,81.8075085714885,NA,NA
"horizontal","",NA,1,"81r_00026_waggle_annotations.csv",-0.839570157152151,-0.543251278157274,214.757542605589,88.1477003173984,"ok",970,834,"direct calibration",-21.27,"horizontal","20250124/00026.mp4",20250124,"81r_00026__20250124","81r",NA,NA,NA,NA,NA,1.53846759859985,88.1477003173984,88.1477003173984,NA,NA
"horizontal","",NA,2,"81r_00026_waggle_annotations.csv",-0.991227900682635,-0.132163720091018,214.757542605589,62.837100763002,"ok",957,866,"direct calibration",-21.27,"horizontal","20250124/00026.mp4",20250124,"81r_00026__20250124","81r",NA,NA,NA,NA,NA,1.09671430072183,62.837100763002,62.837100763002,NA,NA
"horizontal","",NA,3,"81r_00026_waggle_annotations.csv",-0.993605254789719,-0.112909688044286,214.757542605589,61.7255310873077,"ok",911,856,"direct calibration",-21.27,"horizontal","20250124/00026.mp4",20250124,"81r_00026__20250124","81r",NA,NA,NA,NA,NA,1.07731375001564,61.7255310873077,61.7255310873077,NA,NA
"horizontal","",NA,1,"81r_00031_waggle_annotations.csv",0.209529088730873,0.977802414077409,214.757542605589,313.147700317398,"ok",976,906,"direct calibration",-21.27,"horizontal","20250124/00031.mp4",20250124,"81r_00031__20250124","81r",NA,NA,NA,NA,NA,-0.817726891592493,-46.8522996826016,313.147700317398,NA,NA
"horizontal","",NA,2,"81r_00031_waggle_annotations.csv",-0.998752338877845,0.0499376169438922,214.757542605589,52.3800521682987,"ok",958,819,"direct calibration",-21.27,"horizontal","20250124/00031.mp4",20250124,"81r_00031__20250124","81r",NA,NA,NA,NA,NA,0.914204372703208,52.3800521682987,52.3800521682987,NA,NA
"horizontal","",NA,3,"81r_00031_waggle_annotations.csv",-0.501036270541705,-0.865426285481126,214.757542605589,115.173874572548,"ok",959,878,"direct calibration",-21.27,"horizontal","20250124/00031.mp4",20250124,"81r_00031__20250124","81r",NA,NA,NA,NA,NA,2.01016332356994,115.173874572548,115.173874572548,NA,NA
"horizontal","",NA,1,"84r_00028_waggle_annotations.csv",-0.203954254112001,0.978980419737605,214.757542605589,337.010746326431,"ok",956,897,"direct calibration",-21.27,"horizontal","20250124/00028.mp4",20250124,"84r_00028__20250124","84r",NA,NA,NA,NA,NA,-0.401238169179979,-22.9892536735689,337.010746326431,NA,NA
"horizontal","",NA,2,"84r_00028_waggle_annotations.csv",0.944496796706159,0.328520624941273,214.757542605589,254.421465420221,"ok",966,903,"direct calibration",-21.27,"horizontal","20250124/00028.mp4",20250124,"84r_00028__20250124","84r",NA,NA,NA,NA,NA,-1.84269304784783,-105.578534579779,254.421465420221,NA,NA
"horizontal","",NA,3,"84r_00028_waggle_annotations.csv",0.721988205115424,0.691905363235615,214.757542605589,279.023582159279,"ok",943,884,"direct calibration",-21.27,"horizontal","20250124/00028.mp4",20250124,"84r_00028__20250124","84r",NA,NA,NA,NA,NA,-1.41330510779125,-80.9764178407208,279.023582159279,NA,NA
"horizontal","",NA,1,"22b_00042_waggle_annotations.csv",0.824041924199368,0.566528822887065,226.932742973907,257.575780013762,"ok",852,853,"direct calibration",-21.27,"horizontal","20250125/00042.mp4",20250125,"22b_00042__20250125","22b",NA,NA,NA,NA,NA,-1.78763987254684,-102.424219986238,257.575780013762,NA,NA
"horizontal","",NA,2,"22b_00042_waggle_annotations.csv",0.967074537262646,0.254493299279644,226.932742973907,237.810819862564,"ok",846,847,"direct calibration",-21.27,"horizontal","20250125/00042.mp4",20250125,"22b_00042__20250125","22b",NA,NA,NA,NA,NA,-2.13260350371071,-122.189180137436,237.810819862564,NA,NA
"horizontal","",NA,3,"22b_00042_waggle_annotations.csv",0.97439119569462,-0.224859506698758,226.932742973907,210.072640234177,"ok",856,852,"direct calibration",-21.27,"horizontal","20250125/00042.mp4",20250125,"22b_00042__20250125","22b",NA,NA,NA,NA,NA,-2.61672606673569,-149.927359765823,210.072640234177,NA,NA
"horizontal","",NA,4,"22b_00042_waggle_annotations.csv",0.7926239891046,0.609710760849692,226.932742973907,260.635849054921,"ok",858,833,"direct calibration",-21.27,"horizontal","20250125/00042.mp4",20250125,"22b_00042__20250125","22b",NA,NA,NA,NA,NA,-1.73423159244027,-99.3641509450792,260.635849054921,NA,NA
"horizontal","",NA,5,"22b_00042_waggle_annotations.csv",0.707106781186548,0.707106781186548,226.932742973907,268.067257026093,"ok",882,855,"direct calibration",-21.27,"horizontal","20250125/00042.mp4",20250125,"22b_00042__20250125","22b",NA,NA,NA,NA,NA,-1.60452905528436,-91.9327429739067,268.067257026093,NA,NA
"horizontal","",NA,6,"22b_00042_waggle_annotations.csv",0.982872186934322,0.184288535050185,226.932742973907,233.686912302248,"ok",880,826,"direct calibration",-21.27,"horizontal","20250125/00042.mp4",20250125,"22b_00042__20250125","22b",NA,NA,NA,NA,NA,-2.20457926868611,-126.313087697752,233.686912302248,NA,NA
"horizontal","",NA,7,"22b_00042_waggle_annotations.csv",0.624695047554424,0.78086880944303,226.932742973907,274.407448772003,"ok",893,845,"direct calibration",-21.27,"horizontal","20250125/00042.mp4",20250125,"22b_00042__20250125","22b",NA,NA,NA,NA,NA,-1.49387183411046,-85.5925512279968,274.407448772003,NA,NA
"horizontal","",NA,8,"22b_00042_waggle_annotations.csv",0.832050294337844,0.554700196225229,226.932742973907,256.757324552073,"ok",904,831,"direct calibration",-21.27,"horizontal","20250125/00042.mp4",20250125,"22b_00042__20250125","22b",NA,NA,NA,NA,NA,-1.80192461513424,-103.242675447927,256.757324552073,NA,NA
"horizontal","",NA,9,"22b_00042_waggle_annotations.csv",0.707106781186548,0.707106781186548,226.932742973907,268.067257026093,"ok",913,849,"direct calibration",-21.27,"horizontal","20250125/00042.mp4",20250125,"22b_00042__20250125","22b",NA,NA,NA,NA,NA,-1.60452905528436,-91.9327429739067,268.067257026093,NA,NA
"horizontal","",NA,10,"22b_00042_waggle_annotations.csv",1,0,226.932742973907,223.067257026093,"ok",923,834,"direct calibration",-21.27,"horizontal","20250125/00042.mp4",20250125,"22b_00042__20250125","22b",NA,NA,NA,NA,NA,-2.3899272186818,-136.932742973907,223.067257026093,NA,NA
"horizontal","",NA,11,"22b_00042_waggle_annotations.csv",0.813733471206735,0.581238193719096,226.932742973907,258.604934818068,"ok",948,862,"direct calibration",-21.27,"horizontal","20250125/00042.mp4",20250125,"22b_00042__20250125","22b",NA,NA,NA,NA,NA,-1.76967773269898,-101.395065181932,258.604934818068,NA,NA
"horizontal","",NA,12,"22b_00042_waggle_annotations.csv",0.81923192051904,0.573462344363328,226.932742973907,258.059277224652,"ok",993,791,"direct calibration",-21.27,"horizontal","20250125/00042.mp4",20250125,"22b_00042__20250125","22b",NA,NA,NA,NA,NA,-1.77920125429259,-101.940722775348,258.059277224652,NA,NA
"horizontal","",NA,13,"22b_00042_waggle_annotations.csv",0.66436383882992,0.74740931868366,226.932742973907,271.433717689523,"ok",869,836,"direct calibration",-21.27,"horizontal","20250125/00042.mp4",20250125,"22b_00042__20250125","22b",NA,NA,NA,NA,NA,-1.54577323256863,-88.5662823104769,271.433717689523,NA,NA
"horizontal","",NA,1,"22b_00046_waggle_annotations.csv",0.66896473162245,0.743294146247166,234.580140799655,263.432646704529,"ok",825,905,"direct calibration",-21.27,"horizontal","20250125/00046.mp4",20250125,"22b_00046__20250125","22b",NA,NA,NA,NA,NA,-1.68541826494257,-96.5673532954713,263.432646704529,NA,NA
"horizontal","",NA,2,"22b_00046_waggle_annotations.csv",0.987440631916705,0.157990501106673,234.580140799655,224.510136121168,"ok",858,895,"direct calibration",-21.27,"horizontal","20250125/00046.mp4",20250125,"22b_00046__20250125","22b",NA,NA,NA,NA,NA,-2.36474422776456,-135.489863878832,224.510136121168,NA,NA
"horizontal","",NA,1,"23y_00071_waggle_annotations.csv",-0.242535625036333,0.970142500145332,208.868429093693,345.167814374233,"ok",970,864,"direct calibration",-21.27,"horizontal","20250125_new/00071.mp4",20250125,"23y_00071__20250125","23y",NA,NA,NA,NA,NA,-0.258870474436606,-14.8321856257668,345.167814374233,NA,NA
"horizontal","",NA,2,"23y_00071_waggle_annotations.csv",0.66896473162245,0.743294146247166,208.868429093693,289.14435841049,"ok",957,867,"direct calibration",-21.27,"horizontal","20250125_new/00071.mp4",20250125,"23y_00071__20250125","23y",NA,NA,NA,NA,NA,-1.23666423934998,-70.8556415895099,289.14435841049,NA,NA
"horizontal","",NA,1,"90r_00069_waggle_annotations.csv",0.919145030018058,-0.393919298579168,208.868429093693,217.932980392659,"ok",953,866,"direct calibration",-21.27,"horizontal","20250125_new/00069.mp4",20250125,"90r_00069__20250125","90r",NA,NA,NA,NA,NA,-2.47953725064345,-142.067019607341,217.932980392659,NA,NA
"horizontal","",NA,2,"90r_00069_waggle_annotations.csv",-0.588171697675046,0.808736084303188,208.868429093693,7.15894429141031,"ok",956,866,"direct calibration",-21.27,"horizontal","20250125_new/00069.mp4",20250125,"90r_00069__20250125","90r",NA,NA,NA,NA,NA,0.124947148851962,7.15894429141031,7.15894429141031,NA,NA
"horizontal","",NA,3,"90r_00069_waggle_annotations.csv",0.64018439966448,0.768221279597376,208.868429093693,291.325999814042,"ok",950,853,"direct calibration",-21.27,"horizontal","20250125_new/00069.mp4",20250125,"90r_00069__20250125","90r",NA,NA,NA,NA,NA,-1.19858741376017,-68.6740001859585,291.325999814042,NA,NA
"horizontal","",NA,4,"90r_00069_waggle_annotations.csv",-0.164398987305357,0.986393923832144,208.868429093693,340.593893114332,"ok",936,859,"direct calibration",-21.27,"horizontal","20250125_new/00069.mp4",20250125,"90r_00069__20250125","90r",NA,NA,NA,NA,NA,-0.338700460148843,-19.4061068856676,340.593893114332,NA,NA
"horizontal","",NA,5,"90r_00069_waggle_annotations.csv",0.447213595499958,0.894427190999916,208.868429093693,304.566519729229,"ok",952,847,"direct calibration",-21.27,"horizontal","20250125_new/00069.mp4",20250125,"90r_00069__20250125","90r",NA,NA,NA,NA,NA,-0.967496746564277,-55.4334802707713,304.566519729229,NA,NA
"horizontal","",NA,6,"90r_00069_waggle_annotations.csv",0.507020126563394,0.861934215157769,208.868429093693,300.666025986847,"ok",1018,873,"direct calibration",-21.27,"horizontal","20250125_new/00069.mp4",20250125,"90r_00069__20250125","90r",NA,NA,NA,NA,NA,-1.03557320482228,-59.3339740131532,300.666025986847,NA,NA
"horizontal","",NA,7,"90r_00069_waggle_annotations.csv",-0.209529088730873,0.977802414077409,208.868429093693,343.226327983319,"ok",999,892,"direct calibration",-21.27,"horizontal","20250125_new/00069.mp4",20250125,"90r_00069__20250125","90r",NA,NA,NA,NA,NA,-0.292755804340724,-16.7736720166812,343.226327983319,NA,NA
"horizontal","",NA,8,"90r_00069_waggle_annotations.csv",0.0499376169438922,0.998752338877845,208.868429093693,328.269165680195,"ok",1051,883,"direct calibration",-21.27,"horizontal","20250125_new/00069.mp4",20250125,"90r_00069__20250125","90r",NA,NA,NA,NA,NA,-0.553807533285413,-31.730834319805,328.269165680195,NA,NA
"horizontal","",NA,9,"90r_00069_waggle_annotations.csv",-0.116841247567397,0.993150604322876,208.868429093693,337.841407714064,"ok",1044,870,"direct calibration",-21.27,"horizontal","20250125_new/00069.mp4",20250125,"90r_00069__20250125","90r",NA,NA,NA,NA,NA,-0.386740392996607,-22.1585922859364,337.841407714064,NA,NA
"horizontal","",NA,1,"17y_00043_waggle_annotations.csv",0.999314833766767,-0.0370116605098803,209.882315999761,237.996587603577,"ok",1129,863,"direct calibration",-21.27,"horizontal","20250126/00043.mp4",20250126,"17y_00043__20250126","17y",NA,NA,NA,NA,NA,-2.12936124498604,-122.003412396423,237.996587603577,NA,NA
"horizontal","",NA,1,"20y_00024_waggle_annotations.csv",-0.78086880944303,0.624695047554424,250.728932993007,340.611258752903,"ok",1251,913,"direct calibration",-21.27,"horizontal","20250126/00024.mp4",20250126,"20y_00024__20250126","20y",NA,NA,NA,NA,NA,-0.33839737257907,-19.3887412470967,340.611258752903,NA,NA
"horizontal","",NA,2,"20y_00024_waggle_annotations.csv",-0.95577900872195,0.294085848837523,250.728932993007,2.16833803794103,"ok",1141,896,"direct calibration",-21.27,"horizontal","20250126/00024.mp4",20250126,"20y_00024__20250126","20y",NA,NA,NA,NA,NA,0.0378446380583046,2.16833803794103,2.16833803794103,NA,NA
"horizontal","",NA,3,"20y_00024_waggle_annotations.csv",-0.959365501571271,0.28216632399155,250.728932993007,2.88152667295861,"ok",1251,822,"direct calibration",-21.27,"horizontal","20250126/00024.mp4",20250126,"20y_00024__20250126","20y",NA,NA,NA,NA,NA,0.0502921279271657,2.88152667295861,2.88152667295861,NA,NA
"horizontal","",NA,1,"20y_00039_waggle_annotations.csv",-0.993883734673619,0.110431526074847,209.882315999761,53.7774922543288,"ok",1156,878,"direct calibration",-21.27,"horizontal","20250126/00039.mp4",20250126,"20y_00039__20250126","20y",NA,NA,NA,NA,NA,0.938594303303785,53.7774922543288,53.7774922543288,NA,NA
"horizontal","",NA,2,"20y_00039_waggle_annotations.csv",0.474099823035017,0.880471099922175,209.882315999761,301.816928234232,"ok",1081,840,"direct calibration",-21.27,"horizontal","20250126/00039.mp4",20250126,"20y_00039__20250126","20y",NA,NA,NA,NA,NA,-1.0154861712368,-58.1830717657677,301.816928234232,NA,NA
"horizontal","",NA,3,"20y_00039_waggle_annotations.csv",0.584304725845076,0.811534341451494,209.882315999761,294.363796745802,"ok",1031,853,"direct calibration",-21.27,"horizontal","20250126/00039.mp4",20250126,"20y_00039__20250126","20y",NA,NA,NA,NA,NA,-1.14556785529397,-65.6362032541981,294.363796745802,NA,NA
"horizontal","",NA,1,"20y_00040_waggle_annotations.csv",-0.948683298050514,0.316227766016838,209.882315999761,41.6827351773167,"ok",990,858,"direct calibration",-21.27,"horizontal","20250126/00040.mp4",20250126,"20y_00040__20250126","20y",NA,NA,NA,NA,NA,0.727500970081038,41.6827351773167,41.6827351773167,NA,NA
"horizontal","",NA,2,"20y_00040_waggle_annotations.csv",0.999133073092352,0.0416305447121813,209.882315999761,242.503628030628,"ok",1024,831,"direct calibration",-21.27,"horizontal","20250126/00040.mp4",20250126,"20y_00040__20250126","20y",NA,NA,NA,NA,NA,-2.05069855001352,-117.496371969373,242.503628030628,NA,NA
"horizontal","",NA,3,"20y_00040_waggle_annotations.csv",1,0,209.882315999761,240.117684000239,"ok",1151,867,"direct calibration",-21.27,"horizontal","20250126/00040.mp4",20250126,"20y_00040__20250126","20y",NA,NA,NA,NA,NA,-2.09234112911211,-119.882315999761,240.117684000239,NA,NA
"horizontal","",NA,4,"20y_00040_waggle_annotations.csv",0.877895572914384,0.478852130680573,209.882315999761,268.728143666204,"ok",1126,828,"direct calibration",-21.27,"horizontal","20250126/00040.mp4",20250126,"20y_00040__20250126","20y",NA,NA,NA,NA,NA,-1.59299440743198,-91.2718563337961,268.728143666204,NA,NA
"horizontal","",NA,5,"20y_00040_waggle_annotations.csv",1,0,209.882315999761,240.117684000239,"ok",1125,877,"direct calibration",-21.27,"horizontal","20250126/00040.mp4",20250126,"20y_00040__20250126","20y",NA,NA,NA,NA,NA,-2.09234112911211,-119.882315999761,240.117684000239,NA,NA
"horizontal","",NA,6,"20y_00040_waggle_annotations.csv",-0.970142500145332,0.242535625036333,209.882315999761,46.0814405323122,"ok",1044,844,"direct calibration",-21.27,"horizontal","20250126/00040.mp4",20250126,"20y_00040__20250126","20y",NA,NA,NA,NA,NA,0.804272861350816,46.0814405323122,46.0814405323122,NA,NA
"horizontal","",NA,1,"20y_00042_waggle_annotations.csv",0.972806214685367,0.23162052730604,209.882315999761,253.51018175399,"ok",921,861,"direct calibration",-21.27,"horizontal","20250126/00042.mp4",20250126,"20y_00042__20250126","20y",NA,NA,NA,NA,NA,-1.85859794824321,-106.48981824601,253.51018175399,NA,NA
"horizontal","",NA,2,"20y_00042_waggle_annotations.csv",-0.978549784986749,0.206010481049842,209.882315999761,48.2290259606107,"ok",910,862,"direct calibration",-21.27,"horizontal","20250126/00042.mp4",20250126,"20y_00042__20250126","20y",NA,NA,NA,NA,NA,0.841755298042477,48.2290259606107,48.2290259606107,NA,NA
"horizontal","",NA,1,"22b_00026_waggle_annotations.csv",-0.991227900682635,-0.132163720091018,250.728932993007,26.8657103755849,"ok",1359,824,"direct calibration",-21.27,"horizontal","20250126/00026.mp4",20250126,"22b_00026__20250126","22b",NA,NA,NA,NA,NA,0.468895101941158,26.8657103755849,26.8657103755849,NA,NA
"horizontal","",NA,1,"22b_00043_waggle_annotations.csv",-0.994691793826551,-0.102899151085505,209.882315999761,66.0238251140092,"ok",897,870,"direct calibration",-21.27,"horizontal","20250126/00043.mp4",20250126,"22b_00043__20250126","22b",NA,NA,NA,NA,NA,1.15233313300038,66.0238251140092,66.0238251140092,NA,NA
"horizontal","",NA,2,"22b_00043_waggle_annotations.csv",1,0,209.882315999761,240.117684000239,"ok",925,864,"direct calibration",-21.27,"horizontal","20250126/00043.mp4",20250126,"22b_00043__20250126","22b",NA,NA,NA,NA,NA,-2.09234112911211,-119.882315999761,240.117684000239,NA,NA
"horizontal","",NA,3,"22b_00043_waggle_annotations.csv",0.910366477462605,-0.413802944301184,209.882315999761,215.673729219822,"ok",800,843,"direct calibration",-21.27,"horizontal","20250126/00043.mp4",20250126,"22b_00043__20250126","22b",NA,NA,NA,NA,NA,-2.51896862223899,-144.326270780178,215.673729219822,NA,NA
"horizontal","",NA,4,"22b_00043_waggle_annotations.csv",-0.987762965329069,0.155962573473011,209.882315999761,51.1450573853423,"ok",778,779,"direct calibration",-21.27,"horizontal","20250126/00043.mp4",20250126,"22b_00043__20250126","22b",NA,NA,NA,NA,NA,0.892649647495665,51.1450573853423,51.1450573853423,NA,NA
"horizontal","",NA,1,"22b_00046_waggle_annotations.csv",1,0,209.882315999761,240.117684000239,"ok",1084,840,"direct calibration",-21.27,"horizontal","20250126/00046.mp4",20250126,"22b_00046__20250126","22b",NA,NA,NA,NA,NA,-2.09234112911211,-119.882315999761,240.117684000239,NA,NA
"horizontal","",NA,2,"22b_00046_waggle_annotations.csv",0.98058067569092,-0.196116135138184,209.882315999761,228.807751526218,"ok",1051,873,"direct calibration",-21.27,"horizontal","20250126/00046.mp4",20250126,"22b_00046__20250126","22b",NA,NA,NA,NA,NA,-2.28973668896199,-131.192248473782,228.807751526218,NA,NA
"horizontal","",NA,3,"22b_00046_waggle_annotations.csv",1,0,209.882315999761,240.117684000239,"ok",997,857,"direct calibration",-21.27,"horizontal","20250126/00046.mp4",20250126,"22b_00046__20250126","22b",NA,NA,NA,NA,NA,-2.09234112911211,-119.882315999761,240.117684000239,NA,NA
"horizontal","",NA,4,"22b_00046_waggle_annotations.csv",0.997054485501581,0.076696498884737,209.882315999761,244.516389355234,"ok",1018,861,"direct calibration",-21.27,"horizontal","20250126/00046.mp4",20250126,"22b_00046__20250126","22b",NA,NA,NA,NA,NA,-2.01556923784233,-115.483610644766,244.516389355234,NA,NA
"horizontal","",NA,5,"22b_00046_waggle_annotations.csv",0.984783558817937,0.173785333909048,209.882315999761,250.12566380168,"ok",1037,868,"direct calibration",-21.27,"horizontal","20250126/00046.mp4",20250126,"22b_00046__20250126","22b",NA,NA,NA,NA,NA,-1.91766893010387,-109.87433619832,250.12566380168,NA,NA
"horizontal","",NA,6,"22b_00046_waggle_annotations.csv",0.961523947640823,0.274721127897378,209.882315999761,256.063079901162,"ok",1052,866,"direct calibration",-21.27,"horizontal","20250126/00046.mp4",20250126,"22b_00046__20250126","22b",NA,NA,NA,NA,NA,-1.814041470107,-103.936920098838,256.063079901162,NA,NA
"horizontal","",NA,7,"22b_00046_waggle_annotations.csv",0.970142500145332,0.242535625036333,209.882315999761,254.153927468165,"ok",1078,851,"direct calibration",-21.27,"horizontal","20250126/00046.mp4",20250126,"22b_00046__20250126","22b",NA,NA,NA,NA,NA,-1.84736246598525,-105.846072531835,254.153927468165,NA,NA
"horizontal","",NA,8,"22b_00046_waggle_annotations.csv",0.998052578482889,0.0623782861551805,209.882315999761,243.694018375236,"ok",1069,850,"direct calibration",-21.27,"horizontal","20250126/00046.mp4",20250126,"22b_00046__20250126","22b",NA,NA,NA,NA,NA,-2.02992231911616,-116.305981624764,243.694018375236,NA,NA
"horizontal","",NA,9,"22b_00046_waggle_annotations.csv",0.997333723591566,-0.072975638311578,209.882315999761,235.93276787512,"ok",1112,849,"direct calibration",-21.27,"horizontal","20250126/00046.mp4",20250126,"22b_00046__20250126","22b",NA,NA,NA,NA,NA,-2.16538169441523,-124.06723212488,235.93276787512,NA,NA
"horizontal","",NA,10,"22b_00046_waggle_annotations.csv",0.95447997803503,-0.298274993135947,209.882315999761,222.763659363977,"ok",1134,835,"direct calibration",-21.27,"horizontal","20250126/00046.mp4",20250126,"22b_00046__20250126","22b",NA,NA,NA,NA,NA,-2.39522599748708,-137.236340636023,222.763659363977,NA,NA
"horizontal","",NA,11,"22b_00046_waggle_annotations.csv",0.948683298050514,0.316227766016838,209.882315999761,258.552632823161,"ok",1083,833,"direct calibration",-21.27,"horizontal","20250126/00046.mp4",20250126,"22b_00046__20250126","22b",NA,NA,NA,NA,NA,-1.77059057471547,-101.447367176839,258.552632823161,NA,NA
"horizontal","",NA,12,"22b_00046_waggle_annotations.csv",0.928476690885259,-0.371390676354104,209.882315999761,218.316274513887,"ok",1088,858,"direct calibration",-21.27,"horizontal","20250126/00046.mp4",20250126,"22b_00046__20250126","22b",NA,NA,NA,NA,NA,-2.47284750622448,-141.683725486113,218.316274513887,NA,NA
"horizontal","",NA,13,"22b_00046_waggle_annotations.csv",0.991227900682635,-0.132163720091018,209.882315999761,232.523040631647,"ok",1091,872,"direct calibration",-21.27,"horizontal","20250126/00046.mp4",20250126,"22b_00046__20250126","22b",NA,NA,NA,NA,NA,-2.22489266140879,-127.476959368353,232.523040631647,NA,NA
"horizontal","",NA,1,"47y_00039_waggle_annotations.csv",-0.984783558817937,-0.173785333909048,209.882315999761,70.12566380168,"ok",922,833,"direct calibration",-21.27,"horizontal","20250126/00039.mp4",20250126,"47y_00039__20250126","47y",NA,NA,NA,NA,NA,1.22392372348592,70.12566380168,70.12566380168,NA,NA
"horizontal","",NA,2,"47y_00039_waggle_annotations.csv",0.841178475376554,0.540757591313499,209.882315999761,272.852910272346,"ok",1051,873,"direct calibration",-21.27,"horizontal","20250126/00039.mp4",20250126,"47y_00039__20250126","47y",NA,NA,NA,NA,NA,-1.52100364927849,-87.1470897276537,272.852910272346,NA,NA
"horizontal","",NA,3,"47y_00039_waggle_annotations.csv",-0.99654575824488,0.08304547985374,209.882315999761,55.3540423095125,"ok",1014,881,"direct calibration",-21.27,"horizontal","20250126/00039.mp4",20250126,"47y_00039__20250126","47y",NA,NA,NA,NA,NA,0.96611029258924,55.3540423095125,55.3540423095125,NA,NA
"horizontal","",NA,4,"47y_00039_waggle_annotations.csv",-0.606043215262856,0.795431720032499,209.882315999761,7.42163227822212,"ok",951,882,"direct calibration",-21.27,"horizontal","20250126/00039.mp4",20250126,"47y_00039__20250126","47y",NA,NA,NA,NA,NA,0.129531919127264,7.42163227822212,7.42163227822212,NA,NA
"horizontal","",NA,5,"47y_00039_waggle_annotations.csv",0.843661487732107,0.536875492193159,209.882315999761,272.588876291087,"ok",1005,838,"direct calibration",-21.27,"horizontal","20250126/00039.mp4",20250126,"47y_00039__20250126","47y",NA,NA,NA,NA,NA,-1.52561191158861,-87.4111237089128,272.588876291087,NA,NA
"horizontal","",NA,6,"47y_00039_waggle_annotations.csv",-0.989203462353871,0.146548661089462,209.882315999761,51.690714978758,"ok",951,809,"direct calibration",-21.27,"horizontal","20250126/00039.mp4",20250126,"47y_00039__20250126","47y",NA,NA,NA,NA,NA,0.902173169089278,51.690714978758,51.690714978758,NA,NA
"horizontal","",NA,7,"47y_00039_waggle_annotations.csv",-0.9989685402103,-0.04540766091865,209.882315999761,62.7202462027385,"ok",928,768,"direct calibration",-21.27,"horizontal","20250126/00039.mp4",20250126,"47y_00039__20250126","47y",NA,NA,NA,NA,NA,1.09467480389926,62.7202462027385,62.7202462027385,NA,NA
"horizontal","",NA,8,"47y_00039_waggle_annotations.csv",-0.993150604322876,0.116841247567397,209.882315999761,53.4078471924818,"ok",929,788,"direct calibration",-21.27,"horizontal","20250126/00039.mp4",20250126,"47y_00039__20250126","47y",NA,NA,NA,NA,NA,0.932142779910817,53.4078471924818,53.4078471924818,NA,NA
"horizontal","",NA,9,"47y_00039_waggle_annotations.csv",-0.990492273177752,0.137568371274688,209.882315999761,52.2105212972803,"ok",919,811,"direct calibration",-21.27,"horizontal","20250126/00039.mp4",20250126,"47y_00039__20250126","47y",NA,NA,NA,NA,NA,0.911245500820162,52.2105212972803,52.2105212972803,NA,NA
"horizontal","",NA,10,"47y_00039_waggle_annotations.csv",-0.993883734673619,0.110431526074847,209.882315999761,53.7774922543288,"ok",925,812,"direct calibration",-21.27,"horizontal","20250126/00039.mp4",20250126,"47y_00039__20250126","47y",NA,NA,NA,NA,NA,0.938594303303785,53.7774922543288,53.7774922543288,NA,NA
"horizontal","",NA,11,"47y_00039_waggle_annotations.csv",-0.997925308968458,0.064382277997965,209.882315999761,56.4262980137874,"ok",924,764,"direct calibration",-21.27,"horizontal","20250126/00039.mp4",20250126,"47y_00039__20250126","47y",NA,NA,NA,NA,NA,0.984824685052127,56.4262980137874,56.4262980137874,NA,NA
"horizontal","",NA,12,"47y_00039_waggle_annotations.csv",-0.99861782933251,-0.0525588331227637,209.882315999761,63.130471504422,"ok",898,750,"direct calibration",-21.27,"horizontal","20250126/00039.mp4",20250126,"47y_00039__20250126","47y",NA,NA,NA,NA,NA,1.10183458608862,63.130471504422,63.130471504422,NA,NA
"horizontal","",NA,13,"47y_00039_waggle_annotations.csv",-0.993883734673619,0.110431526074847,209.882315999761,53.7774922543288,"ok",929,711,"direct calibration",-21.27,"horizontal","20250126/00039.mp4",20250126,"47y_00039__20250126","47y",NA,NA,NA,NA,NA,0.938594303303785,53.7774922543288,53.7774922543288,NA,NA
"horizontal","",NA,14,"47y_00039_waggle_annotations.csv",-0.999763788823916,-0.0217339954092156,209.882315999761,61.363048267007,"ok",959,721,"direct calibration",-21.27,"horizontal","20250126/00039.mp4",20250126,"47y_00039__20250126","47y",NA,NA,NA,NA,NA,1.07098723131947,61.363048267007,61.363048267007,NA,NA
"horizontal","",NA,15,"47y_00039_waggle_annotations.csv",-0.998460353205412,-0.0554700196225229,209.882315999761,63.2975141201029,"ok",940,717,"direct calibration",-21.27,"horizontal","20250126/00039.mp4",20250126,"47y_00039__20250126","47y",NA,NA,NA,NA,NA,1.1047500297234,63.2975141201029,63.2975141201029,NA,NA
"horizontal","",NA,16,"47y_00039_waggle_annotations.csv",-0.98328200498446,0.182089260182307,209.882315999761,49.6262069879071,"ok",965,746,"direct calibration",-21.27,"horizontal","20250126/00039.mp4",20250126,"47y_00039__20250126","47y",NA,NA,NA,NA,NA,0.866140707215197,49.6262069879071,49.6262069879071,NA,NA
"horizontal","",NA,17,"47y_00039_waggle_annotations.csv",-0.989203462353871,-0.146548661089462,209.882315999761,68.5446530217193,"ok",998,772,"direct calibration",-21.27,"horizontal","20250126/00039.mp4",20250126,"47y_00039__20250126","47y",NA,NA,NA,NA,NA,1.19632987986608,68.5446530217193,68.5446530217193,NA,NA
"horizontal","",NA,18,"47y_00039_waggle_annotations.csv",-0.934487734928968,0.355995327591988,209.882315999761,39.2632259606603,"ok",963,839,"direct calibration",-21.27,"horizontal","20250126/00039.mp4",20250126,"47y_00039__20250126","47y",NA,NA,NA,NA,NA,0.685272567968037,39.2632259606604,39.2632259606603,NA,NA
"horizontal","",NA,19,"47y_00039_waggle_annotations.csv",-0.997199309888456,0.0747899482416342,209.882315999761,55.8285306714197,"ok",959,815,"direct calibration",-21.27,"horizontal","20250126/00039.mp4",20250126,"47y_00039__20250126","47y",NA,NA,NA,NA,NA,0.974391676766914,55.8285306714197,55.8285306714197,NA,NA
"horizontal","",NA,20,"47y_00039_waggle_annotations.csv",-0.904818702200994,0.42579703632988,209.882315999761,34.9165603547636,"ok",947,815,"direct calibration",-21.27,"horizontal","20250126/00039.mp4",20250126,"47y_00039__20250126","47y",NA,NA,NA,NA,NA,0.609408941661944,34.9165603547636,34.9165603547636,NA,NA
"horizontal","",NA,21,"47y_00039_waggle_annotations.csv",-0.991454295542544,-0.130454512571387,209.882315999761,67.6135416399686,"ok",964,852,"direct calibration",-21.27,"horizontal","20250126/00039.mp4",20250126,"47y_00039__20250126","47y",NA,NA,NA,NA,NA,1.18007892055174,67.6135416399686,67.6135416399686,NA,NA
"horizontal","",NA,1,"66b_00024_waggle_annotations.csv",-0.995495472593952,0.0948090926279954,250.728932993007,13.8307349759879,"ok",1365,857,"direct calibration",-21.27,"horizontal","20250126/00024.mp4",20250126,"66b_00024__20250126","66b",NA,NA,NA,NA,NA,0.241391863301728,13.8307349759879,13.8307349759879,NA,NA
"horizontal","",NA,2,"66b_00024_waggle_annotations.csv",-0.984783558817937,0.173785333909048,250.728932993007,9.26308720555204,"ok",1327,837,"direct calibration",-21.27,"horizontal","20250126/00024.mp4",20250126,"66b_00024__20250126","66b",NA,NA,NA,NA,NA,0.161671370636244,9.26308720555204,9.26308720555204,NA,NA
"horizontal","",NA,3,"66b_00024_waggle_annotations.csv",-0.992277876713668,-0.124034734589208,250.728932993007,26.3960833558952,"ok",1357,914,"direct calibration",-21.27,"horizontal","20250126/00024.mp4",20250126,"66b_00024__20250126","66b",NA,NA,NA,NA,NA,0.460698564191245,26.3960833558952,26.3960833558952,NA,NA
"horizontal","",NA,4,"66b_00024_waggle_annotations.csv",-0.999133073092352,-0.0416305447121813,250.728932993007,21.6570110373822,"ok",1341,883,"direct calibration",-21.27,"horizontal","20250126/00024.mp4",20250126,"66b_00024__20250126","66b",NA,NA,NA,NA,NA,0.377986148743073,21.6570110373822,21.6570110373822,NA,NA
"horizontal","",NA,5,"66b_00024_waggle_annotations.csv",-0.989949493661166,0.14142135623731,250.728932993007,11.1409646528375,"ok",1379,894,"direct calibration",-21.27,"horizontal","20250126/00024.mp4",20250126,"66b_00024__20250126","66b",NA,NA,NA,NA,NA,0.194446515040321,11.1409646528375,11.1409646528375,NA,NA
"horizontal","",NA,6,"66b_00024_waggle_annotations.csv",-0.993883734673619,0.110431526074847,250.728932993007,12.9308752610835,"ok",1379,866,"direct calibration",-21.27,"horizontal","20250126/00024.mp4",20250126,"66b_00024__20250126","66b",NA,NA,NA,NA,NA,0.225686348470588,12.9308752610835,12.9308752610835,NA,NA
"horizontal","",NA,7,"66b_00024_waggle_annotations.csv",-0.998274373174996,0.0587220219514703,250.728932993007,15.9046063435636,"ok",1357,832,"direct calibration",-21.27,"horizontal","20250126/00024.mp4",20250126,"66b_00024__20250126","66b",NA,NA,NA,NA,NA,0.277587746928762,15.9046063435636,15.9046063435636,NA,NA
"horizontal","",NA,8,"66b_00024_waggle_annotations.csv",-1,0,250.728932993007,19.2710670069934,"ok",1401,867,"direct calibration",-21.27,"horizontal","20250126/00024.mp4",20250126,"66b_00024__20250126","66b",NA,NA,NA,NA,NA,0.336343569644484,19.2710670069934,19.2710670069934,NA,NA
"horizontal","",NA,9,"66b_00024_waggle_annotations.csv",-0.993883734673619,0.110431526074847,250.728932993007,12.9308752610835,"ok",1396,886,"direct calibration",-21.27,"horizontal","20250126/00024.mp4",20250126,"66b_00024__20250126","66b",NA,NA,NA,NA,NA,0.225686348470588,12.9308752610835,12.9308752610835,NA,NA
"horizontal","",NA,10,"66b_00024_waggle_annotations.csv",-0.999133073092352,-0.0416305447121813,250.728932993007,21.6570110373822,"ok",1349,886,"direct calibration",-21.27,"horizontal","20250126/00024.mp4",20250126,"66b_00024__20250126","66b",NA,NA,NA,NA,NA,0.377986148743073,21.6570110373822,21.6570110373822,NA,NA
"horizontal","",NA,11,"66b_00024_waggle_annotations.csv",-0.961523947640823,0.274721127897378,250.728932993007,3.32567110607056,"ok",1425,897,"direct calibration",-21.27,"horizontal","20250126/00024.mp4",20250126,"66b_00024__20250126","66b",NA,NA,NA,NA,NA,0.0580439106393728,3.32567110607056,3.32567110607056,NA,NA
"horizontal","",NA,1,"66b_00025_waggle_annotations.csv",-0.988371697650617,-0.152057184253941,250.728932993007,28.0172292695486,"ok",931,793,"direct calibration",-21.27,"horizontal","20250126/00025.mp4",20250126,"66b_00025__20250126","66b",NA,NA,NA,NA,NA,0.48899289803975,28.0172292695486,28.0172292695486,NA,NA
"horizontal","",NA,1,"66b_00028_waggle_annotations.csv",-0.926466577122309,0.376377046955938,250.728932993007,357.161618663242,"ok",958,902,"direct calibration",-21.27,"horizontal","20250126/00028.mp4",20250126,"66b_00028__20250126","66b",NA,NA,NA,NA,NA,-0.0495390997535907,-2.83838133675833,357.161618663242,NA,NA
"horizontal","",NA,2,"66b_00028_waggle_annotations.csv",-0.581238193719096,0.813733471206735,250.728932993007,324.808744798968,"ok",978,910,"direct calibration",-21.27,"horizontal","20250126/00028.mp4",20250126,"66b_00028__20250126","66b",NA,NA,NA,NA,NA,-0.614203271167591,-35.1912552010322,324.808744798968,NA,NA
"horizontal","",NA,3,"66b_00028_waggle_annotations.csv",-0.996815278536125,0.07974522228289,250.728932993007,14.6971457470925,"ok",975,851,"direct calibration",-21.27,"horizontal","20250126/00028.mp4",20250126,"66b_00028__20250126","66b",NA,NA,NA,NA,NA,0.256513583932246,14.6971457470925,14.6971457470925,NA,NA
"horizontal","",NA,4,"66b_00028_waggle_annotations.csv",-1,0,250.728932993007,19.2710670069934,"ok",905,888,"direct calibration",-21.27,"horizontal","20250126/00028.mp4",20250126,"66b_00028__20250126","66b",NA,NA,NA,NA,NA,0.336343569644484,19.2710670069934,19.2710670069934,NA,NA
"horizontal","",NA,1,"73b_00023_waggle_annotations.csv",-0.998052578482889,-0.0623782861551805,250.728932993007,22.8474013819908,"ok",921,871,"direct calibration",-21.27,"horizontal","20250126/00023.mp4",20250126,"73b_00023__20250126","73b",NA,NA,NA,NA,NA,0.398762379640442,22.8474013819908,22.8474013819908,NA,NA
"horizontal","",NA,2,"73b_00023_waggle_annotations.csv",-0.948683298050514,0.316227766016838,250.728932993007,0.836118184071381,"ok",961,879,"direct calibration",-21.27,"horizontal","20250126/00023.mp4",20250126,"73b_00023__20250126","73b",NA,NA,NA,NA,NA,0.0145930152478416,0.836118184071381,0.836118184071381,NA,NA
"horizontal","",NA,3,"73b_00023_waggle_annotations.csv",-0.93334560620306,-0.358979079308869,250.728932993007,40.3085780324152,"ok",945,819,"direct calibration",-21.27,"horizontal","20250126/00023.mp4",20250126,"73b_00023__20250126","73b",NA,NA,NA,NA,NA,0.703517403462703,40.3085780324152,40.3085780324152,NA,NA
"horizontal","",NA,4,"73b_00023_waggle_annotations.csv",-1,0,250.728932993007,19.2710670069934,"ok",926,804,"direct calibration",-21.27,"horizontal","20250126/00023.mp4",20250126,"73b_00023__20250126","73b",NA,NA,NA,NA,NA,0.336343569644484,19.2710670069934,19.2710670069934,NA,NA
"horizontal","",NA,5,"73b_00023_waggle_annotations.csv",-0.977802414077409,-0.209529088730873,250.728932993007,31.3658240840055,"ok",952,789,"direct calibration",-21.27,"horizontal","20250126/00023.mp4",20250126,"73b_00023__20250126","73b",NA,NA,NA,NA,NA,0.547436902867231,31.3658240840055,31.3658240840055,NA,NA
"horizontal","",NA,6,"73b_00023_waggle_annotations.csv",-0.998460353205412,-0.0554700196225229,250.728932993007,22.4508971268576,"ok",976,786,"direct calibration",-21.27,"horizontal","20250126/00023.mp4",20250126,"73b_00023__20250126","73b",NA,NA,NA,NA,NA,0.391842074890201,22.4508971268576,22.4508971268576,NA,NA
"horizontal","",NA,7,"73b_00023_waggle_annotations.csv",-0.970142500145332,-0.242535625036333,250.728932993007,33.3073104749199,"ok",978,818,"direct calibration",-21.27,"horizontal","20250126/00023.mp4",20250126,"73b_00023__20250126","73b",NA,NA,NA,NA,NA,0.581322232771348,33.3073104749199,33.3073104749199,NA,NA
"horizontal","",NA,8,"73b_00023_waggle_annotations.csv",-0.911921505175106,0.410364677328798,250.728932993007,355.043321689039,"ok",978,796,"direct calibration",-21.27,"horizontal","20250126/00023.mp4",20250126,"73b_00023__20250126","73b",NA,NA,NA,NA,NA,-0.0865103564884573,-4.9566783109608,355.043321689039,NA,NA
"horizontal","",NA,9,"73b_00023_waggle_annotations.csv",-0.973417168333576,-0.229039333725547,250.728932993007,32.5115869221806,"ok",980,801,"direct calibration",-21.27,"horizontal","20250126/00023.mp4",20250126,"73b_00023__20250126","73b",NA,NA,NA,NA,NA,0.567434236840381,32.5115869221806,32.5115869221806,NA,NA
"horizontal","",NA,10,"73b_00023_waggle_annotations.csv",-1,0,250.728932993007,19.2710670069934,"ok",967,800,"direct calibration",-21.27,"horizontal","20250126/00023.mp4",20250126,"73b_00023__20250126","73b",NA,NA,NA,NA,NA,0.336343569644484,19.2710670069934,19.2710670069934,NA,NA
"horizontal","",NA,11,"73b_00023_waggle_annotations.csv",-0.999261174631314,-0.0384331221012044,250.728932993007,21.4736651687592,"ok",955,777,"direct calibration",-21.27,"horizontal","20250126/00023.mp4",20250126,"73b_00023__20250126","73b",NA,NA,NA,NA,NA,0.374786159665672,21.4736651687592,21.4736651687592,NA,NA
"horizontal","",NA,1,"73b_00039_waggle_annotations.csv",0.98058067569092,-0.196116135138184,209.882315999761,228.807751526218,"ok",1334,872,"direct calibration",-21.27,"horizontal","20250126/00039.mp4",20250126,"73b_00039__20250126","73b",NA,NA,NA,NA,NA,-2.28973668896199,-131.192248473782,228.807751526218,NA,NA
"horizontal","",NA,2,"73b_00039_waggle_annotations.csv",-0.894427190999916,-0.447213595499958,209.882315999761,86.6827351773167,"ok",1464,820,"direct calibration",-21.27,"horizontal","20250126/00039.mp4",20250126,"73b_00039__20250126","73b",NA,NA,NA,NA,NA,1.51289913347849,86.6827351773167,86.6827351773167,NA,NA
"horizontal","",NA,3,"73b_00039_waggle_annotations.csv",0.989949493661166,-0.14142135623731,209.882315999761,231.987581646083,"ok",1401,874,"direct calibration",-21.27,"horizontal","20250126/00039.mp4",20250126,"73b_00039__20250126","73b",NA,NA,NA,NA,NA,-2.23423818371628,-128.012418353917,231.987581646083,NA,NA
"horizontal","",NA,4,"73b_00039_waggle_annotations.csv",0.813733471206735,0.581238193719096,209.882315999761,275.655361792213,"ok",1403,834,"direct calibration",-21.27,"horizontal","20250126/00039.mp4",20250126,"73b_00039__20250126","73b",NA,NA,NA,NA,NA,-1.47209164312929,-84.344638207787,275.655361792213,NA,NA
"horizontal","",NA,5,"73b_00039_waggle_annotations.csv",-1,0,209.882315999761,60.1176840002387,"ok",1424,849,"direct calibration",-21.27,"horizontal","20250126/00039.mp4",20250126,"73b_00039__20250126","73b",NA,NA,NA,NA,NA,1.04925152447768,60.1176840002387,60.1176840002387,NA,NA
"horizontal","",NA,6,"73b_00039_waggle_annotations.csv",0.883787916347062,0.467887720419033,209.882315999761,268.014955031186,"ok",1276,861,"direct calibration",-21.27,"horizontal","20250126/00039.mp4",20250126,"73b_00039__20250126","73b",NA,NA,NA,NA,NA,-1.60544189730084,-91.9850449688137,268.014955031186,NA,NA
"horizontal","",NA,1,"73b_00043_waggle_annotations.csv",0.999133073092352,-0.0416305447121813,209.882315999761,237.73173996985,"ok",1085,883,"direct calibration",-21.27,"horizontal","20250126/00043.mp4",20250126,"73b_00043__20250126","73b",NA,NA,NA,NA,NA,-2.1339837082107,-122.26826003015,237.73173996985,NA,NA
"horizontal","",NA,2,"73b_00043_waggle_annotations.csv",0.98058067569092,0.196116135138184,209.882315999761,251.427616474259,"ok",1182,857,"direct calibration",-21.27,"horizontal","20250126/00043.mp4",20250126,"73b_00043__20250126","73b",NA,NA,NA,NA,NA,-1.89494556926223,-108.572383525741,251.427616474259,NA,NA
"horizontal","",NA,3,"73b_00043_waggle_annotations.csv",1,0,209.882315999761,240.117684000239,"ok",1123,850,"direct calibration",-21.27,"horizontal","20250126/00043.mp4",20250126,"73b_00043__20250126","73b",NA,NA,NA,NA,NA,-2.09234112911211,-119.882315999761,240.117684000239,NA,NA
"horizontal","",NA,4,"73b_00043_waggle_annotations.csv",0.997785157856609,-0.0665190105237739,209.882315999761,236.303609165948,"ok",1066,860,"direct calibration",-21.27,"horizontal","20250126/00043.mp4",20250126,"73b_00043__20250126","73b",NA,NA,NA,NA,NA,-2.15890929288794,-123.696390834052,236.303609165948,NA,NA
"horizontal","",NA,5,"73b_00043_waggle_annotations.csv",0.924678098474716,0.380749805254295,209.882315999761,262.497819052198,"ok",1050,817,"direct calibration",-21.27,"horizontal","20250126/00043.mp4",20250126,"73b_00043__20250126","73b",NA,NA,NA,NA,NA,-1.70173408541443,-97.5021809478017,262.497819052198,NA,NA
"horizontal","",NA,6,"73b_00043_waggle_annotations.csv",-0.952925780013262,0.303203657276947,209.882315999761,42.4675597803085,"ok",1025,829,"direct calibration",-21.27,"horizontal","20250126/00043.mp4",20250126,"73b_00043__20250126","73b",NA,NA,NA,NA,NA,0.741198743453904,42.4675597803085,42.4675597803085,NA,NA
"horizontal","",NA,7,"73b_00043_waggle_annotations.csv",1,0,209.882315999761,240.117684000239,"ok",1025,809,"direct calibration",-21.27,"horizontal","20250126/00043.mp4",20250126,"73b_00043__20250126","73b",NA,NA,NA,NA,NA,-2.09234112911211,-119.882315999761,240.117684000239,NA,NA
"horizontal","",NA,8,"73b_00043_waggle_annotations.csv",0.894427190999916,0.447213595499958,209.882315999761,266.682735177317,"ok",1031,807,"direct calibration",-21.27,"horizontal","20250126/00043.mp4",20250126,"73b_00043__20250126","73b",NA,NA,NA,NA,NA,-1.62869352011131,-93.3172648226833,266.682735177317,NA,NA
"horizontal","",NA,9,"73b_00043_waggle_annotations.csv",0.992277876713668,-0.124034734589208,209.882315999761,232.992667651337,"ok",1084,831,"direct calibration",-21.27,"horizontal","20250126/00043.mp4",20250126,"73b_00043__20250126","73b",NA,NA,NA,NA,NA,-2.21669612365887,-127.007332348663,232.992667651337,NA,NA
"horizontal","",NA,10,"73b_00043_waggle_annotations.csv",0.999444906979154,-0.0333148302326385,209.882315999761,238.208531567242,"ok",1100,846,"direct calibration",-21.27,"horizontal","20250126/00043.mp4",20250126,"73b_00043__20250126","73b",NA,NA,NA,NA,NA,-2.12566212499036,-121.791468432758,238.208531567242,NA,NA
"horizontal","",NA,11,"73b_00043_waggle_annotations.csv",0.978980419737605,0.203954254112001,209.882315999761,251.885972932259,"ok",1093,840,"direct calibration",-21.27,"horizontal","20250126/00043.mp4",20250126,"73b_00043__20250126","73b",NA,NA,NA,NA,NA,-1.88694573992235,-108.114027067741,251.885972932259,NA,NA
"horizontal","",NA,12,"73b_00043_waggle_annotations.csv",0.994691793826551,-0.102899151085505,209.882315999761,234.211542886468,"ok",1319,869,"direct calibration",-21.27,"horizontal","20250126/00043.mp4",20250126,"73b_00043__20250126","73b",NA,NA,NA,NA,NA,-2.19542273763481,-125.788457113532,234.211542886468,NA,NA
"horizontal","",NA,13,"73b_00043_waggle_annotations.csv",0.816967863264762,0.576683197598655,209.882315999761,275.335276968431,"ok",1191,858,"direct calibration",-21.27,"horizontal","20250126/00043.mp4",20250126,"73b_00043__20250126","73b",NA,NA,NA,NA,NA,-1.47767817718995,-84.6647230315686,275.335276968431,NA,NA
"horizontal","",NA,14,"73b_00043_waggle_annotations.csv",0.998868137724437,-0.0475651494154494,209.882315999761,237.391373006332,"ok",1143,870,"direct calibration",-21.27,"horizontal","20250126/00043.mp4",20250126,"73b_00043__20250126","73b",NA,NA,NA,NA,NA,-2.1399242323891,-122.608626993668,237.391373006332,NA,NA
"horizontal","",NA,1,"73b_00044_waggle_annotations.csv",0.998868137724437,0.0475651494154494,209.882315999761,242.843994994145,"ok",1200,864,"direct calibration",-21.27,"horizontal","20250126/00044.mp4",20250126,"73b_00044__20250126","73b",NA,NA,NA,NA,NA,-2.04475802583513,-117.156005005855,242.843994994145,NA,NA
"horizontal","",NA,2,"73b_00044_waggle_annotations.csv",0.794357832977196,0.607450107570797,209.882315999761,277.523040631647,"ok",1199,857,"direct calibration",-21.27,"horizontal","20250126/00044.mp4",20250126,"73b_00044__20250126","73b",NA,NA,NA,NA,NA,-1.43949449801134,-82.4769593683528,277.523040631647,NA,NA
"horizontal","",NA,3,"73b_00044_waggle_annotations.csv",0.967617272396844,-0.252421897147003,209.882315999761,225.496810011607,"ok",1193,857,"direct calibration",-21.27,"horizontal","20250126/00044.mp4",20250126,"73b_00044__20250126","73b",NA,NA,NA,NA,NA,-2.34752351973293,-134.503189988393,225.496810011607,NA,NA
"horizontal","",NA,4,"73b_00044_waggle_annotations.csv",0.982006446980647,0.188847393650124,209.882315999761,251.003211054897,"ok",1189,850,"direct calibration",-21.27,"horizontal","20250126/00044.mp4",20250126,"73b_00044__20250126","73b",NA,NA,NA,NA,NA,-1.9023528411934,-108.996788945103,251.003211054897,NA,NA
"horizontal","",NA,5,"73b_00044_waggle_annotations.csv",0.94299033358289,-0.332820117735137,209.882315999761,220.677649172063,"ok",1203,856,"direct calibration",-21.27,"horizontal","20250126/00044.mp4",20250126,"73b_00044__20250126","73b",NA,NA,NA,NA,NA,-2.43163374356616,-139.322350827937,220.677649172063,NA,NA
"horizontal","",NA,1,"81r_00027_waggle_annotations.csv",-0.997458699830735,0.0712470499879096,250.728932993007,15.1854502270185,"ok",1239,698,"direct calibration",-21.27,"horizontal","20250126/00027.mp4",20250126,"81r_00027__20250126","81r",NA,NA,NA,NA,NA,0.265036104859194,15.1854502270185,15.1854502270185,NA,NA
"horizontal","",NA,2,"81r_00027_waggle_annotations.csv",-0.98058067569092,0.196116135138184,250.728932993007,7.96113453297318,"ok",1114,924,"direct calibration",-21.27,"horizontal","20250126/00027.mp4",20250126,"81r_00027__20250126","81r",NA,NA,NA,NA,NA,0.138948009794603,7.96113453297318,7.96113453297318,NA,NA
"horizontal","",NA,3,"81r_00027_waggle_annotations.csv",-0.959365501571271,0.28216632399155,250.728932993007,2.88152667295861,"ok",962,909,"direct calibration",-21.27,"horizontal","20250126/00027.mp4",20250126,"81r_00027__20250126","81r",NA,NA,NA,NA,NA,0.0502921279271657,2.88152667295861,2.88152667295861,NA,NA
"horizontal","",NA,4,"81r_00027_waggle_annotations.csv",-0.991227900682635,0.132163720091018,250.728932993007,11.676423638402,"ok",1056,801,"direct calibration",-21.27,"horizontal","20250126/00027.mp4",20250126,"81r_00027__20250126","81r",NA,NA,NA,NA,NA,0.20379203734781,11.676423638402,11.676423638402,NA,NA
"horizontal","",NA,5,"81r_00027_waggle_annotations.csv",-0.959365501571271,0.28216632399155,250.728932993007,2.88152667295861,"ok",928,848,"direct calibration",-21.27,"horizontal","20250126/00027.mp4",20250126,"81r_00027__20250126","81r",NA,NA,NA,NA,NA,0.0502921279271657,2.88152667295861,2.88152667295861,NA,NA
"horizontal","",NA,1,"81r_00040_waggle_annotations.csv",-0.554700196225229,-0.832050294337844,209.882315999761,116.427616474259,"ok",1034,828,"direct calibration",-21.27,"horizontal","20250126/00040.mp4",20250126,"81r_00040__20250126","81r",NA,NA,NA,NA,NA,2.03204524772501,116.427616474259,116.427616474259,NA,NA
"horizontal","",NA,2,"81r_00040_waggle_annotations.csv",0.447213595499958,0.894427190999916,209.882315999761,303.552632823161,"ok",1021,864,"direct calibration",-21.27,"horizontal","20250126/00040.mp4",20250126,"81r_00040__20250126","81r",NA,NA,NA,NA,NA,-0.985192411318022,-56.4473671768393,303.552632823161,NA,NA
"horizontal","",NA,3,"81r_00040_waggle_annotations.csv",0.952925780013262,0.303203657276947,209.882315999761,257.767808220169,"ok",1030,799,"direct calibration",-21.27,"horizontal","20250126/00040.mp4",20250126,"81r_00040__20250126","81r",NA,NA,NA,NA,NA,-1.78428834808834,-102.232191779831,257.767808220169,NA,NA
"horizontal","",NA,4,"81r_00040_waggle_annotations.csv",0.992277876713668,-0.124034734589208,209.882315999761,232.992667651337,"ok",911,854,"direct calibration",-21.27,"horizontal","20250126/00040.mp4",20250126,"81r_00040__20250126","81r",NA,NA,NA,NA,NA,-2.21669612365887,-127.007332348663,232.992667651337,NA,NA
"horizontal","",NA,5,"81r_00040_waggle_annotations.csv",0.941741911594837,0.336336396998156,209.882315999761,259.771508058292,"ok",864,877,"direct calibration",-21.27,"horizontal","20250126/00040.mp4",20250126,"81r_00040__20250126","81r",NA,NA,NA,NA,NA,-1.74931718869141,-100.228491941708,259.771508058292,NA,NA
"horizontal","",NA,1,"81r_00043_waggle_annotations.csv",0.853281833651959,-0.521450009453975,209.882315999761,208.6881183854,"ok",1285,753,"direct calibration",-21.27,"horizontal","20250126/00043.mp4",20250126,"81r_00043__20250126","81r",NA,NA,NA,NA,NA,-2.64089053156264,-151.3118816146,208.6881183854,NA,NA
"horizontal","",NA,2,"81r_00043_waggle_annotations.csv",0.995037190209989,0.0995037190209989,209.882315999761,245.828277137738,"ok",1376,815,"direct calibration",-21.27,"horizontal","20250126/00043.mp4",20250126,"81r_00043__20250126","81r",NA,NA,NA,NA,NA,-1.99267247662095,-114.171722862262,245.828277137738,NA,NA
"horizontal","",NA,3,"81r_00043_waggle_annotations.csv",-0.928476690885259,0.371390676354104,209.882315999761,38.3162745138869,"ok",1356,656,"direct calibration",-21.27,"horizontal","20250126/00043.mp4",20250126,"81r_00043__20250126","81r",NA,NA,NA,NA,NA,0.668745147365316,38.3162745138869,38.3162745138869,NA,NA
"horizontal","",NA,1,"84b_00023_waggle_annotations.csv",-0.978549784986749,-0.206010481049842,250.728932993007,31.1597250466214,"ok",1093,778,"direct calibration",-21.27,"horizontal","20250126/00023.mp4",20250126,"84b_00023__20250126","84b",NA,NA,NA,NA,NA,0.543839796079687,31.1597250466214,31.1597250466214,NA,NA
"horizontal","",NA,1,"84b_00039_waggle_annotations.csv",-1,0,209.882315999761,60.1176840002387,"ok",1067,827,"direct calibration",-21.27,"horizontal","20250126/00039.mp4",20250126,"84b_00039__20250126","84b",NA,NA,NA,NA,NA,1.04925152447768,60.1176840002387,60.1176840002387,NA,NA
"horizontal","",NA,2,"84b_00039_waggle_annotations.csv",-0.995893206467704,0.0905357460425185,209.882315999761,54.9232550925039,"ok",997,659,"direct calibration",-21.27,"horizontal","20250126/00039.mp4",20250126,"84b_00039__20250126","84b",NA,NA,NA,NA,NA,0.958591637276936,54.9232550925039,54.9232550925039,NA,NA
"horizontal","",NA,3,"84b_00039_waggle_annotations.csv",-0.999314833766767,-0.0370116605098803,209.882315999761,62.2387803969002,"ok",1132,877,"direct calibration",-21.27,"horizontal","20250126/00039.mp4",20250126,"84b_00039__20250126","84b",NA,NA,NA,NA,NA,1.08627164035161,62.2387803969001,62.2387803969002,NA,NA
"horizontal","",NA,4,"84b_00039_waggle_annotations.csv",-0.999200958721789,-0.0399680383488716,209.882315999761,62.4082940428772,"ok",1142,851,"direct calibration",-21.27,"horizontal","20250126/00039.mp4",20250126,"84b_00039__20250126","84b",NA,NA,NA,NA,NA,1.08923021160097,62.4082940428772,62.4082940428772,NA,NA
"horizontal","",NA,5,"84b_00039_waggle_annotations.csv",0.997785157856609,-0.0665190105237739,209.882315999761,236.303609165948,"ok",1091,879,"direct calibration",-21.27,"horizontal","20250126/00039.mp4",20250126,"84b_00039__20250126","84b",NA,NA,NA,NA,NA,-2.15890929288794,-123.696390834052,236.303609165948,NA,NA
"horizontal","",NA,6,"84b_00039_waggle_annotations.csv",-0.465746432832622,0.884918222381982,209.882315999761,357.876224601299,"ok",1103,842,"direct calibration",-21.27,"horizontal","20250126/00039.mp4",20250126,"84b_00039__20250126","84b",NA,NA,NA,NA,NA,-0.0370668732801936,-2.12377539870133,357.876224601299,NA,NA
"horizontal","",NA,1,"84b_00044_waggle_annotations.csv",0.994505452921406,-0.104684784518043,209.882315999761,234.108678042744,"ok",965,842,"direct calibration",-21.27,"horizontal","20250126/00044.mp4",20250126,"84b_00044__20250126","84b",NA,NA,NA,NA,NA,-2.19721806784235,-125.891321957256,234.108678042744,NA,NA
"horizontal","",NA,2,"84b_00044_waggle_annotations.csv",0.959365501571271,-0.28216632399155,209.882315999761,223.728143666204,"ok",1176,867,"direct calibration",-21.27,"horizontal","20250126/00044.mp4",20250126,"84b_00044__20250126","84b",NA,NA,NA,NA,NA,-2.37839257082943,-136.271856333796,223.728143666204,NA,NA
"horizontal","",NA,3,"84b_00044_waggle_annotations.csv",0.999405999353588,-0.0344622758397789,209.882315999761,238.142749989357,"ok",1149,858,"direct calibration",-21.27,"horizontal","20250126/00044.mp4",20250126,"84b_00044__20250126","84b",NA,NA,NA,NA,NA,-2.12681023011162,-121.857250010643,238.142749989357,NA,NA
"horizontal","",NA,4,"84b_00044_waggle_annotations.csv",1,0,209.882315999761,240.117684000239,"ok",1134,860,"direct calibration",-21.27,"horizontal","20250126/00044.mp4",20250126,"84b_00044__20250126","84b",NA,NA,NA,NA,NA,-2.09234112911211,-119.882315999761,240.117684000239,NA,NA
"horizontal","",NA,5,"84b_00044_waggle_annotations.csv",0.990830168044299,-0.135113204733313,209.882315999761,232.352517981813,"ok",1037,877,"direct calibration",-21.27,"horizontal","20250126/00044.mp4",20250126,"84b_00044__20250126","84b",NA,NA,NA,NA,NA,-2.22786884309761,-127.647482018187,232.352517981813,NA,NA
"horizontal","",NA,6,"84b_00044_waggle_annotations.csv",0.98058067569092,-0.196116135138184,209.882315999761,228.807751526218,"ok",969,868,"direct calibration",-21.27,"horizontal","20250126/00044.mp4",20250126,"84b_00044__20250126","84b",NA,NA,NA,NA,NA,-2.28973668896199,-131.192248473782,228.807751526218,NA,NA
"horizontal","",NA,7,"84b_00044_waggle_annotations.csv",0.9989685402103,0.04540766091865,209.882315999761,242.720246202738,"ok",1013,867,"direct calibration",-21.27,"horizontal","20250126/00044.mp4",20250126,"84b_00044__20250126","84b",NA,NA,NA,NA,NA,-2.04691784969054,-117.279753797262,242.720246202738,NA,NA
"horizontal","",NA,1,"88b_00028_waggle_annotations.csv",-0.9994801143397,0.0322412940109581,250.728932993007,17.4234567409988,"ok",1399,875,"direct calibration",-21.27,"horizontal","20250126/00028.mp4",20250126,"88b_00028__20250126","88b",NA,NA,NA,NA,NA,0.30409668720923,17.4234567409988,17.4234567409988,NA,NA
"horizontal","",NA,1,"90r_00027_waggle_annotations.csv",-0.9953500135553,0.0963241948601903,250.728932993007,13.7435268553372,"ok",1603,835,"direct calibration",-21.27,"horizontal","20250126/00027.mp4",20250126,"90r_00027__20250126","90r",NA,NA,NA,NA,NA,0.239869794461897,13.7435268553372,13.7435268553372,NA,NA
"horizontal","",NA,2,"90r_00027_waggle_annotations.csv",-0.993150604322876,0.116841247567397,250.728932993007,12.5612301992365,"ok",1519,861,"direct calibration",-21.27,"horizontal","20250126/00027.mp4",20250126,"90r_00027__20250126","90r",NA,NA,NA,NA,NA,0.21923482507762,12.5612301992365,12.5612301992365,NA,NA
"horizontal","",NA,3,"90r_00027_waggle_annotations.csv",-0.970142500145332,-0.242535625036333,250.728932993007,33.3073104749199,"ok",1519,808,"direct calibration",-21.27,"horizontal","20250126/00027.mp4",20250126,"90r_00027__20250126","90r",NA,NA,NA,NA,NA,0.581322232771348,33.3073104749199,33.3073104749199,NA,NA
"horizontal","",NA,4,"90r_00027_waggle_annotations.csv",-0.877895572914384,0.478852130680573,250.728932993007,350.660607341028,"ok",1522,839,"direct calibration",-21.27,"horizontal","20250126/00027.mp4",20250126,"90r_00027__20250126","90r",NA,NA,NA,NA,NA,-0.163003152035646,-9.33939265897183,350.660607341028,NA,NA
"horizontal","",NA,5,"90r_00027_waggle_annotations.csv",-0.995037190209989,-0.0995037190209989,250.728932993007,24.981660144493,"ok",1323,846,"direct calibration",-21.27,"horizontal","20250126/00027.mp4",20250126,"90r_00027__20250126","90r",NA,NA,NA,NA,NA,0.436012222135646,24.9816601444931,24.981660144493,NA,NA
"horizontal","",NA,6,"90r_00027_waggle_annotations.csv",-0.841178475376554,0.540757591313499,250.728932993007,346.535840734886,"ok",1333,856,"direct calibration",-21.27,"horizontal","20250126/00027.mp4",20250126,"90r_00027__20250126","90r",NA,NA,NA,NA,NA,-0.234993910189142,-13.4641592651142,346.535840734886,NA,NA
"horizontal","",NA,7,"90r_00027_waggle_annotations.csv",-0.993883734673619,-0.110431526074847,250.728932993007,25.6112587529033,"ok",1369,794,"direct calibration",-21.27,"horizontal","20250126/00027.mp4",20250126,"90r_00027__20250126","90r",NA,NA,NA,NA,NA,0.44700079081838,25.6112587529033,25.6112587529033,NA,NA
"horizontal","",NA,8,"90r_00027_waggle_annotations.csv",-0.99654575824488,0.08304547985374,250.728932993007,14.5074253162672,"ok",1365,799,"direct calibration",-21.27,"horizontal","20250126/00027.mp4",20250126,"90r_00027__20250126","90r",NA,NA,NA,NA,NA,0.253202337756043,14.5074253162672,14.5074253162672,NA,NA
"horizontal","",NA,9,"90r_00027_waggle_annotations.csv",-0.986393923832144,-0.164398987305357,250.728932993007,28.733389215019,"ok",1399,780,"direct calibration",-21.27,"horizontal","20250126/00027.mp4",20250126,"90r_00027__20250126","90r",NA,NA,NA,NA,NA,0.501492247059111,28.733389215019,28.733389215019,NA,NA
"horizontal","",NA,10,"90r_00027_waggle_annotations.csv",-0.961523947640823,0.274721127897378,250.728932993007,3.32567110607056,"ok",1436,823,"direct calibration",-21.27,"horizontal","20250126/00027.mp4",20250126,"90r_00027__20250126","90r",NA,NA,NA,NA,NA,0.0580439106393728,3.32567110607056,3.32567110607056,NA,NA
"horizontal","",NA,11,"90r_00027_waggle_annotations.csv",-0.989949493661166,0.14142135623731,250.728932993007,11.1409646528375,"ok",1440,806,"direct calibration",-21.27,"horizontal","20250126/00027.mp4",20250126,"90r_00027__20250126","90r",NA,NA,NA,NA,NA,0.194446515040321,11.1409646528375,11.1409646528375,NA,NA
"horizontal","",NA,12,"90r_00027_waggle_annotations.csv",-0.964763821237732,0.263117405792109,250.728932993007,4.0159483039356,"ok",1432,880,"direct calibration",-21.27,"horizontal","20250126/00027.mp4",20250126,"90r_00027__20250126","90r",NA,NA,NA,NA,NA,0.0700915204935582,4.0159483039356,4.0159483039356,NA,NA
"horizontal","",NA,13,"90r_00027_waggle_annotations.csv",-0.999133073092352,0.0416305447121813,250.728932993007,16.8851229766046,"ok",1437,851,"direct calibration",-21.27,"horizontal","20250126/00027.mp4",20250126,"90r_00027__20250126","90r",NA,NA,NA,NA,NA,0.294700990545895,16.8851229766046,16.8851229766046,NA,NA
"horizontal","",NA,14,"90r_00027_waggle_annotations.csv",-0.861934215157769,0.507020126563394,250.728932993007,348.805522087534,"ok",1443,872,"direct calibration",-21.27,"horizontal","20250126/00027.mp4",20250126,"90r_00027__20250126","90r",NA,NA,NA,NA,NA,-0.195380497614323,-11.1944779124665,348.805522087534,NA,NA
"horizontal","",NA,15,"90r_00027_waggle_annotations.csv",-0.998752338877845,0.0499376169438922,250.728932993007,16.4086617808816,"ok",1451,833,"direct calibration",-21.27,"horizontal","20250126/00027.mp4",20250126,"90r_00027__20250126","90r",NA,NA,NA,NA,NA,0.286385173922541,16.4086617808816,16.4086617808816,NA,NA
"horizontal","",NA,16,"90r_00027_waggle_annotations.csv",-0.966234939601246,0.257662650560332,250.728932993007,4.33964982885584,"ok",1463,872,"direct calibration",-21.27,"horizontal","20250126/00027.mp4",20250126,"90r_00027__20250126","90r",NA,NA,NA,NA,NA,0.0757411778971428,4.33964982885584,4.33964982885584,NA,NA
"horizontal","",NA,17,"90r_00027_waggle_annotations.csv",-0.991227900682635,0.132163720091018,250.728932993007,11.676423638402,"ok",1405,787,"direct calibration",-21.27,"horizontal","20250126/00027.mp4",20250126,"90r_00027__20250126","90r",NA,NA,NA,NA,NA,0.20379203734781,11.676423638402,11.676423638402,NA,NA
"horizontal","",NA,18,"90r_00027_waggle_annotations.csv",-0.972082208573287,0.234640533103897,250.728932993007,5.70063262183191,"ok",1382,799,"direct calibration",-21.27,"horizontal","20250126/00027.mp4",20250126,"90r_00027__20250126","90r",NA,NA,NA,NA,NA,0.0994948086975637,5.70063262183191,5.70063262183191,NA,NA
"horizontal","",NA,19,"90r_00027_waggle_annotations.csv",1,0,250.728932993007,199.271067006993,"ok",1367,871,"direct calibration",-21.27,"horizontal","20250126/00027.mp4",20250126,"90r_00027__20250126","90r",NA,NA,NA,NA,NA,-2.80524908394531,-160.728932993007,199.271067006993,NA,NA
"horizontal","",NA,20,"90r_00027_waggle_annotations.csv",-1,0,250.728932993007,19.2710670069934,"ok",1411,793,"direct calibration",-21.27,"horizontal","20250126/00027.mp4",20250126,"90r_00027__20250126","90r",NA,NA,NA,NA,NA,0.336343569644484,19.2710670069934,19.2710670069934,NA,NA
"horizontal","",NA,21,"90r_00027_waggle_annotations.csv",-0.97439119569462,0.224859506698758,250.728932993007,6.27645021507692,"ok",1433,795,"direct calibration",-21.27,"horizontal","20250126/00027.mp4",20250126,"90r_00027__20250126","90r",NA,NA,NA,NA,NA,0.109544721590598,6.27645021507692,6.27645021507692,NA,NA
"horizontal","",NA,22,"90r_00027_waggle_annotations.csv",-0.982872186934322,-0.184288535050185,250.728932993007,29.8907222831485,"ok",1396,823,"direct calibration",-21.27,"horizontal","20250126/00027.mp4",20250126,"90r_00027__20250126","90r",NA,NA,NA,NA,NA,0.521691519640179,29.8907222831485,29.8907222831485,NA,NA
"horizontal","",NA,23,"90r_00027_waggle_annotations.csv",-0.997785157856609,0.0665190105237739,250.728932993007,15.4569921727031,"ok",1360,847,"direct calibration",-21.27,"horizontal","20250126/00027.mp4",20250126,"90r_00027__20250126","90r",NA,NA,NA,NA,NA,0.26977540586866,15.4569921727031,15.4569921727031,NA,NA
"horizontal","",NA,24,"90r_00027_waggle_annotations.csv",-0.989203462353871,-0.146548661089462,250.728932993007,27.6980360284741,"ok",1395,827,"direct calibration",-21.27,"horizontal","20250126/00027.mp4",20250126,"90r_00027__20250126","90r",NA,NA,NA,NA,NA,0.483421925032886,27.6980360284741,27.6980360284741,NA,NA
"horizontal","",NA,25,"90r_00027_waggle_annotations.csv",-0.967617272396844,0.252421897147003,250.728932993007,4.65019301836173,"ok",1387,872,"direct calibration",-21.27,"horizontal","20250126/00027.mp4",20250126,"90r_00027__20250126","90r",NA,NA,NA,NA,NA,0.0811611790236654,4.65019301836173,4.65019301836173,NA,NA
"horizontal","",NA,26,"90r_00027_waggle_annotations.csv",-0.825307261249832,0.56468391559199,250.728932993007,344.890722283149,"ok",1422,921,"direct calibration",-21.27,"horizontal","20250126/00027.mp4",20250126,"90r_00027__20250126","90r",NA,NA,NA,NA,NA,-0.26370664375727,-15.1092777168515,344.890722283149,NA,NA
"horizontal","",NA,1,"90r_00037_waggle_annotations.csv",0.617821551931903,-0.786318338822423,209.882315999761,188.274910587608,"ok",993,806,"direct calibration",-21.27,"horizontal","20250126/00037.mp4",20250126,"90r_00037__20250126","90r",NA,NA,NA,NA,NA,-2.9971682185279,-171.725089412392,188.274910587608,NA,NA
"horizontal","",NA,2,"90r_00037_waggle_annotations.csv",-0.998274373174996,-0.0587220219514703,209.882315999761,63.4841446636685,"ok",1008,820,"direct calibration",-21.27,"horizontal","20250126/00037.mp4",20250126,"90r_00037__20250126","90r",NA,NA,NA,NA,NA,1.1080073471934,63.4841446636685,63.4841446636685,NA,NA
"horizontal","",NA,3,"90r_00037_waggle_annotations.csv",1,0,209.882315999761,240.117684000239,"ok",1027,890,"direct calibration",-21.27,"horizontal","20250126/00037.mp4",20250126,"90r_00037__20250126","90r",NA,NA,NA,NA,NA,-2.09234112911211,-119.882315999761,240.117684000239,NA,NA
"horizontal","",NA,1,"90r_00039_waggle_annotations.csv",0.976187060183953,-0.216930457818656,209.882315999761,227.588876291087,"ok",1169,800,"direct calibration",-21.27,"horizontal","20250126/00039.mp4",20250126,"90r_00039__20250126","90r",NA,NA,NA,NA,NA,-2.31101007498606,-132.411123708913,227.588876291087,NA,NA
"horizontal","",NA,2,"90r_00039_waggle_annotations.csv",0.928476690885259,0.371390676354104,209.882315999761,261.91909348659,"ok",1174,845,"direct calibration",-21.27,"horizontal","20250126/00039.mp4",20250126,"90r_00039__20250126","90r",NA,NA,NA,NA,NA,-1.71183475199975,-98.0809065134095,261.91909348659,NA,NA
"horizontal","",NA,3,"90r_00039_waggle_annotations.csv",0.654930538417842,0.755689082789818,209.882315999761,289.203300780214,"ok",1123,799,"direct calibration",-21.27,"horizontal","20250126/00039.mp4",20250126,"90r_00039__20250126","90r",NA,NA,NA,NA,NA,-1.23563550092937,-70.7966992197864,289.203300780214,NA,NA
"horizontal","",NA,4,"90r_00039_waggle_annotations.csv",0.984427575508482,-0.175790638483658,209.882315999761,229.993012344841,"ok",1157,875,"direct calibration",-21.27,"horizontal","20250126/00039.mp4",20250126,"90r_00039__20250126","90r",NA,NA,NA,NA,NA,-2.26904998518215,-130.006987655159,229.993012344841,NA,NA
"horizontal","",NA,1,"90r_00041_waggle_annotations.csv",0.972806214685367,-0.23162052730604,209.882315999761,226.725186246488,"ok",931,834,"direct calibration",-21.27,"horizontal","20250126/00041.mp4",20250126,"90r_00041__20250126","90r",NA,NA,NA,NA,NA,-2.32608430998101,-133.274813753512,226.725186246488,NA,NA
"horizontal","",NA,2,"90r_00041_waggle_annotations.csv",0.998274373174996,0.0587220219514703,209.882315999761,243.484144663668,"ok",1100,843,"direct calibration",-21.27,"horizontal","20250126/00041.mp4",20250126,"90r_00041__20250126","90r",NA,NA,NA,NA,NA,-2.03358530639639,-116.515855336332,243.484144663668,NA,NA
"horizontal","",NA,3,"90r_00041_waggle_annotations.csv",0.957826285221151,0.287347885566345,209.882315999761,256.816928234232,"ok",1259,801,"direct calibration",-21.27,"horizontal","20250126/00041.mp4",20250126,"90r_00041__20250126","90r",NA,NA,NA,NA,NA,-1.80088433463425,-103.183071765768,256.816928234232,NA,NA
"horizontal","",NA,4,"90r_00041_waggle_annotations.csv",-0.998687663476589,-0.0512147519731584,209.882315999761,63.0533574466598,"ok",1337,753,"direct calibration",-21.27,"horizontal","20250126/00041.mp4",20250126,"90r_00041__20250126","90r",NA,NA,NA,NA,NA,1.1004886918811,63.0533574466598,63.0533574466598,NA,NA
"horizontal","",NA,1,"90r_00043_waggle_annotations.csv",1,0,209.882315999761,240.117684000239,"ok",785,805,"direct calibration",-21.27,"horizontal","20250126/00043.mp4",20250126,"90r_00043__20250126","90r",NA,NA,NA,NA,NA,-2.09234112911211,-119.882315999761,240.117684000239,NA,NA
"horizontal","",NA,2,"90r_00043_waggle_annotations.csv",0.992876838486922,-0.119145220618431,209.882315999761,233.274910587608,"ok",797,868,"direct calibration",-21.27,"horizontal","20250126/00043.mp4",20250126,"90r_00043__20250126","90r",NA,NA,NA,NA,NA,-2.21177005513045,-126.725089412392,233.274910587608,NA,NA
"horizontal","",NA,3,"90r_00043_waggle_annotations.csv",0.990830168044299,-0.135113204733313,209.882315999761,232.352517981813,"ok",987,816,"direct calibration",-21.27,"horizontal","20250126/00043.mp4",20250126,"90r_00043__20250126","90r",NA,NA,NA,NA,NA,-2.22786884309761,-127.647482018187,232.352517981813,NA,NA
"horizontal","",NA,4,"90r_00043_waggle_annotations.csv",1,0,209.882315999761,240.117684000239,"ok",895,882,"direct calibration",-21.27,"horizontal","20250126/00043.mp4",20250126,"90r_00043__20250126","90r",NA,NA,NA,NA,NA,-2.09234112911211,-119.882315999761,240.117684000239,NA,NA
"horizontal","",NA,5,"90r_00043_waggle_annotations.csv",0.371390676354104,0.928476690885259,209.882315999761,308.316274513887,"ok",832,865,"direct calibration",-21.27,"horizontal","20250126/00043.mp4",20250126,"90r_00043__20250126","90r",NA,NA,NA,NA,NA,-0.902051179429581,-51.6837254861131,308.316274513887,NA,NA
"horizontal","",NA,6,"90r_00043_waggle_annotations.csv",0.916157334902189,0.400818834019708,209.882315999761,263.747061730895,"ok",896,844,"direct calibration",-21.27,"horizontal","20250126/00043.mp4",20250126,"90r_00043__20250126","90r",NA,NA,NA,NA,NA,-1.67993068751473,-96.2529382691045,263.747061730895,NA,NA
"horizontal","",NA,7,"90r_00043_waggle_annotations.csv",0.928476690885259,0.371390676354104,209.882315999761,261.91909348659,"ok",886,847,"direct calibration",-21.27,"horizontal","20250126/00043.mp4",20250126,"90r_00043__20250126","90r",NA,NA,NA,NA,NA,-1.71183475199975,-98.0809065134095,261.91909348659,NA,NA
"horizontal","",NA,8,"90r_00043_waggle_annotations.csv",0.948683298050514,0.316227766016838,209.882315999761,258.552632823161,"ok",975,833,"direct calibration",-21.27,"horizontal","20250126/00043.mp4",20250126,"90r_00043__20250126","90r",NA,NA,NA,NA,NA,-1.77059057471547,-101.447367176839,258.552632823161,NA,NA
"horizontal","",NA,9,"90r_00043_waggle_annotations.csv",0.794357832977196,0.607450107570797,209.882315999761,277.523040631647,"ok",1030,866,"direct calibration",-21.27,"horizontal","20250126/00043.mp4",20250126,"90r_00043__20250126","90r",NA,NA,NA,NA,NA,-1.43949449801134,-82.4769593683528,277.523040631647,NA,NA
"horizontal","",NA,1,"95r_00040_waggle_annotations.csv",-1,0,209.882315999761,60.1176840002387,"ok",783,847,"direct calibration",-21.27,"horizontal","20250126/00040.mp4",20250126,"95r_00040__20250126","95r",NA,NA,NA,NA,NA,1.04925152447768,60.1176840002387,60.1176840002387,NA,NA
"horizontal","",NA,2,"95r_00040_waggle_annotations.csv",-0.752576694706878,0.658504607868518,209.882315999761,18.931758834529,"ok",833,810,"direct calibration",-21.27,"horizontal","20250126/00040.mp4",20250126,"95r_00040__20250126","95r",NA,NA,NA,NA,NA,0.330421524856056,18.931758834529,18.931758834529,NA,NA
"horizontal","",NA,3,"95r_00040_waggle_annotations.csv",-0.928476690885259,0.371390676354104,209.882315999761,38.3162745138869,"ok",859,836,"direct calibration",-21.27,"horizontal","20250126/00040.mp4",20250126,"95r_00040__20250126","95r",NA,NA,NA,NA,NA,0.668745147365316,38.3162745138869,38.3162745138869,NA,NA
"horizontal","",NA,1,"95r_00042_waggle_annotations.csv",-1,0,209.882315999761,60.1176840002387,"ok",1245,846,"direct calibration",-21.27,"horizontal","20250126/00042.mp4",20250126,"95r_00042__20250126","95r",NA,NA,NA,NA,NA,1.04925152447768,60.1176840002387,60.1176840002387,NA,NA
"horizontal","",NA,2,"95r_00042_waggle_annotations.csv",-0.919145030018058,0.393919298579168,209.882315999761,36.9190934865905,"ok",1271,867,"direct calibration",-21.27,"horizontal","20250126/00042.mp4",20250126,"95r_00042__20250126","95r",NA,NA,NA,NA,NA,0.644359738192597,36.9190934865905,36.9190934865905,NA,NA
"horizontal","",NA,3,"95r_00042_waggle_annotations.csv",-0.789352217376326,0.61394061351492,209.882315999761,22.2427003491405,"ok",1133,868,"direct calibration",-21.27,"horizontal","20250126/00042.mp4",20250126,"95r_00042__20250126","95r",NA,NA,NA,NA,NA,0.388208355626994,22.2427003491405,22.2427003491405,NA,NA
"horizontal","",NA,1,"20y_00017_waggle_annotations.csv",0.64018439966448,-0.768221279597376,205.590678929175,194.21489216309,"ok",1334,838,"direct calibration",-21.27,"horizontal","20250127/00017.mp4",20250127,"20y_00017__20250127","20y",NA,NA,NA,NA,NA,-2.89349598252793,-165.78510783691,194.21489216309,NA,NA
"horizontal","",NA,2,"20y_00017_waggle_annotations.csv",0.832050294337844,-0.554700196225229,205.590678929175,210.719253544845,"ok",1273,840,"direct calibration",-21.27,"horizontal","20250127/00017.mp4",20250127,"20y_00017__20250127","20y",NA,NA,NA,NA,NA,-2.6054405354773,-149.280746455155,210.719253544845,NA,NA
"horizontal","",NA,3,"20y_00017_waggle_annotations.csv",0.806404995855705,-0.591363663627517,205.590678929175,208.15548333338,"ok",1258,832,"direct calibration",-21.27,"horizontal","20250127/00017.mp4",20250127,"20y_00017__20250127","20y",NA,NA,NA,NA,NA,-2.65018676693192,-151.84451666662,208.15548333338,NA,NA
"horizontal","",NA,4,"20y_00017_waggle_annotations.csv",0.707106781186547,-0.707106781186547,205.590678929175,199.409321070825,"ok",1219,858,"direct calibration",-21.27,"horizontal","20250127/00017.mp4",20250127,"20y_00017__20250127","20y",NA,NA,NA,NA,NA,-2.80283609532718,-160.590678929175,199.409321070825,NA,NA
"horizontal","",NA,5,"20y_00017_waggle_annotations.csv",0.675724628517346,-0.737154140200741,205.590678929175,196.919768148826,"ok",1308,844,"direct calibration",-21.27,"horizontal","20250127/00017.mp4",20250127,"20y_00017__20250127","20y",NA,NA,NA,NA,NA,-2.84628699071871,-163.080231851174,196.919768148826,NA,NA
"horizontal","",NA,6,"20y_00017_waggle_annotations.csv",0.682318250360011,-0.731055268242869,205.590678929175,197.434387059943,"ok",1284,841,"direct calibration",-21.27,"horizontal","20250127/00017.mp4",20250127,"20y_00017__20250127","20y",NA,NA,NA,NA,NA,-2.83730519632669,-162.565612940057,197.434387059943,NA,NA
"horizontal","",NA,7,"20y_00017_waggle_annotations.csv",0.773957299203321,-0.633237790257263,205.590678929175,205.119914208325,"ok",1133,844,"direct calibration",-21.27,"horizontal","20250127/00017.mp4",20250127,"20y_00017__20250127","20y",NA,NA,NA,NA,NA,-2.70316744283602,-154.880085791675,205.119914208325,NA,NA
"horizontal","",NA,8,"20y_00017_waggle_annotations.csv",0.763386285369114,-0.645942241466174,205.590678929175,204.172962761551,"ok",1181,843,"direct calibration",-21.27,"horizontal","20250127/00017.mp4",20250127,"20y_00017__20250127","20y",NA,NA,NA,NA,NA,-2.71969486343874,-155.827037238449,204.172962761551,NA,NA
"horizontal","",NA,9,"20y_00017_waggle_annotations.csv",0.540757591313499,-0.841178475376554,205.590678929175,187.144547342933,"ok",1222,837,"direct calibration",-21.27,"horizontal","20250127/00017.mp4",20250127,"20y_00017__20250127","20y",NA,NA,NA,NA,NA,-3.016896778891,-172.855452657067,187.144547342933,NA,NA
"horizontal","",NA,10,"20y_00017_waggle_annotations.csv",0.263117405792109,-0.964763821237732,205.590678929175,169.664439773883,"ok",1232,804,"direct calibration",-21.27,"horizontal","20250127/00017.mp4",20250127,"20y_00017__20250127","20y",NA,NA,NA,NA,NA,2.96120309760588,169.664439773883,169.664439773883,NA,NA
"horizontal","",NA,11,"20y_00017_waggle_annotations.csv",-0.132163720091018,-0.991227900682635,205.590678929175,146.814677702234,"ok",1167,795,"direct calibration",-21.27,"horizontal","20250127/00017.mp4",20250127,"20y_00017__20250127","20y",NA,NA,NA,NA,NA,2.56239951615828,146.814677702234,146.814677702234,NA,NA
"horizontal","",NA,12,"20y_00017_waggle_annotations.csv",0.728199992692803,-0.685364699004991,205.590678929175,201.145025659754,"ok",1194,839,"direct calibration",-21.27,"horizontal","20250127/00017.mp4",20250127,"20y_00017__20250127","20y",NA,NA,NA,NA,NA,-2.77254233540841,-158.854974340246,201.145025659754,NA,NA
"horizontal","",NA,13,"20y_00017_waggle_annotations.csv",0.422885465331124,-0.906183139995265,205.590678929175,179.426214548925,"ok",1074,808,"direct calibration",-21.27,"horizontal","20250127/00017.mp4",20250127,"20y_00017__20250127","20y",NA,NA,NA,NA,NA,3.1315782082685,179.426214548925,179.426214548925,NA,NA
"horizontal","",NA,14,"20y_00017_waggle_annotations.csv",0.904818702200994,-0.42579703632988,205.590678929175,219.20819742535,"ok",1167,835,"direct calibration",-21.27,"horizontal","20250127/00017.mp4",20250127,"20y_00017__20250127","20y",NA,NA,NA,NA,NA,-2.45728051474547,-140.79180257465,219.20819742535,NA,NA
"horizontal","",NA,15,"20y_00017_waggle_annotations.csv",0.447213595499958,-0.894427190999916,205.590678929175,180.974372247903,"ok",1174,809,"direct calibration",-21.27,"horizontal","20250127/00017.mp4",20250127,"20y_00017__20250127","20y",NA,NA,NA,NA,NA,-3.12458664972382,-179.025627752097,180.974372247903,NA,NA
"horizontal","",NA,1,"20y_00018_waggle_annotations.csv",-0.164398987305357,0.986393923832144,205.590678929175,343.871643278851,"ok",938,806,"direct calibration",-21.27,"horizontal","20250127/00018.mp4",20250127,"20y_00018__20250127","20y",NA,NA,NA,NA,NA,-0.28149292772021,-16.1283567211491,343.871643278851,NA,NA
"horizontal","",NA,2,"20y_00018_waggle_annotations.csv",0.624695047554424,-0.78086880944303,205.590678929175,193.069129324915,"ok",1025,822,"direct calibration",-21.27,"horizontal","20250127/00018.mp4",20250127,"20y_00018__20250127","20y",NA,NA,NA,NA,NA,-2.91349331650108,-166.930870675085,193.069129324915,NA,NA
"horizontal","",NA,3,"20y_00018_waggle_annotations.csv",-0.196116135138184,-0.98058067569092,205.590678929175,143.099388596805,"ok",989,783,"direct calibration",-21.27,"horizontal","20250127/00018.mp4",20250127,"20y_00018__20250127","20y",NA,NA,NA,NA,NA,2.49755548860508,143.099388596805,143.099388596805,NA,NA
"horizontal","",NA,4,"20y_00018_waggle_annotations.csv",0.707106781186547,-0.707106781186547,205.590678929175,199.409321070825,"ok",995,804,"direct calibration",-21.27,"horizontal","20250127/00018.mp4",20250127,"20y_00018__20250127","20y",NA,NA,NA,NA,NA,-2.80283609532718,-160.590678929175,199.409321070825,NA,NA
"horizontal","",NA,5,"20y_00018_waggle_annotations.csv",-1,0,205.590678929175,64.4093210708252,"ok",986,751,"direct calibration",-21.27,"horizontal","20250127/00018.mp4",20250127,"20y_00018__20250127","20y",NA,NA,NA,NA,NA,1.12415472166006,64.4093210708252,64.4093210708252,NA,NA
"horizontal","",NA,6,"20y_00018_waggle_annotations.csv",-0.957826285221151,-0.287347885566345,205.590678929175,81.1085653048189,"ok",943,765,"direct calibration",-21.27,"horizontal","20250127/00018.mp4",20250127,"20y_00018__20250127","20y",NA,NA,NA,NA,NA,1.41561151613793,81.1085653048188,81.1085653048189,NA,NA
"horizontal","",NA,1,"20y_00022_waggle_annotations.csv",-0.98058067569092,-0.196116135138184,205.590678929175,75.7192535448455,"ok",861,704,"direct calibration",-21.27,"horizontal","20250127/00022.mp4",20250127,"20y_00022__20250127","20y",NA,NA,NA,NA,NA,1.32155028150994,75.7192535448455,75.7192535448455,NA,NA
"horizontal","",NA,2,"20y_00022_waggle_annotations.csv",0.78086880944303,-0.624695047554424,205.590678929175,205.749512816735,"ok",956,803,"direct calibration",-21.27,"horizontal","20250127/00022.mp4",20250127,"20y_00022__20250127","20y",NA,NA,NA,NA,NA,-2.69217887415329,-154.250487183265,205.749512816735,NA,NA
"horizontal","",NA,3,"20y_00022_waggle_annotations.csv",0.860926528214316,-0.508729312126641,205.590678929175,213.830094198336,"ok",943,848,"direct calibration",-21.27,"horizontal","20250127/00022.mp4",20250127,"20y_00022__20250127","20y",NA,NA,NA,NA,NA,-2.551146123569,-146.169905801664,213.830094198336,NA,NA
"horizontal","",NA,4,"20y_00022_waggle_annotations.csv",0.810679228399881,-0.585490553844358,205.590678929175,208.571668116547,"ok",1020,827,"direct calibration",-21.27,"horizontal","20250127/00022.mp4",20250127,"20y_00022__20250127","20y",NA,NA,NA,NA,NA,-2.64292297216896,-151.428331883453,208.571668116547,NA,NA
"horizontal","",NA,5,"20y_00022_waggle_annotations.csv",0.675724628517346,-0.737154140200741,205.590678929175,196.919768148826,"ok",1016,814,"direct calibration",-21.27,"horizontal","20250127/00022.mp4",20250127,"20y_00022__20250127","20y",NA,NA,NA,NA,NA,-2.84628699071871,-163.080231851174,196.919768148826,NA,NA
"horizontal","",NA,6,"20y_00022_waggle_annotations.csv",0.894427190999916,-0.447213595499958,205.590678929175,217.844269893747,"ok",1070,829,"direct calibration",-21.27,"horizontal","20250127/00022.mp4",20250127,"20y_00022__20250127","20y",NA,NA,NA,NA,NA,-2.48108554093054,-142.155730106253,217.844269893747,NA,NA
"horizontal","",NA,7,"20y_00022_waggle_annotations.csv",0.682318250360011,-0.731055268242869,205.590678929175,197.434387059943,"ok",1096,840,"direct calibration",-21.27,"horizontal","20250127/00022.mp4",20250127,"20y_00022__20250127","20y",NA,NA,NA,NA,NA,-2.83730519632669,-162.565612940057,197.434387059943,NA,NA
"horizontal","",NA,8,"20y_00022_waggle_annotations.csv",0.916157334902189,-0.400818834019708,205.590678929175,220.779943340168,"ok",1159,829,"direct calibration",-21.27,"horizontal","20250127/00022.mp4",20250127,"20y_00022__20250127","20y",NA,NA,NA,NA,NA,-2.42984837352712,-139.220056659832,220.779943340168,NA,NA
"horizontal","",NA,9,"20y_00022_waggle_annotations.csv",0.729537204140085,-0.68394112888133,205.590678929175,201.25693133682,"ok",1211,838,"direct calibration",-21.27,"horizontal","20250127/00022.mp4",20250127,"20y_00022__20250127","20y",NA,NA,NA,NA,NA,-2.77058921289193,-158.74306866318,201.25693133682,NA,NA
"horizontal","",NA,10,"20y_00022_waggle_annotations.csv",0.588171697675046,-0.808736084303188,205.590678929175,190.436694455929,"ok",1186,776,"direct calibration",-21.27,"horizontal","20250127/00022.mp4",20250127,"20y_00022__20250127","20y",NA,NA,NA,NA,NA,-2.9594379723092,-169.563305544071,190.436694455929,NA,NA
"horizontal","",NA,11,"20y_00022_waggle_annotations.csv",0.857492925712544,-0.514495755427526,205.590678929175,213.445564538752,"ok",1251,827,"direct calibration",-21.27,"horizontal","20250127/00022.mp4",20250127,"20y_00022__20250127","20y",NA,NA,NA,NA,NA,-2.55785743220032,-146.554435461248,213.445564538752,NA,NA
"horizontal","",NA,1,"20y_00023_waggle_annotations.csv",0.78086880944303,0.624695047554424,205.590678929175,283.069129324915,"ok",960,794,"direct calibration",-21.27,"horizontal","20250127/00023.mp4",20250127,"20y_00023__20250127","20y",NA,NA,NA,NA,NA,-1.34269698970618,-76.9308706750847,283.069129324915,NA,NA
"horizontal","",NA,2,"20y_00023_waggle_annotations.csv",0.66436383882992,-0.74740931868366,205.590678929175,196.042860407395,"ok",957,799,"direct calibration",-21.27,"horizontal","20250127/00023.mp4",20250127,"20y_00023__20250127","20y",NA,NA,NA,NA,NA,-2.8615919180429,-163.957139592605,196.042860407395,NA,NA
"horizontal","",NA,3,"20y_00023_waggle_annotations.csv",-0.95577900872195,-0.294085848837523,205.590678929175,81.5120500398776,"ok",900,688,"direct calibration",-21.27,"horizontal","20250127/00023.mp4",20250127,"20y_00023__20250127","20y",NA,NA,NA,NA,NA,1.42265365324624,81.5120500398776,81.5120500398776,NA,NA
"horizontal","",NA,4,"20y_00023_waggle_annotations.csv",-0.988936352868298,0.148340452930245,205.590678929175,55.8785554608771,"ok",975,793,"direct calibration",-21.27,"horizontal","20250127/00023.mp4",20250127,"20y_00023__20250127","20y",NA,NA,NA,NA,NA,0.975264774050562,55.8785554608771,55.8785554608771,NA,NA
"horizontal","",NA,5,"20y_00023_waggle_annotations.csv",0.573462344363328,-0.81923192051904,205.590678929175,189.401341269384,"ok",991,807,"direct calibration",-21.27,"horizontal","20250127/00023.mp4",20250127,"20y_00023__20250127","20y",NA,NA,NA,NA,NA,-2.97750829433542,-170.598658730616,189.401341269384,NA,NA
"horizontal","",NA,6,"20y_00023_waggle_annotations.csv",0.96561575852067,-0.259973473447873,205.590678929175,229.340832911333,"ok",987,847,"direct calibration",-21.27,"horizontal","20250127/00023.mp4",20250127,"20y_00023__20250127","20y",NA,NA,NA,NA,NA,-2.28043266361065,-130.659167088667,229.340832911333,NA,NA
"horizontal","",NA,7,"20y_00023_waggle_annotations.csv",0.98058067569092,-0.196116135138184,205.590678929175,233.099388596805,"ok",972,814,"direct calibration",-21.27,"horizontal","20250127/00023.mp4",20250127,"20y_00023__20250127","20y",NA,NA,NA,NA,NA,-2.21483349177961,-126.900611403195,233.099388596805,NA,NA
"horizontal","",NA,8,"20y_00023_waggle_annotations.csv",0.872943482137265,-0.487821357664942,205.590678929175,215.211835024761,"ok",1064,837,"direct calibration",-21.27,"horizontal","20250127/00023.mp4",20250127,"20y_00023__20250127","20y",NA,NA,NA,NA,NA,-2.52703019673866,-144.788164975239,215.211835024761,NA,NA
"horizontal","",NA,9,"20y_00023_waggle_annotations.csv",0.854198555614439,-0.519946946895745,205.590678929175,213.080628203021,"ok",1086,843,"direct calibration",-21.27,"horizontal","20250127/00023.mp4",20250127,"20y_00023__20250127","20y",NA,NA,NA,NA,NA,-2.56422677281898,-146.919371796979,213.080628203021,NA,NA
"horizontal","",NA,10,"20y_00023_waggle_annotations.csv",0.894427190999916,-0.447213595499958,205.590678929175,217.844269893747,"ok",1119,847,"direct calibration",-21.27,"horizontal","20250127/00023.mp4",20250127,"20y_00023__20250127","20y",NA,NA,NA,NA,NA,-2.48108554093054,-142.155730106253,217.844269893747,NA,NA
"horizontal","",NA,11,"20y_00023_waggle_annotations.csv",0.861934215157769,-0.507020126563394,205.590678929175,213.943776151365,"ok",1134,808,"direct calibration",-21.27,"horizontal","20250127/00023.mp4",20250127,"20y_00023__20250127","20y",NA,NA,NA,NA,NA,-2.54916199918854,-146.056223848635,213.943776151365,NA,NA
"horizontal","",NA,12,"20y_00023_waggle_annotations.csv",0.970142500145332,-0.242535625036333,205.590678929175,230.373077602899,"ok",1135,815,"direct calibration",-21.27,"horizontal","20250127/00023.mp4",20250127,"20y_00023__20250127","20y",NA,NA,NA,NA,NA,-2.2624165950566,-129.626922397101,230.373077602899,NA,NA
"horizontal","",NA,13,"20y_00023_waggle_annotations.csv",0.672672793996312,-0.739940073395944,205.590678929175,196.683010076919,"ok",1200,820,"direct calibration",-21.27,"horizontal","20250127/00023.mp4",20250127,"20y_00023__20250127","20y",NA,NA,NA,NA,NA,-2.85041919860416,-163.316989923081,196.683010076919,NA,NA
"horizontal","",NA,14,"20y_00023_waggle_annotations.csv",0.78086880944303,-0.624695047554424,205.590678929175,205.749512816735,"ok",1151,787,"direct calibration",-21.27,"horizontal","20250127/00023.mp4",20250127,"20y_00023__20250127","20y",NA,NA,NA,NA,NA,-2.69217887415329,-154.250487183265,205.749512816735,NA,NA
"horizontal","",NA,15,"20y_00023_waggle_annotations.csv",0.813733471206735,-0.581238193719096,205.590678929175,208.871643278851,"ok",1156,788,"direct calibration",-21.27,"horizontal","20250127/00023.mp4",20250127,"20y_00023__20250127","20y",NA,NA,NA,NA,NA,-2.63768741791255,-151.128356721149,208.871643278851,NA,NA
"horizontal","",NA,16,"20y_00023_waggle_annotations.csv",-0.928476690885259,0.371390676354104,205.590678929175,42.6079115844734,"ok",1145,725,"direct calibration",-21.27,"horizontal","20250127/00023.mp4",20250127,"20y_00023__20250127","20y",NA,NA,NA,NA,NA,0.743648344547695,42.6079115844734,42.6079115844734,NA,NA
"horizontal","",NA,17,"20y_00023_waggle_annotations.csv",0.78086880944303,-0.624695047554424,205.590678929175,205.749512816735,"ok",1148,781,"direct calibration",-21.27,"horizontal","20250127/00023.mp4",20250127,"20y_00023__20250127","20y",NA,NA,NA,NA,NA,-2.69217887415329,-154.250487183265,205.749512816735,NA,NA
"horizontal","",NA,18,"20y_00023_waggle_annotations.csv",-0.99654575824488,0.08304547985374,205.590678929175,59.6456793800991,"ok",1149,730,"direct calibration",-21.27,"horizontal","20250127/00023.mp4",20250127,"20y_00023__20250127","20y",NA,NA,NA,NA,NA,1.04101348977162,59.6456793800991,59.6456793800991,NA,NA
"horizontal","",NA,19,"20y_00023_waggle_annotations.csv",-0.8,-0.6,205.590678929175,101.279218716669,"ok",1143,795,"direct calibration",-21.27,"horizontal","20250127/00023.mp4",20250127,"20y_00023__20250127","20y",NA,NA,NA,NA,NA,1.76765583045334,101.279218716669,101.279218716669,NA,NA
"horizontal","",NA,20,"20y_00023_waggle_annotations.csv",0.609710760849692,-0.7926239891046,205.590678929175,191.977913099653,"ok",1150,804,"direct calibration",-21.27,"horizontal","20250127/00023.mp4",20250127,"20y_00023__20250127","20y",NA,NA,NA,NA,NA,-2.93253863248309,-168.022086900347,191.977913099653,NA,NA
"horizontal","",NA,21,"20y_00023_waggle_annotations.csv",-0.970142500145332,-0.242535625036333,205.590678929175,78.4455645387517,"ok",1146,755,"direct calibration",-21.27,"horizontal","20250127/00023.mp4",20250127,"20y_00023__20250127","20y",NA,NA,NA,NA,NA,1.36913338478692,78.4455645387517,78.4455645387517,NA,NA
"horizontal","",NA,22,"20y_00023_waggle_annotations.csv",-0.995037190209989,-0.0995037190209989,205.590678929175,70.1199142083249,"ok",1109,754,"direct calibration",-21.27,"horizontal","20250127/00023.mp4",20250127,"20y_00023__20250127","20y",NA,NA,NA,NA,NA,1.22382337415122,70.1199142083249,70.1199142083249,NA,NA
"horizontal","",NA,23,"20y_00023_waggle_annotations.csv",-0.874157276121538,-0.485642931178632,205.590678929175,93.4639251699024,"ok",1106,766,"direct calibration",-21.27,"horizontal","20250127/00023.mp4",20250127,"20y_00023__20250127","20y",NA,NA,NA,NA,NA,1.6312532260524,93.4639251699024,93.4639251699024,NA,NA
"horizontal","",NA,24,"20y_00023_waggle_annotations.csv",-0.883787916347062,-0.467887720419033,205.590678929175,92.3065921017729,"ok",1029,755,"direct calibration",-21.27,"horizontal","20250127/00023.mp4",20250127,"20y_00023__20250127","20y",NA,NA,NA,NA,NA,1.61105395347133,92.3065921017729,92.3065921017729,NA,NA
"horizontal","",NA,25,"20y_00023_waggle_annotations.csv",0.74740931868366,-0.66436383882992,205.590678929175,202.775781734255,"ok",1093,809,"direct calibration",-21.27,"horizontal","20250127/00023.mp4",20250127,"20y_00023__20250127","20y",NA,NA,NA,NA,NA,-2.74408027261146,-157.224218265745,202.775781734255,NA,NA
"horizontal","",NA,26,"20y_00023_waggle_annotations.csv",-0.966234939601246,-0.257662650560332,205.590678929175,79.3407382489628,"ok",1089,754,"direct calibration",-21.27,"horizontal","20250127/00023.mp4",20250127,"20y_00023__20250127","20y",NA,NA,NA,NA,NA,1.3847571134074,79.3407382489628,79.3407382489628,NA,NA
"horizontal","",NA,1,"20y_00025_waggle_annotations.csv",0.998752338877845,0.0499376169438922,205.590678929175,247.271726296937,"ok",952,793,"direct calibration",-21.27,"horizontal","20250127/00025.mp4",20250127,"20y_00025__20250127","20y",NA,NA,NA,NA,NA,-1.96747953620779,-112.728273703063,247.271726296937,NA,NA
"horizontal","",NA,2,"20y_00025_waggle_annotations.csv",0.93334560620306,-0.358979079308869,205.590678929175,223.371810045403,"ok",1017,798,"direct calibration",-21.27,"horizontal","20250127/00025.mp4",20250127,"20y_00025__20250127","20y",NA,NA,NA,NA,NA,-2.38461176574795,-136.628189954597,223.371810045403,NA,NA
"horizontal","",NA,3,"20y_00025_waggle_annotations.csv",0.970142500145332,-0.242535625036333,205.590678929175,230.373077602899,"ok",1087,826,"direct calibration",-21.27,"horizontal","20250127/00025.mp4",20250127,"20y_00025__20250127","20y",NA,NA,NA,NA,NA,-2.2624165950566,-129.626922397101,230.373077602899,NA,NA
"horizontal","",NA,4,"20y_00025_waggle_annotations.csv",0.982872186934322,0.184288535050185,205.590678929175,255.02897634698,"ok",1059,789,"direct calibration",-21.27,"horizontal","20250127/00025.mp4",20250127,"20y_00025__20250127","20y",NA,NA,NA,NA,NA,-1.83208998193404,-104.97102365302,255.02897634698,NA,NA
"horizontal","",NA,5,"20y_00025_waggle_annotations.csv",1,0,205.590678929175,244.409321070825,"ok",999,791,"direct calibration",-21.27,"horizontal","20250127/00025.mp4",20250127,"20y_00025__20250127","20y",NA,NA,NA,NA,NA,-2.01743793192973,-115.590678929175,244.409321070825,NA,NA
"horizontal","",NA,1,"20y_00039_waggle_annotations.csv",-0.98696767448114,0.160918642578447,223.182036706799,37.5577417620297,"ok",1118,886,"direct calibration",-21.27,"horizontal","20250127/00039.mp4",20250127,"20y_00039__20250127","20y",NA,NA,NA,NA,NA,0.655506253361194,37.5577417620297,37.5577417620297,NA,NA
"horizontal","",NA,2,"20y_00039_waggle_annotations.csv",-0.968663866044045,0.248375350267704,223.182036706799,32.4365687021105,"ok",1099,871,"direct calibration",-21.27,"horizontal","20250127/00039.mp4",20250127,"20y_00039__20250127","20y",NA,NA,NA,NA,NA,0.566124921901173,32.4365687021105,32.4365687021105,NA,NA
"horizontal","",NA,3,"20y_00039_waggle_annotations.csv",-0.739196337274797,0.673489996183704,223.182036706799,4.4809640592683,"ok",1078,921,"direct calibration",-21.27,"horizontal","20250127/00039.mp4",20250127,"20y_00039__20250127","20y",NA,NA,NA,NA,NA,0.0782075764977622,4.4809640592683,4.4809640592683,NA,NA
"horizontal","",NA,4,"20y_00039_waggle_annotations.csv",-0.970142500145332,0.242535625036333,223.182036706799,32.7817198252747,"ok",1211,842,"direct calibration",-21.27,"horizontal","20250127/00039.mp4",20250127,"20y_00039__20250127","20y",NA,NA,NA,NA,NA,0.572148945417344,32.7817198252747,32.7817198252747,NA,NA
"horizontal","",NA,1,"20y_00041_waggle_annotations.csv",-0.853281833651959,0.521450009453975,223.182036706799,15.3883976783627,"ok",1177,969,"direct calibration",-21.27,"horizontal","20250127/00041.mp4",20250127,"20y_00041__20250127","20y",NA,NA,NA,NA,NA,0.26857820609368,15.3883976783627,15.3883976783627,NA,NA
"horizontal","",NA,2,"20y_00041_waggle_annotations.csv",-0.770021560905562,0.638017864750323,223.182036706799,7.17378833605633,"ok",1298,907,"direct calibration",-21.27,"horizontal","20250127/00041.mp4",20250127,"20y_00041__20250127","20y",NA,NA,NA,NA,NA,0.125206226305348,7.17378833605633,7.17378833605633,NA,NA
"horizontal","",NA,3,"20y_00041_waggle_annotations.csv",-0.307002779922758,0.951708617760551,223.182036706799,334.696659889043,"ok",1294,928,"direct calibration",-21.27,"horizontal","20250127/00041.mp4",20250127,"20y_00041__20250127","20y",NA,NA,NA,NA,NA,-0.441626596688156,-25.3033401109575,334.696659889043,NA,NA
"horizontal","",NA,4,"20y_00041_waggle_annotations.csv",-0.967459022681128,0.253027744393526,223.182036706799,32.1612121774407,"ok",1338,875,"direct calibration",-21.27,"horizontal","20250127/00041.mp4",20250127,"20y_00041__20250127","20y",NA,NA,NA,NA,NA,0.561319043928836,32.1612121774407,32.1612121774407,NA,NA
"horizontal","",NA,5,"20y_00041_waggle_annotations.csv",-0.49301257198088,0.870022185848612,223.182036706799,346.356745552759,"ok",1360,934,"direct calibration",-21.27,"horizontal","20250127/00041.mp4",20250127,"20y_00041__20250127","20y",NA,NA,NA,NA,NA,-0.238119710791711,-13.6432544472408,346.356745552759,NA,NA
"horizontal","",NA,6,"20y_00041_waggle_annotations.csv",-0.986393923832144,0.164398987305357,223.182036706799,37.3556410851755,"ok",1349,896,"direct calibration",-21.27,"horizontal","20250127/00041.mp4",20250127,"20y_00041__20250127","20y",NA,NA,NA,NA,NA,0.651978931129581,37.3556410851755,37.3556410851755,NA,NA
"horizontal","",NA,7,"20y_00041_waggle_annotations.csv",-0.894427190999916,0.447213595499958,223.182036706799,20.2529121161232,"ok",1339,904,"direct calibration",-21.27,"horizontal","20250127/00041.mp4",20250127,"20y_00041__20250127","20y",NA,NA,NA,NA,NA,0.353479999543402,20.2529121161232,20.2529121161232,NA,NA
"horizontal","",NA,8,"20y_00041_waggle_annotations.csv",-0.979133837466745,0.203216456832721,223.182036706799,35.0928512780361,"ok",1390,892,"direct calibration",-21.27,"horizontal","20250127/00041.mp4",20250127,"20y_00041__20250127","20y",NA,NA,NA,NA,NA,0.612485798714429,35.0928512780361,35.0928512780361,NA,NA
"horizontal","",NA,9,"20y_00041_waggle_annotations.csv",-0.826227342807548,0.56333682464151,223.182036706799,12.5310863159922,"ok",1147,897,"direct calibration",-21.27,"horizontal","20250127/00041.mp4",20250127,"20y_00041__20250127","20y",NA,NA,NA,NA,NA,0.21870871506567,12.5310863159922,12.5310863159922,NA,NA
"horizontal","",NA,10,"20y_00041_waggle_annotations.csv",-0.97780241407741,0.209529088730873,223.182036706799,34.7232062161891,"ok",1112,832,"direct calibration",-21.27,"horizontal","20250127/00041.mp4",20250127,"20y_00041__20250127","20y",NA,NA,NA,NA,NA,0.606034275321461,34.7232062161891,34.7232062161891,NA,NA
"horizontal","",NA,11,"20y_00041_waggle_annotations.csv",-0.988173903359179,-0.153337329831597,223.182036706799,55.6383428452222,"ok",1055,928,"direct calibration",-21.27,"horizontal","20250127/00041.mp4",20250127,"20y_00041__20250127","20y",NA,NA,NA,NA,NA,0.971072273002557,55.6383428452222,55.6383428452222,NA,NA
"horizontal","",NA,12,"20y_00041_waggle_annotations.csv",-0.973239601789937,0.229792683755957,223.182036706799,33.533096808299,"ok",964,880,"direct calibration",-21.27,"horizontal","20250127/00041.mp4",20250127,"20y_00041__20250127","20y",NA,NA,NA,NA,NA,0.585262947694819,33.533096808299,33.533096808299,NA,NA
"horizontal","",NA,13,"20y_00041_waggle_annotations.csv",-0.963196301333304,0.268798967813945,223.182036706799,31.2251523539348,"ok",943,869,"direct calibration",-21.27,"horizontal","20250127/00041.mp4",20250127,"20y_00041__20250127","20y",NA,NA,NA,NA,NA,0.54498171801302,31.2251523539348,31.2251523539348,NA,NA
"horizontal","",NA,14,"20y_00041_waggle_annotations.csv",-0.970142500145332,0.242535625036333,223.182036706799,32.7817198252747,"ok",960,913,"direct calibration",-21.27,"horizontal","20250127/00041.mp4",20250127,"20y_00041__20250127","20y",NA,NA,NA,NA,NA,0.572148945417344,32.7817198252747,32.7817198252747,NA,NA
"horizontal","",NA,15,"20y_00041_waggle_annotations.csv",-1,0,223.182036706799,46.8179632932012,"ok",962,866,"direct calibration",-21.27,"horizontal","20250127/00041.mp4",20250127,"20y_00041__20250127","20y",NA,NA,NA,NA,NA,0.817127608544208,46.8179632932012,46.8179632932012,NA,NA
"horizontal","",NA,16,"20y_00041_waggle_annotations.csv",-0.936902592865339,0.349590519725873,223.182036706799,26.355691769779,"ok",1015,909,"direct calibration",-21.27,"horizontal","20250127/00041.mp4",20250127,"20y_00041__20250127","20y",NA,NA,NA,NA,NA,0.459993598023414,26.355691769779,26.355691769779,NA,NA
"horizontal","",NA,17,"20y_00041_waggle_annotations.csv",-0.999869952532125,-0.0161269347182601,223.182036706799,47.7420086459739,"ok",981,848,"direct calibration",-21.27,"horizontal","20250127/00041.mp4",20250127,"20y_00041__20250127","20y",NA,NA,NA,NA,NA,0.833255242387844,47.7420086459739,47.7420086459739,NA,NA
"horizontal","",NA,18,"20y_00041_waggle_annotations.csv",-0.90248103778368,0.430729586214938,223.182036706799,21.3040928656669,"ok",996,907,"direct calibration",-21.27,"horizontal","20250127/00041.mp4",20250127,"20y_00041__20250127","20y",NA,NA,NA,NA,NA,0.371826564656522,21.3040928656669,21.3040928656669,NA,NA
"horizontal","",NA,19,"20y_00041_waggle_annotations.csv",-0.994309153919809,-0.106533123634265,223.182036706799,52.9334668594865,"ok",1093,856,"direct calibration",-21.27,"horizontal","20250127/00041.mp4",20250127,"20y_00041__20250127","20y",NA,NA,NA,NA,NA,0.923863281193343,52.9334668594865,52.9334668594865,NA,NA
"horizontal","",NA,20,"20y_00041_waggle_annotations.csv",-0.991122022459366,0.132955393256744,223.182036706799,39.1775565321744,"ok",1109,829,"direct calibration",-21.27,"horizontal","20250127/00041.mp4",20250127,"20y_00041__20250127","20y",NA,NA,NA,NA,NA,0.683777354372655,39.1775565321744,39.1775565321744,NA,NA
"horizontal","",NA,21,"20y_00041_waggle_annotations.csv",-0.988012033751101,-0.15437688027361,223.182036706799,55.6986224437214,"ok",1084,796,"direct calibration",-21.27,"horizontal","20250127/00041.mp4",20250127,"20y_00041__20250127","20y",NA,NA,NA,NA,NA,0.972124350468149,55.6986224437214,55.6986224437214,NA,NA
"horizontal","",NA,22,"20y_00041_waggle_annotations.csv",-0.943599982132881,0.331087713029081,223.182036706799,27.4831547553748,"ok",1051,784,"direct calibration",-21.27,"horizontal","20250127/00041.mp4",20250127,"20y_00041__20250127","20y",NA,NA,NA,NA,NA,0.479671539316426,27.4831547553748,27.4831547553748,NA,NA
"horizontal","",NA,23,"20y_00041_waggle_annotations.csv",-0.997969082863627,-0.0637001542253379,223.182036706799,50.4701860735075,"ok",1074,748,"direct calibration",-21.27,"horizontal","20250127/00041.mp4",20250127,"20y_00041__20250127","20y",NA,NA,NA,NA,NA,0.880870921076894,50.4701860735075,50.4701860735075,NA,NA
"horizontal","",NA,24,"20y_00041_waggle_annotations.csv",-0.999881677808259,-0.015382795043204,223.182036706799,47.6993672897833,"ok",1061,777,"direct calibration",-21.27,"horizontal","20250127/00041.mp4",20250127,"20y_00041__20250127","20y",NA,NA,NA,NA,NA,0.832511010324803,47.6993672897833,47.6993672897833,NA,NA
"horizontal","",NA,25,"20y_00041_waggle_annotations.csv",-0.998204845465779,-0.0598922907279467,223.182036706799,50.2515936556517,"ok",1058,725,"direct calibration",-21.27,"horizontal","20250127/00041.mp4",20250127,"20y_00041__20250127","20y",NA,NA,NA,NA,NA,0.877055763665415,50.2515936556517,50.2515936556517,NA,NA
"horizontal","",NA,26,"20y_00041_waggle_annotations.csv",-0.994071691754376,-0.108726591285635,223.182036706799,53.0598776406162,"ok",1058,748,"direct calibration",-21.27,"horizontal","20250127/00041.mp4",20250127,"20y_00041__20250127","20y",NA,NA,NA,NA,NA,0.926069565534073,53.0598776406162,53.0598776406162,NA,NA
"horizontal","",NA,27,"20y_00041_waggle_annotations.csv",-0.997785157856609,-0.0665190105237739,223.182036706799,50.6320381274915,"ok",1088,743,"direct calibration",-21.27,"horizontal","20250127/00041.mp4",20250127,"20y_00041__20250127","20y",NA,NA,NA,NA,NA,0.883695772320031,50.6320381274915,50.6320381274915,NA,NA
"horizontal","",NA,28,"20y_00041_waggle_annotations.csv",-0.993150604322876,-0.116841247567397,223.182036706799,53.5278001009581,"ok",1050,773,"direct calibration",-21.27,"horizontal","20250127/00041.mp4",20250127,"20y_00041__20250127","20y",NA,NA,NA,NA,NA,0.934236353111071,53.5278001009581,53.5278001009581,NA,NA
"horizontal","",NA,29,"20y_00041_waggle_annotations.csv",-0.943460139651132,0.33148599501256,223.182036706799,27.4589691175064,"ok",1057,799,"direct calibration",-21.27,"horizontal","20250127/00041.mp4",20250127,"20y_00041__20250127","20y",NA,NA,NA,NA,NA,0.479249420303929,27.4589691175064,27.4589691175064,NA,NA
"horizontal","",NA,30,"20y_00041_waggle_annotations.csv",-0.997969082863627,-0.0637001542253379,223.182036706799,50.4701860735075,"ok",1014,844,"direct calibration",-21.27,"horizontal","20250127/00041.mp4",20250127,"20y_00041__20250127","20y",NA,NA,NA,NA,NA,0.880870921076894,50.4701860735075,50.4701860735075,NA,NA
"horizontal","",NA,31,"20y_00041_waggle_annotations.csv",-0.983188736076488,0.182592193842776,223.182036706799,36.2971789793268,"ok",953,851,"direct calibration",-21.27,"horizontal","20250127/00041.mp4",20250127,"20y_00041__20250127","20y",NA,NA,NA,NA,NA,0.633505282374928,36.2971789793268,36.2971789793268,NA,NA
"horizontal","",NA,32,"20y_00041_waggle_annotations.csv",-0.98700726993051,-0.160675602081711,223.182036706799,56.0640760387644,"ok",904,824,"direct calibration",-21.27,"horizontal","20250127/00041.mp4",20250127,"20y_00041__20250127","20y",NA,NA,NA,NA,NA,0.978502718964899,56.0640760387644,56.0640760387644,NA,NA
"horizontal","",NA,33,"20y_00041_waggle_annotations.csv",-0.996193717496113,0.0871669502809099,223.182036706799,41.8173186956427,"ok",886,865,"direct calibration",-21.27,"horizontal","20250127/00041.mp4",20250127,"20y_00041__20250127","20y",NA,NA,NA,NA,NA,0.729849895594746,41.8173186956427,41.8173186956427,NA,NA
"horizontal","",NA,34,"20y_00041_waggle_annotations.csv",-0.993605254789719,-0.112909688044286,223.182036706799,53.3010369860984,"ok",891,857,"direct calibration",-21.27,"horizontal","20250127/00041.mp4",20250127,"20y_00041__20250127","20y",NA,NA,NA,NA,NA,0.930278590134692,53.3010369860984,53.3010369860984,NA,NA
"horizontal","",NA,35,"20y_00041_waggle_annotations.csv",-0.949835269284275,0.312750637447261,223.182036706799,28.5928881818467,"ok",892,913,"direct calibration",-21.27,"horizontal","20250127/00041.mp4",20250127,"20y_00041__20250127","20y",NA,NA,NA,NA,NA,0.4990400414278,28.5928881818467,28.5928881818467,NA,NA
"horizontal","",NA,36,"20y_00041_waggle_annotations.csv",-0.994937189022498,0.100498705961868,223.182036706799,41.050074395287,"ok",837,859,"direct calibration",-21.27,"horizontal","20250127/00041.mp4",20250127,"20y_00041__20250127","20y",NA,NA,NA,NA,NA,0.716458956386379,41.050074395287,41.050074395287,NA,NA
"horizontal","",NA,37,"20y_00041_waggle_annotations.csv",-0.983606557377049,0.180327868852459,223.182036706799,36.4291054777315,"ok",831,913,"direct calibration",-21.27,"horizontal","20250127/00041.mp4",20250127,"20y_00041__20250127","20y",NA,NA,NA,NA,NA,0.635807834142717,36.4291054777315,36.4291054777315,NA,NA
"horizontal","",NA,38,"20y_00041_waggle_annotations.csv",-1,0,223.182036706799,46.8179632932012,"ok",809,858,"direct calibration",-21.27,"horizontal","20250127/00041.mp4",20250127,"20y_00041__20250127","20y",NA,NA,NA,NA,NA,0.817127608544208,46.8179632932012,46.8179632932012,NA,NA
"horizontal","",NA,39,"20y_00041_waggle_annotations.csv",-0.983677406707226,0.17994098903181,223.182036706799,36.4516406897507,"ok",824,912,"direct calibration",-21.27,"horizontal","20250127/00041.mp4",20250127,"20y_00041__20250127","20y",NA,NA,NA,NA,NA,0.636201147790086,36.4516406897507,36.4516406897507,NA,NA
"horizontal","",NA,40,"20y_00041_waggle_annotations.csv",-0.982006446980647,0.188847393650124,223.182036706799,35.9324362385424,"ok",780,893,"direct calibration",-21.27,"horizontal","20250127/00041.mp4",20250127,"20y_00041__20250127","20y",NA,NA,NA,NA,NA,0.627139320625492,35.9324362385424,35.9324362385424,NA,NA
"horizontal","",NA,41,"20y_00041_waggle_annotations.csv",-0.824041924199368,0.566528822887065,223.182036706799,12.3094403055327,"ok",818,958,"direct calibration",-21.27,"horizontal","20250127/00041.mp4",20250127,"20y_00041__20250127","20y",NA,NA,NA,NA,NA,0.214840262409243,12.3094403055327,12.3094403055327,NA,NA
"horizontal","",NA,1,"20y_00045_waggle_annotations.csv",-0.94299033358289,0.332820117735137,223.182036706799,27.377928465025,"ok",1333,894,"direct calibration",-21.27,"horizontal","20250127/00045.mp4",20250127,"20y_00045__20250127","20y",NA,NA,NA,NA,NA,0.477834994090163,27.377928465025,27.377928465025,NA,NA
"horizontal","",NA,2,"20y_00045_waggle_annotations.csv",-0.995249100668526,0.0973613250653993,223.182036706799,41.2307193289968,"ok",1386,837,"direct calibration",-21.27,"horizontal","20250127/00045.mp4",20250127,"20y_00045__20250127","20y",NA,NA,NA,NA,NA,0.719611805256662,41.2307193289968,41.2307193289968,NA,NA
"horizontal","",NA,3,"20y_00045_waggle_annotations.csv",-0.93334560620306,0.358979079308869,223.182036706799,25.7804522677793,"ok",1356,883,"direct calibration",-21.27,"horizontal","20250127/00045.mp4",20250127,"20y_00045__20250127","20y",NA,NA,NA,NA,NA,0.449953774725988,25.7804522677793,25.7804522677793,NA,NA
"horizontal","",NA,4,"20y_00045_waggle_annotations.csv",-0.995037190209989,-0.0995037190209989,223.182036706799,52.5285564307008,"ok",1348,810,"direct calibration",-21.27,"horizontal","20250127/00045.mp4",20250127,"20y_00045__20250127","20y",NA,NA,NA,NA,NA,0.91679626103537,52.5285564307008,52.5285564307008,NA,NA
"horizontal","",NA,5,"20y_00045_waggle_annotations.csv",-0.97439119569462,0.224859506698758,223.182036706799,33.8233465012847,"ok",1330,828,"direct calibration",-21.27,"horizontal","20250127/00045.mp4",20250127,"20y_00045__20250127","20y",NA,NA,NA,NA,NA,0.590328760490322,33.8233465012847,33.8233465012847,NA,NA
"horizontal","",NA,6,"20y_00045_waggle_annotations.csv",-0.989090177881817,-0.147311303088781,223.182036706799,55.289107926216,"ok",1321,808,"direct calibration",-21.27,"horizontal","20250127/00045.mp4",20250127,"20y_00045__20250127","20y",NA,NA,NA,NA,NA,0.964976973802963,55.289107926216,55.289107926216,NA,NA
"horizontal","",NA,7,"20y_00045_waggle_annotations.csv",-0.999877952034695,-0.0156230930005421,223.182036706799,47.7131370034122,"ok",1330,856,"direct calibration",-21.27,"horizontal","20250127/00045.mp4",20250127,"20y_00045__20250127","20y",NA,NA,NA,NA,NA,0.832751337164684,47.7131370034122,47.7131370034122,NA,NA
"horizontal","",NA,8,"20y_00045_waggle_annotations.csv",-0.993883734673619,-0.110431526074847,223.182036706799,53.1581550391111,"ok",1362,827,"direct calibration",-21.27,"horizontal","20250127/00045.mp4",20250127,"20y_00045__20250127","20y",NA,NA,NA,NA,NA,0.927784829718104,53.1581550391111,53.1581550391111,NA,NA
"horizontal","",NA,9,"20y_00045_waggle_annotations.csv",-0.998502152314087,0.0547124467021418,223.182036706799,43.6816049248686,"ok",1343,829,"direct calibration",-21.27,"horizontal","20250127/00045.mp4",20250127,"20y_00045__20250127","20y",NA,NA,NA,NA,NA,0.762387828494327,43.6816049248686,43.6816049248686,NA,NA
"horizontal","",NA,10,"20y_00045_waggle_annotations.csv",-0.996815278536125,0.07974522228289,223.182036706799,42.2440420333003,"ok",1393,794,"direct calibration",-21.27,"horizontal","20250127/00045.mp4",20250127,"20y_00045__20250127","20y",NA,NA,NA,NA,NA,0.73729762283197,42.2440420333003,42.2440420333003,NA,NA
"horizontal","",NA,11,"20y_00045_waggle_annotations.csv",-0.996304768974939,0.085888342153012,223.182036706799,41.8908533455522,"ok",1359,805,"direct calibration",-21.27,"horizontal","20250127/00045.mp4",20250127,"20y_00045__20250127","20y",NA,NA,NA,NA,NA,0.731133317349967,41.8908533455522,41.8908533455522,NA,NA
"horizontal","",NA,12,"20y_00045_waggle_annotations.csv",-0.997826614715704,0.0658942104057541,223.182036706799,43.0397655860396,"ok",1322,830,"direct calibration",-21.27,"horizontal","20250127/00045.mp4",20250127,"20y_00045__20250127","20y",NA,NA,NA,NA,NA,0.751185618762937,43.0397655860396,43.0397655860396,NA,NA
"horizontal","",NA,13,"20y_00045_waggle_annotations.csv",-0.990830168044299,0.135113204733313,223.182036706799,39.0527972747758,"ok",1293,876,"direct calibration",-21.27,"horizontal","20250127/00045.mp4",20250127,"20y_00045__20250127","20y",NA,NA,NA,NA,NA,0.681599894558706,39.0527972747758,39.0527972747758,NA,NA
"horizontal","",NA,14,"20y_00045_waggle_annotations.csv",-0.999161228484711,0.0409492306756029,223.182036706799,44.4710890007138,"ok",1335,841,"direct calibration",-21.27,"horizontal","20250127/00045.mp4",20250127,"20y_00045__20250127","20y",NA,NA,NA,NA,NA,0.776166925009892,44.4710890007138,44.4710890007138,NA,NA
"horizontal","",NA,15,"20y_00045_waggle_annotations.csv",-0.988505756164448,0.151183233295739,223.182036706799,38.1224604157764,"ok",1310,895,"direct calibration",-21.27,"horizontal","20250127/00045.mp4",20250127,"20y_00045__20250127","20y",NA,NA,NA,NA,NA,0.665362453216505,38.1224604157764,38.1224604157764,NA,NA
"horizontal","",NA,16,"20y_00045_waggle_annotations.csv",-0.996240588195683,0.086629616364842,223.182036706799,41.8482225650909,"ok",1368,854,"direct calibration",-21.27,"horizontal","20250127/00045.mp4",20250127,"20y_00045__20250127","20y",NA,NA,NA,NA,NA,0.730389269868222,41.8482225650909,41.8482225650909,NA,NA
"horizontal","",NA,17,"20y_00045_waggle_annotations.csv",-0.988715504224767,0.149805379427995,223.182036706799,38.202315109037,"ok",1386,810,"direct calibration",-21.27,"horizontal","20250127/00045.mp4",20250127,"20y_00045__20250127","20y",NA,NA,NA,NA,NA,0.666756180537073,38.202315109037,38.202315109037,NA,NA
"horizontal","",NA,18,"20y_00045_waggle_annotations.csv",-0.998389744857247,-0.0567266900487072,223.182036706799,50.0699088935651,"ok",1334,802,"direct calibration",-21.27,"horizontal","20250127/00045.mp4",20250127,"20y_00045__20250127","20y",NA,NA,NA,NA,NA,0.873884766366302,50.0699088935651,50.0699088935651,NA,NA
"horizontal","",NA,19,"20y_00045_waggle_annotations.csv",-0.99010481399566,0.140329816156865,223.182036706799,38.751031563408,"ok",1273,782,"direct calibration",-21.27,"horizontal","20250127/00045.mp4",20250127,"20y_00045__20250127","20y",NA,NA,NA,NA,NA,0.676333089325716,38.751031563408,38.751031563408,NA,NA
"horizontal","",NA,20,"20y_00045_waggle_annotations.csv",-0.99242260474407,-0.122871370111171,223.182036706799,53.8758099430822,"ok",1280,733,"direct calibration",-21.27,"horizontal","20250127/00045.mp4",20250127,"20y_00045__20250127","20y",NA,NA,NA,NA,NA,0.940310270685484,53.8758099430822,53.8758099430822,NA,NA
"horizontal","",NA,21,"20y_00045_waggle_annotations.csv",-0.967883702920719,0.251398364394992,223.182036706799,32.2576876738443,"ok",1268,727,"direct calibration",-21.27,"horizontal","20250127/00045.mp4",20250127,"20y_00045__20250127","20y",NA,NA,NA,NA,NA,0.563002858988574,32.2576876738443,32.2576876738443,NA,NA
"horizontal","",NA,22,"20y_00045_waggle_annotations.csv",-1,0,223.182036706799,46.8179632932012,"ok",1293,757,"direct calibration",-21.27,"horizontal","20250127/00045.mp4",20250127,"20y_00045__20250127","20y",NA,NA,NA,NA,NA,0.817127608544208,46.8179632932012,46.8179632932012,NA,NA
"horizontal","",NA,23,"20y_00045_waggle_annotations.csv",-0.982727401542543,0.185059056134635,223.182036706799,36.1533877757494,"ok",1330,873,"direct calibration",-21.27,"horizontal","20250127/00045.mp4",20250127,"20y_00045__20250127","20y",NA,NA,NA,NA,NA,0.630995652437097,36.1533877757494,36.1533877757494,NA,NA
"horizontal","",NA,1,"20y_00059_waggle_annotations.csv",-0.940887411868727,0.338719468272742,242.078145974203,8.12297767127257,"ok",1282,930,"direct calibration",-21.27,"horizontal","20250127/00059.mp4",20250127,"20y_00059__20250127","20y",NA,NA,NA,NA,NA,0.141772705429688,8.12297767127257,8.12297767127257,NA,NA
"horizontal","",NA,2,"20y_00059_waggle_annotations.csv",-0.947065879415799,-0.321039281157898,242.078145974203,46.64764187107,"ok",1269,890,"direct calibration",-21.27,"horizontal","20250127/00059.mp4",20250127,"20y_00059__20250127","20y",NA,NA,NA,NA,NA,0.81415493894134,46.64764187107,46.64764187107,NA,NA
"horizontal","",NA,3,"20y_00059_waggle_annotations.csv",-0.912509324514951,0.409055904092909,242.078145974203,3.77631206537581,"ok",1204,937,"direct calibration",-21.27,"horizontal","20250127/00059.mp4",20250127,"20y_00059__20250127","20y",NA,NA,NA,NA,NA,0.0659090791235951,3.7763120653758,3.77631206537581,NA,NA
"horizontal","",NA,4,"20y_00059_waggle_annotations.csv",-0.834464609751732,0.55106153474171,242.078145974203,354.481984820015,"ok",1255,938,"direct calibration",-21.27,"horizontal","20250127/00059.mp4",20250127,"20y_00059__20250127","20y",NA,NA,NA,NA,NA,-0.0963075330657628,-5.51801517998483,354.481984820015,NA,NA
"horizontal","",NA,5,"20y_00059_waggle_annotations.csv",-0.898567515986432,0.438835298505002,242.078145974203,1.892261834284,"ok",1167,909,"direct calibration",-21.27,"horizontal","20250127/00059.mp4",20250127,"20y_00059__20250127","20y",NA,NA,NA,NA,NA,0.0330261993180831,1.892261834284,1.892261834284,NA,NA
"horizontal","",NA,6,"20y_00059_waggle_annotations.csv",-0.911921505175106,0.410364677328798,242.078145974203,3.6941087078433,"ok",1148,867,"direct calibration",-21.27,"horizontal","20250127/00059.mp4",20250127,"20y_00059__20250127","20y",NA,NA,NA,NA,NA,0.0644743598784588,3.6941087078433,3.6941087078433,NA,NA
"horizontal","",NA,7,"20y_00059_waggle_annotations.csv",-0.953582665134142,0.301131367937097,242.078145974203,10.3962856520746,"ok",1029,901,"direct calibration",-21.27,"horizontal","20250127/00059.mp4",20250127,"20y_00059__20250127","20y",NA,NA,NA,NA,NA,0.181449414606547,10.3962856520746,10.3962856520746,NA,NA
"horizontal","",NA,8,"20y_00059_waggle_annotations.csv",-0.985211754819674,0.171341174751248,242.078145974203,18.0560470827131,"ok",972,893,"direct calibration",-21.27,"horizontal","20250127/00059.mp4",20250127,"20y_00059__20250127","20y",NA,NA,NA,NA,NA,0.31513747148846,18.0560470827131,18.0560470827131,NA,NA
"horizontal","",NA,9,"20y_00059_waggle_annotations.csv",-0.952028561285264,0.306009180413121,242.078145974203,10.1029651112747,"ok",1008,929,"direct calibration",-21.27,"horizontal","20250127/00059.mp4",20250127,"20y_00059__20250127","20y",NA,NA,NA,NA,NA,0.176330005405859,10.1029651112747,10.1029651112747,NA,NA
"horizontal","",NA,10,"20y_00059_waggle_annotations.csv",-0.95577900872195,0.294085848837523,242.078145974203,10.8191250567451,"ok",1055,948,"direct calibration",-21.27,"horizontal","20250127/00059.mp4",20250127,"20y_00059__20250127","20y",NA,NA,NA,NA,NA,0.18882935442522,10.8191250567451,10.8191250567451,NA,NA
"horizontal","",NA,1,"22b_00058_waggle_annotations.csv",-0.945945945945946,0.324324324324324,242.078145974203,8.99720960974622,"ok",1196,950,"direct calibration",-21.27,"horizontal","20250127/00058.mp4",20250127,"22b_00058__20250127","22b",NA,NA,NA,NA,NA,0.157030931182146,8.99720960974622,8.99720960974622,NA,NA
"horizontal","",NA,2,"22b_00058_waggle_annotations.csv",-0.997529518435429,-0.0702485576362978,242.078145974203,31.9501176922826,"ok",1266,884,"direct calibration",-21.27,"horizontal","20250127/00058.mp4",20250127,"22b_00058__20250127","22b",NA,NA,NA,NA,NA,0.557634750130024,31.9501176922826,31.9501176922826,NA,NA
"horizontal","",NA,3,"22b_00058_waggle_annotations.csv",-0.97780241407741,0.209529088730873,242.078145974203,15.8270969487854,"ok",1284,935,"direct calibration",-21.27,"horizontal","20250127/00058.mp4",20250127,"22b_00058__20250127","22b",NA,NA,NA,NA,NA,0.276234952788653,15.8270969487854,15.8270969487854,NA,NA
"horizontal","",NA,4,"22b_00058_waggle_annotations.csv",-0.96,0.28,242.078145974203,11.6616493174855,"ok",1268,940,"direct calibration",-21.27,"horizontal","20250127/00058.mp4",20250127,"22b_00058__20250127","22b",NA,NA,NA,NA,NA,0.203534176803072,11.6616493174855,11.6616493174855,NA,NA
"horizontal","",NA,5,"22b_00058_waggle_annotations.csv",-0.976187060183953,0.216930457818656,242.078145974203,15.393046316646,"ok",1276,944,"direct calibration",-21.27,"horizontal","20250127/00058.mp4",20250127,"22b_00058__20250127","22b",NA,NA,NA,NA,NA,0.268659340137457,15.393046316646,15.393046316646,NA,NA
"horizontal","",NA,6,"22b_00058_waggle_annotations.csv",-0.982006446980647,0.188847393650124,242.078145974203,17.0363269711387,"ok",1253,945,"direct calibration",-21.27,"horizontal","20250127/00058.mp4",20250127,"22b_00058__20250127","22b",NA,NA,NA,NA,NA,0.297339998092684,17.0363269711387,17.0363269711387,NA,NA
"horizontal","",NA,1,"47y_00056_waggle_annotations.csv",-0.942301628844655,-0.334765052352706,242.078145974203,47.4801055627949,"ok",1118,813,"direct calibration",-21.27,"horizontal","20250127/00056.mp4",20250127,"47y_00056__20250127","47y",NA,NA,NA,NA,NA,0.828684171265246,47.4801055627949,47.4801055627949,NA,NA
"horizontal","",NA,2,"47y_00056_waggle_annotations.csv",-0.99654575824488,0.08304547985374,242.078145974203,23.1582123350713,"ok",1134,855,"direct calibration",-21.27,"horizontal","20250127/00056.mp4",20250127,"47y_00056__20250127","47y",NA,NA,NA,NA,NA,0.404187054122959,23.1582123350713,23.1582123350713,NA,NA
"horizontal","",NA,3,"47y_00056_waggle_annotations.csv",-0.961523947640823,-0.274721127897378,242.078145974203,43.8672499267203,"ok",1101,810,"direct calibration",-21.27,"horizontal","20250127/00056.mp4",20250127,"47y_00056__20250127","47y",NA,NA,NA,NA,NA,0.765627945016511,43.8672499267203,43.8672499267203,NA,NA
"horizontal","",NA,4,"47y_00056_waggle_annotations.csv",-0.95447997803503,0.298274993135947,242.078145974203,10.5678293895361,"ok",1081,850,"direct calibration",-21.27,"horizontal","20250127/00056.mp4",20250127,"47y_00056__20250127","47y",NA,NA,NA,NA,NA,0.184443417636428,10.5678293895361,10.5678293895361,NA,NA
"horizontal","",NA,5,"47y_00056_waggle_annotations.csv",-0.996729048114676,-0.0808158687660548,242.078145974203,32.5573174527001,"ok",1105,819,"direct calibration",-21.27,"horizontal","20250127/00056.mp4",20250127,"47y_00056__20250127","47y",NA,NA,NA,NA,NA,0.568232385166631,32.5573174527001,32.5573174527001,NA,NA
"horizontal","",NA,6,"47y_00056_waggle_annotations.csv",-0.904142053502735,0.427231959347446,242.078145974203,2.62983286877619,"ok",1099,874,"direct calibration",-21.27,"horizontal","20250127/00056.mp4",20250127,"47y_00056__20250127","47y",NA,NA,NA,NA,NA,0.0458992423373125,2.62983286877619,2.62983286877619,NA,NA
"horizontal","",NA,7,"47y_00056_waggle_annotations.csv",-0.997606892616085,-0.0691410717654713,242.078145974203,31.8865087486536,"ok",1073,870,"direct calibration",-21.27,"horizontal","20250127/00056.mp4",20250127,"47y_00056__20250127","47y",NA,NA,NA,NA,NA,0.556524564629982,31.8865087486536,31.8865087486536,NA,NA
"horizontal","",NA,8,"47y_00056_waggle_annotations.csv",-0.991835775307426,-0.127521742539526,242.078145974203,35.248260685967,"ok",1132,869,"direct calibration",-21.27,"horizontal","20250127/00056.mp4",20250127,"47y_00056__20250127","47y",NA,NA,NA,NA,NA,0.615198204571399,35.248260685967,35.248260685967,NA,NA
"horizontal","",NA,9,"47y_00056_waggle_annotations.csv",-0.898384360919201,0.439210132004943,242.078145974203,1.86835871530653,"ok",1116,926,"direct calibration",-21.27,"horizontal","20250127/00056.mp4",20250127,"47y_00056__20250127","47y",NA,NA,NA,NA,NA,0.0326090111904303,1.86835871530653,1.86835871530653,NA,NA
"horizontal","",NA,10,"47y_00056_waggle_annotations.csv",-0.99989797479951,0.0142842567828501,242.078145974203,27.1033985641089,"ok",1134,907,"direct calibration",-21.27,"horizontal","20250127/00056.mp4",20250127,"47y_00056__20250127","47y",NA,NA,NA,NA,NA,0.473043543424003,27.1033985641089,27.1033985641089,NA,NA
"horizontal","",NA,11,"47y_00056_waggle_annotations.csv",-0.96,0.28,242.078145974203,11.6616493174855,"ok",1106,937,"direct calibration",-21.27,"horizontal","20250127/00056.mp4",20250127,"47y_00056__20250127","47y",NA,NA,NA,NA,NA,0.203534176803072,11.6616493174855,11.6616493174855,NA,NA
"horizontal","",NA,12,"47y_00056_waggle_annotations.csv",-0.865140001465014,0.501530435631892,242.078145974203,357.820549460198,"ok",1058,914,"direct calibration",-21.27,"horizontal","20250127/00056.mp4",20250127,"47y_00056__20250127","47y",NA,NA,NA,NA,NA,-0.0380385878039171,-2.17945053980226,357.820549460198,NA,NA
"horizontal","",NA,13,"47y_00056_waggle_annotations.csv",-0.936792195651947,0.349886241749522,242.078145974203,7.44149671398822,"ok",1108,938,"direct calibration",-21.27,"horizontal","20250127/00056.mp4",20250127,"47y_00056__20250127","47y",NA,NA,NA,NA,NA,0.129878618935433,7.44149671398822,7.44149671398822,NA,NA
"horizontal","",NA,14,"47y_00056_waggle_annotations.csv",-0.998416781116735,-0.056248832738971,242.078145974203,31.1463766323174,"ok",1073,880,"direct calibration",-21.27,"horizontal","20250127/00056.mp4",20250127,"47y_00056__20250127","47y",NA,NA,NA,NA,NA,0.543606822300161,31.1463766323174,31.1463766323174,NA,NA
"horizontal","",NA,15,"47y_00056_waggle_annotations.csv",-0.863778900898433,0.503871025524086,242.078145974203,357.665416862268,"ok",1020,922,"direct calibration",-21.27,"horizontal","20250127/00056.mp4",20250127,"47y_00056__20250127","47y",NA,NA,NA,NA,NA,-0.0407461624149603,-2.33458313773181,357.665416862268,NA,NA
"horizontal","",NA,16,"47y_00056_waggle_annotations.csv",-0.954615767347471,0.297840119412411,242.078145974203,10.5939322485562,"ok",1035,870,"direct calibration",-21.27,"horizontal","20250127/00056.mp4",20250127,"47y_00056__20250127","47y",NA,NA,NA,NA,NA,0.184898998470512,10.5939322485562,10.5939322485562,NA,NA
"horizontal","",NA,17,"47y_00056_waggle_annotations.csv",-0.948683298050514,0.316227766016838,242.078145974203,9.48690520287545,"ok",1040,903,"direct calibration",-21.27,"horizontal","20250127/00056.mp4",20250127,"47y_00056__20250127","47y",NA,NA,NA,NA,NA,0.165577731614757,9.48690520287545,9.48690520287545,NA,NA
"horizontal","",NA,18,"47y_00056_waggle_annotations.csv",-0.894427190999916,0.447213595499958,242.078145974203,1.3568028487195,"ok",1001,867,"direct calibration",-21.27,"horizontal","20250127/00056.mp4",20250127,"47y_00056__20250127","47y",NA,NA,NA,NA,NA,0.0236806770105937,1.3568028487195,1.3568028487195,NA,NA
"horizontal","",NA,19,"47y_00056_waggle_annotations.csv",-0.935159445289859,0.354227062609795,242.078145974203,7.17577375011405,"ok",1040,906,"direct calibration",-21.27,"horizontal","20250127/00056.mp4",20250127,"47y_00056__20250127","47y",NA,NA,NA,NA,NA,0.125240878317671,7.17577375011405,7.17577375011405,NA,NA
"horizontal","",NA,20,"47y_00056_waggle_annotations.csv",-0.923076923076923,0.384615384615385,242.078145974203,5.30198907775704,"ok",1022,847,"direct calibration",-21.27,"horizontal","20250127/00056.mp4",20250127,"47y_00056__20250127","47y",NA,NA,NA,NA,NA,0.092537166311638,5.30198907775704,5.30198907775704,NA,NA
"horizontal","",NA,21,"47y_00056_waggle_annotations.csv",-0.970879659481827,0.239567708183827,242.078145974203,14.0608264627763,"ok",1018,877,"direct calibration",-21.27,"horizontal","20250127/00056.mp4",20250127,"47y_00056__20250127","47y",NA,NA,NA,NA,NA,0.245407717326995,14.0608264627763,14.0608264627763,NA,NA
"horizontal","",NA,22,"47y_00056_waggle_annotations.csv",-0.999550303522367,-0.029986509105671,242.078145974203,29.6402120274529,"ok",991,867,"direct calibration",-21.27,"horizontal","20250127/00056.mp4",20250127,"47y_00056__20250127","47y",NA,NA,NA,NA,NA,0.517319290868278,29.6402120274529,29.6402120274529,NA,NA
"horizontal","",NA,23,"47y_00056_waggle_annotations.csv",-0.887017774073452,0.461735279654673,242.078145974203,0.422715294750333,"ok",918,924,"direct calibration",-21.27,"horizontal","20250127/00056.mp4",20250127,"47y_00056__20250127","47y",NA,NA,NA,NA,NA,0.00737777369193161,0.422715294750333,0.422715294750333,NA,NA
"horizontal","",NA,24,"47y_00056_waggle_annotations.csv",-0.998812351124897,0.0487225537134096,242.078145974203,25.1291516600842,"ok",928,879,"direct calibration",-21.27,"horizontal","20250127/00056.mp4",20250127,"47y_00056__20250127","47y",NA,NA,NA,NA,NA,0.438586434701468,25.1291516600842,25.1291516600842,NA,NA
"horizontal","",NA,25,"47y_00056_waggle_annotations.csv",-0.908308866206359,0.418300135752929,242.078145974203,3.19453963910735,"ok",928,899,"direct calibration",-21.27,"horizontal","20250127/00056.mp4",20250127,"47y_00056__20250127","47y",NA,NA,NA,NA,NA,0.0557552347878946,3.19453963910735,3.19453963910735,NA,NA
"horizontal","",NA,26,"47y_00056_waggle_annotations.csv",-0.976547553912115,0.215301822909758,242.078145974203,15.4886188377018,"ok",934,902,"direct calibration",-21.27,"horizontal","20250127/00056.mp4",20250127,"47y_00056__20250127","47y",NA,NA,NA,NA,NA,0.270327395304314,15.4886188377018,15.4886188377018,NA,NA
"horizontal","",NA,27,"47y_00056_waggle_annotations.csv",-0.942427745481247,0.334409845170765,242.078145974203,8.38519908766909,"ok",880,936,"direct calibration",-21.27,"horizontal","20250127/00056.mp4",20250127,"47y_00056__20250127","47y",NA,NA,NA,NA,NA,0.14634933251505,8.3851990876691,8.38519908766909,NA,NA
"horizontal","",NA,28,"47y_00056_waggle_annotations.csv",-0.967617272396844,-0.252421897147003,242.078145974203,42.5427280144291,"ok",932,931,"direct calibration",-21.27,"horizontal","20250127/00056.mp4",20250127,"47y_00056__20250127","47y",NA,NA,NA,NA,NA,0.742510676632218,42.5427280144291,42.5427280144291,NA,NA
"horizontal","",NA,29,"47y_00056_waggle_annotations.csv",-0.98114827304626,0.193256478024263,242.078145974203,16.7789641674581,"ok",924,940,"direct calibration",-21.27,"horizontal","20250127/00056.mp4",20250127,"47y_00056__20250127","47y",NA,NA,NA,NA,NA,0.292848169796293,16.7789641674581,16.7789641674581,NA,NA
"horizontal","",NA,30,"47y_00056_waggle_annotations.csv",-0.873363874328257,0.487068314529221,242.078145974203,358.773782180084,"ok",891,946,"direct calibration",-21.27,"horizontal","20250127/00056.mp4",20250127,"47y_00056__20250127","47y",NA,NA,NA,NA,NA,-0.0214015383041544,-1.22621781991562,358.773782180084,NA,NA
"horizontal","",NA,31,"47y_00056_waggle_annotations.csv",-0.806404995855705,0.591363663627517,242.078145974203,351.668016288353,"ok",879,940,"direct calibration",-21.27,"horizontal","20250127/00056.mp4",20250127,"47y_00056__20250127","47y",NA,NA,NA,NA,NA,-0.145420548990783,-8.33198371164731,351.668016288353,NA,NA
"horizontal","",NA,32,"47y_00056_waggle_annotations.csv",-0.968277323709358,0.24987801902177,242.078145974203,13.4515599257316,"ok",899,918,"direct calibration",-21.27,"horizontal","20250127/00056.mp4",20250127,"47y_00056__20250127","47y",NA,NA,NA,NA,NA,0.23477401023334,13.4515599257316,13.4515599257316,NA,NA
"horizontal","",NA,33,"47y_00056_waggle_annotations.csv",-0.948683298050514,-0.316227766016838,242.078145974203,46.3568028487195,"ok",890,928,"direct calibration",-21.27,"horizontal","20250127/00056.mp4",20250127,"47y_00056__20250127","47y",NA,NA,NA,NA,NA,0.809078840408042,46.3568028487195,46.3568028487195,NA,NA
"horizontal","",NA,34,"47y_00056_waggle_annotations.csv",-0.947863007628856,0.318678080151081,242.078145974203,9.33885442253114,"ok",947,918,"direct calibration",-21.27,"horizontal","20250127/00056.mp4",20250127,"47y_00056__20250127","47y",NA,NA,NA,NA,NA,0.162993758037602,9.33885442253114,9.33885442253114,NA,NA
"horizontal","",NA,35,"47y_00056_waggle_annotations.csv",-0.865426285481126,0.501036270541705,242.078145974203,357.853271203935,"ok",954,942,"direct calibration",-21.27,"horizontal","20250127/00056.mp4",20250127,"47y_00056__20250127","47y",NA,NA,NA,NA,NA,-0.0374674856387076,-2.14672879606497,357.853271203935,NA,NA
"horizontal","",NA,36,"47y_00056_waggle_annotations.csv",-0.912509324514951,0.409055904092909,242.078145974203,3.77631206537581,"ok",1009,930,"direct calibration",-21.27,"horizontal","20250127/00056.mp4",20250127,"47y_00056__20250127","47y",NA,NA,NA,NA,NA,0.0659090791235951,3.7763120653758,3.77631206537581,NA,NA
"horizontal","",NA,37,"47y_00056_waggle_annotations.csv",-0.836969613973546,0.547249362982703,242.078145974203,354.743342366405,"ok",964,951,"direct calibration",-21.27,"horizontal","20250127/00056.mp4",20250127,"47y_00056__20250127","47y",NA,NA,NA,NA,NA,-0.0917459833563321,-5.25665763359533,354.743342366405,NA,NA
"horizontal","",NA,38,"47y_00056_waggle_annotations.csv",-0.873363874328257,0.487068314529221,242.078145974203,358.773782180084,"ok",982,941,"direct calibration",-21.27,"horizontal","20250127/00056.mp4",20250127,"47y_00056__20250127","47y",NA,NA,NA,NA,NA,-0.0214015383041544,-1.22621781991562,358.773782180084,NA,NA
"horizontal","",NA,39,"47y_00056_waggle_annotations.csv",-0.966008746816675,0.258509382950941,242.078145974203,12.9402214534065,"ok",941,955,"direct calibration",-21.27,"horizontal","20250127/00056.mp4",20250127,"47y_00056__20250127","47y",NA,NA,NA,NA,NA,0.22584947029915,12.9402214534065,12.9402214534065,NA,NA
"horizontal","",NA,40,"47y_00056_waggle_annotations.csv",-0.952424147199324,0.304775727103784,242.078145974203,10.1771824007405,"ok",951,902,"direct calibration",-21.27,"horizontal","20250127/00056.mp4",20250127,"47y_00056__20250127","47y",NA,NA,NA,NA,NA,0.177625341468944,10.1771824007405,10.1771824007405,NA,NA
"horizontal","",NA,41,"47y_00056_waggle_annotations.csv",-0.97439119569462,0.224859506698758,242.078145974203,14.927237233881,"ok",939,926,"direct calibration",-21.27,"horizontal","20250127/00056.mp4",20250127,"47y_00056__20250127","47y",NA,NA,NA,NA,NA,0.260529437957514,14.927237233881,14.927237233881,NA,NA
"horizontal","",NA,42,"47y_00056_waggle_annotations.csv",-0.988936352868298,0.148340452930245,242.078145974203,19.3910884158493,"ok",934,914,"direct calibration",-21.27,"horizontal","20250127/00056.mp4",20250127,"47y_00056__20250127","47y",NA,NA,NA,NA,NA,0.338438338401902,19.3910884158493,19.3910884158493,NA,NA
"horizontal","",NA,43,"47y_00056_waggle_annotations.csv",-0.979457043256652,0.201652920670487,242.078145974203,16.288220026857,"ok",928,933,"direct calibration",-21.27,"horizontal","20250127/00056.mp4",20250127,"47y_00056__20250127","47y",NA,NA,NA,NA,NA,0.284283068757934,16.288220026857,16.288220026857,NA,NA
"horizontal","",NA,44,"47y_00056_waggle_annotations.csv",-0.990163599913086,0.139914421726849,242.078145974203,19.8789597922922,"ok",911,884,"direct calibration",-21.27,"horizontal","20250127/00056.mp4",20250127,"47y_00056__20250127","47y",NA,NA,NA,NA,NA,0.346953300247066,19.8789597922922,19.8789597922922,NA,NA
"horizontal","",NA,1,"66b_00020_waggle_annotations.csv",0.813733471206735,-0.581238193719096,205.590678929175,208.871643278851,"ok",986,819,"direct calibration",-21.27,"horizontal","20250127/00020.mp4",20250127,"66b_00020__20250127","66b",NA,NA,NA,NA,NA,-2.63768741791255,-151.128356721149,208.871643278851,NA,NA
"horizontal","",NA,2,"66b_00020_waggle_annotations.csv",0.832050294337844,-0.554700196225229,205.590678929175,210.719253544845,"ok",1002,853,"direct calibration",-21.27,"horizontal","20250127/00020.mp4",20250127,"66b_00020__20250127","66b",NA,NA,NA,NA,NA,-2.6054405354773,-149.280746455155,210.719253544845,NA,NA
"horizontal","",NA,3,"66b_00020_waggle_annotations.csv",0.813733471206735,-0.581238193719096,205.590678929175,208.871643278851,"ok",1023,844,"direct calibration",-21.27,"horizontal","20250127/00020.mp4",20250127,"66b_00020__20250127","66b",NA,NA,NA,NA,NA,-2.63768741791255,-151.128356721149,208.871643278851,NA,NA
"horizontal","",NA,4,"66b_00020_waggle_annotations.csv",0.78086880944303,-0.624695047554424,205.590678929175,205.749512816735,"ok",1135,799,"direct calibration",-21.27,"horizontal","20250127/00020.mp4",20250127,"66b_00020__20250127","66b",NA,NA,NA,NA,NA,-2.69217887415329,-154.250487183265,205.749512816735,NA,NA
"horizontal","",NA,1,"66b_00021_waggle_annotations.csv",-0.822192191643779,-0.569209978830308,205.590678929175,99.1044746020592,"ok",1191,743,"direct calibration",-21.27,"horizontal","20250127/00021.mp4",20250127,"66b_00021__20250127","66b",NA,NA,NA,NA,NA,1.72969938526503,99.1044746020592,99.1044746020592,NA,NA
"horizontal","",NA,2,"66b_00021_waggle_annotations.csv",0.298274993135947,-0.95447997803503,205.590678929175,171.763345707087,"ok",1192,846,"direct calibration",-21.27,"horizontal","20250127/00021.mp4",20250127,"66b_00021__20250127","66b",NA,NA,NA,NA,NA,2.99783591682993,171.763345707087,171.763345707087,NA,NA
"horizontal","",NA,3,"66b_00021_waggle_annotations.csv",0.78086880944303,-0.624695047554424,205.590678929175,205.749512816735,"ok",1218,820,"direct calibration",-21.27,"horizontal","20250127/00021.mp4",20250127,"66b_00021__20250127","66b",NA,NA,NA,NA,NA,-2.69217887415329,-154.250487183265,205.749512816735,NA,NA
"horizontal","",NA,4,"66b_00021_waggle_annotations.csv",0.847998304005088,-0.52999894000318,205.590678929175,212.403937862742,"ok",1234,819,"direct calibration",-21.27,"horizontal","20250127/00021.mp4",20250127,"66b_00021__20250127","66b",NA,NA,NA,NA,NA,-2.5760372472733,-147.596062137258,212.403937862742,NA,NA
"horizontal","",NA,5,"66b_00021_waggle_annotations.csv",0.629198228667964,-0.777244870707485,205.590678929175,193.400315113331,"ok",1321,850,"direct calibration",-21.27,"horizontal","20250127/00021.mp4",20250127,"66b_00021__20250127","66b",NA,NA,NA,NA,NA,-2.90771303405742,-166.599684886669,193.400315113331,NA,NA
"horizontal","",NA,6,"66b_00021_waggle_annotations.csv",0.880471099922175,-0.474099823035017,205.590678929175,216.108565304819,"ok",1268,847,"direct calibration",-21.27,"horizontal","20250127/00021.mp4",20250127,"66b_00021__20250127","66b",NA,NA,NA,NA,NA,-2.51137930084932,-143.891434695181,216.108565304819,NA,NA
"horizontal","",NA,1,"66b_00023_waggle_annotations.csv",-0.478852130680573,0.877895572914384,205.590678929175,3.01978073679044,"ok",964,757,"direct calibration",-21.27,"horizontal","20250127/00023.mp4",20250127,"66b_00023__20250127","66b",NA,NA,NA,NA,NA,0.0527051165452934,3.01978073679044,3.01978073679044,NA,NA
"horizontal","",NA,2,"66b_00023_waggle_annotations.csv",-0.940553899691695,-0.339644463777557,205.590678929175,84.2645354401463,"ok",971,755,"direct calibration",-21.27,"horizontal","20250127/00023.mp4",20250127,"66b_00023__20250127","66b",NA,NA,NA,NA,NA,1.470693586094,84.2645354401463,84.2645354401463,NA,NA
"horizontal","",NA,3,"66b_00023_waggle_annotations.csv",-0.865426285481126,-0.501036270541705,205.590678929175,94.4779038926877,"ok",987,761,"direct calibration",-21.27,"horizontal","20250127/00023.mp4",20250127,"66b_00023__20250127","66b",NA,NA,NA,NA,NA,1.64895049331017,94.4779038926877,94.4779038926877,NA,NA
"horizontal","",NA,4,"66b_00023_waggle_annotations.csv",0.786318338822423,-0.617821551931903,205.590678929175,206.252094483456,"ok",1066,830,"direct calibration",-21.27,"horizontal","20250127/00023.mp4",20250127,"66b_00023__20250127","66b",NA,NA,NA,NA,NA,-2.68340716930884,-153.747905516544,206.252094483456,NA,NA
"horizontal","",NA,5,"66b_00023_waggle_annotations.csv",0.863778900898433,-0.503871025524086,205.590678929175,214.152883907296,"ok",1124,846,"direct calibration",-21.27,"horizontal","20250127/00023.mp4",20250127,"66b_00023__20250127","66b",NA,NA,NA,NA,NA,-2.54551238035609,-145.847116092704,214.152883907296,NA,NA
"horizontal","",NA,6,"66b_00023_waggle_annotations.csv",1,0,205.590678929175,244.409321070825,"ok",1221,841,"direct calibration",-21.27,"horizontal","20250127/00023.mp4",20250127,"66b_00023__20250127","66b",NA,NA,NA,NA,NA,-2.01743793192973,-115.590678929175,244.409321070825,NA,NA
"horizontal","",NA,1,"66b_00026_waggle_annotations.csv",0.995634226059288,-0.0933407086930583,205.590678929175,239.05349602797,"ok",1206,808,"direct calibration",-21.27,"horizontal","20250127/00026.mp4",20250127,"66b_00026__20250127","66b",NA,NA,NA,NA,NA,-2.11091471308832,-120.94650397203,239.05349602797,NA,NA
"horizontal","",NA,2,"66b_00026_waggle_annotations.csv",-0.962650940153899,-0.270745576918284,205.590678929175,80.117958899841,"ok",1259,710,"direct calibration",-21.27,"horizontal","20250127/00026.mp4",20250127,"66b_00026__20250127","66b",NA,NA,NA,NA,NA,1.39832217277972,80.117958899841,80.117958899841,NA,NA
"horizontal","",NA,3,"66b_00026_waggle_annotations.csv",0.959365501571271,0.28216632399155,205.590678929175,260.79886140486,"ok",1234,829,"direct calibration",-21.27,"horizontal","20250127/00026.mp4",20250127,"66b_00026__20250127","66b",NA,NA,NA,NA,NA,-1.73138649021241,-99.20113859514,260.79886140486,NA,NA
"horizontal","",NA,4,"66b_00026_waggle_annotations.csv",0.915315032422766,-0.402738614266017,205.590678929175,220.659826577958,"ok",1226,827,"direct calibration",-21.27,"horizontal","20250127/00026.mp4",20250127,"66b_00026__20250127","66b",NA,NA,NA,NA,NA,-2.43194480651452,-139.340173422042,220.659826577958,NA,NA
"horizontal","",NA,1,"84b_00024_waggle_annotations.csv",0.784882765533426,-0.619644288579021,205.590678929175,206.119157878582,"ok",1116,811,"direct calibration",-21.27,"horizontal","20250127/00024.mp4",20250127,"84b_00024__20250127","84b",NA,NA,NA,NA,NA,-2.68572735076032,-153.880842121418,206.119157878582,NA,NA
"horizontal","",NA,1,"84b_00059_waggle_annotations.csv",-0.994505452921406,0.104684784518043,242.078145974203,21.9128480683029,"ok",1223,922,"direct calibration",-21.27,"horizontal","20250127/00059.mp4",20250127,"84b_00059__20250127","84b",NA,NA,NA,NA,NA,0.382451347281165,21.9128480683029,21.9128480683029,NA,NA
"horizontal","",NA,2,"84b_00059_waggle_annotations.csv",0.984183323973695,-0.177152998315265,242.078145974203,197.717880304066,"ok",1179,919,"direct calibration",-21.27,"horizontal","20250127/00059.mp4",20250127,"84b_00059__20250127","84b",NA,NA,NA,NA,NA,-2.83235730580959,-162.282119695934,197.717880304066,NA,NA
"horizontal","",NA,3,"84b_00059_waggle_annotations.csv",-0.978716949725527,0.205214844297288,242.078145974203,16.0797779104697,"ok",1130,877,"direct calibration",-21.27,"horizontal","20250127/00059.mp4",20250127,"84b_00059__20250127","84b",NA,NA,NA,NA,NA,0.280645067527151,16.0797779104697,16.0797779104697,NA,NA
"horizontal","",NA,4,"84b_00059_waggle_annotations.csv",-0.988564598957024,-0.15079798967141,242.078145974203,36.5950280736773,"ok",1089,841,"direct calibration",-21.27,"horizontal","20250127/00059.mp4",20250127,"84b_00059__20250127","84b",NA,NA,NA,NA,NA,0.638703729745426,36.5950280736773,36.5950280736773,NA,NA
"horizontal","",NA,5,"84b_00059_waggle_annotations.csv",-0.945372981626272,0.325990683319404,242.078145974203,8.89624798822877,"ok",1074,869,"direct calibration",-21.27,"horizontal","20250127/00059.mp4",20250127,"84b_00059__20250127","84b",NA,NA,NA,NA,NA,0.155268818468514,8.89624798822877,8.89624798822877,NA,NA
"horizontal","",NA,6,"84b_00059_waggle_annotations.csv",-0.956673880428858,0.291161615782696,242.078145974203,10.9943409616504,"ok",1000,930,"direct calibration",-21.27,"horizontal","20250127/00059.mp4",20250127,"84b_00059__20250127","84b",NA,NA,NA,NA,NA,0.19188744886768,10.9943409616504,10.9943409616504,NA,NA
"horizontal","",NA,7,"84b_00059_waggle_annotations.csv",-0.962449675986404,0.271460165021806,242.078145974203,12.1706803623445,"ok",1134,948,"direct calibration",-21.27,"horizontal","20250127/00059.mp4",20250127,"84b_00059__20250127","84b",NA,NA,NA,NA,NA,0.212418444530727,12.1706803623445,12.1706803623445,NA,NA
"horizontal","",NA,8,"84b_00059_waggle_annotations.csv",-0.955285890691346,-0.295683728071131,242.078145974203,45.1203952458633,"ok",1175,933,"direct calibration",-21.27,"horizontal","20250127/00059.mp4",20250127,"84b_00059__20250127","84b",NA,NA,NA,NA,NA,0.787499456841512,45.1203952458633,45.1203952458633,NA,NA
"horizontal","",NA,1,"90r_00022_waggle_annotations.csv",0.966234939601246,-0.257662650560332,205.590678929175,229.477903892688,"ok",1379,764,"direct calibration",-21.27,"horizontal","20250127/00022.mp4",20250127,"90r_00022__20250127","90r",NA,NA,NA,NA,NA,-2.27804032367707,-130.522096107312,229.477903892688,NA,NA
"horizontal","",NA,2,"90r_00022_waggle_annotations.csv",0.997054485501581,-0.076696498884737,205.590678929175,240.01061571583,"ok",1445,830,"direct calibration",-21.27,"horizontal","20250127/00022.mp4",20250127,"90r_00022__20250127","90r",NA,NA,NA,NA,NA,-2.09420982319951,-119.98938428417,240.01061571583,NA,NA
"horizontal","",NA,1,"90r_00041_waggle_annotations.csv",-0.986070951280776,-0.166325220697962,223.182036706799,56.392191178293,"ok",1225,817,"direct calibration",-21.27,"horizontal","20250127/00041.mp4",20250127,"90r_00041__20250127","90r",NA,NA,NA,NA,NA,0.984229408475313,56.392191178293,56.392191178293,NA,NA
"horizontal","",NA,2,"90r_00041_waggle_annotations.csv",-0.948683298050514,0.316227766016838,223.182036706799,28.3830144702791,"ok",1292,856,"direct calibration",-21.27,"horizontal","20250127/00041.mp4",20250127,"90r_00041__20250127","90r",NA,NA,NA,NA,NA,0.495377054147565,28.3830144702791,28.3830144702791,NA,NA
"horizontal","",NA,3,"90r_00041_waggle_annotations.csv",-0.999550303522367,0.029986509105671,223.182036706799,45.0996052915457,"ok",1299,799,"direct calibration",-21.27,"horizontal","20250127/00041.mp4",20250127,"90r_00041__20250127","90r",NA,NA,NA,NA,NA,0.787136603687329,45.0996052915457,45.0996052915457,NA,NA
"horizontal","",NA,1,"95r_00056_waggle_annotations.csv",-0.874157276121538,0.485642931178632,242.078145974203,358.86724992672,"ok",1456,944,"direct calibration",-21.27,"horizontal","20250127/00056.mp4",20250127,"95r_00056__20250127","95r",NA,NA,NA,NA,NA,-0.019770218380937,-1.13275007327965,358.86724992672,NA,NA
"horizontal","",NA,2,"95r_00056_waggle_annotations.csv",-0.707106781186547,0.707106781186547,242.078145974203,342.921854025797,"ok",1420,897,"direct calibration",-21.27,"horizontal","20250127/00056.mp4",20250127,"95r_00056__20250127","95r",NA,NA,NA,NA,NA,-0.298069877386049,-17.0781459742026,342.921854025797,NA,NA
"horizontal","",NA,3,"95r_00056_waggle_annotations.csv",-0.991354765989961,-0.131208719028083,242.078145974203,35.4612991653068,"ok",1380,874,"direct calibration",-21.27,"horizontal","20250127/00056.mp4",20250127,"95r_00056__20250127","95r",NA,NA,NA,NA,NA,0.618916427469321,35.4612991653068,35.4612991653068,NA,NA
"horizontal","",NA,4,"95r_00056_waggle_annotations.csv",-0.902134221635646,0.431455497304005,242.078145974203,2.36188885397365,"ok",1343,918,"direct calibration",-21.27,"horizontal","20250127/00056.mp4",20250127,"95r_00056__20250127","95r",NA,NA,NA,NA,NA,0.0412227370679958,2.36188885397365,2.36188885397365,NA,NA
"horizontal","",NA,5,"95r_00056_waggle_annotations.csv",-0.851658316704544,0.524097425664335,242.078145974203,356.314351779549,"ok",1392,927,"direct calibration",-21.27,"horizontal","20250127/00056.mp4",20250127,"95r_00056__20250127","95r",NA,NA,NA,NA,NA,-0.0643266965171468,-3.6856482204514,356.314351779549,NA,NA
"horizontal","",NA,6,"95r_00056_waggle_annotations.csv",-0.894427190999916,0.447213595499958,242.078145974203,1.3568028487195,"ok",1402,919,"direct calibration",-21.27,"horizontal","20250127/00056.mp4",20250127,"95r_00056__20250127","95r",NA,NA,NA,NA,NA,0.0236806770105937,1.3568028487195,1.3568028487195,NA,NA
"horizontal","",NA,7,"95r_00056_waggle_annotations.csv",-0.855009507179533,0.51861232402693,242.078145974203,356.682639137589,"ok",1376,912,"direct calibration",-21.27,"horizontal","20250127/00056.mp4",20250127,"95r_00056__20250127","95r",NA,NA,NA,NA,NA,-0.0578988695258762,-3.31736086241133,356.682639137589,NA,NA
"horizontal","",NA,8,"95r_00056_waggle_annotations.csv",-0.994309153919809,0.106533123634265,242.078145974203,21.8063504595121,"ok",1372,934,"direct calibration",-21.27,"horizontal","20250127/00056.mp4",20250127,"95r_00056__20250127","95r",NA,NA,NA,NA,NA,0.380592613362264,21.8063504595121,21.8063504595121,NA,NA
"horizontal","",NA,9,"95r_00056_waggle_annotations.csv",-0.95447997803503,-0.298274993135947,242.078145974203,45.2758786620588,"ok",1379,867,"direct calibration",-21.27,"horizontal","20250127/00056.mp4",20250127,"95r_00056__20250127","95r",NA,NA,NA,NA,NA,0.790213154386371,45.2758786620588,45.2758786620588,NA,NA
"horizontal","",NA,10,"95r_00056_waggle_annotations.csv",-0.97439119569462,0.224859506698758,242.078145974203,14.927237233881,"ok",1399,926,"direct calibration",-21.27,"horizontal","20250127/00056.mp4",20250127,"95r_00056__20250127","95r",NA,NA,NA,NA,NA,0.260529437957514,14.927237233881,14.927237233881,NA,NA
"horizontal","",NA,11,"95r_00056_waggle_annotations.csv",-0.857492925712544,0.514495755427527,242.078145974203,356.958097493724,"ok",1387,934,"direct calibration",-21.27,"horizontal","20250127/00056.mp4",20250127,"95r_00056__20250127","95r",NA,NA,NA,NA,NA,-0.0530912142591851,-3.04190250627608,356.958097493724,NA,NA
"horizontal","",NA,1,"95r_00058_waggle_annotations.csv",-0.79709214815401,0.603857687995462,242.078145974203,350.775167327776,"ok",1040,921,"direct calibration",-21.27,"horizontal","20250127/00058.mp4",20250127,"95r_00058__20250127","95r",NA,NA,NA,NA,NA,-0.161003703075862,-9.22483267222435,350.775167327776,NA,NA
"horizontal","",NA,2,"95r_00058_waggle_annotations.csv",-0.977282509596387,0.211940785213674,242.078145974203,15.6857425163811,"ok",1060,924,"direct calibration",-21.27,"horizontal","20250127/00058.mp4",20250127,"95r_00058__20250127","95r",NA,NA,NA,NA,NA,0.273767852530911,15.6857425163811,15.6857425163811,NA,NA
"horizontal","",NA,3,"95r_00058_waggle_annotations.csv",-0.904248646745991,0.427006305407829,242.078145974203,2.6441317902445,"ok",1075,907,"direct calibration",-21.27,"horizontal","20250127/00058.mp4",20250127,"95r_00058__20250127","95r",NA,NA,NA,NA,NA,0.0461488055964186,2.6441317902445,2.6441317902445,NA,NA
"horizontal","",NA,4,"95r_00058_waggle_annotations.csv",-0.993652968314957,0.112489015280939,242.078145974203,21.4630376470788,"ok",1113,907,"direct calibration",-21.27,"horizontal","20250127/00058.mp4",20250127,"95r_00058__20250127","95r",NA,NA,NA,NA,NA,0.374600674421022,21.4630376470788,21.4630376470788,NA,NA
"horizontal","",NA,5,"95r_00058_waggle_annotations.csv",-0.951329033501052,0.308177010852454,242.078145974203,9.97245103288358,"ok",1078,864,"direct calibration",-21.27,"horizontal","20250127/00058.mp4",20250127,"95r_00058__20250127","95r",NA,NA,NA,NA,NA,0.174052105017728,9.97245103288358,9.97245103288358,NA,NA
"horizontal","",NA,6,"95r_00058_waggle_annotations.csv",-0.921146216293932,0.389216711110112,242.078145974203,5.01608436738027,"ok",1118,911,"direct calibration",-21.27,"horizontal","20250127/00058.mp4",20250127,"95r_00058__20250127","95r",NA,NA,NA,NA,NA,0.0875471877686026,5.01608436738027,5.01608436738027,NA,NA
"horizontal","",NA,7,"95r_00058_waggle_annotations.csv",-0.930155221331323,0.367166534736048,242.078145974203,6.38087810725904,"ok",1079,879,"direct calibration",-21.27,"horizontal","20250127/00058.mp4",20250127,"95r_00058__20250127","95r",NA,NA,NA,NA,NA,0.111367332140094,6.38087810725904,6.38087810725904,NA,NA
"horizontal","",NA,8,"95r_00058_waggle_annotations.csv",-0.884918222381982,0.465746432832622,242.078145974203,0.163313424737453,"ok",1103,888,"direct calibration",-21.27,"horizontal","20250127/00058.mp4",20250127,"95r_00058__20250127","95r",NA,NA,NA,NA,NA,0.00285035697437651,0.163313424737453,0.163313424737453,NA,NA
"horizontal","",NA,9,"95r_00058_waggle_annotations.csv",-0.993150604322876,0.116841247567397,242.078145974203,21.2120172180406,"ok",1093,873,"direct calibration",-21.27,"horizontal","20250127/00058.mp4",20250127,"95r_00058__20250127","95r",NA,NA,NA,NA,NA,0.370219541444536,21.2120172180406,21.2120172180406,NA,NA
"horizontal","",NA,10,"95r_00058_waggle_annotations.csv",-0.989949493661166,0.14142135623731,242.078145974203,19.7917516716415,"ok",1090,909,"direct calibration",-21.27,"horizontal","20250127/00058.mp4",20250127,"95r_00058__20250127","95r",NA,NA,NA,NA,NA,0.345431231407236,19.7917516716415,19.7917516716415,NA,NA
"horizontal","",NA,11,"95r_00058_waggle_annotations.csv",-0.985211754819674,0.171341174751248,242.078145974203,18.0560470827131,"ok",1051,871,"direct calibration",-21.27,"horizontal","20250127/00058.mp4",20250127,"95r_00058__20250127","95r",NA,NA,NA,NA,NA,0.31513747148846,18.0560470827131,18.0560470827131,NA,NA
"horizontal","",NA,1,"17y_00034_waggle_annotations.csv",-0.371390676354104,-0.928476690885259,245.007953996437,93.1906365172111,"ok",1200,925,"direct calibration",-21.27,"horizontal","20250128/00034.mp4",20250128,"17y_00034__20250128","17y",NA,NA,NA,NA,NA,1.6264834392546,93.1906365172111,93.1906365172111,NA,NA
"horizontal","",NA,2,"17y_00034_waggle_annotations.csv",-0.920581781875257,-0.39054984685617,245.007953996437,47.9807628056435,"ok",1081,922,"direct calibration",-21.27,"horizontal","20250128/00034.mp4",20250128,"17y_00034__20250128","17y",NA,NA,NA,NA,NA,0.837422288576912,47.9807628056435,47.9807628056435,NA,NA
"horizontal","",NA,3,"17y_00034_waggle_annotations.csv",0.351123441588392,-0.936329177569045,245.007953996437,135.548091223146,"ok",888,947,"direct calibration",-21.27,"horizontal","20250128/00034.mp4",20250128,"17y_00034__20250128","17y",NA,NA,NA,NA,NA,2.36576048663753,135.548091223146,135.548091223146,NA,NA
"horizontal","",NA,4,"17y_00034_waggle_annotations.csv",-0.410364677328798,-0.911921505175106,245.007953996437,90.7643006856088,"ok",858,971,"direct calibration",-21.27,"horizontal","20250128/00034.mp4",20250128,"17y_00034__20250128","17y",NA,NA,NA,NA,NA,1.58413589023402,90.7643006856088,90.7643006856088,NA,NA
"horizontal","",NA,5,"17y_00034_waggle_annotations.csv",0.291161615782696,-0.956673880428858,245.007953996437,131.91955906771,"ok",901,960,"direct calibration",-21.27,"horizontal","20250128/00034.mp4",20250128,"17y_00034__20250128","17y",NA,NA,NA,NA,NA,2.30243065351068,131.91955906771,131.91955906771,NA,NA
"horizontal","",NA,6,"17y_00034_waggle_annotations.csv",-0.606673319350191,-0.794951246045078,245.007953996437,77.6426969589224,"ok",902,945,"direct calibration",-21.27,"horizontal","20250128/00034.mp4",20250128,"17y_00034__20250128","17y",NA,NA,NA,NA,NA,1.35512070206138,77.6426969589224,77.6426969589224,NA,NA
"horizontal","",NA,7,"17y_00034_waggle_annotations.csv",-0.177152998315265,-0.984183323973695,245.007953996437,104.788072281831,"ok",891,919,"direct calibration",-21.27,"horizontal","20250128/00034.mp4",20250128,"17y_00034__20250128","17y",NA,NA,NA,NA,NA,1.82889687813576,104.788072281831,104.788072281831,NA,NA
"horizontal","",NA,8,"17y_00034_waggle_annotations.csv",-0.5749455167129,-0.818191696860666,245.007953996437,79.8962292165368,"ok",905,957,"direct calibration",-21.27,"horizontal","20250128/00034.mp4",20250128,"17y_00034__20250128","17y",NA,NA,NA,NA,NA,1.39445225975666,79.8962292165368,79.8962292165368,NA,NA
"horizontal","",NA,9,"17y_00034_waggle_annotations.csv",0.0499376169438922,-0.998752338877845,245.007953996437,117.854451229675,"ok",933,936,"direct calibration",-21.27,"horizontal","20250128/00034.mp4",20250128,"17y_00034__20250128","17y",NA,NA,NA,NA,NA,2.0569482120889,117.854451229675,117.854451229675,NA,NA
"horizontal","",NA,10,"17y_00034_waggle_annotations.csv",-0.775234985517289,-0.631672951162236,245.007953996437,64.1657039740071,"ok",902,961,"direct calibration",-21.27,"horizontal","20250128/00034.mp4",20250128,"17y_00034__20250128","17y",NA,NA,NA,NA,NA,1.11990280120643,64.1657039740071,64.1657039740071,NA,NA
"horizontal","",NA,11,"17y_00034_waggle_annotations.csv",-0.213696878805432,-0.976900017396262,245.007953996437,102.652958725237,"ok",890,906,"direct calibration",-21.27,"horizontal","20250128/00034.mp4",20250128,"17y_00034__20250128","17y",NA,NA,NA,NA,NA,1.79163211666922,102.652958725237,102.652958725237,NA,NA
"horizontal","",NA,12,"17y_00034_waggle_annotations.csv",-0.754081595886306,-0.656780744804202,245.007953996437,66.0468597745254,"ok",846,910,"direct calibration",-21.27,"horizontal","20250128/00034.mp4",20250128,"17y_00034__20250128","17y",NA,NA,NA,NA,NA,1.15273516366847,66.0468597745254,66.0468597745254,NA,NA
"horizontal","",NA,13,"17y_00034_waggle_annotations.csv",0.212429644331044,-0.977176363922801,245.007953996437,127.256819731455,"ok",929,951,"direct calibration",-21.27,"horizontal","20250128/00034.mp4",20250128,"17y_00034__20250128","17y",NA,NA,NA,NA,NA,2.22105049993078,127.256819731455,127.256819731455,NA,NA
"horizontal","",NA,1,"17y_00073_waggle_annotations.csv",-0.983869910099908,0.178885438199983,239.29563433365,20.3995191975837,"ok",1061,920,"direct calibration",-21.27,"horizontal","20250128/00073.mp4",20250128,"17y_00073__20250128","17y",NA,NA,NA,NA,NA,0.356038775821627,20.3995191975837,20.3995191975837,NA,NA
"horizontal","",NA,2,"17y_00073_waggle_annotations.csv",0.982155191892146,0.188072270787858,239.29563433365,221.54467112068,"ok",1054,893,"direct calibration",-21.27,"horizontal","20250128/00073.mp4",20250128,"17y_00073__20250128","17y",NA,NA,NA,NA,NA,-2.41650135587572,-138.45532887932,221.54467112068,NA,NA
"horizontal","",NA,3,"17y_00073_waggle_annotations.csv",0.963992618206074,-0.265928998125813,239.29563433365,195.282204347611,"ok",1001,927,"direct calibration",-21.27,"horizontal","20250128/00073.mp4",20250128,"17y_00073__20250128","17y",NA,NA,NA,NA,NA,-2.87486787076139,-164.717795652389,195.282204347611,NA,NA
"horizontal","",NA,1,"20y_00028_waggle_annotations.csv",-0.707106781186547,-0.707106781186547,241.953819756942,73.0461802430576,"ok",635,968,"direct calibration",-21.27,"horizontal","20250128/00028.mp4",20250128,"20y_00028__20250128","20y",NA,NA,NA,NA,NA,1.27489635124659,73.0461802430576,73.0461802430576,NA,NA
"horizontal","",NA,2,"20y_00028_waggle_annotations.csv",-0.61394061351492,-0.789352217376326,241.953819756942,80.1711965919594,"ok",754,975,"direct calibration",-21.27,"horizontal","20250128/00028.mp4",20250128,"20y_00028__20250128","20y",NA,NA,NA,NA,NA,1.39925134579335,80.1711965919594,80.1711965919594,NA,NA
"horizontal","",NA,3,"20y_00028_waggle_annotations.csv",-0.960346226753624,0.278810194863955,241.953819756942,11.8569739860306,"ok",588,643,"direct calibration",-21.27,"horizontal","20250128/00028.mp4",20250128,"20y_00028__20250128","20y",NA,NA,NA,NA,NA,0.206943235379551,11.8569739860306,11.8569739860306,NA,NA
"horizontal","",NA,4,"20y_00028_waggle_annotations.csv",-0.721387321030951,-0.692531828189713,241.953819756942,71.8770409151502,"ok",813,885,"direct calibration",-21.27,"horizontal","20250128/00028.mp4",20250128,"20y_00028__20250128","20y",NA,NA,NA,NA,NA,1.25449102056005,71.8770409151501,71.8770409151502,NA,NA
"horizontal","",NA,5,"20y_00028_waggle_annotations.csv",0.0256326007925508,-0.999671430909481,241.953819756942,119.514980957443,"ok",855,955,"direct calibration",-21.27,"horizontal","20250128/00028.mp4",20250128,"20y_00028__20250128","20y",NA,NA,NA,NA,NA,2.08592992316571,119.514980957443,119.514980957443,NA,NA
"horizontal","",NA,6,"20y_00028_waggle_annotations.csv",0.130454512571387,-0.991454295542544,241.953819756942,125.542037882787,"ok",819,939,"direct calibration",-21.27,"horizontal","20250128/00028.mp4",20250128,"20y_00028__20250128","20y",NA,NA,NA,NA,NA,2.19112191071809,125.542037882787,125.542037882787,NA,NA
"horizontal","",NA,7,"20y_00028_waggle_annotations.csv",-0.447213595499958,-0.894427190999916,241.953819756942,91.4811290659796,"ok",908,945,"direct calibration",-21.27,"horizontal","20250128/00028.mp4",20250128,"20y_00028__20250128","20y",NA,NA,NA,NA,NA,1.59664690564323,91.4811290659796,91.4811290659796,NA,NA
"horizontal","",NA,8,"20y_00028_waggle_annotations.csv",0.08304547985374,-0.99654575824488,241.953819756942,122.809821933784,"ok",888,939,"direct calibration",-21.27,"horizontal","20250128/00028.mp4",20250128,"20y_00028__20250128","20y",NA,NA,NA,NA,NA,2.14343574653248,122.809821933784,122.809821933784,NA,NA
"horizontal","",NA,9,"20y_00028_waggle_annotations.csv",-0.437969423279695,-0.898989868837269,241.953819756942,92.0717862806263,"ok",942,955,"direct calibration",-21.27,"horizontal","20250128/00028.mp4",20250128,"20y_00028__20250128","20y",NA,NA,NA,NA,NA,1.60695581878947,92.0717862806263,92.0717862806263,NA,NA
"horizontal","",NA,10,"20y_00028_waggle_annotations.csv",-0.999444906979154,0.0333148302326385,241.953819756942,26.1370278100612,"ok",723,948,"direct calibration",-21.27,"horizontal","20250128/00028.mp4",20250128,"20y_00028__20250128","20y",NA,NA,NA,NA,NA,0.456177191970891,26.1370278100612,26.1370278100612,NA,NA
"horizontal","",NA,11,"20y_00028_waggle_annotations.csv",0.0263066820882328,-0.999653919352847,241.953819756942,119.553616001833,"ok",827,947,"direct calibration",-21.27,"horizontal","20250128/00028.mp4",20250128,"20y_00028__20250128","20y",NA,NA,NA,NA,NA,2.08660423189696,119.553616001833,119.553616001833,NA,NA
"horizontal","",NA,12,"20y_00028_waggle_annotations.csv",-0.470588235294118,-0.882352941176471,241.953819756942,89.9736933072046,"ok",836,951,"direct calibration",-21.27,"horizontal","20250128/00028.mp4",20250128,"20y_00028__20250128","20y",NA,NA,NA,NA,NA,1.57033718839031,89.9736933072046,89.9736933072046,NA,NA
"horizontal","",NA,13,"20y_00028_waggle_annotations.csv",-0.793606361291916,-0.608431543657136,241.953819756942,65.522359804419,"ok",822,856,"direct calibration",-21.27,"horizontal","20250128/00028.mp4",20250128,"20y_00028__20250128","20y",NA,NA,NA,NA,NA,1.1435809122635,65.522359804419,65.522359804419,NA,NA
"horizontal","",NA,14,"20y_00028_waggle_annotations.csv",-0.813733471206735,-0.581238193719096,241.953819756942,63.583858035032,"ok",780,893,"direct calibration",-21.27,"horizontal","20250128/00028.mp4",20250128,"20y_00028__20250128","20y",NA,NA,NA,NA,NA,1.10974767383196,63.583858035032,63.583858035032,NA,NA
"horizontal","",NA,15,"20y_00028_waggle_annotations.csv",-0.924678098474716,-0.380749805254295,241.953819756942,50.4263152950171,"ok",772,873,"direct calibration",-21.27,"horizontal","20250128/00028.mp4",20250128,"20y_00028__20250128","20y",NA,NA,NA,NA,NA,0.880105231546825,50.4263152950171,50.4263152950171,NA,NA
"horizontal","",NA,16,"20y_00028_waggle_annotations.csv",-0.945686599304867,0.325079768511048,241.953819756942,9.07577243457104,"ok",851,822,"direct calibration",-21.27,"horizontal","20250128/00028.mp4",20250128,"20y_00028__20250128","20y",NA,NA,NA,NA,NA,0.158402111145006,9.07577243457104,9.07577243457104,NA,NA
"horizontal","",NA,17,"20y_00028_waggle_annotations.csv",-0.630592625094466,-0.776114000116266,241.953819756942,78.9523213568281,"ok",1033,888,"direct calibration",-21.27,"horizontal","20250128/00028.mp4",20250128,"20y_00028__20250128","20y",NA,NA,NA,NA,NA,1.37797795976929,78.9523213568281,78.9523213568281,NA,NA
"horizontal","",NA,18,"20y_00028_waggle_annotations.csv",-0.196116135138184,-0.98058067569092,241.953819756942,106.736247769037,"ok",1085,933,"direct calibration",-21.27,"horizontal","20250128/00028.mp4",20250128,"20y_00028__20250128","20y",NA,NA,NA,NA,NA,1.86289895479415,106.736247769037,106.736247769037,NA,NA
"horizontal","",NA,19,"20y_00028_waggle_annotations.csv",-0.507020126563394,-0.861934215157769,241.953819756942,87.5806353235977,"ok",1044,879,"direct calibration",-21.27,"horizontal","20250128/00028.mp4",20250128,"20y_00028__20250128","20y",NA,NA,NA,NA,NA,1.52857044738523,87.5806353235977,87.5806353235977,NA,NA
"horizontal","",NA,20,"20y_00028_waggle_annotations.csv",-0.514495755427527,-0.857492925712544,241.953819756942,87.082423710984,"ok",1067,846,"direct calibration",-21.27,"horizontal","20250128/00028.mp4",20250128,"20y_00028__20250128","20y",NA,NA,NA,NA,NA,1.51987501437345,87.082423710984,87.082423710984,NA,NA
"horizontal","",NA,21,"20y_00028_waggle_annotations.csv",-0.997199309888456,0.0747899482416342,241.953819756942,23.7570269142386,"ok",1127,809,"direct calibration",-21.27,"horizontal","20250128/00028.mp4",20250128,"20y_00028__20250128","20y",NA,NA,NA,NA,NA,0.414638340138372,23.7570269142386,23.7570269142386,NA,NA
"horizontal","",NA,22,"20y_00028_waggle_annotations.csv",-0.993883734673619,0.110431526074847,241.953819756942,21.7059884971477,"ok",1103,790,"direct calibration",-21.27,"horizontal","20250128/00028.mp4",20250128,"20y_00028__20250128","20y",NA,NA,NA,NA,NA,0.378840966675243,21.7059884971477,21.7059884971477,NA,NA
"horizontal","",NA,23,"20y_00028_waggle_annotations.csv",-1,0,241.953819756942,28.0461802430576,"ok",1059,822,"direct calibration",-21.27,"horizontal","20250128/00028.mp4",20250128,"20y_00028__20250128","20y",NA,NA,NA,NA,NA,0.489498187849139,28.0461802430576,28.0461802430576,NA,NA
"horizontal","",NA,24,"20y_00028_waggle_annotations.csv",-0.96561575852067,-0.259973473447873,241.953819756942,43.1146684025498,"ok",1039,808,"direct calibration",-21.27,"horizontal","20250128/00028.mp4",20250128,"20y_00028__20250128","20y",NA,NA,NA,NA,NA,0.752492919530057,43.1146684025498,43.1146684025498,NA,NA
"horizontal","",NA,25,"20y_00028_waggle_annotations.csv",-0.995274633925616,0.097099964285426,241.953819756942,22.4739824390938,"ok",1021,826,"direct calibration",-21.27,"horizontal","20250128/00028.mp4",20250128,"20y_00028__20250128","20y",NA,NA,NA,NA,NA,0.392244989597572,22.4739824390938,22.4739824390938,NA,NA
"horizontal","",NA,26,"20y_00028_waggle_annotations.csv",-0.928476690885259,-0.371390676354104,241.953819756942,49.8475897294094,"ok",1027,860,"direct calibration",-21.27,"horizontal","20250128/00028.mp4",20250128,"20y_00028__20250128","20y",NA,NA,NA,NA,NA,0.870004564961503,49.8475897294094,49.8475897294094,NA,NA
"horizontal","",NA,27,"20y_00028_waggle_annotations.csv",-0.459422918873767,-0.888217643155949,241.953819756942,90.6963044629877,"ok",1012,906,"direct calibration",-21.27,"horizontal","20250128/00028.mp4",20250128,"20y_00028__20250128","20y",NA,NA,NA,NA,NA,1.58294913227036,90.6963044629877,90.6963044629877,NA,NA
"horizontal","",NA,28,"20y_00028_waggle_annotations.csv",-0.997785157856609,-0.0665190105237739,241.953819756942,31.8602550773479,"ok",1044,813,"direct calibration",-21.27,"horizontal","20250128/00028.mp4",20250128,"20y_00028__20250128","20y",NA,NA,NA,NA,NA,0.556066351624962,31.8602550773479,31.8602550773479,NA,NA
"horizontal","",NA,29,"20y_00028_waggle_annotations.csv",-0.994505452921406,-0.104684784518043,241.953819756942,34.0551862005521,"ok",1030,854,"direct calibration",-21.27,"horizontal","20250128/00028.mp4",20250128,"20y_00028__20250128","20y",NA,NA,NA,NA,NA,0.594375126579373,34.0551862005521,34.0551862005521,NA,NA
"horizontal","",NA,30,"20y_00028_waggle_annotations.csv",-0.998868137724437,-0.0475651494154494,241.953819756942,30.7724912369639,"ok",1004,829,"direct calibration",-21.27,"horizontal","20250128/00028.mp4",20250128,"20y_00028__20250128","20y",NA,NA,NA,NA,NA,0.537081291126122,30.7724912369639,30.7724912369639,NA,NA
"horizontal","",NA,31,"20y_00028_waggle_annotations.csv",-0.997925308968458,-0.064382277997965,241.953819756942,31.7375662295089,"ok",1045,863,"direct calibration",-21.27,"horizontal","20250128/00028.mp4",20250128,"20y_00028__20250128","20y",NA,NA,NA,NA,NA,0.553925027274692,31.7375662295089,31.7375662295089,NA,NA
"horizontal","",NA,32,"20y_00028_waggle_annotations.csv",-0.999800059980007,-0.0199960011996001,241.953819756942,29.1919430812327,"ok",1042,815,"direct calibration",-21.27,"horizontal","20250128/00028.mp4",20250128,"20y_00028__20250128","20y",NA,NA,NA,NA,NA,0.509495521822289,29.1919430812327,29.1919430812327,NA,NA
"horizontal","",NA,33,"20y_00028_waggle_annotations.csv",-0.939793423488437,0.341743063086704,241.953819756942,8.06307372115762,"ok",1078,814,"direct calibration",-21.27,"horizontal","20250128/00028.mp4",20250128,"20y_00028__20250128","20y",NA,NA,NA,NA,NA,0.140727184265232,8.06307372115762,8.06307372115762,NA,NA
"horizontal","",NA,34,"20y_00028_waggle_annotations.csv",-0.23162052730604,-0.972806214685367,241.953819756942,104.653682489306,"ok",1007,885,"direct calibration",-21.27,"horizontal","20250128/00028.mp4",20250128,"20y_00028__20250128","20y",NA,NA,NA,NA,NA,1.82655133377513,104.653682489306,104.653682489306,NA,NA
"horizontal","",NA,35,"20y_00028_waggle_annotations.csv",-0.999773730057065,0.0212717814905759,241.953819756942,26.8273050079263,"ok",993,866,"direct calibration",-21.27,"horizontal","20250128/00028.mp4",20250128,"20y_00028__20250128","20y",NA,NA,NA,NA,NA,0.468224801825077,26.8273050079263,26.8273050079263,NA,NA
"horizontal","",NA,36,"20y_00028_waggle_annotations.csv",-0.983869910099907,-0.178885438199983,241.953819756942,38.3510267118236,"ok",1053,860,"direct calibration",-21.27,"horizontal","20250128/00028.mp4",20250128,"20y_00028__20250128","20y",NA,NA,NA,NA,NA,0.669351687641617,38.3510267118236,38.3510267118236,NA,NA
"horizontal","",NA,37,"20y_00028_waggle_annotations.csv",-0.957211427298609,-0.289389501276324,241.953819756942,44.8675901330984,"ok",986,886,"direct calibration",-21.27,"horizontal","20250128/00028.mp4",20250128,"20y_00028__20250128","20y",NA,NA,NA,NA,NA,0.783087175257889,44.8675901330984,44.8675901330984,NA,NA
"horizontal","",NA,38,"20y_00028_waggle_annotations.csv",-0.83541708224394,-0.549616501476276,241.953819756942,61.3868875895346,"ok",909,874,"direct calibration",-21.27,"horizontal","20250128/00028.mp4",20250128,"20y_00028__20250128","20y",NA,NA,NA,NA,NA,1.07140330598902,61.3868875895346,61.3868875895346,NA,NA
"horizontal","",NA,39,"20y_00028_waggle_annotations.csv",-0.998542273277508,0.0539752580150005,241.953819756942,24.9521221841405,"ok",845,895,"direct calibration",-21.27,"horizontal","20250128/00028.mp4",20250128,"20y_00028__20250128","20y",NA,NA,NA,NA,NA,0.435496687473171,24.9521221841405,24.9521221841405,NA,NA
"horizontal","",NA,40,"20y_00028_waggle_annotations.csv",-0.990492273177752,0.137568371274688,241.953819756942,20.1390175400992,"ok",830,855,"direct calibration",-21.27,"horizontal","20250128/00028.mp4",20250128,"20y_00028__20250128","20y",NA,NA,NA,NA,NA,0.351492164191619,20.1390175400992,20.1390175400992,NA,NA
"horizontal","",NA,41,"20y_00028_waggle_annotations.csv",-0.438423632021414,-0.8987684456439,241.953819756942,92.0428343985461,"ok",819,941,"direct calibration",-21.27,"horizontal","20250128/00028.mp4",20250128,"20y_00028__20250128","20y",NA,NA,NA,NA,NA,1.60645051312252,92.0428343985461,92.0428343985461,NA,NA
"horizontal","",NA,42,"20y_00028_waggle_annotations.csv",-0.353892097415891,-0.935286257456284,241.953819756942,97.3206213774971,"ok",662,921,"direct calibration",-21.27,"horizontal","20250128/00028.mp4",20250128,"20y_00028__20250128","20y",NA,NA,NA,NA,NA,1.6985652731241,97.3206213774971,97.3206213774971,NA,NA
"horizontal","",NA,1,"20y_00034_waggle_annotations.csv",-0.155962573473011,-0.987762965329069,245.007953996437,106.019419388667,"ok",1316,965,"direct calibration",-21.27,"horizontal","20250128/00034.mp4",20250128,"20y_00034__20250128","20y",NA,NA,NA,NA,NA,1.85038793938494,106.019419388667,106.019419388667,NA,NA
"horizontal","",NA,2,"20y_00034_waggle_annotations.csv",-0.458642919770252,-0.888620657054864,245.007953996437,87.6924737922301,"ok",1228,947,"direct calibration",-21.27,"horizontal","20250128/00034.mp4",20250128,"20y_00034__20250128","20y",NA,NA,NA,NA,NA,1.53052239689325,87.6924737922301,87.6924737922301,NA,NA
"horizontal","",NA,3,"20y_00034_waggle_annotations.csv",-0.0464613993524682,-0.998920086078066,245.007953996437,112.329045237496,"ok",1216,920,"direct calibration",-21.27,"horizontal","20250128/00034.mp4",20250128,"20y_00034__20250128","20y",NA,NA,NA,NA,NA,1.96051168501596,112.329045237496,112.329045237496,NA,NA
"horizontal","",NA,4,"20y_00034_waggle_annotations.csv",-0.12105437531104,-0.992645877550526,245.007953996437,108.039088535389,"ok",1184,922,"direct calibration",-21.27,"horizontal","20250128/00034.mp4",20250128,"20y_00034__20250128","20y",NA,NA,NA,NA,NA,1.8856378157962,108.039088535389,108.039088535389,NA,NA
"horizontal","",NA,5,"20y_00034_waggle_annotations.csv",-0.0695982628490387,-0.997575100836221,245.007953996437,111.001132905133,"ok",1255,935,"direct calibration",-21.27,"horizontal","20250128/00034.mp4",20250128,"20y_00034__20250128","20y",NA,NA,NA,NA,NA,1.93733524263839,111.001132905133,111.001132905133,NA,NA
"horizontal","",NA,6,"20y_00034_waggle_annotations.csv",-0.507985019944294,-0.861365903383803,245.007953996437,84.4623401036288,"ok",1310,952,"direct calibration",-21.27,"horizontal","20250128/00034.mp4",20250128,"20y_00034__20250128","20y",NA,NA,NA,NA,NA,1.47414592874757,84.4623401036288,84.4623401036288,NA,NA
"horizontal","",NA,7,"20y_00034_waggle_annotations.csv",-0.076696498884737,-0.997054485501582,245.007953996437,110.593340648567,"ok",1268,924,"direct calibration",-21.27,"horizontal","20250128/00034.mp4",20250128,"20y_00034__20250128","20y",NA,NA,NA,NA,NA,1.93021792509718,110.593340648567,110.593340648567,NA,NA
"horizontal","",NA,8,"20y_00034_waggle_annotations.csv",-0.596702766344561,-0.802462340946133,245.007953996437,78.3579321275955,"ok",1334,898,"direct calibration",-21.27,"horizontal","20250128/00034.mp4",20250128,"20y_00034__20250128","20y",NA,NA,NA,NA,NA,1.36760391068079,78.3579321275955,78.3579321275955,NA,NA
"horizontal","",NA,9,"20y_00034_waggle_annotations.csv",-0.467887720419033,-0.883787916347062,245.007953996437,87.0947749726153,"ok",1298,928,"direct calibration",-21.27,"horizontal","20250128/00034.mp4",20250128,"20y_00034__20250128","20y",NA,NA,NA,NA,NA,1.52009058455569,87.0947749726153,87.0947749726153,NA,NA
"horizontal","",NA,10,"20y_00034_waggle_annotations.csv",-0.255892560316283,-0.966705227861512,245.007953996437,100.165566033207,"ok",1317,924,"direct calibration",-21.27,"horizontal","20250128/00034.mp4",20250128,"20y_00034__20250128","20y",NA,NA,NA,NA,NA,1.74821892440326,100.165566033207,100.165566033207,NA,NA
"horizontal","",NA,11,"20y_00034_waggle_annotations.csv",-0.943460139651132,-0.33148599501256,245.007953996437,44.3510401792576,"ok",1323,870,"direct calibration",-21.27,"horizontal","20250128/00034.mp4",20250128,"20y_00034__20250128","20y",NA,NA,NA,NA,NA,0.774071677812342,44.3510401792576,44.3510401792576,NA,NA
"horizontal","",NA,12,"20y_00034_waggle_annotations.csv",-0.164398987305357,-0.986393923832144,245.007953996437,105.529723795537,"ok",1300,858,"direct calibration",-21.27,"horizontal","20250128/00034.mp4",20250128,"20y_00034__20250128","20y",NA,NA,NA,NA,NA,1.84184113895233,105.529723795537,105.529723795537,NA,NA
"horizontal","",NA,13,"20y_00034_waggle_annotations.csv",-0.979457043256652,-0.201652920670487,245.007953996437,36.6256800025034,"ok",1397,865,"direct calibration",-21.27,"horizontal","20250128/00034.mp4",20250128,"20y_00034__20250128","20y",NA,NA,NA,NA,NA,0.639238706825529,36.6256800025034,36.6256800025034,NA,NA
"horizontal","",NA,14,"20y_00034_waggle_annotations.csv",-0.478852130680573,-0.877895572914384,245.007953996437,86.3815863375977,"ok",1416,869,"direct calibration",-21.27,"horizontal","20250128/00034.mp4",20250128,"20y_00034__20250128","20y",NA,NA,NA,NA,NA,1.50764309468683,86.3815863375977,86.3815863375977,NA,NA
"horizontal","",NA,15,"20y_00034_waggle_annotations.csv",-0.889817462812737,-0.456316647596275,245.007953996437,52.1417277013461,"ok",1381,840,"direct calibration",-21.27,"horizontal","20250128/00034.mp4",20250128,"20y_00034__20250128","20y",NA,NA,NA,NA,NA,0.910044826066824,52.1417277013461,52.1417277013461,NA,NA
"horizontal","",NA,16,"20y_00034_waggle_annotations.csv",-0.172380331752248,-0.985030467155704,245.007953996437,105.065800496911,"ok",1404,881,"direct calibration",-21.27,"horizontal","20250128/00034.mp4",20250128,"20y_00034__20250128","20y",NA,NA,NA,NA,NA,1.8337441499146,105.065800496911,105.065800496911,NA,NA
"horizontal","",NA,17,"20y_00034_waggle_annotations.csv",-0.51107539287715,-0.859535888020661,245.007953996437,84.2565583016429,"ok",1379,882,"direct calibration",-21.27,"horizontal","20250128/00034.mp4",20250128,"20y_00034__20250128","20y",NA,NA,NA,NA,NA,1.47055435876223,84.2565583016429,84.2565583016429,NA,NA
"horizontal","",NA,18,"20y_00034_waggle_annotations.csv",-0.485642931178632,-0.874157276121538,245.007953996437,85.9374419044858,"ok",1375,865,"direct calibration",-21.27,"horizontal","20250128/00034.mp4",20250128,"20y_00034__20250128","20y",NA,NA,NA,NA,NA,1.49989131197462,85.9374419044858,85.9374419044858,NA,NA
"horizontal","",NA,19,"20y_00034_waggle_annotations.csv",-0.962449675986404,-0.271460165021806,245.007953996437,40.7432196670159,"ok",1375,850,"direct calibration",-21.27,"horizontal","20250128/00034.mp4",20250128,"20y_00034__20250128","20y",NA,NA,NA,NA,NA,0.711103331052736,40.7432196670159,40.7432196670159,NA,NA
"horizontal","",NA,20,"20y_00034_waggle_annotations.csv",-0.941194670761707,-0.337864753606767,245.007953996437,44.738882608989,"ok",1335,865,"direct calibration",-21.27,"horizontal","20250128/00034.mp4",20250128,"20y_00034__20250128","20y",NA,NA,NA,NA,NA,0.780840805190089,44.738882608989,44.738882608989,NA,NA
"horizontal","",NA,21,"20y_00034_waggle_annotations.csv",-0.877895572914384,-0.478852130680573,245.007953996437,53.6025056695281,"ok",1399,885,"direct calibration",-21.27,"horizontal","20250128/00034.mp4",20250128,"20y_00034__20250128","20y",NA,NA,NA,NA,NA,0.935540211252194,53.6025056695281,53.6025056695281,NA,NA
"horizontal","",NA,22,"20y_00034_waggle_annotations.csv",-0.996346649041751,-0.0854011413464358,245.007953996437,29.8911384573507,"ok",1402,853,"direct calibration",-21.27,"horizontal","20250128/00034.mp4",20250128,"20y_00034__20250128","20y",NA,NA,NA,NA,NA,0.521698783250268,29.8911384573507,29.8911384573507,NA,NA
"horizontal","",NA,23,"20y_00034_waggle_annotations.csv",-0.544988350595414,-0.838443616300637,245.007953996437,81.9681784477663,"ok",1398,858,"direct calibration",-21.27,"horizontal","20250128/00034.mp4",20250128,"20y_00034__20250128","20y",NA,NA,NA,NA,NA,1.43061459577578,81.9681784477663,81.9681784477663,NA,NA
"horizontal","",NA,24,"20y_00034_waggle_annotations.csv",-0.9998611400396,0.0166643523339933,245.007953996437,24.0372047496907,"ok",1401,859,"direct calibration",-21.27,"horizontal","20250128/00034.mp4",20250128,"20y_00034__20250128","20y",NA,NA,NA,NA,NA,0.419528365858123,24.0372047496907,24.0372047496907,NA,NA
"horizontal","",NA,25,"20y_00034_waggle_annotations.csv",0.0712470499879096,-0.997458699830735,245.007953996437,119.077662783538,"ok",1358,928,"direct calibration",-21.27,"horizontal","20250128/00034.mp4",20250128,"20y_00034__20250128","20y",NA,NA,NA,NA,NA,2.07829728115225,119.077662783538,119.077662783538,NA,NA
"horizontal","",NA,26,"20y_00034_waggle_annotations.csv",-0.0747899482416342,-0.997199309888456,245.007953996437,110.702892674744,"ok",1331,892,"direct calibration",-21.27,"horizontal","20250128/00034.mp4",20250128,"20y_00034__20250128","20y",NA,NA,NA,NA,NA,1.93212996865619,110.702892674744,110.702892674744,NA,NA
"horizontal","",NA,27,"20y_00034_waggle_annotations.csv",-0.0712470499879096,-0.997458699830735,245.007953996437,110.906429223588,"ok",1399,910,"direct calibration",-21.27,"horizontal","20250128/00034.mp4",20250128,"20y_00034__20250128","20y",NA,NA,NA,NA,NA,1.93568235158167,110.906429223588,110.906429223588,NA,NA
"horizontal","",NA,28,"20y_00034_waggle_annotations.csv",-0.683157128775741,-0.730271413518896,245.007953996437,71.9011984365593,"ok",1402,870,"direct calibration",-21.27,"horizontal","20250128/00034.mp4",20250128,"20y_00034__20250128","20y",NA,NA,NA,NA,NA,1.25491264884776,71.9011984365593,71.9011984365593,NA,NA
"horizontal","",NA,1,"20y_00055_waggle_annotations.csv",-0.991227900682635,0.132163720091018,236.080997088882,26.324359542527,"ok",854,754,"direct calibration",-21.27,"horizontal","20250128/00055.mp4",20250128,"20y_00055__20250128","20y",NA,NA,NA,NA,NA,0.459446747495884,26.324359542527,26.324359542527,NA,NA
"horizontal","",NA,2,"20y_00055_waggle_annotations.csv",-0.104684784518043,0.994505452921406,236.080997088882,309.928008868613,"ok",889,925,"direct calibration",-21.27,"horizontal","20250128/00055.mp4",20250128,"20y_00055__20250128","20y",NA,NA,NA,NA,NA,-0.873921108272104,-50.071991131387,309.928008868613,NA,NA
"horizontal","",NA,3,"20y_00055_waggle_annotations.csv",-0.99905615835506,-0.0434372242763069,236.080997088882,36.4085558331176,"ok",925,799,"direct calibration",-21.27,"horizontal","20250128/00055.mp4",20250128,"20y_00055__20250128","20y",NA,NA,NA,NA,NA,0.635449175184088,36.4085558331176,36.4085558331176,NA,NA
"horizontal","",NA,4,"20y_00055_waggle_annotations.csv",-0.966234939601246,-0.257662650560332,236.080997088882,48.850420089256,"ok",812,706,"direct calibration",-21.27,"horizontal","20250128/00055.mp4",20250128,"20y_00055__20250128","20y",NA,NA,NA,NA,NA,0.852600671539899,48.850420089256,48.850420089256,NA,NA
"horizontal","",NA,5,"20y_00055_waggle_annotations.csv",-1,0,236.080997088882,33.9190029111184,"ok",847,775,"direct calibration",-21.27,"horizontal","20250128/00055.mp4",20250128,"20y_00055__20250128","20y",NA,NA,NA,NA,NA,0.591998279792558,33.9190029111184,33.9190029111184,NA,NA
"horizontal","",NA,6,"20y_00055_waggle_annotations.csv",-0.993408935871131,-0.114624107985131,236.080997088882,40.5009475662964,"ok",863,742,"direct calibration",-21.27,"horizontal","20250128/00055.mp4",20250128,"20y_00055__20250128","20y",NA,NA,NA,NA,NA,0.706874885209458,40.5009475662965,40.5009475662964,NA,NA
"horizontal","",NA,7,"20y_00055_waggle_annotations.csv",-0.9989685402103,-0.04540766091865,236.080997088882,36.5215651136183,"ok",841,857,"direct calibration",-21.27,"horizontal","20250128/00055.mp4",20250128,"20y_00055__20250128","20y",NA,NA,NA,NA,NA,0.637421559214136,36.5215651136183,36.5215651136183,NA,NA
"horizontal","",NA,8,"20y_00055_waggle_annotations.csv",-0.997054485501581,0.076696498884737,236.080997088882,29.5202975561229,"ok",866,783,"direct calibration",-21.27,"horizontal","20250128/00055.mp4",20250128,"20y_00055__20250128","20y",NA,NA,NA,NA,NA,0.515226388522781,29.5202975561229,29.5202975561229,NA,NA
"horizontal","",NA,9,"20y_00055_waggle_annotations.csv",-0.992277876713668,0.124034734589208,236.080997088882,26.7939865622166,"ok",809,826,"direct calibration",-21.27,"horizontal","20250128/00055.mp4",20250128,"20y_00055__20250128","20y",NA,NA,NA,NA,NA,0.467643285245797,26.7939865622166,26.7939865622166,NA,NA
"horizontal","",NA,1,"20y_00068_waggle_annotations.csv",-0.999288762356679,0.037709009900252,239.29563433365,28.5432861781233,"ok",1125,882,"direct calibration",-21.27,"horizontal","20250128/00068.mp4",20250128,"20y_00068__20250128","20y",NA,NA,NA,NA,NA,0.49817432314724,28.5432861781233,28.5432861781233,NA,NA
"horizontal","",NA,2,"20y_00068_waggle_annotations.csv",-0.672672793996312,0.739940073395944,239.29563433365,342.978054672443,"ok",1268,922,"direct calibration",-21.27,"horizontal","20250128/00068.mp4",20250128,"20y_00068__20250128","20y",NA,NA,NA,NA,NA,-0.297088991060326,-17.0219453275565,342.978054672443,NA,NA
"horizontal","",NA,1,"20y_00073_waggle_annotations.csv",-0.978549784986749,0.206010481049842,239.29563433365,18.8157076267217,"ok",977,871,"direct calibration",-21.27,"horizontal","20250128/00073.mp4",20250128,"20y_00073__20250128","20y",NA,NA,NA,NA,NA,0.328396049178902,18.8157076267217,18.8157076267217,NA,NA
"horizontal","",NA,2,"20y_00073_waggle_annotations.csv",0.983453188589073,0.181162429476935,239.29563433365,221.141841017468,"ok",1015,868,"direct calibration",-21.27,"horizontal","20250128/00073.mp4",20250128,"20y_00073__20250128","20y",NA,NA,NA,NA,NA,-2.42353206750292,-138.858158982532,221.141841017468,NA,NA
"horizontal","",NA,3,"20y_00073_waggle_annotations.csv",-0.939793423488437,0.341743063086704,239.29563433365,10.7212591444497,"ok",1128,893,"direct calibration",-21.27,"horizontal","20250128/00073.mp4",20250128,"20y_00073__20250128","20y",NA,NA,NA,NA,NA,0.187121272030198,10.7212591444497,10.7212591444497,NA,NA
"horizontal","",NA,1,"20y_00075_waggle_annotations.csv",-0.894427190999916,0.447213595499958,239.29563433365,4.13931448927173,"ok",1295,880,"direct calibration",-21.27,"horizontal","20250128/00075.mp4",20250128,"20y_00075__20250128","20y",NA,NA,NA,NA,NA,0.0722446666132991,4.13931448927173,4.13931448927173,NA,NA
"horizontal","",NA,2,"20y_00075_waggle_annotations.csv",-0.978549784986749,-0.206010481049842,239.29563433365,42.5930237059777,"ok",1251,880,"direct calibration",-21.27,"horizontal","20250128/00075.mp4",20250128,"20y_00075__20250128","20y",NA,NA,NA,NA,NA,0.743388502049308,42.5930237059777,42.5930237059777,NA,NA
"horizontal","",NA,3,"20y_00075_waggle_annotations.csv",0.985211754819674,0.171341174751248,239.29563433365,220.570172609434,"ok",1339,897,"direct calibration",-21.27,"horizontal","20250128/00075.mp4",20250128,"20y_00075__20250128","20y",NA,NA,NA,NA,NA,-2.43350956345275,-139.429827390566,220.570172609434,NA,NA
"horizontal","",NA,1,"20y_00076_waggle_annotations.csv",0.970142500145332,0.242535625036333,239.29563433365,224.740609134276,"ok",1424,811,"direct calibration",-21.27,"horizontal","20250128/00076.mp4",20250128,"20y_00076__20250128","20y",NA,NA,NA,NA,NA,-2.36072171484882,-135.259390865724,224.740609134276,NA,NA
"horizontal","",NA,2,"20y_00076_waggle_annotations.csv",-0.994505452921406,0.104684784518043,239.29563433365,24.6953597088552,"ok",1388,831,"direct calibration",-21.27,"horizontal","20250128/00076.mp4",20250128,"20y_00076__20250128","20y",NA,NA,NA,NA,NA,0.431015336883871,24.6953597088552,24.6953597088552,NA,NA
"horizontal","",NA,3,"20y_00076_waggle_annotations.csv",-0.894427190999916,0.447213595499958,239.29563433365,4.13931448927173,"ok",1383,844,"direct calibration",-21.27,"horizontal","20250128/00076.mp4",20250128,"20y_00076__20250128","20y",NA,NA,NA,NA,NA,0.0722446666132991,4.13931448927173,4.13931448927173,NA,NA
"horizontal","",NA,4,"20y_00076_waggle_annotations.csv",-0.994691793826551,0.102899151085505,239.29563433365,24.7982245525792,"ok",1370,869,"direct calibration",-21.27,"horizontal","20250128/00076.mp4",20250128,"20y_00076__20250128","20y",NA,NA,NA,NA,NA,0.432810667091405,24.7982245525792,24.7982245525792,NA,NA
"horizontal","",NA,5,"20y_00076_waggle_annotations.csv",0.997054485501582,0.076696498884737,239.29563433365,215.103071021345,"ok",1380,870,"direct calibration",-21.27,"horizontal","20250128/00076.mp4",20250128,"20y_00076__20250128","20y",NA,NA,NA,NA,NA,-2.52892848670591,-144.896928978655,215.103071021345,NA,NA
"horizontal","",NA,6,"20y_00076_waggle_annotations.csv",-0.837610596838614,0.546267780546922,239.29563433365,357.593023705978,"ok",1396,896,"direct calibration",-21.27,"horizontal","20250128/00076.mp4",20250128,"20y_00076__20250128","20y",NA,NA,NA,NA,NA,-0.0420096613481402,-2.4069762940223,357.593023705978,NA,NA
"horizontal","",NA,7,"20y_00076_waggle_annotations.csv",-0.96,0.28,239.29563433365,14.4441609580377,"ok",1297,904,"direct calibration",-21.27,"horizontal","20250128/00076.mp4",20250128,"20y_00076__20250128","20y",NA,NA,NA,NA,NA,0.252098166405777,14.4441609580377,14.4441609580377,NA,NA
"horizontal","",NA,8,"20y_00076_waggle_annotations.csv",-0.972082208573287,0.234640533103897,239.29563433365,17.1339312811882,"ok",1267,873,"direct calibration",-21.27,"horizontal","20250128/00076.mp4",20250128,"20y_00076__20250128","20y",NA,NA,NA,NA,NA,0.299043514667185,17.1339312811882,17.1339312811882,NA,NA
"horizontal","",NA,1,"22b_00012_waggle_annotations.csv",-0.796162194123103,-0.605083267533558,251.608063182077,55.626770799498,"ok",621,651,"direct calibration",-21.27,"horizontal","20250128/00012.mp4",20250128,"22b_00012__20250128","22b",NA,NA,NA,NA,NA,0.970870302703478,55.626770799498,55.626770799498,NA,NA
"horizontal","",NA,2,"22b_00012_waggle_annotations.csv",-0.8,-0.6,251.608063182077,55.2618344637673,"ok",936,800,"direct calibration",-21.27,"horizontal","20250128/00012.mp4",20250128,"22b_00012__20250128","22b",NA,NA,NA,NA,NA,0.964500962084815,55.2618344637673,55.2618344637673,NA,NA
"horizontal","",NA,3,"22b_00012_waggle_annotations.csv",-0.575493406174614,-0.817806419300767,251.608063182077,73.2577437610077,"ok",845,796,"direct calibration",-21.27,"horizontal","20250128/00012.mp4",20250128,"22b_00012__20250128","22b",NA,NA,NA,NA,NA,1.27858883121192,73.2577437610077,73.2577437610077,NA,NA
"horizontal","",NA,4,"22b_00012_waggle_annotations.csv",-0.514495755427527,-0.857492925712544,251.608063182077,77.4281802858498,"ok",821,786,"direct calibration",-21.27,"horizontal","20250128/00012.mp4",20250128,"22b_00012__20250128","22b",NA,NA,NA,NA,NA,1.35137667981584,77.4281802858498,77.4281802858498,NA,NA
"horizontal","",NA,5,"22b_00012_waggle_annotations.csv",-0.741535779123771,-0.670913323969126,251.608063182077,60.5295315918115,"ok",765,757,"direct calibration",-21.27,"horizontal","20250128/00012.mp4",20250128,"22b_00012__20250128","22b",NA,NA,NA,NA,NA,1.05643962096704,60.5295315918115,60.5295315918115,NA,NA
"horizontal","",NA,6,"22b_00012_waggle_annotations.csv",-0.894427190999916,-0.447213595499958,251.608063182077,44.9569879950013,"ok",733,768,"direct calibration",-21.27,"horizontal","20250128/00012.mp4",20250128,"22b_00012__20250128","22b",NA,NA,NA,NA,NA,0.784647462292337,44.9569879950013,44.9569879950013,NA,NA
"horizontal","",NA,7,"22b_00012_waggle_annotations.csv",-0.886584846165455,-0.46256600669502,251.608063182077,45.9447483946411,"ok",702,715,"direct calibration",-21.27,"horizontal","20250128/00012.mp4",20250128,"22b_00012__20250128","22b",NA,NA,NA,NA,NA,0.801887133486866,45.9447483946411,45.9447483946411,NA,NA
"horizontal","",NA,8,"22b_00012_waggle_annotations.csv",-0.84269625981214,-0.538389277102201,251.608063182077,50.9659939524958,"ok",577,773,"direct calibration",-21.27,"horizontal","20250128/00012.mp4",20250128,"22b_00012__20250128","22b",NA,NA,NA,NA,NA,0.889524401022571,50.9659939524958,50.9659939524958,NA,NA
"horizontal","",NA,1,"22b_00028_waggle_annotations.csv",-0.724999433594414,-0.688749461914693,241.953819756942,71.5773795286717,"ok",828,925,"direct calibration",-21.27,"horizontal","20250128/00028.mp4",20250128,"22b_00028__20250128","22b",NA,NA,NA,NA,NA,1.24926094272491,71.5773795286717,71.5773795286717,NA,NA
"horizontal","",NA,2,"22b_00028_waggle_annotations.csv",-0.990621129243475,0.136637397137031,241.953819756942,20.1928669410794,"ok",681,835,"direct calibration",-21.27,"horizontal","20250128/00028.mp4",20250128,"22b_00028__20250128","22b",NA,NA,NA,NA,NA,0.352432013538951,20.1928669410794,20.1928669410794,NA,NA
"horizontal","",NA,3,"22b_00028_waggle_annotations.csv",-0.693641687065871,-0.720320213491481,241.953819756942,74.1271044297183,"ok",746,934,"direct calibration",-21.27,"horizontal","20250128/00028.mp4",20250128,"22b_00028__20250128","22b",NA,NA,NA,NA,NA,1.29376203726826,74.1271044297183,74.1271044297183,NA,NA
"horizontal","",NA,1,"22b_00031_waggle_annotations.csv",-0.658504607868518,-0.752576694706878,241.953819756942,76.8602550773479,"ok",1255,909,"direct calibration",-21.27,"horizontal","20250128/00031.mp4",20250128,"22b_00031__20250128","22b",NA,NA,NA,NA,NA,1.34146451502241,76.8602550773479,76.8602550773479,NA,NA
"horizontal","",NA,2,"22b_00031_waggle_annotations.csv",-0.777941180203722,-0.628337107087621,241.953819756942,66.9737238358499,"ok",676,937,"direct calibration",-21.27,"horizontal","20250128/00031.mp4",20250128,"22b_00031__20250128","22b",NA,NA,NA,NA,NA,1.16891199325699,66.9737238358499,66.9737238358499,NA,NA
"horizontal","",NA,3,"22b_00031_waggle_annotations.csv",0.219512195121951,-0.975609756097561,241.953819756942,130.726563734877,"ok",648,934,"direct calibration",-21.27,"horizontal","20250128/00031.mp4",20250128,"22b_00031__20250128","22b",NA,NA,NA,NA,NA,2.28160895699183,130.726563734877,130.726563734877,NA,NA
"horizontal","",NA,4,"22b_00031_waggle_annotations.csv",0.624695047554424,-0.78086880944303,241.953819756942,156.705988497148,"ok",764,960,"direct calibration",-21.27,"horizontal","20250128/00031.mp4",20250128,"22b_00031__20250128","22b",NA,NA,NA,NA,NA,2.73503545686759,156.705988497148,156.705988497148,NA,NA
"horizontal","",NA,5,"22b_00031_waggle_annotations.csv",-0.719844295420685,-0.694135570584232,241.953819756942,72.0045535670476,"ok",768,962,"direct calibration",-21.27,"horizontal","20250128/00031.mp4",20250128,"22b_00031__20250128","22b",NA,NA,NA,NA,NA,1.25671653617361,72.0045535670476,72.0045535670476,NA,NA
"horizontal","",NA,1,"22b_00055_waggle_annotations.csv",0.666794859469826,0.745241313525099,236.080997088882,262.098833030983,"ok",1053,942,"direct calibration",-21.27,"horizontal","20250128/00055.mp4",20250128,"22b_00055__20250128","22b",NA,NA,NA,NA,NA,-1.70869770515407,-97.9011669690173,262.098833030983,NA,NA
"horizontal","",NA,2,"22b_00055_waggle_annotations.csv",-0.93334560620306,-0.358979079308869,236.080997088882,54.9565139365402,"ok",1055,938,"direct calibration",-21.27,"horizontal","20250128/00055.mp4",20250128,"22b_00055__20250128","22b",NA,NA,NA,NA,NA,0.959172113610777,54.9565139365402,54.9565139365402,NA,NA
"horizontal","",NA,3,"22b_00055_waggle_annotations.csv",0.850265146687862,0.526354614616295,236.080997088882,245.678482995931,"ok",1017,944,"direct calibration",-21.27,"horizontal","20250128/00055.mp4",20250128,"22b_00055__20250128","22b",NA,NA,NA,NA,NA,-1.99528687759568,-114.321517004069,245.678482995931,NA,NA
"horizontal","",NA,4,"22b_00055_waggle_annotations.csv",-0.917070056253235,0.39872611141445,236.080997088882,10.4204372351663,"ok",1020,952,"direct calibration",-21.27,"horizontal","20250128/00055.mp4",20250128,"22b_00055__20250128","22b",NA,NA,NA,NA,NA,0.181870939251067,10.4204372351663,10.4204372351663,NA,NA
"horizontal","",NA,5,"22b_00055_waggle_annotations.csv",-0.99861782933251,0.0525588331227637,236.080997088882,30.9062154069351,"ok",1012,948,"direct calibration",-21.27,"horizontal","20250128/00055.mp4",20250128,"22b_00055__20250128","22b",NA,NA,NA,NA,NA,0.539415218181617,30.9062154069351,30.9062154069351,NA,NA
"horizontal","",NA,6,"22b_00055_waggle_annotations.csv",-0.861934215157769,0.507020126563394,236.080997088882,3.45345799165855,"ok",977,947,"direct calibration",-21.27,"horizontal","20250128/00055.mp4",20250128,"22b_00055__20250128","22b",NA,NA,NA,NA,NA,0.0602742125337526,3.45345799165855,3.45345799165855,NA,NA
"horizontal","",NA,7,"22b_00055_waggle_annotations.csv",0.49301257198088,0.870022185848612,236.080997088882,274.38022065156,"ok",982,947,"direct calibration",-21.27,"horizontal","20250128/00055.mp4",20250128,"22b_00055__20250128","22b",NA,NA,NA,NA,NA,-1.49434705446132,-85.6197793484396,274.38022065156,NA,NA
"horizontal","",NA,8,"22b_00055_waggle_annotations.csv",-0.809942121543021,0.586509812151843,236.080997088882,358.009279831941,"ok",995,944,"direct calibration",-21.27,"horizontal","20250128/00055.mp4",20250128,"22b_00055__20250128","22b",NA,NA,NA,NA,NA,-0.0347446214184884,-1.99072016805923,358.009279831941,NA,NA
"horizontal","",NA,9,"22b_00055_waggle_annotations.csv",-0.707106781186548,0.707106781186548,236.080997088882,348.919002911118,"ok",969,937,"direct calibration",-21.27,"horizontal","20250128/00055.mp4",20250128,"22b_00055__20250128","22b",NA,NA,NA,NA,NA,-0.19339988360489,-11.0809970888816,348.919002911118,NA,NA
"horizontal","",NA,10,"22b_00055_waggle_annotations.csv",-0.963517909629941,0.267643863786095,236.080997088882,18.3948919143642,"ok",955,883,"direct calibration",-21.27,"horizontal","20250128/00055.mp4",20250128,"22b_00055__20250128","22b",NA,NA,NA,NA,NA,0.321051429454138,18.3948919143642,18.3948919143642,NA,NA
"horizontal","",NA,11,"22b_00055_waggle_annotations.csv",-0.997630328422983,0.0688020916153781,236.080997088882,29.9738166820809,"ok",956,916,"direct calibration",-21.27,"horizontal","20250128/00055.mp4",20250128,"22b_00055__20250128","22b",NA,NA,NA,NA,NA,0.523141790491514,29.9738166820809,29.9738166820809,NA,NA
"horizontal","",NA,12,"22b_00055_waggle_annotations.csv",0.888217643155949,0.459422918873767,236.080997088882,241.268878691188,"ok",975,911,"direct calibration",-21.27,"horizontal","20250128/00055.mp4",20250128,"22b_00055__20250128","22b",NA,NA,NA,NA,NA,-2.07224899142356,-118.731121308812,241.268878691188,NA,NA
"horizontal","",NA,13,"22b_00055_waggle_annotations.csv",-0.917555625309924,0.3976074376343,236.080997088882,10.4903101023731,"ok",964,930,"direct calibration",-21.27,"horizontal","20250128/00055.mp4",20250128,"22b_00055__20250128","22b",NA,NA,NA,NA,NA,0.183090450841633,10.4903101023731,10.4903101023731,NA,NA
"horizontal","",NA,14,"22b_00055_waggle_annotations.csv",-0.400818834019708,0.916157334902189,236.080997088882,327.548380641775,"ok",978,952,"direct calibration",-21.27,"horizontal","20250128/00055.mp4",20250128,"22b_00055__20250128","22b",NA,NA,NA,NA,NA,-0.566387605404951,-32.4516193582247,327.548380641775,NA,NA
"horizontal","",NA,15,"22b_00055_waggle_annotations.csv",-0.903737838893539,0.428086344739045,236.080997088882,8.57282696917176,"ok",867,894,"direct calibration",-21.27,"horizontal","20250128/00055.mp4",20250128,"22b_00055__20250128","22b",NA,NA,NA,NA,NA,0.149624056815814,8.57282696917176,8.57282696917176,NA,NA
"horizontal","",NA,16,"22b_00055_waggle_annotations.csv",-0.991227900682635,-0.132163720091018,236.080997088882,41.5136462797099,"ok",934,721,"direct calibration",-21.27,"horizontal","20250128/00055.mp4",20250128,"22b_00055__20250128","22b",NA,NA,NA,NA,NA,0.724549812089232,41.5136462797099,41.5136462797099,NA,NA
"horizontal","",NA,17,"22b_00055_waggle_annotations.csv",-0.99905615835506,0.0434372242763069,236.080997088882,31.4294499891193,"ok",860,752,"direct calibration",-21.27,"horizontal","20250128/00055.mp4",20250128,"22b_00055__20250128","22b",NA,NA,NA,NA,NA,0.548547384401027,31.4294499891193,31.4294499891193,NA,NA
"horizontal","",NA,18,"22b_00055_waggle_annotations.csv",-1,0,236.080997088882,33.9190029111184,"ok",794,848,"direct calibration",-21.27,"horizontal","20250128/00055.mp4",20250128,"22b_00055__20250128","22b",NA,NA,NA,NA,NA,0.591998279792558,33.9190029111184,33.9190029111184,NA,NA
"horizontal","",NA,19,"22b_00055_waggle_annotations.csv",-0.948683298050514,0.316227766016838,236.080997088882,15.4840540881964,"ok",761,927,"direct calibration",-21.27,"horizontal","20250128/00055.mp4",20250128,"22b_00055__20250128","22b",NA,NA,NA,NA,NA,0.270247725395916,15.4840540881964,15.4840540881964,NA,NA
"horizontal","",NA,20,"22b_00055_waggle_annotations.csv",-0.966234939601246,0.257662650560332,236.080997088882,18.9875857329809,"ok",784,860,"direct calibration",-21.27,"horizontal","20250128/00055.mp4",20250128,"22b_00055__20250128","22b",NA,NA,NA,NA,NA,0.331395888045217,18.9875857329809,18.9875857329809,NA,NA
"horizontal","",NA,21,"22b_00055_waggle_annotations.csv",-0.732793491626299,0.680451099367278,236.080997088882,351.04009930778,"ok",791,944,"direct calibration",-21.27,"horizontal","20250128/00055.mp4",20250128,"22b_00055__20250128","22b",NA,NA,NA,NA,NA,-0.156379767730961,-8.95990069222017,351.04009930778,NA,NA
"horizontal","",NA,22,"22b_00055_waggle_annotations.csv",-0.932004671541296,0.362446261154948,236.080997088882,12.6684974039852,"ok",799,931,"direct calibration",-21.27,"horizontal","20250128/00055.mp4",20250128,"22b_00055__20250128","22b",NA,NA,NA,NA,NA,0.221106990979896,12.6684974039852,12.6684974039852,NA,NA
"horizontal","",NA,23,"22b_00055_waggle_annotations.csv",-0.996815278536125,-0.07974522228289,236.080997088882,38.4929241710193,"ok",802,877,"direct calibration",-21.27,"horizontal","20250128/00055.mp4",20250128,"22b_00055__20250128","22b",NA,NA,NA,NA,NA,0.671828265504796,38.4929241710193,38.4929241710193,NA,NA
"horizontal","",NA,1,"23y_00011_waggle_annotations.csv",-0.820398166769987,-0.571792661688173,251.608063182077,53.2672651625255,"ok",862,643,"direct calibration",-21.27,"horizontal","20250128/00011.mp4",20250128,"23y_00011__20250128","23y",NA,NA,NA,NA,NA,0.929689160618942,53.2672651625255,53.2672651625255,NA,NA
"horizontal","",NA,2,"23y_00011_waggle_annotations.csv",-0.521450009453975,-0.853281833651959,251.608063182077,76.9623712030848,"ok",782,597,"direct calibration",-21.27,"horizontal","20250128/00011.mp4",20250128,"23y_00011__20250128","23y",NA,NA,NA,NA,NA,1.3432467776359,76.9623712030848,76.9623712030848,NA,NA
"horizontal","",NA,3,"23y_00011_waggle_annotations.csv",-0.97513285579146,0.221621103588968,251.608063182077,5.58767075263657,"ok",935,439,"direct calibration",-21.27,"horizontal","20250128/00011.mp4",20250128,"23y_00011__20250128","23y",NA,NA,NA,NA,NA,0.0975232521508978,5.58767075263657,5.58767075263657,NA,NA
"horizontal","",NA,1,"23y_00012_waggle_annotations.csv",-0.190021906565861,-0.981779850590281,251.608063182077,97.437874174525,"ok",761,833,"direct calibration",-21.27,"horizontal","20250128/00012.mp4",20250128,"23y_00012__20250128","23y",NA,NA,NA,NA,NA,1.70061172048941,97.437874174525,97.437874174525,NA,NA
"horizontal","",NA,2,"23y_00012_waggle_annotations.csv",-0.847998304005088,-0.52999894000318,251.608063182077,50.3973200260068,"ok",717,807,"direct calibration",-21.27,"horizontal","20250128/00012.mp4",20250128,"23y_00012__20250128","23y",NA,NA,NA,NA,NA,0.879599168635094,50.3973200260068,50.3973200260068,NA,NA
"horizontal","",NA,3,"23y_00012_waggle_annotations.csv",-0.502135517386504,-0.86478894661009,251.608063182077,78.250551265848,"ok",705,812,"direct calibration",-21.27,"horizontal","20250128/00012.mp4",20250128,"23y_00012__20250128","23y",NA,NA,NA,NA,NA,1.36572976108966,78.250551265848,78.250551265848,NA,NA
"horizontal","",NA,4,"23y_00012_waggle_annotations.csv",-0.77193023561705,-0.6357072528611,251.608063182077,57.8643966662671,"ok",687,809,"direct calibration",-21.27,"horizontal","20250128/00012.mp4",20250128,"23y_00012__20250128","23y",NA,NA,NA,NA,NA,1.00992424150639,57.8643966662671,57.8643966662671,NA,NA
"horizontal","",NA,5,"23y_00012_waggle_annotations.csv",-0.748996562490381,-0.662573882203029,251.608063182077,59.8884051731389,"ok",669,809,"direct calibration",-21.27,"horizontal","20250128/00012.mp4",20250128,"23y_00012__20250128","23y",NA,NA,NA,NA,NA,1.04524985403968,59.8884051731389,59.8884051731389,NA,NA
"horizontal","",NA,6,"23y_00012_waggle_annotations.csv",-0.860291533634174,-0.509802390301733,251.608063182077,49.0426047749762,"ok",603,791,"direct calibration",-21.27,"horizontal","20250128/00012.mp4",20250128,"23y_00012__20250128","23y",NA,NA,NA,NA,NA,0.855954927077627,49.0426047749762,49.0426047749762,NA,NA
"horizontal","",NA,7,"23y_00012_waggle_annotations.csv",-0.51107539287715,-0.859535888020661,251.608063182077,77.6564491160032,"ok",631,727,"direct calibration",-21.27,"horizontal","20250128/00012.mp4",20250128,"23y_00012__20250128","23y",NA,NA,NA,NA,NA,1.3553607224817,77.6564491160032,77.6564491160032,NA,NA
"horizontal","",NA,8,"23y_00012_waggle_annotations.csv",-0.658504607868518,-0.752576694706878,251.608063182077,67.2060116522137,"ok",541,800,"direct calibration",-21.27,"horizontal","20250128/00012.mp4",20250128,"23y_00012__20250128","23y",NA,NA,NA,NA,NA,1.1729661804648,67.2060116522137,67.2060116522137,NA,NA
"horizontal","",NA,9,"23y_00012_waggle_annotations.csv",-0.998052578482889,-0.0623782861551805,251.608063182077,21.9682711929207,"ok",580,775,"direct calibration",-21.27,"horizontal","20250128/00012.mp4",20250128,"23y_00012__20250128","23y",NA,NA,NA,NA,NA,0.383418663287489,21.9682711929207,21.9682711929207,NA,NA
"horizontal","",NA,1,"23y_00014_waggle_annotations.csv",-0.456804684992628,-0.889567018143538,251.608063182077,81.2108257324461,"ok",516,789,"direct calibration",-21.27,"horizontal","20250128/00014.mp4",20250128,"23y_00014__20250128","23y",NA,NA,NA,NA,NA,1.41739629729452,81.2108257324461,81.2108257324461,NA,NA
"horizontal","",NA,2,"23y_00014_waggle_annotations.csv",-0.994834142531266,-0.101513688013394,251.608063182077,24.2182788474791,"ok",541,809,"direct calibration",-21.27,"horizontal","20250128/00014.mp4",20250128,"23y_00014__20250128","23y",NA,NA,NA,NA,NA,0.422688705054608,24.2182788474791,24.2182788474791,NA,NA
"horizontal","",NA,3,"23y_00014_waggle_annotations.csv",-0.615270855402983,-0.788315783485071,251.608063182077,70.4203330568729,"ok",569,791,"direct calibration",-21.27,"horizontal","20250128/00014.mp4",20250128,"23y_00014__20250128","23y",NA,NA,NA,NA,NA,1.22906667219344,70.4203330568729,70.4203330568729,NA,NA
"horizontal","",NA,4,"23y_00014_waggle_annotations.csv",-0.979714932282565,-0.200396236148707,251.608063182077,29.9520676121411,"ok",555,813,"direct calibration",-21.27,"horizontal","20250128/00014.mp4",20250128,"23y_00014__20250128","23y",NA,NA,NA,NA,NA,0.522762197611817,29.9520676121411,29.9520676121411,NA,NA
"horizontal","",NA,5,"23y_00014_waggle_annotations.csv",-0.939793423488437,-0.341743063086704,251.608063182077,38.3750433398233,"ok",513,809,"direct calibration",-21.27,"horizontal","20250128/00014.mp4",20250128,"23y_00014__20250128","23y",NA,NA,NA,NA,NA,0.669770856875438,38.3750433398233,38.3750433398233,NA,NA
"horizontal","",NA,1,"23y_00015_waggle_annotations.csv",-0.846889988853068,-0.531768132535647,251.608063182077,50.5169352583108,"ok",679,805,"direct calibration",-21.27,"horizontal","20250128/00015.mp4",20250128,"23y_00015__20250128","23y",NA,NA,NA,NA,NA,0.881686848274336,50.5169352583108,50.5169352583108,NA,NA
"horizontal","",NA,2,"23y_00015_waggle_annotations.csv",-0.64894660608275,-0.760833951959086,251.608063182077,67.92970932583,"ok",749,782,"direct calibration",-21.27,"horizontal","20250128/00015.mp4",20250128,"23y_00015__20250128","23y",NA,NA,NA,NA,NA,1.18559708765843,67.92970932583,67.92970932583,NA,NA
"horizontal","",NA,3,"23y_00015_waggle_annotations.csv",-0.993532672656404,-0.113546591160732,251.608063182077,24.9117385695803,"ok",662,789,"direct calibration",-21.27,"horizontal","20250128/00015.mp4",20250128,"23y_00015__20250128","23y",NA,NA,NA,NA,NA,0.434791860435239,24.9117385695803,24.9117385695803,NA,NA
"horizontal","",NA,4,"23y_00015_waggle_annotations.csv",-0.549616501476276,-0.83541708224394,251.608063182077,75.0512294714463,"ok",705,816,"direct calibration",-21.27,"horizontal","20250128/00015.mp4",20250128,"23y_00015__20250128","23y",NA,NA,NA,NA,NA,1.30989106194654,75.0512294714463,75.0512294714463,NA,NA
"horizontal","",NA,5,"23y_00015_waggle_annotations.csv",-0.978549784986749,-0.206010481049842,251.608063182077,30.2805948575513,"ok",711,794,"direct calibration",-21.27,"horizontal","20250128/00015.mp4",20250128,"23y_00015__20250128","23y",NA,NA,NA,NA,NA,0.528496079726734,30.2805948575513,30.2805948575513,NA,NA
"horizontal","",NA,6,"23y_00015_waggle_annotations.csv",-0.815180408266274,-0.579207132189195,251.608063182077,53.7867326629104,"ok",715,831,"direct calibration",-21.27,"horizontal","20250128/00015.mp4",20250128,"23y_00015__20250128","23y",NA,NA,NA,NA,NA,0.938755578857764,53.7867326629104,53.7867326629104,NA,NA
"horizontal","",NA,7,"23y_00015_waggle_annotations.csv",-0.717900393451055,-0.69614583607375,251.608063182077,62.5105328213412,"ok",647,824,"direct calibration",-21.27,"horizontal","20250128/00015.mp4",20250128,"23y_00015__20250128","23y",NA,NA,NA,NA,NA,1.09101461490838,62.5105328213412,62.5105328213412,NA,NA
"horizontal","",NA,8,"23y_00015_waggle_annotations.csv",-0.764911198117051,-0.64413574578278,251.608063182077,58.4928443641355,"ok",694,810,"direct calibration",-21.27,"horizontal","20250128/00015.mp4",20250128,"23y_00015__20250128","23y",NA,NA,NA,NA,NA,1.02089272301077,58.4928443641355,58.4928443641355,NA,NA
"horizontal","",NA,9,"23y_00015_waggle_annotations.csv",-0.716229588144914,-0.697864726910429,251.608063182077,62.6478776150346,"ok",660,815,"direct calibration",-21.27,"horizontal","20250128/00015.mp4",20250128,"23y_00015__20250128","23y",NA,NA,NA,NA,NA,1.09341173376881,62.6478776150346,62.6478776150346,NA,NA
"horizontal","",NA,10,"23y_00015_waggle_annotations.csv",-0.769409884309892,-0.638755375653495,251.608063182077,58.0910103013976,"ok",686,815,"direct calibration",-21.27,"horizontal","20250128/00015.mp4",20250128,"23y_00015__20250128","23y",NA,NA,NA,NA,NA,1.01387939556933,58.0910103013976,58.0910103013976,NA,NA
"horizontal","",NA,11,"23y_00015_waggle_annotations.csv",-0.992645877550526,-0.12105437531104,251.608063182077,25.3448942860972,"ok",620,816,"direct calibration",-21.27,"horizontal","20250128/00015.mp4",20250128,"23y_00015__20250128","23y",NA,NA,NA,NA,NA,0.442351853862294,25.3448942860972,25.3448942860972,NA,NA
"horizontal","",NA,12,"23y_00015_waggle_annotations.csv",-0.559857411277987,-0.82858896869142,251.608063182077,74.3459994613217,"ok",663,818,"direct calibration",-21.27,"horizontal","20250128/00015.mp4",20250128,"23y_00015__20250128","23y",NA,NA,NA,NA,NA,1.29758247628599,74.3459994613217,74.3459994613217,NA,NA
"horizontal","",NA,13,"23y_00015_waggle_annotations.csv",-0.650791373455968,-0.759256602365297,251.608063182077,67.7906421729188,"ok",613,812,"direct calibration",-21.27,"horizontal","20250128/00015.mp4",20250128,"23y_00015__20250128","23y",NA,NA,NA,NA,NA,1.18316990795876,67.7906421729188,67.7906421729188,NA,NA
"horizontal","",NA,14,"23y_00015_waggle_annotations.csv",-0.487366159264137,-0.873197702014912,251.608063182077,79.2243234383455,"ok",645,818,"direct calibration",-21.27,"horizontal","20250128/00015.mp4",20250128,"23y_00015__20250128","23y",NA,NA,NA,NA,NA,1.38272529166404,79.2243234383455,79.2243234383455,NA,NA
"horizontal","",NA,15,"23y_00015_waggle_annotations.csv",-0.985211754819674,-0.171341174751248,251.608063182077,28.2577437610077,"ok",677,809,"direct calibration",-21.27,"horizontal","20250128/00015.mp4",20250128,"23y_00015__20250128","23y",NA,NA,NA,NA,NA,0.49319066781447,28.2577437610077,28.2577437610077,NA,NA
"horizontal","",NA,16,"23y_00015_waggle_annotations.csv",-0.913811548620257,-0.406138466053448,251.608063182077,42.3544257925015,"ok",675,811,"direct calibration",-21.27,"horizontal","20250128/00015.mp4",20250128,"23y_00015__20250128","23y",NA,NA,NA,NA,NA,0.739224182870759,42.3544257925015,42.3544257925015,NA,NA
"horizontal","",NA,17,"23y_00015_waggle_annotations.csv",-0.97152033878313,-0.236956180191007,251.608063182077,32.0988978220031,"ok",665,796,"direct calibration",-21.27,"horizontal","20250128/00015.mp4",20250128,"23y_00015__20250128","23y",NA,NA,NA,NA,NA,0.560231453255191,32.0988978220031,32.0988978220031,NA,NA
"horizontal","",NA,18,"23y_00015_waggle_annotations.csv",-0.78086880944303,-0.624695047554424,251.608063182077,57.0517450720134,"ok",629,804,"direct calibration",-21.27,"horizontal","20250128/00015.mp4",20250128,"23y_00015__20250128","23y",NA,NA,NA,NA,NA,0.995740795515083,57.0517450720134,57.0517450720134,NA,NA
"horizontal","",NA,1,"43y_00034_waggle_annotations.csv",-0.309086072337558,-0.951034068730948,245.007953996437,96.9878843976495,"ok",877,964,"direct calibration",-21.27,"horizontal","20250128/00034.mp4",20250128,"43y_00034__20250128","43y",NA,NA,NA,NA,NA,1.69275791728262,96.9878843976496,96.9878843976495,NA,NA
"horizontal","",NA,2,"43y_00034_waggle_annotations.csv",-0.42579703632988,-0.904818702200994,245.007953996437,89.7909223580878,"ok",914,953,"direct calibration",-21.27,"horizontal","20250128/00034.mp4",20250128,"43y_00034__20250128","43y",NA,NA,NA,NA,NA,1.56714723355122,89.7909223580878,89.7909223580878,NA,NA
"horizontal","",NA,3,"43y_00034_waggle_annotations.csv",-0.0539752580150005,-0.998542273277508,245.007953996437,111.897987944646,"ok",845,959,"direct calibration",-21.27,"horizontal","20250128/00034.mp4",20250128,"43y_00034__20250128","43y",NA,NA,NA,NA,NA,1.95298831599099,111.897987944646,111.897987944646,NA,NA
"horizontal","",NA,4,"43y_00034_waggle_annotations.csv",-0.0787024854200107,-0.996898148653468,245.007953996437,110.478057545562,"ok",919,940,"direct calibration",-21.27,"horizontal","20250128/00034.mp4",20250128,"43y_00034__20250128","43y",NA,NA,NA,NA,NA,1.92820585537782,110.478057545562,110.478057545562,NA,NA
"horizontal","",NA,5,"43y_00034_waggle_annotations.csv",-0.836047910837063,-0.548656441486822,245.007953996437,58.2669339883978,"ok",885,930,"direct calibration",-21.27,"horizontal","20250128/00034.mp4",20250128,"43y_00034__20250128","43y",NA,NA,NA,NA,NA,1.01694984313973,58.2669339883978,58.2669339883978,NA,NA
"horizontal","",NA,6,"43y_00034_waggle_annotations.csv",-0.888217643155949,-0.459422918873767,245.007953996437,52.3419217836328,"ok",832,875,"direct calibration",-21.27,"horizontal","20250128/00034.mp4",20250128,"43y_00034__20250128","43y",NA,NA,NA,NA,NA,0.913538871945735,52.3419217836328,52.3419217836328,NA,NA
"horizontal","",NA,1,"47y_00013_waggle_annotations.csv",-0.851036012799674,-0.525107327046607,251.608063182077,50.0674055560325,"ok",801,752,"direct calibration",-21.27,"horizontal","20250128/00013.mp4",20250128,"47y_00013__20250128","47y",NA,NA,NA,NA,NA,0.87384107488407,50.0674055560325,50.0674055560325,NA,NA
"horizontal","",NA,2,"47y_00013_waggle_annotations.csv",-0.853796175794036,-0.520607424264656,251.608063182077,49.7649419580318,"ok",858,763,"direct calibration",-21.27,"horizontal","20250128/00013.mp4",20250128,"47y_00013__20250128","47y",NA,NA,NA,NA,NA,0.868562089231528,49.7649419580318,49.7649419580318,NA,NA
"horizontal","",NA,3,"47y_00013_waggle_annotations.csv",-0.687744647910783,-0.725952683905827,251.608063182077,64.9400945169013,"ok",763,742,"direct calibration",-21.27,"horizontal","20250128/00013.mp4",20250128,"47y_00013__20250128","47y",NA,NA,NA,NA,NA,1.13341846587624,64.9400945169013,64.9400945169013,NA,NA
"horizontal","",NA,1,"47y_00015_waggle_annotations.csv",-0.968802704477566,-0.247833249982633,251.608063182077,32.7412688608705,"ok",906,759,"direct calibration",-21.27,"horizontal","20250128/00015.mp4",20250128,"47y_00015__20250128","47y",NA,NA,NA,NA,NA,0.571442942902883,32.7412688608705,32.7412688608705,NA,NA
"horizontal","",NA,2,"47y_00015_waggle_annotations.csv",-0.685364699004991,-0.728199992692803,251.608063182077,65.1276414068517,"ok",904,763,"direct calibration",-21.27,"horizontal","20250128/00015.mp4",20250128,"47y_00015__20250128","47y",NA,NA,NA,NA,NA,1.13669177660775,65.1276414068517,65.1276414068517,NA,NA
"horizontal","",NA,3,"47y_00015_waggle_annotations.csv",-0.826227342807548,-0.56333682464151,251.608063182077,52.6788137951323,"ok",809,770,"direct calibration",-21.27,"horizontal","20250128/00015.mp4",20250128,"47y_00015__20250128","47y",NA,NA,NA,NA,NA,0.919418746770068,52.6788137951323,52.6788137951323,NA,NA
"horizontal","",NA,4,"47y_00015_waggle_annotations.csv",-0.68394112888133,-0.729537204140085,251.608063182077,65.2395470839179,"ok",781,742,"direct calibration",-21.27,"horizontal","20250128/00015.mp4",20250128,"47y_00015__20250128","47y",NA,NA,NA,NA,NA,1.13864489912423,65.2395470839179,65.2395470839179,NA,NA
"horizontal","",NA,5,"47y_00015_waggle_annotations.csv",-0.79387814600164,-0.60807687778849,251.608063182077,55.84251504966,"ok",746,808,"direct calibration",-21.27,"horizontal","20250128/00015.mp4",20250128,"47y_00015__20250128","47y",NA,NA,NA,NA,NA,0.974635750211052,55.84251504966,55.84251504966,NA,NA
"horizontal","",NA,6,"47y_00015_waggle_annotations.csv",-0.782823254756108,-0.622244125575368,251.608063182077,56.8721350662663,"ok",779,773,"direct calibration",-21.27,"horizontal","20250128/00015.mp4",20250128,"47y_00015__20250128","47y",NA,NA,NA,NA,NA,0.992606009545271,56.8721350662663,56.8721350662663,NA,NA
"horizontal","",NA,7,"47y_00015_waggle_annotations.csv",-0.986393923832144,-0.164398987305357,251.608063182077,27.8542590259489,"ok",781,728,"direct calibration",-21.27,"horizontal","20250128/00015.mp4",20250128,"47y_00015__20250128","47y",NA,NA,NA,NA,NA,0.486148530706158,27.8542590259489,27.8542590259489,NA,NA
"horizontal","",NA,8,"47y_00015_waggle_annotations.csv",-0.744242283694657,-0.667909741777256,251.608063182077,60.2978787590062,"ok",644,777,"direct calibration",-21.27,"horizontal","20250128/00015.mp4",20250128,"47y_00015__20250128","47y",NA,NA,NA,NA,NA,1.05239651631301,60.2978787590062,60.2978787590062,NA,NA
"horizontal","",NA,9,"47y_00015_waggle_annotations.csv",-0.7926239891046,-0.609710760849692,251.608063182077,55.9605288467508,"ok",716,809,"direct calibration",-21.27,"horizontal","20250128/00015.mp4",20250128,"47y_00015__20250128","47y",NA,NA,NA,NA,NA,0.976695479533067,55.9605288467508,55.9605288467508,NA,NA
"horizontal","",NA,10,"47y_00015_waggle_annotations.csv",-0.976187060183953,-0.216930457818656,251.608063182077,30.9207445270748,"ok",735,769,"direct calibration",-21.27,"horizontal","20250128/00015.mp4",20250128,"47y_00015__20250128","47y",NA,NA,NA,NA,NA,0.539668799165473,30.9207445270748,30.9207445270748,NA,NA
"horizontal","",NA,11,"47y_00015_waggle_annotations.csv",-0.755033118392644,-0.655686655446243,251.608063182077,59.3636731514382,"ok",935,778,"direct calibration",-21.27,"horizontal","20250128/00015.mp4",20250128,"47y_00015__20250128","47y",NA,NA,NA,NA,NA,1.03609155257035,59.3636731514382,59.3636731514382,NA,NA
"horizontal","",NA,12,"47y_00015_waggle_annotations.csv",-0.898384360919201,-0.439210132004943,251.608063182077,44.4454321284142,"ok",762,800,"direct calibration",-21.27,"horizontal","20250128/00015.mp4",20250128,"47y_00015__20250128","47y",NA,NA,NA,NA,NA,0.7757191281125,44.4454321284142,44.4454321284142,NA,NA
"horizontal","",NA,1,"64r_00028_waggle_annotations.csv",-0.955285890691346,-0.295683728071131,241.953819756942,45.2447214631235,"ok",1285,855,"direct calibration",-21.27,"horizontal","20250128/00028.mp4",20250128,"64r_00028__20250128","64r",NA,NA,NA,NA,NA,0.78966935867925,45.2447214631235,45.2447214631235,NA,NA
"horizontal","",NA,2,"64r_00028_waggle_annotations.csv",-0.870978467742929,-0.491321186931909,241.953819756942,57.4736366462473,"ok",1278,908,"direct calibration",-21.27,"horizontal","20250128/00028.mp4",20250128,"64r_00028__20250128","64r",NA,NA,NA,NA,NA,1.00310419257189,57.4736366462473,57.4736366462473,NA,NA
"horizontal","",NA,1,"66b_00028_waggle_annotations.csv",-0.774865020771876,-0.632126727471794,241.953819756942,67.2533837480254,"ok",754,974,"direct calibration",-21.27,"horizontal","20250128/00028.mp4",20250128,"66b_00028__20250128","66b",NA,NA,NA,NA,NA,1.17379297951029,67.2533837480254,67.2533837480254,NA,NA
"horizontal","",NA,2,"66b_00028_waggle_annotations.csv",-0.455111059789108,-0.890434682196081,241.953819756942,90.9741000050649,"ok",760,967,"direct calibration",-21.27,"horizontal","20250128/00028.mp4",20250128,"66b_00028__20250128","66b",NA,NA,NA,NA,NA,1.58779757912697,90.9741000050649,90.9741000050649,NA,NA
"horizontal","",NA,3,"66b_00028_waggle_annotations.csv",-0.274721127897378,-0.961523947640823,241.953819756942,102.100784342135,"ok",774,933,"direct calibration",-21.27,"horizontal","20250128/00028.mp4",20250128,"66b_00028__20250128","66b",NA,NA,NA,NA,NA,1.78199485563892,102.100784342135,102.100784342135,NA,NA
"horizontal","",NA,4,"66b_00028_waggle_annotations.csv",-0.216930457818656,-0.976187060183953,241.953819756942,105.517372533906,"ok",758,949,"direct calibration",-21.27,"horizontal","20250128/00028.mp4",20250128,"66b_00028__20250128","66b",NA,NA,NA,NA,NA,1.84162556877009,105.517372533906,105.517372533906,NA,NA
"horizontal","",NA,5,"66b_00028_waggle_annotations.csv",-0.716994918814431,-0.697078393291808,241.953819756942,72.2392507879552,"ok",767,935,"direct calibration",-21.27,"horizontal","20250128/00028.mp4",20250128,"66b_00028__20250128","66b",NA,NA,NA,NA,NA,1.26081277542373,72.2392507879552,72.2392507879552,NA,NA
"horizontal","",NA,6,"66b_00028_waggle_annotations.csv",-0.818191696860666,-0.5749455167129,241.953819756942,63.1419970300837,"ok",757,925,"direct calibration",-21.27,"horizontal","20250128/00028.mp4",20250128,"66b_00028__20250128","66b",NA,NA,NA,NA,NA,1.10203574445944,63.1419970300837,63.1419970300837,NA,NA
"horizontal","",NA,7,"66b_00028_waggle_annotations.csv",-0.999716673744136,0.023802777946289,241.953819756942,26.6822527114547,"ok",770,867,"direct calibration",-21.27,"horizontal","20250128/00028.mp4",20250128,"66b_00028__20250128","66b",NA,NA,NA,NA,NA,0.465693161664068,26.6822527114547,26.6822527114547,NA,NA
"horizontal","",NA,8,"66b_00028_waggle_annotations.csv",-0.971399006496777,-0.23745309047699,241.953819756942,41.7824485486802,"ok",821,890,"direct calibration",-21.27,"horizontal","20250128/00028.mp4",20250128,"66b_00028__20250128","66b",NA,NA,NA,NA,NA,0.729241296719595,41.7824485486802,41.7824485486802,NA,NA
"horizontal","",NA,9,"66b_00028_waggle_annotations.csv",-0.924261426490025,0.381760154419793,241.953819756942,5.60342687776324,"ok",777,824,"direct calibration",-21.27,"horizontal","20250128/00028.mp4",20250128,"66b_00028__20250128","66b",NA,NA,NA,NA,NA,0.0977982484117144,5.60342687776324,5.60342687776324,NA,NA
"horizontal","",NA,10,"66b_00028_waggle_annotations.csv",-0.788024373724563,-0.615644041972315,241.953819756942,66.0449126855623,"ok",777,874,"direct calibration",-21.27,"horizontal","20250128/00028.mp4",20250128,"66b_00028__20250128","66b",NA,NA,NA,NA,NA,1.15270118055523,66.0449126855623,66.0449126855623,NA,NA
"horizontal","",NA,11,"66b_00028_waggle_annotations.csv",-0.993307380301254,-0.115500858174564,241.953819756942,34.6786948581961,"ok",756,846,"direct calibration",-21.27,"horizontal","20250128/00028.mp4",20250128,"66b_00028__20250128","66b",NA,NA,NA,NA,NA,0.605257405569949,34.6786948581961,34.6786948581961,NA,NA
"horizontal","",NA,12,"66b_00028_waggle_annotations.csv",-0.999231950731542,0.0391855666953546,241.953819756942,25.8004376771625,"ok",721,778,"direct calibration",-21.27,"horizontal","20250128/00028.mp4",20250128,"66b_00028__20250128","66b",NA,NA,NA,NA,NA,0.450302585922084,25.8004376771625,25.8004376771625,NA,NA
"horizontal","",NA,13,"66b_00028_waggle_annotations.csv",-0.996240588195683,0.086629616364842,241.953819756942,23.0764395149473,"ok",753,798,"direct calibration",-21.27,"horizontal","20250128/00028.mp4",20250128,"66b_00028__20250128","66b",NA,NA,NA,NA,NA,0.402759849173153,23.0764395149473,23.0764395149473,NA,NA
"horizontal","",NA,14,"66b_00028_waggle_annotations.csv",-0.952925780013262,-0.303203657276947,241.953819756942,45.6963044629877,"ok",910,644,"direct calibration",-21.27,"horizontal","20250128/00028.mp4",20250128,"66b_00028__20250128","66b",NA,NA,NA,NA,NA,0.797550968872915,45.6963044629877,45.6963044629877,NA,NA
"horizontal","",NA,15,"66b_00028_waggle_annotations.csv",-0.96849293259685,0.249041039810618,241.953819756942,13.6254071155466,"ok",888,739,"direct calibration",-21.27,"horizontal","20250128/00028.mp4",20250128,"66b_00028__20250128","66b",NA,NA,NA,NA,NA,0.237808216090952,13.6254071155466,13.6254071155466,NA,NA
"horizontal","",NA,1,"66b_00032_waggle_annotations.csv",-0.816967863264762,-0.576683197598655,241.953819756942,63.2637732112503,"ok",849,900,"direct calibration",-21.27,"horizontal","20250128/00032.mp4",20250128,"66b_00032__20250128","66b",NA,NA,NA,NA,NA,1.1041611397713,63.2637732112503,63.2637732112503,NA,NA
"horizontal","",NA,2,"66b_00032_waggle_annotations.csv",-0.810679228399881,-0.585490553844358,241.953819756942,63.8838331973359,"ok",735,905,"direct calibration",-21.27,"horizontal","20250128/00032.mp4",20250128,"66b_00032__20250128","66b",NA,NA,NA,NA,NA,1.11498322808837,63.8838331973359,63.8838331973359,NA,NA
"horizontal","",NA,3,"66b_00032_waggle_annotations.csv",-0.249041039810618,-0.96849293259685,241.953819756942,103.625407115547,"ok",686,913,"direct calibration",-21.27,"horizontal","20250128/00032.mp4",20250128,"66b_00032__20250128","66b",NA,NA,NA,NA,NA,1.80860454288585,103.625407115547,103.625407115547,NA,NA
"horizontal","",NA,4,"66b_00032_waggle_annotations.csv",-0.272322465799349,-0.962206045824366,241.953819756942,102.243666289122,"ok",1095,937,"direct calibration",-21.27,"horizontal","20250128/00032.mp4",20250128,"66b_00032__20250128","66b",NA,NA,NA,NA,NA,1.78448861605551,102.243666289122,102.243666289122,NA,NA
"horizontal","",NA,1,"84b_00034_waggle_annotations.csv",-0.675724628517346,-0.737154140200741,245.007953996437,72.4815989255621,"ok",826,888,"direct calibration",-21.27,"horizontal","20250128/00034.mp4",20250128,"84b_00034__20250128","84b",NA,NA,NA,NA,NA,1.26504254836104,72.4815989255621,72.4815989255621,NA,NA
"horizontal","",NA,2,"84b_00034_waggle_annotations.csv",-0.200944143721331,-0.97960270064149,245.007953996437,103.399870593272,"ok",1281,916,"direct calibration",-21.27,"horizontal","20250128/00034.mp4",20250128,"84b_00034__20250128","84b",NA,NA,NA,NA,NA,1.80466818798866,103.399870593272,103.399870593272,NA,NA
"horizontal","",NA,3,"84b_00034_waggle_annotations.csv",-0.535052081184345,-0.844819075554229,245.007953996437,82.6446025041209,"ok",1519,922,"direct calibration",-21.27,"horizontal","20250128/00034.mp4",20250128,"84b_00034__20250128","84b",NA,NA,NA,NA,NA,1.44242042269886,82.6446025041209,82.6446025041209,NA,NA
"horizontal","",NA,4,"84b_00034_waggle_annotations.csv",-0.427006305407829,-0.904248646745991,245.007953996437,89.71432376801,"ok",1530,915,"direct calibration",-21.27,"horizontal","20250128/00034.mp4",20250128,"84b_00034__20250128","84b",NA,NA,NA,NA,NA,1.56581033595198,89.71432376801,89.71432376801,NA,NA
"horizontal","",NA,5,"84b_00034_waggle_annotations.csv",-0.0487225537134096,-0.998812351124897,245.007953996437,112.19934363785,"ok",1468,876,"direct calibration",-21.27,"horizontal","20250128/00034.mp4",20250128,"84b_00034__20250128","84b",NA,NA,NA,NA,NA,1.95824796505703,112.19934363785,112.19934363785,NA,NA
"horizontal","",NA,1,"84b_00054_waggle_annotations.csv",-0.861934215157769,0.507020126563394,236.080997088882,3.45345799165855,"ok",964,912,"direct calibration",-21.27,"horizontal","20250128/00054.mp4",20250128,"84b_00054__20250128","84b",NA,NA,NA,NA,NA,0.0602742125337526,3.45345799165855,3.45345799165855,NA,NA
"horizontal","",NA,2,"84b_00054_waggle_annotations.csv",-0.997785157856609,-0.0665190105237739,236.080997088882,37.7330777454088,"ok",982,882,"direct calibration",-21.27,"horizontal","20250128/00054.mp4",20250128,"84b_00054__20250128","84b",NA,NA,NA,NA,NA,0.658566443568382,37.7330777454088,37.7330777454088,NA,NA
"horizontal","",NA,3,"84b_00054_waggle_annotations.csv",-0.287347885566345,0.957826285221151,236.080997088882,320.618247145112,"ok",953,888,"direct calibration",-21.27,"horizontal","20250128/00054.mp4",20250128,"84b_00054__20250128","84b",NA,NA,NA,NA,NA,-0.687341252524472,-39.381752854888,320.618247145112,NA,NA
"horizontal","",NA,4,"84b_00054_waggle_annotations.csv",-1,0,236.080997088882,33.9190029111184,"ok",936,895,"direct calibration",-21.27,"horizontal","20250128/00054.mp4",20250128,"84b_00054__20250128","84b",NA,NA,NA,NA,NA,0.591998279792558,33.9190029111184,33.9190029111184,NA,NA
"horizontal","",NA,5,"84b_00054_waggle_annotations.csv",-0.393919298579168,0.919145030018058,236.080997088882,327.117593424767,"ok",941,926,"direct calibration",-21.27,"horizontal","20250128/00054.mp4",20250128,"84b_00054__20250128","84b",NA,NA,NA,NA,NA,-0.573906260717255,-32.8824065752334,327.117593424767,NA,NA
"horizontal","",NA,6,"84b_00054_waggle_annotations.csv",-0.998460353205412,0.0554700196225229,236.080997088882,30.7391727912542,"ok",953,899,"direct calibration",-21.27,"horizontal","20250128/00054.mp4",20250128,"84b_00054__20250128","84b",NA,NA,NA,NA,NA,0.536499774546842,30.7391727912542,30.7391727912542,NA,NA
"horizontal","",NA,7,"84b_00054_waggle_annotations.csv",-0.857492925712544,0.514495755427527,236.080997088882,2.95524637904492,"ok",965,908,"direct calibration",-21.27,"horizontal","20250128/00054.mp4",20250128,"84b_00054__20250128","84b",NA,NA,NA,NA,NA,0.0515787795219743,2.95524637904492,2.95524637904492,NA,NA
"horizontal","",NA,8,"84b_00054_waggle_annotations.csv",-0.998460353205412,-0.0554700196225229,236.080997088882,37.0988330309827,"ok",970,877,"direct calibration",-21.27,"horizontal","20250128/00054.mp4",20250128,"84b_00054__20250128","84b",NA,NA,NA,NA,NA,0.647496785038275,37.0988330309827,37.0988330309827,NA,NA
"horizontal","",NA,9,"84b_00054_waggle_annotations.csv",-0.8,0.6,236.080997088882,357.049105265274,"ok",948,903,"direct calibration",-21.27,"horizontal","20250128/00054.mp4",20250128,"84b_00054__20250128","84b",NA,NA,NA,NA,NA,-0.0515028290007263,-2.95089473472559,357.049105265274,NA,NA
"horizontal","",NA,10,"84b_00054_waggle_annotations.csv",-0.995037190209989,-0.0995037190209989,236.080997088882,39.6295960486181,"ok",954,892,"direct calibration",-21.27,"horizontal","20250128/00054.mp4",20250128,"84b_00054__20250128","84b",NA,NA,NA,NA,NA,0.69166693228372,39.6295960486181,39.6295960486181,NA,NA
"horizontal","",NA,11,"84b_00054_waggle_annotations.csv",-0.847998304005088,0.52999894000318,236.080997088882,1.91361970303493,"ok",956,917,"direct calibration",-21.27,"horizontal","20250128/00054.mp4",20250128,"84b_00054__20250128","84b",NA,NA,NA,NA,NA,0.0333989644489956,1.91361970303492,1.91361970303493,NA,NA
"horizontal","",NA,12,"84b_00054_waggle_annotations.csv",-0.99861782933251,-0.0525588331227637,236.080997088882,36.9317904153018,"ok",963,881,"direct calibration",-21.27,"horizontal","20250128/00054.mp4",20250128,"84b_00054__20250128","84b",NA,NA,NA,NA,NA,0.6445813414035,36.9317904153018,36.9317904153018,NA,NA
"horizontal","",NA,13,"84b_00054_waggle_annotations.csv",-0.99905615835506,0.0434372242763069,236.080997088882,31.4294499891193,"ok",1043,916,"direct calibration",-21.27,"horizontal","20250128/00054.mp4",20250128,"84b_00054__20250128","84b",NA,NA,NA,NA,NA,0.548547384401027,31.4294499891193,31.4294499891193,NA,NA
"horizontal","",NA,14,"84b_00054_waggle_annotations.csv",-0.998752338877845,0.0499376169438922,236.080997088882,31.0565976850067,"ok",968,912,"direct calibration",-21.27,"horizontal","20250128/00054.mp4",20250128,"84b_00054__20250128","84b",NA,NA,NA,NA,NA,0.542039884070615,31.0565976850067,31.0565976850067,NA,NA
"horizontal","",NA,15,"84b_00054_waggle_annotations.csv",0.294085848837523,0.95577900872195,236.080997088882,286.816273942066,"ok",948,933,"direct calibration",-21.27,"horizontal","20250128/00054.mp4",20250128,"84b_00054__20250128","84b",NA,NA,NA,NA,NA,-1.27729697858852,-73.183726057934,286.816273942066,NA,NA
"horizontal","",NA,16,"84b_00054_waggle_annotations.csv",-0.99861782933251,0.0525588331227637,236.080997088882,30.9062154069351,"ok",959,921,"direct calibration",-21.27,"horizontal","20250128/00054.mp4",20250128,"84b_00054__20250128","84b",NA,NA,NA,NA,NA,0.539415218181617,30.9062154069351,30.9062154069351,NA,NA
"horizontal","",NA,17,"84b_00054_waggle_annotations.csv",-0.6,0.8,236.080997088882,340.788900556962,"ok",949,915,"direct calibration",-21.27,"horizontal","20250128/00054.mp4",20250128,"84b_00054__20250128","84b",NA,NA,NA,NA,NA,-0.335296938209054,-19.2110994430376,340.788900556962,NA,NA
"horizontal","",NA,18,"84b_00054_waggle_annotations.csv",-0.995037190209989,0.0995037190209989,236.080997088882,28.2084097736188,"ok",968,902,"direct calibration",-21.27,"horizontal","20250128/00054.mp4",20250128,"84b_00054__20250128","84b",NA,NA,NA,NA,NA,0.492329627301396,28.2084097736188,28.2084097736188,NA,NA
"horizontal","",NA,19,"84b_00054_waggle_annotations.csv",-0.857492925712544,0.514495755427526,236.080997088882,2.95524637904492,"ok",944,915,"direct calibration",-21.27,"horizontal","20250128/00054.mp4",20250128,"84b_00054__20250128","84b",NA,NA,NA,NA,NA,0.0515787795219743,2.95524637904492,2.95524637904492,NA,NA
"horizontal","",NA,20,"84b_00054_waggle_annotations.csv",-0.995495472593952,0.0948090926279954,236.080997088882,28.478670880113,"ok",979,889,"direct calibration",-21.27,"horizontal","20250128/00054.mp4",20250128,"84b_00054__20250128","84b",NA,NA,NA,NA,NA,0.497046573449802,28.478670880113,28.478670880113,NA,NA
"horizontal","",NA,21,"84b_00054_waggle_annotations.csv",-0.384615384615385,0.923076923076923,236.080997088882,326.538867859159,"ok",976,912,"direct calibration",-21.27,"horizontal","20250128/00054.mp4",20250128,"84b_00054__20250128","84b",NA,NA,NA,NA,NA,-0.584006927302577,-33.4611321408411,326.538867859159,NA,NA
"horizontal","",NA,22,"84b_00054_waggle_annotations.csv",-0.910366477462605,0.413802944301184,236.080997088882,9.47504813070191,"ok",963,931,"direct calibration",-21.27,"horizontal","20250128/00054.mp4",20250128,"84b_00054__20250128","84b",NA,NA,NA,NA,NA,0.165370786665682,9.47504813070191,9.47504813070191,NA,NA
"horizontal","",NA,1,"84b_00073_waggle_annotations.csv",1,0,239.29563433365,210.70436566635,"ok",1005,899,"direct calibration",-21.27,"horizontal","20250128/00073.mp4",20250128,"84b_00073__20250128","84b",NA,NA,NA,NA,NA,-2.60570037797569,-149.29563433365,210.70436566635,NA,NA
"horizontal","",NA,2,"84b_00073_waggle_annotations.csv",-0.999783056728112,-0.0208288136818357,239.29563433365,31.8978550903317,"ok",1098,885,"direct calibration",-21.27,"horizontal","20250128/00073.mp4",20250128,"84b_00073__20250128","84b",NA,NA,NA,NA,NA,0.556722595650322,31.8978550903317,31.8978550903317,NA,NA
"horizontal","",NA,3,"84b_00073_waggle_annotations.csv",-0.939122852120321,-0.343581531263532,239.29563433365,50.7995968582545,"ok",1122,872,"direct calibration",-21.27,"horizontal","20250128/00073.mp4",20250128,"84b_00073__20250128","84b",NA,NA,NA,NA,NA,0.886620223862309,50.7995968582545,50.7995968582545,NA,NA
"horizontal","",NA,4,"84b_00073_waggle_annotations.csv",-0.948683298050514,0.316227766016838,239.29563433365,12.2694168434277,"ok",1110,854,"direct calibration",-21.27,"horizontal","20250128/00073.mp4",20250128,"84b_00073__20250128","84b",NA,NA,NA,NA,NA,0.214141721217463,12.2694168434277,12.2694168434277,NA,NA
"horizontal","",NA,5,"84b_00073_waggle_annotations.csv",-0.913811548620257,0.406138466053448,239.29563433365,6.74187669177149,"ok",1092,888,"direct calibration",-21.27,"horizontal","20250128/00073.mp4",20250128,"84b_00073__20250128","84b",NA,NA,NA,NA,NA,0.117667946034875,6.7418766917715,6.74187669177149,NA,NA
"horizontal","",NA,6,"84b_00073_waggle_annotations.csv",-0.995701215992102,0.0926233689294978,239.29563433365,25.3898199964049,"ok",1018,833,"direct calibration",-21.27,"horizontal","20250128/00073.mp4",20250128,"84b_00073__20250128","84b",NA,NA,NA,NA,NA,0.443135955425961,25.3898199964049,25.3898199964049,NA,NA
"horizontal","",NA,7,"84b_00073_waggle_annotations.csv",-0.940376225750505,0.340136081654438,239.29563433365,10.8192005524942,"ok",1092,820,"direct calibration",-21.27,"horizontal","20250128/00073.mp4",20250128,"84b_00073__20250128","84b",NA,NA,NA,NA,NA,0.188830672074614,10.8192005524942,10.8192005524942,NA,NA
"horizontal","",NA,8,"84b_00073_waggle_annotations.csv",-0.993150604322876,-0.116841247567397,239.29563433365,37.4142024741066,"ok",1071,859,"direct calibration",-21.27,"horizontal","20250128/00073.mp4",20250128,"84b_00073__20250128","84b",NA,NA,NA,NA,NA,0.653001020180969,37.4142024741066,37.4142024741066,NA,NA
"horizontal","",NA,9,"84b_00073_waggle_annotations.csv",-0.93334560620306,0.358979079308869,239.29563433365,9.66685464092788,"ok",1053,857,"direct calibration",-21.27,"horizontal","20250128/00073.mp4",20250128,"84b_00073__20250128","84b",NA,NA,NA,NA,NA,0.168718441795886,9.66685464092788,9.66685464092788,NA,NA
"horizontal","",NA,10,"84b_00073_waggle_annotations.csv",-0.989949493661166,0.14142135623731,239.29563433365,22.5742633121938,"ok",1066,855,"direct calibration",-21.27,"horizontal","20250128/00073.mp4",20250128,"84b_00073__20250128","84b",NA,NA,NA,NA,NA,0.393995221009942,22.5742633121938,22.5742633121938,NA,NA
"horizontal","",NA,11,"84b_00073_waggle_annotations.csv",-0.98058067569092,0.196116135138184,239.29563433365,19.3944331923295,"ok",1079,828,"direct calibration",-21.27,"horizontal","20250128/00073.mp4",20250128,"84b_00073__20250128","84b",NA,NA,NA,NA,NA,0.338496715764224,19.3944331923295,19.3944331923295,NA,NA
"horizontal","",NA,12,"84b_00073_waggle_annotations.csv",-0.9989685402103,0.04540766091865,239.29563433365,28.1018034638499,"ok",1009,853,"direct calibration",-21.27,"horizontal","20250128/00073.mp4",20250128,"84b_00073__20250128","84b",NA,NA,NA,NA,NA,0.490468996192528,28.1018034638499,28.1018034638499,NA,NA
"horizontal","",NA,13,"84b_00073_waggle_annotations.csv",-0.998274373174996,0.0587220219514703,239.29563433365,27.3379050029199,"ok",1056,871,"direct calibration",-21.27,"horizontal","20250128/00073.mp4",20250128,"84b_00073__20250128","84b",NA,NA,NA,NA,NA,0.477136452898382,27.3379050029199,27.3379050029199,NA,NA
"horizontal","",NA,14,"84b_00073_waggle_annotations.csv",-0.948683298050514,-0.316227766016838,239.29563433365,49.1393144892717,"ok",1044,815,"direct calibration",-21.27,"horizontal","20250128/00073.mp4",20250128,"84b_00073__20250128","84b",NA,NA,NA,NA,NA,0.857642830010747,49.1393144892717,49.1393144892717,NA,NA
"horizontal","",NA,15,"84b_00073_waggle_annotations.csv",-0.948683298050514,-0.316227766016838,239.29563433365,49.1393144892717,"ok",1052,859,"direct calibration",-21.27,"horizontal","20250128/00073.mp4",20250128,"84b_00073__20250128","84b",NA,NA,NA,NA,NA,0.857642830010747,49.1393144892717,49.1393144892717,NA,NA
"horizontal","",NA,16,"84b_00073_waggle_annotations.csv",-0.992876838486922,-0.119145220618431,239.29563433365,37.5471390789806,"ok",1035,871,"direct calibration",-21.27,"horizontal","20250128/00073.mp4",20250128,"84b_00073__20250128","84b",NA,NA,NA,NA,NA,0.655321201632444,37.5471390789806,37.5471390789806,NA,NA
"horizontal","",NA,1,"84b_00077_waggle_annotations.csv",-0.987241120712647,-0.15923243882462,239.29563433365,39.8667127120714,"ok",1128,890,"direct calibration",-21.27,"horizontal","20250128/00077.mp4",20250128,"84b_00077__20250128","84b",NA,NA,NA,NA,NA,0.695805398772325,39.8667127120714,39.8667127120714,NA,NA
"horizontal","",NA,2,"84b_00077_waggle_annotations.csv",0.789352217376326,0.61394061351492,239.29563433365,248.579349317448,"ok",1102,868,"direct calibration",-21.27,"horizontal","20250128/00077.mp4",20250128,"84b_00077__20250128","84b",NA,NA,NA,NA,NA,-1.944657209125,-111.420650682552,248.579349317448,NA,NA
"horizontal","",NA,3,"84b_00077_waggle_annotations.csv",0.846232840089751,0.532813269686139,239.29563433365,242.900099601063,"ok",1089,911,"direct calibration",-21.27,"horizontal","20250128/00077.mp4",20250128,"84b_00077__20250128","84b",NA,NA,NA,NA,NA,-2.04377881571887,-117.099900398937,242.900099601063,NA,NA
"horizontal","",NA,4,"84b_00077_waggle_annotations.csv",0.876215908676647,0.481918749772156,239.29563433365,239.515159409323,"ok",1139,931,"direct calibration",-21.27,"horizontal","20250128/00077.mp4",20250128,"84b_00077__20250128","84b",NA,NA,NA,NA,NA,-2.10285716704783,-120.484840590677,239.515159409323,NA,NA
"horizontal","",NA,5,"84b_00077_waggle_annotations.csv",-0.212429644331044,0.977176363922801,239.29563433365,312.969139394242,"ok",1129,909,"direct calibration",-21.27,"horizontal","20250128/00077.mp4",20250128,"84b_00077__20250128","84b",NA,NA,NA,NA,NA,-0.82084336761697,-47.0308606057579,312.969139394242,NA,NA
"horizontal","",NA,6,"84b_00077_waggle_annotations.csv",0.196116135138184,0.98058067569092,239.29563433365,289.39443319233,"ok",1157,927,"direct calibration",-21.27,"horizontal","20250128/00077.mp4",20250128,"84b_00077__20250128","84b",NA,NA,NA,NA,NA,-1.23229961103067,-70.6055668076705,289.39443319233,NA,NA
"horizontal","",NA,7,"84b_00077_waggle_annotations.csv",0.78086880944303,0.624695047554424,239.29563433365,249.36417392044,"ok",1160,927,"direct calibration",-21.27,"horizontal","20250128/00077.mp4",20250128,"84b_00077__20250128","84b",NA,NA,NA,NA,NA,-1.93095943575214,-110.63582607956,249.36417392044,NA,NA
"horizontal","",NA,8,"84b_00077_waggle_annotations.csv",-0.944986073440258,0.327110563883166,239.29563433365,11.6108736658641,"ok",1210,897,"direct calibration",-21.27,"horizontal","20250128/00077.mp4",20250128,"84b_00077__20250128","84b",NA,NA,NA,NA,NA,0.202647974502432,11.6108736658641,11.6108736658641,NA,NA
"horizontal","",NA,9,"84b_00077_waggle_annotations.csv",0.973080287490009,0.230466383879213,239.29563433365,224.02889692824,"ok",1211,918,"direct calibration",-21.27,"horizontal","20250128/00077.mp4",20250128,"84b_00077__20250128","84b",NA,NA,NA,NA,NA,-2.37314343617078,-135.97110307176,224.02889692824,NA,NA
"horizontal","",NA,10,"84b_00077_waggle_annotations.csv",-0.93256809827409,-0.360994102557712,239.29563433365,51.865625483178,"ok",1260,889,"direct calibration",-21.27,"horizontal","20250128/00077.mp4",20250128,"84b_00077__20250128","84b",NA,NA,NA,NA,NA,0.905225933287731,51.865625483178,51.865625483178,NA,NA
"horizontal","",NA,11,"84b_00077_waggle_annotations.csv",-0.768221279597376,0.64018439966448,239.29563433365,350.898794574084,"ok",1283,912,"direct calibration",-21.27,"horizontal","20250128/00077.mp4",20250128,"84b_00077__20250128","84b",NA,NA,NA,NA,NA,-0.158846000582599,-9.10120542591552,350.898794574084,NA,NA
"horizontal","",NA,1,"90r_00031_waggle_annotations.csv",0,-1,241.953819756942,118.046180243058,"ok",796,950,"direct calibration",-21.27,"horizontal","20250128/00031.mp4",20250128,"90r_00031__20250128","90r",NA,NA,NA,NA,NA,2.06029451464403,118.046180243058,118.046180243058,NA,NA
"horizontal","",NA,2,"90r_00031_waggle_annotations.csv",-0.447213595499958,-0.894427190999916,241.953819756942,91.4811290659796,"ok",704,934,"direct calibration",-21.27,"horizontal","20250128/00031.mp4",20250128,"90r_00031__20250128","90r",NA,NA,NA,NA,NA,1.59664690564323,91.4811290659796,91.4811290659796,NA,NA
"horizontal","",NA,3,"90r_00031_waggle_annotations.csv",-0.364399348580512,-0.931242779705753,241.953819756942,96.6755579737144,"ok",939,906,"direct calibration",-21.27,"horizontal","20250128/00031.mp4",20250128,"90r_00031__20250128","90r",NA,NA,NA,NA,NA,1.68730679284397,96.6755579737144,96.6755579737144,NA,NA
"horizontal","",NA,4,"90r_00031_waggle_annotations.csv",0.367166534736048,-0.930155221331323,241.953819756942,139.587156161596,"ok",1015,916,"direct calibration",-21.27,"horizontal","20250128/00031.mp4",20250128,"90r_00031__20250128","90r",NA,NA,NA,NA,NA,2.43625546851534,139.587156161596,139.587156161596,NA,NA
"horizontal","",NA,5,"90r_00031_waggle_annotations.csv",-0.178885438199983,-0.983869910099908,241.953819756942,107.741333774292,"ok",1019,923,"direct calibration",-21.27,"horizontal","20250128/00031.mp4",20250128,"90r_00031__20250128","90r",NA,NA,NA,NA,NA,1.88044101485156,107.741333774292,107.741333774292,NA,NA
"horizontal","",NA,6,"90r_00031_waggle_annotations.csv",-0.268798967813945,-0.963196301333304,241.953819756942,102.453369303791,"ok",1025,944,"direct calibration",-21.27,"horizontal","20250128/00031.mp4",20250128,"90r_00031__20250128","90r",NA,NA,NA,NA,NA,1.78814862411285,102.453369303791,102.453369303791,NA,NA
"horizontal","",NA,7,"90r_00031_waggle_annotations.csv",-0.253359391837683,-0.967372223380245,241.953819756942,103.369787105608,"ok",1072,958,"direct calibration",-21.27,"horizontal","20250128/00031.mp4",20250128,"90r_00031__20250128","90r",NA,NA,NA,NA,NA,1.80414313207843,103.369787105608,103.369787105608,NA,NA
"horizontal","",NA,8,"90r_00031_waggle_annotations.csv",-0.341743063086704,-0.939793423488437,241.953819756942,98.0630737211576,"ok",1136,924,"direct calibration",-21.27,"horizontal","20250128/00031.mp4",20250128,"90r_00031__20250128","90r",NA,NA,NA,NA,NA,1.71152351106013,98.0630737211576,98.0630737211576,NA,NA
"horizontal","",NA,9,"90r_00031_waggle_annotations.csv",-0.673753857685683,-0.738955843913329,241.953819756942,75.6887255371223,"ok",1163,903,"direct calibration",-21.27,"horizontal","20250128/00031.mp4",20250128,"90r_00031__20250128","90r",NA,NA,NA,NA,NA,1.3210174672611,75.6887255371223,75.6887255371223,NA,NA
"horizontal","",NA,1,"90r_00034_waggle_annotations.csv",-0.894427190999916,-0.447213595499958,245.007953996437,51.5570971806409,"ok",1511,822,"direct calibration",-21.27,"horizontal","20250128/00034.mp4",20250128,"90r_00034__20250128","90r",NA,NA,NA,NA,NA,0.89984109857287,51.5570971806409,51.5570971806409,NA,NA
"horizontal","",NA,2,"90r_00034_waggle_annotations.csv",-0.879706513576127,-0.475517034365474,245.007953996437,53.3850654249459,"ok",1494,833,"direct calibration",-21.27,"horizontal","20250128/00034.mp4",20250128,"90r_00034__20250128","90r",NA,NA,NA,NA,NA,0.931745163057892,53.3850654249459,53.3850654249459,NA,NA
"horizontal","",NA,3,"90r_00034_waggle_annotations.csv",-0.650791373455968,-0.759256602365297,245.007953996437,74.3907513585584,"ok",1490,859,"direct calibration",-21.27,"horizontal","20250128/00034.mp4",20250128,"90r_00034__20250128","90r",NA,NA,NA,NA,NA,1.29836354423929,74.3907513585585,74.3907513585584,NA,NA
"horizontal","",NA,4,"90r_00034_waggle_annotations.csv",-0.894427190999916,-0.447213595499958,245.007953996437,51.5570971806409,"ok",1513,662,"direct calibration",-21.27,"horizontal","20250128/00034.mp4",20250128,"90r_00034__20250128","90r",NA,NA,NA,NA,NA,0.89984109857287,51.5570971806409,51.5570971806409,NA,NA
"horizontal","",NA,5,"90r_00034_waggle_annotations.csv",-0.925168618374746,-0.379556356256306,245.007953996437,47.2982510584706,"ok",1580,655,"direct calibration",-21.27,"horizontal","20250128/00034.mp4",20250128,"90r_00034__20250128","90r",NA,NA,NA,NA,NA,0.825510211405205,47.2982510584706,47.2982510584706,NA,NA
"horizontal","",NA,6,"90r_00034_waggle_annotations.csv",-0.998920086078066,-0.0464613993524682,245.007953996437,27.6550467696301,"ok",1497,703,"direct calibration",-21.27,"horizontal","20250128/00034.mp4",20250128,"90r_00034__20250128","90r",NA,NA,NA,NA,NA,0.482671620923067,27.6550467696301,27.6550467696301,NA,NA
"horizontal","",NA,1,"90r_00055_waggle_annotations.csv",-0.944496796706159,0.328520624941273,236.080997088882,14.7399948853077,"ok",580,874,"direct calibration",-21.27,"horizontal","20250128/00055.mp4",20250128,"90r_00055__20250128","90r",NA,NA,NA,NA,NA,0.257261442475743,14.7399948853077,14.7399948853077,NA,NA
"horizontal","",NA,2,"90r_00055_waggle_annotations.csv",-0.926092359769548,-0.377296887313519,236.080997088882,56.0853487332009,"ok",747,898,"direct calibration",-21.27,"horizontal","20250128/00055.mp4",20250128,"90r_00055__20250128","90r",NA,NA,NA,NA,NA,0.978873997523586,56.0853487332009,56.0853487332009,NA,NA
"horizontal","",NA,3,"90r_00055_waggle_annotations.csv",-0.562310021407279,0.826926502069528,236.080997088882,338.134705043556,"ok",768,943,"direct calibration",-21.27,"horizontal","20250128/00055.mp4",20250128,"90r_00055__20250128","90r",NA,NA,NA,NA,NA,-0.38162138890966,-21.8652949564441,338.134705043556,NA,NA
"horizontal","",NA,4,"90r_00055_waggle_annotations.csv",-0.999634969872853,-0.027017161347915,236.080997088882,35.4671606100964,"ok",775,907,"direct calibration",-21.27,"horizontal","20250128/00055.mp4",20250128,"90r_00055__20250128","90r",NA,NA,NA,NA,NA,0.619018728979823,35.4671606100964,35.4671606100964,NA,NA
"horizontal","",NA,5,"90r_00055_waggle_annotations.csv",-0.837610596838614,0.546267780546922,236.080997088882,0.807660950746396,"ok",815,937,"direct calibration",-21.27,"horizontal","20250128/00055.mp4",20250128,"90r_00055__20250128","90r",NA,NA,NA,NA,NA,0.0140963428303124,0.807660950746396,0.807660950746396,NA,NA
"horizontal","",NA,6,"90r_00055_waggle_annotations.csv",-0.906183139995265,0.422885465331124,236.080997088882,8.90210943301841,"ok",833,939,"direct calibration",-21.27,"horizontal","20250128/00055.mp4",20250128,"90r_00055__20250128","90r",NA,NA,NA,NA,NA,0.155371119979017,8.90210943301841,8.90210943301841,NA,NA
"horizontal","",NA,7,"90r_00055_waggle_annotations.csv",-0.429933580392348,0.90286051882393,236.080997088882,329.38234797299,"ok",830,948,"direct calibration",-21.27,"horizontal","20250128/00055.mp4",20250128,"90r_00055__20250128","90r",NA,NA,NA,NA,NA,-0.53437883710124,-30.61765202701,329.38234797299,NA,NA
"horizontal","",NA,1,"90r_00068_waggle_annotations.csv",-0.434749065831176,0.900551636364579,239.29563433365,326.473693290688,"ok",1130,884,"direct calibration",-21.27,"horizontal","20250128/00068.mp4",20250128,"90r_00068__20250128","90r",NA,NA,NA,NA,NA,-0.585144438110954,-33.5263067093116,326.473693290688,NA,NA
"horizontal","",NA,1,"90r_00073_waggle_annotations.csv",0.826227342807548,0.56333682464151,239.29563433365,244.991242643559,"ok",1274,937,"direct calibration",-21.27,"horizontal","20250128/00073.mp4",20250128,"90r_00073__20250128","90r",NA,NA,NA,NA,NA,-2.00728148449715,-115.008757356441,244.991242643559,NA,NA
"horizontal","",NA,2,"90r_00073_waggle_annotations.csv",0.745241313525099,0.666794859469826,239.29563433365,252.524535546485,"ok",1229,926,"direct calibration",-21.27,"horizontal","20250128/00073.mp4",20250128,"90r_00073__20250128","90r",NA,NA,NA,NA,NA,-1.87580071982396,-107.475464453515,252.524535546485,NA,NA
"horizontal","",NA,3,"90r_00073_waggle_annotations.csv",1,0,239.29563433365,210.70436566635,"ok",1113,926,"direct calibration",-21.27,"horizontal","20250128/00073.mp4",20250128,"90r_00073__20250128","90r",NA,NA,NA,NA,NA,-2.60570037797569,-149.29563433365,210.70436566635,NA,NA
"horizontal","",NA,4,"90r_00073_waggle_annotations.csv",-0.976900017396262,-0.213696878805432,239.29563433365,43.0434529446759,"ok",1176,846,"direct calibration",-21.27,"horizontal","20250128/00073.mp4",20250128,"90r_00073__20250128","90r",NA,NA,NA,NA,NA,0.751249975311843,43.0434529446759,43.0434529446759,NA,NA
"horizontal","",NA,5,"90r_00073_waggle_annotations.csv",-0.989949493661166,-0.14142135623731,239.29563433365,38.8344680205057,"ok",1170,863,"direct calibration",-21.27,"horizontal","20250128/00073.mp4",20250128,"90r_00073__20250128","90r",NA,NA,NA,NA,NA,0.677789330218268,38.8344680205057,38.8344680205057,NA,NA
"horizontal","",NA,6,"90r_00073_waggle_annotations.csv",0.987762965329069,0.155962573473011,239.29563433365,219.676992281246,"ok",1144,898,"direct calibration",-21.27,"horizontal","20250128/00073.mp4",20250128,"90r_00073__20250128","90r",NA,NA,NA,NA,NA,-2.44909850099367,-140.323007718754,219.676992281246,NA,NA
"horizontal","",NA,1,"90r_00077_waggle_annotations.csv",0.371390676354104,0.928476690885259,239.29563433365,278.902956179998,"ok",1124,803,"direct calibration",-21.27,"horizontal","20250128/00077.mp4",20250128,"90r_00077__20250128","90r",NA,NA,NA,NA,NA,-1.41541042829316,-81.0970438200021,278.902956179998,NA,NA
"horizontal","",NA,2,"90r_00077_waggle_annotations.csv",-0.886225443961837,-0.463254209343687,239.29563433365,58.3016615349935,"ok",1177,764,"direct calibration",-21.27,"horizontal","20250128/00077.mp4",20250128,"90r_00077__20250128","90r",NA,NA,NA,NA,NA,1.01755595316897,58.3016615349935,58.3016615349935,NA,NA
"horizontal","",NA,3,"90r_00077_waggle_annotations.csv",-0.911921505175106,-0.410364677328798,239.29563433365,54.9321109843038,"ok",1223,746,"direct calibration",-21.27,"horizontal","20250128/00077.mp4",20250128,"90r_00077__20250128","90r",NA,NA,NA,NA,NA,0.958746201747045,54.9321109843038,54.9321109843038,NA,NA
"horizontal","",NA,4,"90r_00077_waggle_annotations.csv",-0.827475774391758,-0.561501418337265,239.29563433365,64.8640602120191,"ok",1226,770,"direct calibration",-21.27,"horizontal","20250128/00077.mp4",20250128,"90r_00077__20250128","90r",NA,NA,NA,NA,NA,1.13209141691159,64.8640602120191,64.8640602120191,NA,NA
"horizontal","",NA,5,"90r_00077_waggle_annotations.csv",-0.991600411186222,0.129339184067768,239.29563433365,23.2729576951772,"ok",1204,762,"direct calibration",-21.27,"horizontal","20250128/00077.mp4",20250128,"90r_00077__20250128","90r",NA,NA,NA,NA,NA,0.406189738458193,23.2729576951772,23.2729576951772,NA,NA
"horizontal","",NA,6,"90r_00077_waggle_annotations.csv",-0.98058067569092,-0.196116135138184,239.29563433365,42.0142981403699,"ok",1194,733,"direct calibration",-21.27,"horizontal","20250128/00077.mp4",20250128,"90r_00077__20250128","90r",NA,NA,NA,NA,NA,0.733287835463986,42.0142981403699,42.0142981403699,NA,NA
"horizontal","",NA,7,"90r_00077_waggle_annotations.csv",-0.9994801143397,0.0322412940109581,239.29563433365,28.8567554003551,"ok",1220,805,"direct calibration",-21.27,"horizontal","20250128/00077.mp4",20250128,"90r_00077__20250128","90r",NA,NA,NA,NA,NA,0.503645393178851,28.8567554003551,28.8567554003551,NA,NA
"horizontal","",NA,8,"90r_00077_waggle_annotations.csv",0.872943482137265,-0.487821357664942,239.29563433365,181.506879620285,"ok",1170,869,"direct calibration",-21.27,"horizontal","20250128/00077.mp4",20250128,"90r_00077__20250128","90r",NA,NA,NA,NA,NA,-3.11529264278461,-178.493120379715,181.506879620285,NA,NA
"horizontal","",NA,9,"90r_00077_waggle_annotations.csv",0.962964019714182,-0.269629925519971,239.29563433365,195.062119209141,"ok",1158,907,"direct calibration",-21.27,"horizontal","20250128/00077.mp4",20250128,"90r_00077__20250128","90r",NA,NA,NA,NA,NA,-2.8787090810624,-164.937880790859,195.062119209141,NA,NA
"horizontal","",NA,10,"90r_00077_waggle_annotations.csv",0.970142500145332,0.242535625036333,239.29563433365,224.740609134276,"ok",1225,881,"direct calibration",-21.27,"horizontal","20250128/00077.mp4",20250128,"90r_00077__20250128","90r",NA,NA,NA,NA,NA,-2.36072171484882,-135.259390865724,224.740609134276,NA,NA
"horizontal","",NA,11,"90r_00077_waggle_annotations.csv",-0.624695047554424,0.78086880944303,239.29563433365,339.36417392044,"ok",1192,922,"direct calibration",-21.27,"horizontal","20250128/00077.mp4",20250128,"90r_00077__20250128","90r",NA,NA,NA,NA,NA,-0.360163108957239,-20.6358260795602,339.36417392044,NA,NA
"horizontal","",NA,12,"90r_00077_waggle_annotations.csv",-0.928476690885259,-0.371390676354104,239.29563433365,52.5057751527015,"ok",1219,851,"direct calibration",-21.27,"horizontal","20250128/00077.mp4",20250128,"90r_00077__20250128","90r",NA,NA,NA,NA,NA,0.91639865272647,52.5057751527015,52.5057751527015,NA,NA
"horizontal","",NA,13,"90r_00077_waggle_annotations.csv",-0.850797997359292,0.525492880721916,239.29563433365,359.002935996844,"ok",1164,868,"direct calibration",-21.27,"horizontal","20250128/00077.mp4",20250128,"90r_00077__20250128","90r",NA,NA,NA,NA,NA,-0.0174020497081886,-0.997064003156073,359.002935996844,NA,NA
"horizontal","",NA,1,"95r_00071_waggle_annotations.csv",-0.979714932282565,0.200396236148707,239.29563433365,19.1442348721319,"ok",1140,913,"direct calibration",-21.27,"horizontal","20250128/00071.mp4",20250128,"95r_00071__20250128","95r",NA,NA,NA,NA,NA,0.334129931293817,19.1442348721319,19.1442348721319,NA,NA
"horizontal","",NA,2,"95r_00071_waggle_annotations.csv",-0.992645877550526,0.12105437531104,239.29563433365,23.7514081981758,"ok",1308,935,"direct calibration",-21.27,"horizontal","20250128/00071.mp4",20250128,"95r_00071__20250128","95r",NA,NA,NA,NA,NA,0.414540275043341,23.7514081981758,23.7514081981758,NA,NA
"horizontal","",NA,3,"95r_00071_waggle_annotations.csv",-0.882352941176471,0.470588235294118,239.29563433365,2.63187873049674,"ok",1305,923,"direct calibration",-21.27,"horizontal","20250128/00071.mp4",20250128,"95r_00071__20250128","95r",NA,NA,NA,NA,NA,0.0459349493603766,2.63187873049674,2.63187873049674,NA,NA
"horizontal","",NA,4,"95r_00071_waggle_annotations.csv",-0.93334560620306,0.358979079308869,239.29563433365,9.66685464092788,"ok",1273,930,"direct calibration",-21.27,"horizontal","20250128/00071.mp4",20250128,"95r_00071__20250128","95r",NA,NA,NA,NA,NA,0.168718441795886,9.66685464092788,9.66685464092788,NA,NA
"horizontal","",NA,5,"95r_00071_waggle_annotations.csv",-0.8987684456439,0.438423632021414,239.29563433365,4.70101982183826,"ok",1288,928,"direct calibration",-21.27,"horizontal","20250128/00071.mp4",20250128,"95r_00071__20250128","95r",NA,NA,NA,NA,NA,0.0820482740925949,4.70101982183826,4.70101982183826,NA,NA
"horizontal","",NA,1,"95r_00072_waggle_annotations.csv",-0.975441002067706,0.220260871434643,239.29563433365,17.9800099809273,"ok",1181,886,"direct calibration",-21.27,"horizontal","20250128/00072.mp4",20250128,"95r_00072__20250128","95r",NA,NA,NA,NA,NA,0.313810373708625,17.9800099809273,17.9800099809273,NA,NA
"horizontal","",NA,2,"95r_00072_waggle_annotations.csv",-0.997785157856609,0.0665190105237739,239.29563433365,26.8902908320593,"ok",1210,917,"direct calibration",-21.27,"horizontal","20250128/00072.mp4",20250128,"95r_00072__20250128","95r",NA,NA,NA,NA,NA,0.469324111838281,26.8902908320593,26.8902908320593,NA,NA
"horizontal","",NA,3,"95r_00072_waggle_annotations.csv",-0.919145030018058,0.393919298579168,239.29563433365,7.50577515270152,"ok",1205,909,"direct calibration",-21.27,"horizontal","20250128/00072.mp4",20250128,"95r_00072__20250128","95r",NA,NA,NA,NA,NA,0.131000489329022,7.50577515270152,7.50577515270152,NA,NA
"horizontal","",NA,4,"95r_00072_waggle_annotations.csv",-0.936329177569045,0.351123441588392,239.29563433365,10.1483204467662,"ok",1189,925,"direct calibration",-21.27,"horizontal","20250128/00072.mp4",20250128,"95r_00072__20250128","95r",NA,NA,NA,NA,NA,0.177121605343533,10.1483204467662,10.1483204467662,NA,NA
"horizontal","",NA,5,"95r_00072_waggle_annotations.csv",-0.752576694706878,0.658504607868518,239.29563433365,349.51844050064,"ok",1282,915,"direct calibration",-21.27,"horizontal","20250128/00072.mp4",20250128,"95r_00072__20250128","95r",NA,NA,NA,NA,NA,-0.18293772400752,-10.48155949936,349.51844050064,NA,NA
"horizontal","",NA,6,"95r_00072_waggle_annotations.csv",-0.957024404433474,0.290007395282871,239.29563433365,13.8459668986114,"ok",1068,918,"direct calibration",-21.27,"horizontal","20250128/00072.mp4",20250128,"95r_00072__20250128","95r",NA,NA,NA,NA,NA,0.241657710502917,13.8459668986114,13.8459668986114,NA,NA
"horizontal","",NA,7,"95r_00072_waggle_annotations.csv",-0.930155221331323,0.367166534736048,239.29563433365,9.16338974781127,"ok",1058,876,"direct calibration",-21.27,"horizontal","20250128/00072.mp4",20250128,"95r_00072__20250128","95r",NA,NA,NA,NA,NA,0.159931321742799,9.16338974781127,9.16338974781127,NA,NA
"horizontal","",NA,8,"95r_00072_waggle_annotations.csv",-0.998274373174996,-0.0587220219514703,239.29563433365,34.0708263297795,"ok",1041,875,"direct calibration",-21.27,"horizontal","20250128/00072.mp4",20250128,"95r_00072__20250128","95r",NA,NA,NA,NA,NA,0.594648098329827,34.0708263297795,34.0708263297795,NA,NA
"horizontal","",NA,9,"95r_00072_waggle_annotations.csv",-0.887216801234595,0.461352736641989,239.29563433365,3.22993404007258,"ok",1050,886,"direct calibration",-21.27,"horizontal","20250128/00072.mp4",20250128,"95r_00072__20250128","95r",NA,NA,NA,NA,NA,0.056372983621509,3.22993404007258,3.22993404007258,NA,NA
"horizontal","",NA,10,"95r_00072_waggle_annotations.csv",-0.97439119569462,-0.224859506698758,239.29563433365,43.6989824582662,"ok",1031,892,"direct calibration",-21.27,"horizontal","20250128/00072.mp4",20250128,"95r_00072__20250128","95r",NA,NA,NA,NA,NA,0.762691123667991,43.6989824582662,43.6989824582662,NA,NA
"horizontal","",NA,11,"95r_00072_waggle_annotations.csv",-0.934051834851085,0.357137466266591,239.29563433365,9.77986392142853,"ok",1021,883,"direct calibration",-21.27,"horizontal","20250128/00072.mp4",20250128,"95r_00072__20250128","95r",NA,NA,NA,NA,NA,0.170690825825932,9.77986392142853,9.77986392142853,NA,NA
"horizontal","",NA,12,"95r_00072_waggle_annotations.csv",-0.975441002067706,-0.220260871434643,239.29563433365,43.4287213517721,"ok",1020,894,"direct calibration",-21.27,"horizontal","20250128/00072.mp4",20250128,"95r_00072__20250128","95r",NA,NA,NA,NA,NA,0.757974177519585,43.4287213517721,43.4287213517721,NA,NA
"horizontal","",NA,13,"95r_00072_waggle_annotations.csv",-0.983869910099907,-0.178885438199983,239.29563433365,41.0092121351157,"ok",1039,890,"direct calibration",-21.27,"horizontal","20250128/00072.mp4",20250128,"95r_00072__20250128","95r",NA,NA,NA,NA,NA,0.715745775406583,41.0092121351157,41.0092121351157,NA,NA
"horizontal","",NA,14,"95r_00072_waggle_annotations.csv",-0.988715504224767,0.149805379427995,239.29563433365,22.0887174821856,"ok",1007,903,"direct calibration",-21.27,"horizontal","20250128/00072.mp4",20250128,"95r_00072__20250128","95r",NA,NA,NA,NA,NA,0.38552084760697,22.0887174821856,22.0887174821856,NA,NA
"horizontal","",NA,15,"95r_00072_waggle_annotations.csv",-0.992733782033708,-0.120331367519237,239.29563433365,37.6155927853744,"ok",1032,865,"direct calibration",-21.27,"horizontal","20250128/00072.mp4",20250128,"95r_00072__20250128","95r",NA,NA,NA,NA,NA,0.656515944194208,37.6155927853744,37.6155927853744,NA,NA
"horizontal","",NA,16,"95r_00072_waggle_annotations.csv",-0.920581781875257,0.39054984685617,239.29563433365,7.71564886426904,"ok",1076,920,"direct calibration",-21.27,"horizontal","20250128/00072.mp4",20250128,"95r_00072__20250128","95r",NA,NA,NA,NA,NA,0.134663476609256,7.71564886426904,7.71564886426904,NA,NA
"horizontal","",NA,17,"95r_00072_waggle_annotations.csv",-0.899814107196199,0.436273506519369,239.29563433365,4.83800887225519,"ok",1101,922,"direct calibration",-21.27,"horizontal","20250128/00072.mp4",20250128,"95r_00072__20250128","95r",NA,NA,NA,NA,NA,0.0844391840615508,4.83800887225519,4.83800887225519,NA,NA
"horizontal","",NA,1,"95r_00074_waggle_annotations.csv",-0.95577900872195,0.294085848837523,239.29563433365,13.6016366972973,"ok",1202,905,"direct calibration",-21.27,"horizontal","20250128/00074.mp4",20250128,"95r_00074__20250128","95r",NA,NA,NA,NA,NA,0.237393344027926,13.6016366972973,13.6016366972973,NA,NA
"horizontal","",NA,2,"95r_00074_waggle_annotations.csv",-0.903737838893539,0.428086344739045,239.29563433365,5.35818972440302,"ok",1181,888,"direct calibration",-21.27,"horizontal","20250128/00074.mp4",20250128,"95r_00074__20250128","95r",NA,NA,NA,NA,NA,0.0935180526373602,5.35818972440302,5.35818972440302,NA,NA
"horizontal","",NA,3,"95r_00074_waggle_annotations.csv",-0.978234125102441,-0.207504208355063,239.29563433365,42.6804981105531,"ok",1208,868,"direct calibration",-21.27,"horizontal","20250128/00074.mp4",20250128,"95r_00074__20250128","95r",NA,NA,NA,NA,NA,0.74491521842037,42.6804981105531,42.6804981105531,NA,NA
"horizontal","",NA,4,"95r_00074_waggle_annotations.csv",-0.721387321030951,0.692531828189713,239.29563433365,346.873504994257,"ok",1231,901,"direct calibration",-21.27,"horizontal","20250128/00074.mp4",20250128,"95r_00074__20250128","95r",NA,NA,NA,NA,NA,-0.229100557096806,-13.1264950057429,346.873504994257,NA,NA
"horizontal","",NA,5,"95r_00074_waggle_annotations.csv",0.948683298050514,0.316227766016838,239.29563433365,229.139314489272,"ok",1199,917,"direct calibration",-21.27,"horizontal","20250128/00074.mp4",20250128,"95r_00074__20250128","95r",NA,NA,NA,NA,NA,-2.28394982357905,-130.860685510728,229.139314489272,NA,NA
"horizontal","",NA,6,"95r_00074_waggle_annotations.csv",-0.986393923832144,0.164398987305357,239.29563433365,21.2420434583241,"ok",1246,908,"direct calibration",-21.27,"horizontal","20250128/00074.mp4",20250128,"95r_00074__20250128","95r",NA,NA,NA,NA,NA,0.370743598199478,21.2420434583241,21.2420434583241,NA,NA
"horizontal","",NA,7,"95r_00074_waggle_annotations.csv",-0.996346649041751,0.0854011413464358,239.29563433365,25.8052732125619,"ok",1199,922,"direct calibration",-21.27,"horizontal","20250128/00074.mp4",20250128,"95r_00074__20250128","95r",NA,NA,NA,NA,NA,0.4503869819359,25.8052732125619,25.8052732125619,NA,NA
"horizontal","",NA,8,"95r_00074_waggle_annotations.csv",-0.999567754464353,0.0293990516018927,239.29563433365,29.0196813484534,"ok",1117,870,"direct calibration",-21.27,"horizontal","20250128/00074.mp4",20250128,"95r_00074__20250128","95r",NA,NA,NA,NA,NA,0.5064889874101,29.0196813484534,29.0196813484534,NA,NA
"horizontal","",NA,9,"95r_00074_waggle_annotations.csv",-0.987241120712647,0.15923243882462,239.29563433365,21.542018620628,"ok",1099,908,"direct calibration",-21.27,"horizontal","20250128/00074.mp4",20250128,"95r_00074__20250128","95r",NA,NA,NA,NA,NA,0.375979152455885,21.542018620628,21.542018620628,NA,NA
"horizontal","",NA,10,"95r_00074_waggle_annotations.csv",0.999405999353588,-0.0344622758397789,239.29563433365,208.729431655468,"ok",1101,889,"direct calibration",-21.27,"horizontal","20250128/00074.mp4",20250128,"95r_00074__20250128","95r",NA,NA,NA,NA,NA,-2.6401694789752,-151.270568344532,208.729431655468,NA,NA
"horizontal","",NA,11,"95r_00074_waggle_annotations.csv",-0.961523947640823,0.274721127897378,239.29563433365,14.7589697654269,"ok",1158,893,"direct calibration",-21.27,"horizontal","20250128/00074.mp4",20250128,"95r_00074__20250128","95r",NA,NA,NA,NA,NA,0.257592616608994,14.7589697654269,14.7589697654269,NA,NA
"horizontal","",NA,12,"95r_00074_waggle_annotations.csv",-1,0,239.29563433365,30.7043656663497,"ok",1251,899,"direct calibration",-21.27,"horizontal","20250128/00074.mp4",20250128,"95r_00074__20250128","95r",NA,NA,NA,NA,NA,0.535892275614105,30.7043656663497,30.7043656663497,NA,NA
"horizontal","",NA,13,"95r_00074_waggle_annotations.csv",-0.982872186934322,-0.184288535050185,239.29563433365,41.3240209425048,"ok",1282,841,"direct calibration",-21.27,"horizontal","20250128/00074.mp4",20250128,"95r_00074__20250128","95r",NA,NA,NA,NA,NA,0.7212402256098,41.3240209425048,41.3240209425048,NA,NA
"horizontal","",NA,14,"95r_00074_waggle_annotations.csv",-0.913811548620257,0.406138466053448,239.29563433365,6.74187669177149,"ok",1279,873,"direct calibration",-21.27,"horizontal","20250128/00074.mp4",20250128,"95r_00074__20250128","95r",NA,NA,NA,NA,NA,0.117667946034875,6.7418766917715,6.74187669177149,NA,NA
"horizontal","",NA,15,"95r_00074_waggle_annotations.csv",-0.95577900872195,0.294085848837523,239.29563433365,13.6016366972973,"ok",1278,865,"direct calibration",-21.27,"horizontal","20250128/00074.mp4",20250128,"95r_00074__20250128","95r",NA,NA,NA,NA,NA,0.237393344027926,13.6016366972973,13.6016366972973,NA,NA
"horizontal","",NA,16,"95r_00074_waggle_annotations.csv",-0.838443616300637,0.544988350595414,239.29563433365,357.680498110553,"ok",1290,914,"direct calibration",-21.27,"horizontal","20250128/00074.mp4",20250128,"95r_00074__20250128","95r",NA,NA,NA,NA,NA,-0.040482944977079,-2.31950188944696,357.680498110553,NA,NA
"horizontal","",NA,17,"95r_00074_waggle_annotations.csv",-0.755689082789818,0.654930538417842,239.29563433365,349.789982446325,"ok",1287,909,"direct calibration",-21.27,"horizontal","20250128/00074.mp4",20250128,"95r_00074__20250128","95r",NA,NA,NA,NA,NA,-0.178198422998053,-10.2100175536754,349.789982446325,NA,NA
"horizontal","",NA,1,"47y_00073_waggle_annotations.csv",-0.961523947640823,-0.274721127897378,209.816088325079,76.1293075758437,"",1158,806,"",NA,"horizontal","20250125_new/00073.mp4",NA,"47y_00073__NA","47y",NA,NA,NA,NA,NA,1.32870707446194,76.1293075758437,76.1293075758437,NA,NA
"horizontal","",NA,2,"47y_00073_waggle_annotations.csv",1,0,209.816088325079,240.183911674921,"",1096,753,"",NA,"horizontal","20250125_new/00073.mp4",NA,"47y_00073__NA","47y",NA,NA,NA,NA,NA,-2.09118523813297,-119.816088325079,240.183911674921,NA,NA
"horizontal","",NA,3,"47y_00073_waggle_annotations.csv",-0.894427190999916,0.447213595499958,209.816088325079,33.6188604978429,"",1081,829,"",NA,"horizontal","20250125_new/00073.mp4",NA,"47y_00073__NA","47y",NA,NA,NA,NA,NA,0.586759806456019,33.6188604978429,33.6188604978429,NA,NA
"horizontal","",NA,4,"47y_00073_waggle_annotations.csv",0.633237790257263,0.773957299203321,209.816088325079,290.894504812421,"",1089,836,"",NA,"horizontal","20250125_new/00073.mp4",NA,"47y_00073__NA","47y",NA,NA,NA,NA,NA,-1.20611842224436,-69.1054951875795,290.894504812421,NA,NA
"horizontal","",NA,5,"47y_00073_waggle_annotations.csv",0.970142500145332,-0.242535625036333,209.816088325079,226.147668206994,"",1073,825,"",NA,"horizontal","20250125_new/00073.mp4",NA,"47y_00073__NA","47y",NA,NA,NA,NA,NA,-2.33616390125983,-133.852331793006,226.147668206994,NA,NA
"horizontal","",NA,6,"47y_00073_waggle_annotations.csv",-1,0,209.816088325079,60.1839116749209,"",1098,771,"",NA,"horizontal","20250125_new/00073.mp4",NA,"47y_00073__NA","47y",NA,NA,NA,NA,NA,1.05040741545682,60.1839116749209,60.1839116749209,NA,NA
"horizontal","",NA,7,"47y_00073_waggle_annotations.csv",0.944496796706159,0.328520624941273,209.816088325079,259.362919700732,"",1101,807,"",NA,"horizontal","20250125_new/00073.mp4",NA,"47y_00073__NA","47y",NA,NA,NA,NA,NA,-1.75644840081615,-100.637080299268,259.362919700732,NA,NA
"horizontal","",NA,8,"47y_00073_waggle_annotations.csv",0.992277876713668,0.124034734589208,209.816088325079,247.308928023823,"",1123,771,"",NA,"horizontal","20250125_new/00073.mp4",NA,"47y_00073__NA","47y",NA,NA,NA,NA,NA,-1.96683024358621,-112.691071976177,247.308928023823,NA,NA
"horizontal","",NA,1,"47y_00074_waggle_annotations.csv",-1,0,210.008445642367,59.9915543576333,"",1298,830,"",NA,"horizontal","20250125_new/00074.mp4",NA,"47y_00074__NA","47y",NA,NA,NA,NA,NA,1.04705014692985,59.9915543576333,59.9915543576333,NA,NA
"horizontal","",NA,2,"47y_00074_waggle_annotations.csv",-0.9953500135553,-0.0963241948601903,210.008445642367,65.5190945092895,"",1307,782,"",NA,"horizontal","20250125_new/00074.mp4",NA,"47y_00074__NA","47y",NA,NA,NA,NA,NA,1.14352392211244,65.5190945092895,65.5190945092895,NA,NA
"horizontal","",NA,3,"47y_00074_waggle_annotations.csv",-0.98328200498446,0.182089260182307,210.008445642367,49.5000773453017,"",1300,824,"",NA,"horizontal","20250125_new/00074.mp4",NA,"47y_00074__NA","47y",NA,NA,NA,NA,NA,0.863939329667369,49.5000773453017,49.5000773453017,NA,NA
"horizontal","",NA,4,"47y_00074_waggle_annotations.csv",-0.996346649041751,0.0854011413464358,210.008445642367,55.0924619038455,"",1208,803,"",NA,"horizontal","20250125_new/00074.mp4",NA,"47y_00074__NA","47y",NA,NA,NA,NA,NA,0.961544853251648,55.0924619038455,55.0924619038455,NA,NA
"horizontal","",NA,5,"47y_00074_waggle_annotations.csv",-0.948683298050514,0.316227766016838,210.008445642367,41.5566055347113,"",1234,838,"",NA,"horizontal","20250125_new/00074.mp4",NA,"47y_00074__NA","47y",NA,NA,NA,NA,NA,0.72529959253321,41.5566055347113,41.5566055347113,NA,NA
"horizontal","",NA,6,"47y_00074_waggle_annotations.csv",-0.993150604322876,-0.116841247567397,210.008445642367,66.7013911653902,"",1230,809,"",NA,"horizontal","20250125_new/00074.mp4",NA,"47y_00074__NA","47y",NA,NA,NA,NA,NA,1.16415889149672,66.7013911653902,66.7013911653902,NA,NA
"horizontal","",NA,7,"47y_00074_waggle_annotations.csv",-0.581238193719096,0.813733471206735,210.008445642367,5.52923214960765,"",1184,837,"",NA,"horizontal","20250125_new/00074.mp4",NA,"47y_00074__NA","47y",NA,NA,NA,NA,NA,0.0965033061177772,5.52923214960765,5.52923214960765,NA,NA
"horizontal","",NA,8,"47y_00074_waggle_annotations.csv",-1,0,210.008445642367,59.9915543576333,"",1182,781,"",NA,"horizontal","20250125_new/00074.mp4",NA,"47y_00074__NA","47y",NA,NA,NA,NA,NA,1.04705014692985,59.9915543576333,59.9915543576333,NA,NA
"horizontal","",NA,1,"11r_00010_waggle_annotations.csv",-0.607450107570797,-0.794357832977196,248.537218783038,74.0574245855536,"",1210,885,"",NA,"horizontal","20250126/00010.mp4",NA,"11r_00010__NA","11r",NA,NA,NA,NA,NA,1.29254589456531,74.0574245855536,74.0574245855536,NA,NA
"horizontal","",NA,2,"11r_00010_waggle_annotations.csv",-0.5710644881986,-0.820905201785487,248.537218783038,76.6382920600054,"",1189,901,"",NA,"horizontal","20250126/00010.mp4",NA,"11r_00010__NA","11r",NA,NA,NA,NA,NA,1.33759052955212,76.6382920600054,76.6382920600054,NA,NA
"horizontal","",NA,3,"11r_00010_waggle_annotations.csv",-0.454470341687874,-0.890761869708233,248.537218783038,84.4319209571192,"",1193,878,"",NA,"horizontal","20250126/00010.mp4",NA,"11r_00010__NA","11r",NA,NA,NA,NA,NA,1.47361501448533,84.4319209571192,84.4319209571192,NA,NA
"horizontal","",NA,4,"11r_00010_waggle_annotations.csv",-0.985030467155704,-0.172380331752248,248.537218783038,31.3890267236139,"",1171,842,"",NA,"horizontal","20250126/00010.mp4",NA,"11r_00010__NA","11r",NA,NA,NA,NA,NA,0.54784186532355,31.3890267236139,31.3890267236139,NA,NA
"horizontal","",NA,5,"11r_00010_waggle_annotations.csv",-0.686915802787306,-0.726737008745991,248.537218783038,68.0763201498434,"",1147,877,"",NA,"horizontal","20250126/00010.mp4",NA,"11r_00010__NA","11r",NA,NA,NA,NA,NA,1.18815592925653,68.0763201498434,68.0763201498434,NA,NA
"horizontal","",NA,6,"11r_00010_waggle_annotations.csv",-0.824728851845978,-0.565528355551528,248.537218783038,55.9017705257658,"",1066,887,"",NA,"horizontal","20250126/00010.mp4",NA,"11r_00010__NA","11r",NA,NA,NA,NA,NA,0.975669953368935,55.9017705257658,55.9017705257658,NA,NA
"horizontal","",NA,7,"11r_00010_waggle_annotations.csv",-0.964148834323888,-0.265362064492813,248.537218783038,36.8512490497212,"",1074,852,"",NA,"horizontal","20250126/00010.mp4",NA,"11r_00010__NA","11r",NA,NA,NA,NA,NA,0.643175629390066,36.8512490497212,36.8512490497212,NA,NA
"horizontal","",NA,8,"11r_00010_waggle_annotations.csv",-0.341743063086704,-0.939793423488437,248.537218783038,91.4796746950622,"",979,887,"",NA,"horizontal","20250126/00010.mp4",NA,"11r_00010__NA","11r",NA,NA,NA,NA,NA,1.59662152208218,91.4796746950622,91.4796746950622,NA,NA
"horizontal","",NA,9,"11r_00010_waggle_annotations.csv",-0.943460139651132,-0.33148599501256,248.537218783038,40.8217753926569,"",968,843,"",NA,"horizontal","20250126/00010.mp4",NA,"11r_00010__NA","11r",NA,NA,NA,NA,NA,0.712474387111464,40.8217753926569,40.8217753926569,NA,NA
"horizontal","",NA,10,"11r_00010_waggle_annotations.csv",-0.943706580851813,-0.330783749989295,248.537218783038,40.7791340364663,"",929,820,"",NA,"horizontal","20250126/00010.mp4",NA,"11r_00010__NA","11r",NA,NA,NA,NA,NA,0.711730155048422,40.7791340364663,40.7791340364663,NA,NA
"horizontal","",NA,1,"25y_00020_waggle_annotations.csv",-0.928476690885259,-0.371390676354104,220.715239737015,71.086169749337,"",580,883,"",NA,"horizontal","20250123/00020.mp4",NA,"25y_00020__NA","25y",NA,NA,NA,NA,NA,1.24068771475752,71.086169749337,71.086169749337,NA,NA
"horizontal","",NA,2,"25y_00020_waggle_annotations.csv",-0.393919298579168,-0.919145030018058,220.715239737015,116.086169749337,"",586,904,"",NA,"horizontal","20250123/00020.mp4",NA,"25y_00020__NA","25y",NA,NA,NA,NA,NA,2.02608587815497,116.086169749337,116.086169749337,NA,NA
"horizontal","",NA,3,"25y_00020_waggle_annotations.csv",-0.883115719457411,-0.469155225961749,220.715239737015,77.2642346514653,"",566,900,"",NA,"horizontal","20250123/00020.mp4",NA,"25y_00020__NA","25y",NA,NA,NA,NA,NA,1.34851528870156,77.2642346514653,77.2642346514653,NA,NA
"dome","12:24:00",NA,1,"87r_antisolar-.2025-01-21 11-22-26_waggle_annotations.csv",0.19363303189666,-0.981074028276412,46.5587061374094,324.606174040139,"ok",503,636,"",-21.27,"antisolar","20250121/2025-01-21 11-22-26.mkv",20250121,"87r_antisolar-.2025-01-21 11-22-26_12:24:00_20250121","87r",2025-01-21 11:24:00,2025-01-21 13:24:00,284.038841901114,71.2679135366168,144.114811261478,-0.617738797877416,-35.393825959861,324.606174040139,179.508637221339,-3.13301675528041
"dome","12:24:00",NA,2,"87r_antisolar-.2025-01-21 11-22-26_waggle_annotations.csv",-0.192745304030928,-0.981248820521087,46.5587061374094,302.328253326642,"ok",545,664,"",-21.27,"antisolar","20250121/2025-01-21 11-22-26.mkv",20250121,"87r_antisolar-.2025-01-21 11-22-26_12:24:00_20250121","87r",2025-01-21 11:24:00,2025-01-21 13:24:00,284.038841901114,71.2679135366168,144.114811261478,-1.00656186482618,-57.671746673358,302.328253326642,158.213442065164,2.76134548495041
"dome","12:24:00",NA,3,"87r_antisolar-.2025-01-21 11-22-26_waggle_annotations.csv",0.627009405211618,0.779011685262919,46.5587061374094,94.6114689576202,"ok",570,640,"",-21.27,"antisolar","20250121/2025-01-21 11-22-26.mkv",20250121,"87r_antisolar-.2025-01-21 11-22-26_12:24:00_20250121","87r",2025-01-21 11:24:00,2025-01-21 13:24:00,284.038841901114,71.2679135366168,144.114811261478,1.65128164345888,94.6114689576202,94.6114689576202,49.5033423038578,-0.863996313944114
"dome","12:28:00",NA,1,"87r_antisolar_2025-01-21 11-26-22_waggle_annotations.csv",0.946649906050144,0.322263797804304,46.5587061374094,62.2411790212433,"ok",634,673,"",-21.27,"antisolar","20250121/2025-01-21 11-26-22.mkv",20250121,"87r_antisolar_2025-01-21 11-26-22_12:28:00_20250121","87r",2025-01-21 11:28:00,2025-01-21 13:28:00,283.002728759549,70.3910695379664,145.150924403043,1.08631350424392,62.2411790212433,62.2411790212433,82.9097453818,-1.44704803890257
"dome","12:28:00",NA,2,"87r_antisolar_2025-01-21 11-26-22_waggle_annotations.csv",0.0847998304005088,0.996398007205978,46.5587061374094,128.57677942483,"ok",686,824,"",-21.27,"antisolar","20250121/2025-01-21 11-26-22.mkv",20250121,"87r_antisolar_2025-01-21 11-26-22_12:28:00_20250121","87r",2025-01-21 11:28:00,2025-01-21 13:28:00,283.002728759549,70.3910695379664,145.150924403043,2.24408814257378,128.57677942483,128.57677942483,16.5741449782133,-0.289273400572705
"dome","12:28:00",NA,3,"87r_antisolar_2025-01-21 11-26-22_waggle_annotations.csv",0.911107922838356,0.412167869855447,46.5587061374094,67.7823837992831,"ok",665,864,"",-21.27,"antisolar","20250121/2025-01-21 11-26-22.mkv",20250121,"87r_antisolar_2025-01-21 11-26-22_12:28:00_20250121","87r",2025-01-21 11:28:00,2025-01-21 13:28:00,283.002728759549,70.3910695379664,145.150924403043,1.18302577214795,67.7823837992831,67.7823837992831,77.3685406037602,-1.35033577099854
"dome","12:28:00",NA,4,"87r_antisolar_2025-01-21 11-26-22_waggle_annotations.csv",-0.995409029100281,0.0957124066442578,46.5587061374094,217.948969305463,"ok",712,855,"",-21.27,"antisolar","20250121/2025-01-21 11-26-22.mkv",20250121,"87r_antisolar_2025-01-21 11-26-22_12:28:00_20250121","87r",2025-01-21 11:28:00,2025-01-21 13:28:00,283.002728759549,70.3910695379664,145.150924403043,-2.4792581914712,-142.051030694537,217.948969305463,72.7980449024197,1.2705655725619
"dome","12:28:00",NA,5,"87r_antisolar_2025-01-21 11-26-22_waggle_annotations.csv",0.991122022459366,0.132955393256744,46.5587061374094,51.0817006236174,"ok",669,881,"",-21.27,"antisolar","20250121/2025-01-21 11-26-22.mkv",20250121,"87r_antisolar_2025-01-21 11-26-22_12:28:00_20250121","87r",2025-01-21 11:28:00,2025-01-21 13:28:00,283.002728759549,70.3910695379664,145.150924403043,0.891543863400164,51.0817006236174,51.0817006236174,94.0692237794259,-1.64181767974633
"dome","12:28:00",NA,6,"87r_antisolar_2025-01-21 11-26-22_waggle_annotations.csv",0.707106781186548,0.707106781186548,46.5587061374094,88.4412938625906,"ok",612,884,"",-21.27,"antisolar","20250121/2025-01-21 11-26-22.mkv",20250121,"87r_antisolar_2025-01-21 11-26-22_12:28:00_20250121","87r",2025-01-21 11:28:00,2025-01-21 13:28:00,283.002728759549,70.3910695379664,145.150924403043,1.54359177262606,88.4412938625906,88.4412938625906,56.7096305404527,-0.98976977052043
"dome","12:28:00",NA,7,"87r_antisolar_2025-01-21 11-26-22_waggle_annotations.csv",0.910366477462605,-0.413802944301184,46.5587061374094,18.9973390821741,"ok",606,849,"",-21.27,"antisolar","20250121/2025-01-21 11-26-22.mkv",20250121,"87r_antisolar_2025-01-21 11-26-22_12:28:00_20250121","87r",2025-01-21 11:28:00,2025-01-21 13:28:00,283.002728759549,70.3910695379664,145.150924403043,0.331566116101736,18.9973390821741,18.9973390821741,126.153585320869,-2.20179542704475
"dome","12:28:00",NA,8,"87r_antisolar_2025-01-21 11-26-22_waggle_annotations.csv",0.983166415134589,0.182712342635632,46.5587061374094,53.9690799825542,"ok",606,818,"",-21.27,"antisolar","20250121/2025-01-21 11-26-22.mkv",20250121,"87r_antisolar_2025-01-21 11-26-22_12:28:00_20250121","87r",2025-01-21 11:28:00,2025-01-21 13:28:00,283.002728759549,70.3910695379664,145.150924403043,0.941938139967735,53.9690799825542,53.9690799825542,91.1818444204891,-1.59142340317876
"dome","12:28:00",NA,9,"87r_antisolar_2025-01-21 11-26-22_waggle_annotations.csv",0.554700196225229,0.832050294337844,46.5587061374094,99.7512263366109,"ok",662,832,"",-21.27,"antisolar","20250121/2025-01-21 11-26-22.mkv",20250121,"87r_antisolar_2025-01-21 11-26-22_12:28:00_20250121","87r",2025-01-21 11:28:00,2025-01-21 13:28:00,283.002728759549,70.3910695379664,145.150924403043,1.74098733247594,99.7512263366109,99.7512263366109,45.3996980664324,-0.792374210670548
"dome","12:28:00",NA,10,"87r_antisolar_2025-01-21 11-26-22_waggle_annotations.csv",0.691905363235615,0.721988205115424,46.5587061374094,89.6601690977219,"ok",614,871,"",-21.27,"antisolar","20250121/2025-01-21 11-26-22.mkv",20250121,"87r_antisolar_2025-01-21 11-26-22_12:28:00_20250121","87r",2025-01-21 11:28:00,2025-01-21 13:28:00,283.002728759549,70.3910695379664,145.150924403043,1.56486515865012,89.6601690977219,89.6601690977219,55.4907553053214,-0.968496384496369
"dome","12:28:00",NA,11,"87r_antisolar_2025-01-21 11-26-22_waggle_annotations.csv",0.987762965329069,0.155962573473011,46.5587061374094,52.413920477487,"ok",679,838,"",-21.27,"antisolar","20250121/2025-01-21 11-26-22.mkv",20250121,"87r_antisolar_2025-01-21 11-26-22_12:28:00_20250121","87r",2025-01-21 11:28:00,2025-01-21 13:28:00,283.002728759549,70.3910695379664,145.150924403043,0.914795486210627,52.413920477487,52.413920477487,92.7370039255563,-1.61856605693586
"dome","12:28:00",NA,12,"87r_antisolar_2025-01-21 11-26-22_waggle_annotations.csv",0.170916864433151,0.985285453791103,46.5587061374094,123.600162102956,"ok",667,863,"",-21.27,"antisolar","20250121/2025-01-21 11-26-22.mkv",20250121,"87r_antisolar_2025-01-21 11-26-22_12:28:00_20250121","87r",2025-01-21 11:28:00,2025-01-21 13:28:00,283.002728759549,70.3910695379664,145.150924403043,2.1572297846953,123.600162102956,123.600162102956,21.5507623000873,-0.376131758451189
"dome","12:28:00",NA,13,"87r_antisolar_2025-01-21 11-26-22_waggle_annotations.csv",0.844212815247804,0.536008136665272,46.5587061374094,75.8536004809418,"ok",683,841,"",-21.27,"antisolar","20250121/2025-01-21 11-26-22.mkv",20250121,"87r_antisolar_2025-01-21 11-26-22_12:28:00_20250121","87r",2025-01-21 11:28:00,2025-01-21 13:28:00,283.002728759549,70.3910695379664,145.150924403043,1.32389507788479,75.8536004809418,75.8536004809418,69.2973239221015,-1.2094664652617
"dome","12:28:00",NA,14,"87r_antisolar_2025-01-21 11-26-22_waggle_annotations.csv",0.997785157856609,0.0665190105237739,46.5587061374094,47.255368696881,"ok",694,867,"",-21.27,"antisolar","20250121/2025-01-21 11-26-22.mkv",20250121,"87r_antisolar_2025-01-21 11-26-22_12:28:00_20250121","87r",2025-01-21 11:28:00,2025-01-21 13:28:00,283.002728759549,70.3910695379664,145.150924403043,0.824761773004436,47.255368696881,47.255368696881,97.8955557061623,-1.70859977014205
"dome","12:28:00",NA,15,"87r_antisolar_2025-01-21 11-26-22_waggle_annotations.csv",0.816967863264762,0.576683197598655,46.5587061374094,78.6588868307834,"ok",730,871,"",-21.27,"antisolar","20250121/2025-01-21 11-26-22.mkv",20250121,"87r_antisolar_2025-01-21 11-26-22_12:28:00_20250121","87r",2025-01-21 11:28:00,2025-01-21 13:28:00,283.002728759549,70.3910695379664,145.150924403043,1.37285656115078,78.6588868307834,78.6588868307834,66.4920375722598,-1.16050498199571
"dome","12:28:00",NA,16,"87r_antisolar_2025-01-21 11-26-22_waggle_annotations.csv",0.99150953060142,0.130034036800186,46.5587061374094,50.912853039183,"ok",742,898,"",-21.27,"antisolar","20250121/2025-01-21 11-26-22.mkv",20250121,"87r_antisolar_2025-01-21 11-26-22_12:28:00_20250121","87r",2025-01-21 11:28:00,2025-01-21 13:28:00,283.002728759549,70.3910695379664,145.150924403043,0.888596917117745,50.912853039183,50.912853039183,94.2380713638603,-1.64476462602874
"dome","12:28:00",NA,17,"87r_antisolar_2025-01-21 11-26-22_waggle_annotations.csv",0.95087143148672,0.309586047460793,46.5587061374094,61.4755794297205,"ok",735,856,"",-21.27,"antisolar","20250121/2025-01-21 11-26-22.mkv",20250121,"87r_antisolar_2025-01-21 11-26-22_12:28:00_20250121","87r",2025-01-21 11:28:00,2025-01-21 13:28:00,283.002728759549,70.3910695379664,145.150924403043,1.07295127061992,61.4755794297205,61.4755794297205,83.6753449733228,-1.46041027252657
"dome","12:28:00",NA,18,"87r_antisolar_2025-01-21 11-26-22_waggle_annotations.csv",0.193458024532617,0.981108552986843,46.5587061374094,122.286634123662,"ok",690,848,"",-21.27,"antisolar","20250121/2025-01-21 11-26-22.mkv",20250121,"87r_antisolar_2025-01-21 11-26-22_12:28:00_20250121","87r",2025-01-21 11:28:00,2025-01-21 13:28:00,283.002728759549,70.3910695379664,145.150924403043,2.13430439663955,122.286634123662,122.286634123662,22.8642902793813,-0.399057146506937
"dome","12:28:00",NA,19,"87r_antisolar_2025-01-21 11-26-22_waggle_annotations.csv",-0.167414699655973,-0.98588656464073,46.5587061374094,303.80375574966,"ok",660,867,"",-21.27,"antisolar","20250121/2025-01-21 11-26-22.mkv",20250121,"87r_antisolar_2025-01-21 11-26-22_12:28:00_20250121","87r",2025-01-21 11:28:00,2025-01-21 13:28:00,283.002728759549,70.3910695379664,145.150924403043,-0.980809489423366,-56.19624425034,303.80375574966,158.652831346617,2.76901427460973
"dome","12:28:00",NA,20,"87r_antisolar_2025-01-21 11-26-22_waggle_annotations.csv",0.987007269930511,0.160675602081711,46.5587061374094,52.6874066081539,"ok",626,828,"",-21.27,"antisolar","20250121/2025-01-21 11-26-22.mkv",20250121,"87r_antisolar_2025-01-21 11-26-22_12:28:00_20250121","87r",2025-01-21 11:28:00,2025-01-21 13:28:00,283.002728759549,70.3910695379664,145.150924403043,0.919568719649303,52.6874066081539,52.6874066081539,92.4635177948893,-1.61379282349719
"dome","12:28:00",NA,21,"87r_antisolar_2025-01-21 11-26-22_waggle_annotations.csv",0.996703768233982,0.081127050902766,46.5587061374094,48.094645449859,"ok",672,817,"",-21.27,"antisolar","20250121/2025-01-21 11-26-22.mkv",20250121,"87r_antisolar_2025-01-21 11-26-22_12:28:00_20250121","87r",2025-01-21 11:28:00,2025-01-21 13:28:00,283.002728759549,70.3910695379664,145.150924403043,0.839409915679349,48.094645449859,48.094645449859,97.0562789531843,-1.69395162746714
"dome","12:28:00",NA,22,"87r_antisolar_2025-01-21 11-26-22_waggle_annotations.csv",0.997898362604806,0.064798594974338,46.5587061374094,47.1565829680194,"ok",712,810,"",-21.27,"antisolar","20250121/2025-01-21 11-26-22.mkv",20250121,"87r_antisolar_2025-01-21 11-26-22_12:28:00_20250121","87r",2025-01-21 11:28:00,2025-01-21 13:28:00,283.002728759549,70.3910695379664,145.150924403043,0.823037636781818,47.1565829680194,47.1565829680194,97.9943414350239,-1.71032390636467
"dome","12:28:00",NA,23,"87r_antisolar_2025-01-21 11-26-22_waggle_annotations.csv",0.687199853876083,0.726468416954716,46.5587061374094,90.0324341337852,"ok",715,841,"",-21.27,"antisolar","20250121/2025-01-21 11-26-22.mkv",20250121,"87r_antisolar_2025-01-21 11-26-22_12:28:00_20250121","87r",2025-01-21 11:28:00,2025-01-21 13:28:00,283.002728759549,70.3910695379664,145.150924403043,1.57136240921948,90.0324341337852,90.0324341337852,55.1184902692581,-0.961999133927009
"dome","12:28:00",NA,24,"87r_antisolar_2025-01-21 11-26-22_waggle_annotations.csv",0.965467637733916,-0.260523013356771,46.5587061374094,28.3401957012052,"ok",750,922,"",-21.27,"antisolar","20250121/2025-01-21 11-26-22.mkv",20250121,"87r_antisolar_2025-01-21 11-26-22_12:28:00_20250121","87r",2025-01-21 11:28:00,2025-01-21 13:28:00,283.002728759549,70.3910695379664,145.150924403043,0.494629725645574,28.3401957012052,28.3401957012052,116.810728701838,-2.03873181750092
"dome","12:28:00",NA,25,"87r_antisolar_2025-01-21 11-26-22_waggle_annotations.csv",0.936980204786319,-0.349382449242356,46.5587061374094,22.991746251798,"ok",771,962,"",-21.27,"antisolar","20250121/2025-01-21 11-26-22.mkv",20250121,"87r_antisolar_2025-01-21 11-26-22_12:28:00_20250121","87r",2025-01-21 11:28:00,2025-01-21 13:28:00,283.002728759549,70.3910695379664,145.150924403043,0.40128167287694,22.991746251798,22.991746251798,122.159178151245,-2.13207987026955
"dome","12:28:00",NA,26,"87r_antisolar_2025-01-21 11-26-22_waggle_annotations.csv",0.218029629322926,0.975942150302623,46.5587061374094,120.847963906488,"ok",751,984,"",-21.27,"antisolar","20250121/2025-01-21 11-26-22.mkv",20250121,"87r_antisolar_2025-01-21 11-26-22_12:28:00_20250121","87r",2025-01-21 11:28:00,2025-01-21 13:28:00,283.002728759549,70.3910695379664,145.150924403043,2.10919486449948,120.847963906488,120.847963906488,24.3029604965553,-0.424166678647005
"dome","12:28:00",NA,27,"87r_antisolar_2025-01-21 11-26-22_waggle_annotations.csv",0.91767063534256,-0.397341924581314,46.5587061374094,20.0291796932879,"ok",735,1022,"",-21.27,"antisolar","20250121/2025-01-21 11-26-22.mkv",20250121,"87r_antisolar_2025-01-21 11-26-22_12:28:00_20250121","87r",2025-01-21 11:28:00,2025-01-21 13:28:00,283.002728759549,70.3910695379664,145.150924403043,0.349575132121462,20.0291796932879,20.0291796932879,125.121744709755,-2.18378641102503
"dome","12:28:00",NA,28,"87r_antisolar_2025-01-21 11-26-22_waggle_annotations.csv",0.99654575824488,-0.08304547985374,46.5587061374094,38.6776521718645,"ok",582,955,"",-21.27,"antisolar","20250121/2025-01-21 11-26-22.mkv",20250121,"87r_antisolar_2025-01-21 11-26-22_12:28:00_20250121","87r",2025-01-21 11:28:00,2025-01-21 13:28:00,283.002728759549,70.3910695379664,145.150924403043,0.675052377340171,38.6776521718645,38.6776521718645,106.473272231179,-1.85830916580632
"dome","12:28:00",NA,29,"87r_antisolar_2025-01-21 11-26-22_waggle_annotations.csv",0.868243142124459,-0.496138938356834,46.5587061374094,13.6964125656484,"ok",585,1000,"",-21.27,"antisolar","20250121/2025-01-21 11-26-22.mkv",20250121,"87r_antisolar_2025-01-21 11-26-22_12:28:00_20250121","87r",2025-01-21 11:28:00,2025-01-21 13:28:00,283.002728759549,70.3910695379664,145.150924403043,0.239047494982089,13.6964125656484,13.6964125656484,131.454511837395,-2.2943140481644
"dome","12:28:00",NA,30,"87r_antisolar_2025-01-21 11-26-22_waggle_annotations.csv",0.993379307068614,0.114880600137187,46.5587061374094,50.0380321604848,"ok",558,947,"",-21.27,"antisolar","20250121/2025-01-21 11-26-22.mkv",20250121,"87r_antisolar_2025-01-21 11-26-22_12:28:00_20250121","87r",2025-01-21 11:28:00,2025-01-21 13:28:00,283.002728759549,70.3910695379664,145.150924403043,0.873328412419272,50.0380321604848,50.0380321604848,95.1128922425585,-1.66003313072722
"dome","12:28:00",NA,31,"87r_antisolar_2025-01-21 11-26-22_waggle_annotations.csv",0.999815140029847,-0.0192272142313432,46.5587061374094,42.3395877473843,"ok",563,954,"",-21.27,"antisolar","20250121/2025-01-21 11-26-22.mkv",20250121,"87r_antisolar_2025-01-21 11-26-22_12:28:00_20250121","87r",2025-01-21 11:28:00,2025-01-21 13:28:00,283.002728759549,70.3910695379664,145.150924403043,0.738965210128905,42.3395877473843,42.3395877473843,102.811336655659,-1.79439633301758
"dome","12:28:00",NA,32,"87r_antisolar_2025-01-21 11-26-22_waggle_annotations.csv",0.99688650915399,0.0788497803850613,46.5587061374094,47.9637480089926,"ok",532,969,"",-21.27,"antisolar","20250121/2025-01-21 11-26-22.mkv",20250121,"87r_antisolar_2025-01-21 11-26-22_12:28:00_20250121","87r",2025-01-21 11:28:00,2025-01-21 13:28:00,283.002728759549,70.3910695379664,145.150924403043,0.837125324353796,47.9637480089926,47.9637480089926,97.1871763940507,-1.69623621879269
"dome","13:05:00",NA,1,"22b_solar_2025-01-21 12-03-51_waggle_annotations.csv",0.0161269347182601,0.999869952532125,273.881320730105,265.194633917122,"ok",813,595,"",-21.27,"solar","20250121/2025-01-21 12-03-51.mkv",20250121,"22b_solar_2025-01-21 12-03-51_13:05:00_20250121","22b",2025-01-21 12:05:00,2025-01-21 14:05:00,275.89657881136,62.1610223630798,152.257074351232,-1.65466578670478,-94.805366082878,265.194633917122,112.93755956589,1.971132263592
"dome","13:05:00",NA,2,"22b_solar_2025-01-21 12-03-51_waggle_annotations.csv",0.52999894000318,-0.847998304005088,273.881320730105,118.124062477978,"ok",803,594,"",-21.27,"solar","20250121/2025-01-21 12-03-51.mkv",20250121,"22b_solar_2025-01-21 12-03-51_13:05:00_20250121","22b",2025-01-21 12:05:00,2025-01-21 14:05:00,275.89657881136,62.1610223630798,152.257074351232,2.06165381607221,118.124062477978,118.124062477978,34.1330118732541,-0.595733440810601
"dome","13:05:00",NA,3,"22b_solar_2025-01-21 12-03-51_waggle_annotations.csv",-0.997054485501582,-0.076696498884737,273.881320730105,0.517384624890497,"ok",800,547,"",-21.27,"solar","20250121/2025-01-21 12-03-51.mkv",20250121,"22b_solar_2025-01-21 12-03-51_13:05:00_20250121","22b",2025-01-21 12:05:00,2025-01-21 14:05:00,275.89657881136,62.1610223630798,152.257074351232,0.00903006520353498,0.517384624890497,0.517384624890497,151.739689726342,-2.64835719167927
"dome","13:05:00",NA,4,"22b_solar_2025-01-21 12-03-51_waggle_annotations.csv",-0.864507186684193,-0.502620457374531,273.881320730105,26.2921992995393,"ok",838,524,"",-21.27,"solar","20250121/2025-01-21 12-03-51.mkv",20250121,"22b_solar_2025-01-21 12-03-51_13:05:00_20250121","22b",2025-01-21 12:05:00,2025-01-21 14:05:00,275.89657881136,62.1610223630798,152.257074351232,0.458885445367508,26.2921992995393,26.2921992995393,125.964875051693,-2.1985018115153
"dome","13:05:00",NA,5,"22b_solar_2025-01-21 12-03-51_waggle_annotations.csv",-0.629198228667965,-0.777244870707486,273.881320730105,47.1276852273895,"ok",831,538,"",-21.27,"solar","20250121/2025-01-21 12-03-51.mkv",20250121,"22b_solar_2025-01-21 12-03-51_13:05:00_20250121","22b",2025-01-21 12:05:00,2025-01-21 14:05:00,275.89657881136,62.1610223630798,152.257074351232,0.822533276061439,47.1276852273895,47.1276852273895,105.129389123843,-1.83485398082137
"dome","13:05:00",NA,6,"22b_solar_2025-01-21 12-03-51_waggle_annotations.csv",-0.278058076541057,0.960564264414562,273.881320730105,282.263018050178,"ok",797,531,"",-21.27,"solar","20250121/2025-01-21 12-03-51.mkv",20250121,"22b_solar_2025-01-21 12-03-51_13:05:00_20250121","22b",2025-01-21 12:05:00,2025-01-21 14:05:00,275.89657881136,62.1610223630798,152.257074351232,-1.35676628558779,-77.736981949822,282.263018050178,130.005943698946,2.26903176470898
"dome","13:05:00",NA,7,"22b_solar_2025-01-21 12-03-51_waggle_annotations.csv",0.554700196225229,0.832050294337844,273.881320730105,232.428611743915,"ok",868,581,"",-21.27,"solar","20250121/2025-01-21 12-03-51.mkv",20250121,"22b_solar_2025-01-21 12-03-51_13:05:00_20250121","22b",2025-01-21 12:05:00,2025-01-21 14:05:00,275.89657881136,62.1610223630798,152.257074351232,-2.22654075640871,-127.571388256085,232.428611743915,80.1715373926829,1.39925729388807
"dome","13:05:00",NA,8,"22b_solar_2025-01-21 12-03-51_waggle_annotations.csv",-0.630592625094466,0.776114000116266,273.881320730105,305.212538156125,"ok",835,560,"",-21.27,"solar","20250121/2025-01-21 12-03-51.mkv",20250121,"22b_solar_2025-01-21 12-03-51_13:05:00_20250121","22b",2025-01-21 12:05:00,2025-01-21 14:05:00,275.89657881136,62.1610223630798,152.257074351232,-0.956221597986383,-54.787461843875,305.212538156125,152.955463804893,2.6695764523104
"dome","13:05:00",NA,9,"22b_solar_2025-01-21 12-03-51_waggle_annotations.csv",-0.97439119569462,0.224859506698758,273.881320730105,343.124062477979,"ok",856,593,"",-21.27,"solar","20250121/2025-01-21 12-03-51.mkv",20250121,"22b_solar_2025-01-21 12-03-51_13:05:00_20250121","22b",2025-01-21 12:05:00,2025-01-21 14:05:00,275.89657881136,62.1610223630798,152.257074351232,-0.29454067412012,-16.875937522021,343.124062477979,169.133011873253,-2.95192793100293
"dome","13:05:00",NA,10,"22b_solar_2025-01-21 12-03-51_waggle_annotations.csv",0,1,273.881320730105,266.118679269895,"ok",812,582,"",-21.27,"solar","20250121/2025-01-21 12-03-51.mkv",20250121,"22b_solar_2025-01-21 12-03-51_13:05:00_20250121","22b",2025-01-21 12:05:00,2025-01-21 14:05:00,275.89657881136,62.1610223630798,152.257074351232,-1.63853815286114,-93.881320730105,266.118679269895,113.861604918663,1.98725989743564
"dome","13:05:00",NA,11,"22b_solar_2025-01-21 12-03-51_waggle_annotations.csv",0.980993105174429,-0.194042592232305,273.881320730105,164.929879341643,"ok",841,604,"",-21.27,"solar","20250121/2025-01-21 12-03-51.mkv",20250121,"22b_solar_2025-01-21 12-03-51_13:05:00_20250121","22b",2025-01-21 12:05:00,2025-01-21 14:05:00,275.89657881136,62.1610223630798,152.257074351232,2.87856942942865,164.929879341643,164.929879341643,12.6728049904109,0.221182172545839
"dome","13:05:00",NA,12,"22b_solar_2025-01-21 12-03-51_waggle_annotations.csv",-0.966561557861778,0.256434699024553,273.881320730105,341.26006482197,"ok",845,629,"",-21.27,"solar","20250121/2025-01-21 12-03-51.mkv",20250121,"22b_solar_2025-01-21 12-03-51_13:05:00_20250121","22b",2025-01-21 12:05:00,2025-01-21 14:05:00,275.89657881136,62.1610223630798,152.257074351232,-0.327073570466934,-18.73993517803,341.26006482197,170.997009529262,-2.98446082734974
"dome","13:05:00",NA,13,"22b_solar_2025-01-21 12-03-51_waggle_annotations.csv",-0.507020126563394,0.86193421515777,273.881320730105,296.584224189355,"ok",837,555,"",-21.27,"solar","20250121/2025-01-21 12-03-51.mkv",20250121,"22b_solar_2025-01-21 12-03-51_13:05:00_20250121","22b",2025-01-21 12:05:00,2025-01-21 14:05:00,275.89657881136,62.1610223630798,152.257074351232,-1.10681408560233,-63.415775810645,296.584224189355,144.327149838123,2.51898396469445
"dome","13:05:00",NA,14,"22b_solar_2025-01-21 12-03-51_waggle_annotations.csv",-0.739342381478786,-0.673329668846752,273.881320730105,38.4432526138658,"ok",818,566,"",-21.27,"solar","20250121/2025-01-21 12-03-51.mkv",20250121,"22b_solar_2025-01-21 12-03-51_13:05:00_20250121","22b",2025-01-21 12:05:00,2025-01-21 14:05:00,275.89657881136,62.1610223630798,152.257074351232,0.670961333287875,38.4432526138658,38.4432526138658,113.813821737366,-1.98642592359493
"dome","13:05:00",NA,15,"22b_solar_2025-01-21 12-03-51_waggle_annotations.csv",0.263117405792109,0.964763821237732,273.881320730105,250.863560566837,"ok",841,609,"",-21.27,"solar","20250121/2025-01-21 12-03-51.mkv",20250121,"22b_solar_2025-01-21 12-03-51_13:05:00_20250121","22b",2025-01-21 12:05:00,2025-01-21 14:05:00,275.89657881136,62.1610223630798,152.257074351232,-1.90479020201207,-109.136439433163,250.863560566837,98.6064862156049,1.72100784828471
"dome","13:05:00",NA,16,"22b_solar_2025-01-21 12-03-51_waggle_annotations.csv",0.417905608232144,0.908490452678575,273.881320730105,241.416249042124,"ok",791,586,"",-21.27,"solar","20250121/2025-01-21 12-03-51.mkv",20250121,"22b_solar_2025-01-21 12-03-51_13:05:00_20250121","22b",2025-01-21 12:05:00,2025-01-21 14:05:00,275.89657881136,62.1610223630798,152.257074351232,-2.06967689357992,-118.583750957876,241.416249042124,89.1591746908919,1.55612115671686
"dome","13:05:00",NA,17,"22b_solar_2025-01-21 12-03-51_waggle_annotations.csv",-0.361527854490872,0.932361308950145,273.881320730105,287.312735751437,"ok",721,643,"",-21.27,"solar","20250121/2025-01-21 12-03-51.mkv",20250121,"22b_solar_2025-01-21 12-03-51_13:05:00_20250121","22b",2025-01-21 12:05:00,2025-01-21 14:05:00,275.89657881136,62.1610223630798,152.257074351232,-1.26863208540459,-72.687264248563,287.312735751437,135.055661400205,2.35716596489219
"dome","13:05:00",NA,18,"22b_solar_2025-01-21 12-03-51_waggle_annotations.csv",-0.0885397902837944,0.996072640692686,273.881320730105,271.19828712991,"ok",881,686,"",-21.27,"solar","20250121/2025-01-21 12-03-51.mkv",20250121,"22b_solar_2025-01-21 12-03-51_13:05:00_20250121","22b",2025-01-21 12:05:00,2025-01-21 14:05:00,275.89657881136,62.1610223630798,152.257074351232,-1.54988227099369,-88.80171287009,271.19828712991,118.941212778678,2.07591577930308
"dome","16:02:00",NA,1,"73b_2025-01-22 15-00-37_waggle_annotations.csv",0.0738716855153118,0.997267754456709,133.976729314166,41.7868758867757,"ok",596,821,"",-21.27,"antisolar","20250122/2025-01-22 15-00-37.mkv",20250122,"73b_2025-01-22 15-00-37_16:02:00_20250122","73b",2025-01-22 15:02:00,2025-01-22 17:02:00,258.284936731628,22.492445635747,169.868716430964,0.729318568346461,41.7868758867757,41.7868758867757,128.081840544188,-2.23544982951045
"dome","16:02:00",NA,2,"73b_2025-01-22 15-00-37_waggle_annotations.csv",0.998339941675609,0.0575965350966697,133.976729314166,319.32513636027,"ok",695,707,"",-21.27,"antisolar","20250122/2025-01-22 15-00-37.mkv",20250122,"73b_2025-01-22 15-00-37_16:02:00_20250122","73b",2025-01-22 15:02:00,2025-01-22 17:02:00,258.284936731628,22.492445635747,169.868716430964,-0.709910293313014,-40.67486363973,319.32513636027,149.456419929306,2.60850661600966
"dome","16:02:00",NA,3,"73b_2025-01-22 15-00-37_waggle_annotations.csv",0.548026257310873,0.836461129579754,133.976729314166,12.7915596178551,"ok",677,690,"",-21.27,"antisolar","20250122/2025-01-22 15-00-37.mkv",20250122,"73b_2025-01-22 15-00-37_16:02:00_20250122","73b",2025-01-22 15:02:00,2025-01-22 17:02:00,258.284936731628,22.492445635747,169.868716430964,0.223254831796719,12.7915596178551,12.7915596178551,157.077156813109,-2.7415135660602
"dome","16:02:00",NA,4,"73b_2025-01-22 15-00-37_waggle_annotations.csv",-0.51107539287715,0.859535888020661,133.976729314166,76.7587583877545,"ok",663,682,"",-21.27,"antisolar","20250122/2025-01-22 15-00-37.mkv",20250122,"73b_2025-01-22 15-00-37_16:02:00_20250122","73b",2025-01-22 15:02:00,2025-01-22 17:02:00,258.284936731628,22.492445635747,169.868716430964,1.33969306360913,76.7587583877545,76.7587583877545,93.1099580432096,-1.62507533424778
"dome","16:02:00",NA,5,"73b_2025-01-22 15-00-37_waggle_annotations.csv",0.108447510175418,0.994102176607995,133.976729314166,39.7974416214087,"ok",698,782,"",-21.27,"antisolar","20250122/2025-01-22 15-00-37.mkv",20250122,"73b_2025-01-22 15-00-37_16:02:00_20250122","73b",2025-01-22 15:02:00,2025-01-22 17:02:00,258.284936731628,22.492445635747,169.868716430964,0.694596390163812,39.7974416214087,39.7974416214087,130.071274809555,-2.2701720076931
"dome","16:02:00",NA,6,"73b_2025-01-22 15-00-37_waggle_annotations.csv",0.289004591935612,0.957327710786714,133.976729314166,29.2248989045292,"ok",734,745,"",-21.27,"antisolar","20250122/2025-01-22 15-00-37.mkv",20250122,"73b_2025-01-22 15-00-37_16:02:00_20250122","73b",2025-01-22 15:02:00,2025-01-22 17:02:00,258.284936731628,22.492445635747,169.868716430964,0.510070709446518,29.2248989045292,29.2248989045292,140.643817526435,-2.4546976884104
"dome","16:02:00",NA,7,"73b_2025-01-22 15-00-37_waggle_annotations.csv",0.173431973782291,0.984845851120864,133.976729314166,36.0358491108209,"ok",700,729,"",-21.27,"antisolar","20250122/2025-01-22 15-00-37.mkv",20250122,"73b_2025-01-22 15-00-37_16:02:00_20250122","73b",2025-01-22 15:02:00,2025-01-22 17:02:00,258.284936731628,22.492445635747,169.868716430964,0.628944215735696,36.0358491108209,36.0358491108209,133.832867320143,-2.33582418212122
"dome","12:38:00",NA,1,"80w_2025-01-23 11-39-25_waggle_annotations.csv",-0.486407537039929,-0.873732057275427,155.969731781122,174.925536591459,"ok",659,860,"",-21.27,"antisolar","20250123/2025-01-23 11-39-25.mkv",20250123,"80w_2025-01-23 11-39-25_12:38:00_20250123","80w",2025-01-23 11:38:00,2025-01-23 13:38:00,281.988167790077,68.1403215124034,146.165485372515,3.05302655933878,174.925536591459,174.925536591459,28.7600512189441,0.501957586812783
"dome","12:38:00",NA,2,"80w_2025-01-23 11-39-25_waggle_annotations.csv",-0.803098028233802,-0.595846924173466,155.969731781122,150.603299197397,"ok",696,844,"",-21.27,"antisolar","20250123/2025-01-23 11-39-25.mkv",20250123,"80w_2025-01-23 11-39-25_12:38:00_20250123","80w",2025-01-23 11:38:00,2025-01-23 13:38:00,281.988167790077,68.1403215124034,146.165485372515,2.62852343536071,150.603299197397,150.603299197397,4.43781382488208,0.0774544628347154
"dome","12:38:00",NA,3,"80w_2025-01-23 11-39-25_waggle_annotations.csv",-0.785269165627778,-0.619154534437287,155.969731781122,152.284688571395,"ok",687,831,"",-21.27,"antisolar","20250123/2025-01-23 11-39-25.mkv",20250123,"80w_2025-01-23 11-39-25_12:38:00_20250123","80w",2025-01-23 11:38:00,2025-01-23 13:38:00,281.988167790077,68.1403215124034,146.165485372515,2.65786921594502,152.284688571395,152.284688571395,6.11920319888009,0.106800243419027
"dome","12:38:00",NA,4,"80w_2025-01-23 11-39-25_waggle_annotations.csv",-0.999783056728112,-0.0208288136818357,155.969731781122,115.22375764286,"ok",702,764,"",-21.27,"antisolar","20250123/2025-01-23 11-39-25.mkv",20250123,"80w_2025-01-23 11-39-25_12:38:00_20250123","80w",2025-01-23 11:38:00,2025-01-23 13:38:00,281.988167790077,68.1403215124034,146.165485372515,2.01103394738789,115.22375764286,115.22375764286,30.9417277296549,-0.540035025138108
"dome","12:38:00",NA,5,"80w_2025-01-23 11-39-25_waggle_annotations.csv",-0.766191543125793,-0.642612261976471,155.969731781122,154.017154463842,"ok",702,827,"",-21.27,"antisolar","20250123/2025-01-23 11-39-25.mkv",20250123,"80w_2025-01-23 11-39-25_12:38:00_20250123","80w",2025-01-23 11:38:00,2025-01-23 13:38:00,281.988167790077,68.1403215124034,146.165485372515,2.68810644994672,154.017154463842,154.017154463842,7.85166909132707,0.137037477420729
"dome","12:38:00",NA,6,"80w_2025-01-23 11-39-25_waggle_annotations.csv",-0.983453188589073,0.181162429476935,155.969731781122,103.59279286776,"ok",664,763,"",-21.27,"antisolar","20250123/2025-01-23 11-39-25.mkv",20250123,"80w_2025-01-23 11-39-25_12:38:00_20250123","80w",2025-01-23 11:38:00,2025-01-23 13:38:00,281.988167790077,68.1403215124034,146.165485372515,1.80803531687891,103.59279286776,103.59279286776,42.5726925047549,-0.743033655647085
"dome","12:38:00",NA,7,"80w_2025-01-23 11-39-25_waggle_annotations.csv",-0.999133073092352,0.0416305447121813,155.969731781122,111.644324188489,"ok",683,916,"",-21.27,"antisolar","20250123/2025-01-23 11-39-25.mkv",20250123,"80w_2025-01-23 11-39-25_12:38:00_20250123","80w",2025-01-23 11:38:00,2025-01-23 13:38:00,281.988167790077,68.1403215124034,146.165485372515,1.94856104825308,111.644324188489,111.644324188489,34.5211611840259,-0.602507924272917
"dome","12:38:00",NA,8,"80w_2025-01-23 11-39-25_waggle_annotations.csv",-0.985736425510407,-0.168296462892021,155.969731781122,123.719054779245,"ok",659,940,"",-21.27,"antisolar","20250123/2025-01-23 11-39-25.mkv",20250123,"80w_2025-01-23 11-39-25_12:38:00_20250123","80w",2025-01-23 11:38:00,2025-01-23 13:38:00,281.988167790077,68.1403215124034,146.165485372515,2.15930485335305,123.719054779245,123.719054779245,22.4464305932699,-0.391764119172944
"dome","12:38:00",NA,9,"80w_2025-01-23 11-39-25_waggle_annotations.csv",-0.982006446980647,0.188847393650124,155.969731781122,103.144741164219,"ok",643,906,"",-21.27,"antisolar","20250123/2025-01-23 11-39-25.mkv",20250123,"80w_2025-01-23 11-39-25_12:38:00_20250123","80w",2025-01-23 11:38:00,2025-01-23 13:38:00,281.988167790077,68.1403215124034,146.165485372515,1.80021533943295,103.144741164219,103.144741164219,43.0207442082959,-0.750853633093045
"dome","12:38:00",NA,10,"80w_2025-01-23 11-39-25_waggle_annotations.csv",-0.989949493661167,-0.14142135623731,155.969731781122,122.160370573034,"ok",688,932,"",-21.27,"antisolar","20250123/2025-01-23 11-39-25.mkv",20250123,"80w_2025-01-23 11-39-25_12:38:00_20250123","80w",2025-01-23 11:38:00,2025-01-23 13:38:00,281.988167790077,68.1403215124034,146.165485372515,2.13210068195584,122.160370573034,122.160370573034,24.0051147994809,-0.41896829057016
"dome","12:28:00",NA,1,"66b_2025-01-26 11-28-07_waggle_annotations.csv",0.978105928984836,0.208107644464859,346.599925966774,115.411552419592,"ok",545,704,"",-21.27,"antisolar","20250126/2025-01-26 11-28-07.mkv",20250126,"66b_2025-01-26 11-28-07_12:28:00_20250126","66b",2025-01-26 11:28:00,2025-01-26 13:28:00,286.624868103911,70.1932997011608,141.52878505868,2.01431158455991,115.411552419592,115.411552419592,26.1172326390884,-0.45583170106142
"dome","12:28:00",NA,2,"66b_2025-01-26 11-28-07_waggle_annotations.csv",0.992277876713668,0.124034734589208,346.599925966774,110.525090382128,"ok",568,715,"",-21.27,"antisolar","20250126/2025-01-26 11-28-07.mkv",20250126,"66b_2025-01-26 11-28-07_12:28:00_20250126","66b",2025-01-26 11:28:00,2025-01-26 13:28:00,286.624868103911,70.1932997011608,141.52878505868,1.92902673323245,110.525090382128,110.525090382128,31.0036946765524,-0.541116552388878
"dome","12:28:00",NA,3,"66b_2025-01-26 11-28-07_waggle_annotations.csv",0.34044108360485,-0.940265849956253,346.599925966774,33.3038235705342,"ok",552,715,"",-21.27,"antisolar","20250126/2025-01-26 11-28-07.mkv",20250126,"66b_2025-01-26 11-28-07_12:28:00_20250126","66b",2025-01-26 11:28:00,2025-01-26 13:28:00,286.624868103911,70.1932997011608,141.52878505868,0.581261374809116,33.3038235705342,33.3038235705342,108.224961488146,-1.88888191081221
"dome","12:28:00",NA,4,"66b_2025-01-26 11-28-07_waggle_annotations.csv",-0.0434372242763069,0.99905615835506,346.599925966774,195.889626955226,"ok",556,682,"",-21.27,"antisolar","20250126/2025-01-26 11-28-07.mkv",20250126,"66b_2025-01-26 11-28-07_12:28:00_20250126","66b",2025-01-26 11:28:00,2025-01-26 13:28:00,286.624868103911,70.1932997011608,141.52878505868,-2.86426634630746,-164.110373044774,195.889626955226,54.3608418965456,0.948775675250799
"dome","12:28:00",NA,5,"66b_2025-01-26 11-28-07_waggle_annotations.csv",-0.14142135623731,-0.989949493661167,346.599925966774,5.26997167907047,"ok",557,724,"",-21.27,"antisolar","20250126/2025-01-26 11-28-07.mkv",20250126,"66b_2025-01-26 11-28-07_12:28:00_20250126","66b",2025-01-26 11:28:00,2025-01-26 13:28:00,286.624868103911,70.1932997011608,141.52878505868,0.0919783572866336,5.26997167907047,5.26997167907047,136.25881337961,-2.3781649283347
"dome","12:28:00",NA,6,"66b_2025-01-26 11-28-07_waggle_annotations.csv",-0.666330983530245,-0.745656100617179,346.599925966774,331.615558024975,"ok",566,658,"",-21.27,"antisolar","20250126/2025-01-26 11-28-07.mkv",20250126,"66b_2025-01-26 11-28-07_12:28:00_20250126","66b",2025-01-26 11:28:00,2025-01-26 13:28:00,286.624868103911,70.1932997011608,141.52878505868,-0.495401968805469,-28.3844419750251,331.615558024975,169.913227033705,-2.9655452544268
"dome","12:28:00",NA,7,"66b_2025-01-26 11-28-07_waggle_annotations.csv",0.824728851845978,-0.565528355551528,346.599925966774,68.9610847244228,"ok",541,703,"",-21.27,"antisolar","20250126/2025-01-26 11-28-07.mkv",20250126,"66b_2025-01-26 11-28-07_12:28:00_20250126","66b",2025-01-26 11:28:00,2025-01-26 13:28:00,286.624868103911,70.1932997011608,141.52878505868,1.20359798418794,68.9610847244228,68.9610847244228,72.5677003342576,-1.26654530143338
"dome","12:28:00",NA,8,"66b_2025-01-26 11-28-07_waggle_annotations.csv",0.991672073525242,0.128788580977304,346.599925966774,110.799668693114,"ok",598,693,"",-21.27,"antisolar","20250126/2025-01-26 11-28-07.mkv",20250126,"66b_2025-01-26 11-28-07_12:28:00_20250126","66b",2025-01-26 11:28:00,2025-01-26 13:28:00,286.624868103911,70.1932997011608,141.52878505868,1.93381902881372,110.799668693114,110.799668693114,30.7291163655664,-0.536324256807607
"dome","12:28:00",NA,9,"66b_2025-01-26 11-28-07_waggle_annotations.csv",0.970142500145332,-0.242535625036333,346.599925966774,89.3638305653,"ok",629,707,"",-21.27,"antisolar","20250126/2025-01-26 11-28-07.mkv",20250126,"66b_2025-01-26 11-28-07_12:28:00_20250126","66b",2025-01-26 11:28:00,2025-01-26 13:28:00,286.624868103911,70.1932997011608,141.52878505868,1.55969307555883,89.3638305653,89.3638305653,52.1649544933804,-0.910450210062498
"dome","12:28:00",NA,10,"66b_2025-01-26 11-28-07_waggle_annotations.csv",0.998868137724438,0.0475651494154494,346.599925966774,106.126385027133,"ok",634,737,"",-21.27,"antisolar","20250126/2025-01-26 11-28-07.mkv",20250126,"66b_2025-01-26 11-28-07_12:28:00_20250126","66b",2025-01-26 11:28:00,2025-01-26 13:28:00,286.624868103911,70.1932997011608,141.52878505868,1.85225484196268,106.126385027133,106.126385027133,35.4024000315474,-0.617888443658647
"dome","12:28:00",NA,11,"66b_2025-01-26 11-28-07_waggle_annotations.csv",0.935697286393792,-0.35280389486979,346.599925966774,82.7411639699189,"ok",676,775,"",-21.27,"antisolar","20250126/2025-01-26 11-28-07.mkv",20250126,"66b_2025-01-26 11-28-07_12:28:00_20250126","66b",2025-01-26 11:28:00,2025-01-26 13:28:00,286.624868103911,70.1932997011608,141.52878505868,1.44410573820759,82.7411639699189,82.7411639699189,58.7876210887615,-1.02603754741374
"dome","12:28:00",NA,12,"66b_2025-01-26 11-28-07_waggle_annotations.csv",0.0665190105237739,-0.997785157856609,346.599925966774,17.2141488675168,"ok",653,781,"",-21.27,"antisolar","20250126/2025-01-26 11-28-07.mkv",20250126,"66b_2025-01-26 11-28-07_12:28:00_20250126","66b",2025-01-26 11:28:00,2025-01-26 13:28:00,286.624868103911,70.1932997011608,141.52878505868,0.300443575666621,17.2141488675168,17.2141488675168,124.314636191164,-2.16969970995471
"dome","12:28:00",NA,13,"66b_2025-01-26 11-28-07_waggle_annotations.csv",0.887994409277288,-0.459854247661453,346.599925966774,76.0223712618947,"ok",707,716,"",-21.27,"antisolar","20250126/2025-01-26 11-28-07.mkv",20250126,"66b_2025-01-26 11-28-07_12:28:00_20250126","66b",2025-01-26 11:28:00,2025-01-26 13:28:00,286.624868103911,70.1932997011608,141.52878505868,1.32684068369358,76.0223712618947,76.0223712618947,65.5064137967857,-1.14330260192775
"dome","12:30:00",NA,1,"81r_2025-01-26 11-30-04_waggle_annotations.csv",0.354357485864212,-0.93511003214167,344.615537733013,36.1385335857864,"ok",640,656,"",-21.27,"antisolar","20250126/2025-01-26 11-30-04.mkv",20250126,"81r_2025-01-26 11-30-04_12:30:00_20250126","81r",2025-01-26 11:30:00,2025-01-26 13:30:00,286.06192231492,69.7605541099917,142.091730847672,0.630736397914525,36.1385335857864,36.1385335857864,105.953197261885,-1.84923214523494
"dome","12:30:00",NA,2,"81r_2025-01-26 11-30-04_waggle_annotations.csv",-0.0539752580150005,-0.998542273277508,344.615537733013,12.29040420807,"ok",711,624,"",-21.27,"antisolar","20250126/2025-01-26 11-30-04.mkv",20250126,"81r_2025-01-26 11-30-04_12:30:00_20250126","81r",2025-01-26 11:30:00,2025-01-26 13:30:00,286.06192231492,69.7605541099917,142.091730847672,0.214508019831788,12.29040420807,12.29040420807,129.801326639602,-2.26546052331768
"dome","12:30:00",NA,3,"81r_2025-01-26 11-30-04_waggle_annotations.csv",-0.593852296837114,0.804574079585767,344.615537733013,231.815320387149,"ok",736,660,"",-21.27,"antisolar","20250126/2025-01-26 11-30-04.mkv",20250126,"81r_2025-01-26 11-30-04_12:30:00_20250126","81r",2025-01-26 11:30:00,2025-01-26 13:30:00,286.06192231492,69.7605541099917,142.091730847672,-2.2372447098583,-128.184679612851,231.815320387149,89.7235895394771,1.56597205417182
"dome","12:30:00",NA,4,"81r_2025-01-26 11-30-04_waggle_annotations.csv",0.934487734928968,0.355995327591988,344.615537733013,126.238920306565,"ok",748,666,"",-21.27,"antisolar","20250126/2025-01-26 11-30-04.mkv",20250126,"81r_2025-01-26 11-30-04_12:30:00_20250126","81r",2025-01-26 11:30:00,2025-01-26 13:30:00,286.06192231492,69.7605541099917,142.091730847672,2.20328480351229,126.238920306565,126.238920306565,15.8528105411069,-0.276683739637179
"dome","12:30:00",NA,5,"81r_2025-01-26 11-30-04_waggle_annotations.csv",0.999384993791767,-0.0350661401330444,344.615537733013,103.374908453966,"ok",705,673,"",-21.27,"antisolar","20250126/2025-01-26 11-30-04.mkv",20250126,"81r_2025-01-26 11-30-04_12:30:00_20250126","81r",2025-01-26 11:30:00,2025-01-26 13:30:00,286.06192231492,69.7605541099917,142.091730847672,1.80423251646943,103.374908453966,103.374908453966,38.7168223937059,-0.67573602668004
"dome","12:30:00",NA,6,"81r_2025-01-26 11-30-04_waggle_annotations.csv",0.415005179923164,-0.909819048293089,344.615537733013,39.9041049551778,"ok",770,702,"",-21.27,"antisolar","20250126/2025-01-26 11-30-04.mkv",20250126,"81r_2025-01-26 11-30-04_12:30:00_20250126","81r",2025-01-26 11:30:00,2025-01-26 13:30:00,286.06192231492,69.7605541099917,142.091730847672,0.696458016529237,39.9041049551778,39.9041049551778,102.187625892494,-1.78351052662023
"dome","12:30:00",NA,7,"81r_2025-01-26 11-30-04_waggle_annotations.csv",0.392565198275995,0.919724178818046,344.615537733013,172.27025428366,"ok",736,676,"",-21.27,"antisolar","20250126/2025-01-26 11-30-04.mkv",20250126,"81r_2025-01-26 11-30-04_12:30:00_20250126","81r",2025-01-26 11:30:00,2025-01-26 13:30:00,286.06192231492,69.7605541099917,142.091730847672,3.00668314049773,172.27025428366,172.27025428366,30.1785234359881,0.526714597348264
"dome","12:30:00",NA,8,"81r_2025-01-26 11-30-04_waggle_annotations.csv",0.998233151734817,-0.0594186399842153,344.615537733013,101.978018511992,"ok",677,680,"",-21.27,"antisolar","20250126/2025-01-26 11-30-04.mkv",20250126,"81r_2025-01-26 11-30-04_12:30:00_20250126","81r",2025-01-26 11:30:00,2025-01-26 13:30:00,286.06192231492,69.7605541099917,142.091730847672,1.77985218769399,101.978018511992,101.978018511992,40.1137123356799,-0.700116355455479
"dome","12:30:00",NA,9,"81r_2025-01-26 11-30-04_waggle_annotations.csv",0.507985019944294,0.861365903383803,344.615537733013,164.854756367053,"ok",648,670,"",-21.27,"antisolar","20250126/2025-01-26 11-30-04.mkv",20250126,"81r_2025-01-26 11-30-04_12:30:00_20250126","81r",2025-01-26 11:30:00,2025-01-26 13:30:00,286.06192231492,69.7605541099917,142.091730847672,2.87725828617816,164.854756367053,164.854756367053,22.7630255193811,0.397289743028692
"dome","12:30:00",NA,10,"81r_2025-01-26 11-30-04_waggle_annotations.csv",0.539666114720432,0.841879138963874,344.615537733013,162.723549545313,"ok",655,670,"",-21.27,"antisolar","20250126/2025-01-26 11-30-04.mkv",20250126,"81r_2025-01-26 11-30-04_12:30:00_20250126","81r",2025-01-26 11:30:00,2025-01-26 13:30:00,286.06192231492,69.7605541099917,142.091730847672,2.84006171009783,162.723549545313,162.723549545313,20.6318186976411,0.360093166948366
"dome","12:30:00",NA,11,"81r_2025-01-26 11-30-04_waggle_annotations.csv",0.519580604718229,0.854421438869976,344.615537733013,164.080338771396,"ok",652,720,"",-21.27,"antisolar","20250126/2025-01-26 11-30-04.mkv",20250126,"81r_2025-01-26 11-30-04_12:30:00_20250126","81r",2025-01-26 11:30:00,2025-01-26 13:30:00,286.06192231492,69.7605541099917,142.091730847672,2.86374214934857,164.080338771396,164.080338771396,21.9886079237241,0.3837736061991
"dome","12:30:00",NA,12,"81r_2025-01-26 11-30-04_waggle_annotations.csv",0.994658623817395,0.103219291150862,344.615537733013,111.30904424897,"ok",636,740,"",-21.27,"antisolar","20250126/2025-01-26 11-30-04.mkv",20250126,"81r_2025-01-26 11-30-04_12:30:00_20250126","81r",2025-01-26 11:30:00,2025-01-26 13:30:00,286.06192231492,69.7605541099917,142.091730847672,1.94270930939259,111.30904424897,111.30904424897,30.7826865987019,-0.537259233756883
"dome","12:30:00",NA,13,"81r_2025-01-26 11-30-04_waggle_annotations.csv",0.645942241466174,-0.763386285369115,344.615537733013,55.6208205762609,"ok",711,757,"",-21.27,"antisolar","20250126/2025-01-26 11-30-04.mkv",20250126,"81r_2025-01-26 11-30-04_12:30:00_20250126","81r",2025-01-26 11:30:00,2025-01-26 13:30:00,286.06192231492,69.7605541099917,142.091730847672,0.970766451716762,55.6208205762609,55.6208205762609,86.470910271411,-1.50920209143271
"dome","12:30:00",NA,14,"81r_2025-01-26 11-30-04_waggle_annotations.csv",0.991122022459366,-0.132955393256744,344.615537733013,97.7440555059603,"ok",677,872,"",-21.27,"antisolar","20250126/2025-01-26 11-30-04.mkv",20250126,"81r_2025-01-26 11-30-04_12:30:00_20250126","81r",2025-01-26 11:30:00,2025-01-26 13:30:00,286.06192231492,69.7605541099917,142.091730847672,1.7059555928311,97.7440555059603,97.7440555059603,44.3476753417116,-0.774012950318369
"dome","12:30:00",NA,15,"81r_2025-01-26 11-30-04_waggle_annotations.csv",0.379918853976865,0.925019818378453,344.615537733013,173.055805888968,"ok",729,838,"",-21.27,"antisolar","20250126/2025-01-26 11-30-04.mkv",20250126,"81r_2025-01-26 11-30-04_12:30:00_20250126","81r",2025-01-26 11:30:00,2025-01-26 13:30:00,286.06192231492,69.7605541099917,142.091730847672,3.02039360245468,173.055805888968,173.055805888968,30.9640750412961,0.540425059305216
"dome","12:30:00",NA,16,"81r_2025-01-26 11-30-04_waggle_annotations.csv",-0.387232484355092,-0.921982105607361,344.615537733013,352.602056536505,"ok",686,731,"",-21.27,"antisolar","20250126/2025-01-26 11-30-04.mkv",20250126,"81r_2025-01-26 11-30-04_12:30:00_20250126","81r",2025-01-26 11:30:00,2025-01-26 13:30:00,286.06192231492,69.7605541099917,142.091730847672,-0.129118471314381,-7.397943463495,352.602056536505,149.489674311167,-2.60908701446385
"dome","12:30:00",NA,17,"81r_2025-01-26 11-30-04_waggle_annotations.csv",0.907562518381319,-0.41991698611673,344.615537733013,80.5551156788374,"ok",634,727,"",-21.27,"antisolar","20250126/2025-01-26 11-30-04.mkv",20250126,"81r_2025-01-26 11-30-04_12:30:00_20250126","81r",2025-01-26 11:30:00,2025-01-26 13:30:00,286.06192231492,69.7605541099917,142.091730847672,1.40595199792062,80.5551156788374,80.5551156788374,61.5366151688345,-1.07401654522885
"dome","12:32:00",NA,1,"73b_2025-01-26 11-32-56_waggle_annotations.csv",0.193256478024263,-0.98114827304626,293.165707647647,77.9771822106921,"ok",610,877,"",-21.27,"solar","20250126/2025-01-26 11-32-56.mkv",20250126,"73b_2025-01-26 11-32-56_12:32:00_20250126","73b",2025-01-26 11:32:00,2025-01-26 13:32:00,285.518194180798,69.3266065976775,142.635458981794,1.36095857100413,77.9771822106921,77.9771822106921,64.6582767711017,-1.12849981832149
"dome","12:32:00",NA,2,"73b_2025-01-26 11-32-56_waggle_annotations.csv",-0.849285325289044,0.527934121125622,293.165707647647,304.968314658749,"ok",555,883,"",-21.27,"solar","20250126/2025-01-26 11-32-56.mkv",20250126,"73b_2025-01-26 11-32-56_12:32:00_20250126","73b",2025-01-26 11:32:00,2025-01-26 13:32:00,285.518194180798,69.3266065976775,142.635458981794,-0.960484102126329,-55.031685341251,304.968314658749,162.332855676955,2.83324281572764
"dome","12:32:00",NA,3,"73b_2025-01-26 11-32-56_waggle_annotations.csv",0.030754675786974,-0.999526963076654,293.165707647647,68.5966833760133,"ok",576,791,"",-21.27,"solar","20250126/2025-01-26 11-32-56.mkv",20250126,"73b_2025-01-26 11-32-56_12:32:00_20250126","73b",2025-01-26 11:32:00,2025-01-26 13:32:00,285.518194180798,69.3266065976775,142.635458981794,1.19723798085949,68.5966833760133,68.5966833760133,74.0387756057805,-1.29222040846613
"dome","12:32:00",NA,4,"73b_2025-01-26 11-32-56_waggle_annotations.csv",-0.514495755427527,0.857492925712544,293.165707647647,277.798048884426,"ok",589,823,"",-21.27,"solar","20250126/2025-01-26 11-32-56.mkv",20250126,"73b_2025-01-26 11-32-56_12:32:00_20250126","73b",2025-01-26 11:32:00,2025-01-26 13:32:00,285.518194180798,69.3266065976775,142.635458981794,-1.43469469853019,-82.201951115574,277.798048884426,135.162589902632,2.35903221932377
"dome","12:32:00",NA,5,"73b_2025-01-26 11-32-56_waggle_annotations.csv",0.546622500934912,-0.837379150368376,293.165707647647,99.9699019010716,"ok",620,836,"",-21.27,"solar","20250126/2025-01-26 11-32-56.mkv",20250126,"73b_2025-01-26 11-32-56_12:32:00_20250126","73b",2025-01-26 11:32:00,2025-01-26 13:32:00,285.518194180798,69.3266065976775,142.635458981794,1.74480394106944,99.9699019010716,99.9699019010716,42.6655570807222,-0.744654448256182
"dome","12:32:00",NA,6,"73b_2025-01-26 11-32-56_waggle_annotations.csv",1,0,293.165707647647,156.834292352353,"ok",490,849,"",-21.27,"solar","20250126/2025-01-26 11-32-56.mkv",20250126,"73b_2025-01-26 11-32-56_12:32:00_20250126","73b",2025-01-26 11:32:00,2025-01-26 13:32:00,285.518194180798,69.3266065976775,142.635458981794,2.73727478158392,156.834292352353,156.834292352353,14.1988333705592,0.247816392258302
"dome","12:32:00",NA,7,"73b_2025-01-26 11-32-56_waggle_annotations.csv",0.0336887316936593,0.999432373578559,293.165707647647,244.903704911186,"ok",521,838,"",-21.27,"solar","20250126/2025-01-26 11-32-56.mkv",20250126,"73b_2025-01-26 11-32-56_12:32:00_20250126","73b",2025-01-26 11:32:00,2025-01-26 13:32:00,285.518194180798,69.3266065976775,142.635458981794,-2.00880930614678,-115.096295088814,244.903704911186,102.268245929392,1.78491761170718
"dome","12:32:00",NA,8,"73b_2025-01-26 11-32-56_waggle_annotations.csv",-0.991417173479175,0.130736330568682,293.165707647647,329.3221482493,"ok",515,760,"",-21.27,"solar","20250126/2025-01-26 11-32-56.mkv",20250126,"73b_2025-01-26 11-32-56_12:32:00_20250126","73b",2025-01-26 11:32:00,2025-01-26 13:32:00,285.518194180798,69.3266065976775,142.635458981794,-0.535429520488421,-30.6778517507,329.3221482493,173.313310732494,-3.02488790981404
"dome","12:46:00",NA,1,"81r_2025-01-26 11-46-21_waggle_annotations.csv",-0.0889319379745055,0.996037705314462,287.774651329443,257.327513922915,"ok",619,757,"",-21.27,"solar","20250126/2025-01-26 11-46-21.mkv",20250126,"81r_2025-01-26 11-46-21_12:46:00_20250126","81r",2025-01-26 11:46:00,2025-01-26 13:46:00,282.163549355921,66.26125339457,145.990103806671,-1.79197293325317,-102.672486077085,257.327513922915,111.337410116244,1.94320438717171
"dome","12:46:00",NA,2,"81r_2025-01-26 11-46-21_waggle_annotations.csv",-0.086098841978363,0.996286600035344,287.774651329443,257.164564212683,"ok",600,776,"",-21.27,"solar","20250126/2025-01-26 11-46-21.mkv",20250126,"81r_2025-01-26 11-46-21_12:46:00_20250126","81r",2025-01-26 11:46:00,2025-01-26 13:46:00,282.163549355921,66.26125339457,145.990103806671,-1.79481694221189,-102.835435787317,257.164564212683,111.174460406012,1.94036037821299
"dome","12:46:00",NA,3,"81r_2025-01-26 11-46-21_waggle_annotations.csv",-0.149805379427995,0.988715504224767,287.774651329443,260.840996854721,"ok",588,828,"",-21.27,"solar","20250126/2025-01-26 11-46-21.mkv",20250126,"81r_2025-01-26 11-46-21_12:46:00_20250126","81r",2025-01-26 11:46:00,2025-01-26 13:46:00,282.163549355921,66.26125339457,145.990103806671,-1.73065108788053,-99.159003145279,260.840996854721,114.850893048051,2.00452623254435
"dome","12:46:00",NA,4,"81r_2025-01-26 11-46-21_waggle_annotations.csv",0.0340711162832659,0.999419410975799,287.774651329443,250.272839621158,"ok",567,883,"",-21.27,"solar","20250126/2025-01-26 11-46-21.mkv",20250126,"81r_2025-01-26 11-46-21_12:46:00_20250126","81r",2025-01-26 11:46:00,2025-01-26 13:46:00,282.163549355921,66.26125339457,145.990103806671,-1.91510022747466,-109.727160378842,250.272839621158,104.282735814487,1.82007709295022
"dome","12:46:00",NA,5,"81r_2025-01-26 11-46-21_waggle_annotations.csv",-0.707106781186548,0.707106781186548,287.774651329443,297.225348670557,"ok",609,887,"",-21.27,"solar","20250126/2025-01-26 11-46-21.mkv",20250126,"81r_2025-01-26 11-46-21_12:46:00_20250126","81r",2025-01-26 11:46:00,2025-01-26 13:46:00,282.163549355921,66.26125339457,145.990103806671,-1.09562435249022,-62.774651329443,297.225348670557,151.235244863887,2.63955296793466
"dome","12:46:00",NA,6,"81r_2025-01-26 11-46-21_waggle_annotations.csv",0.0893843646856246,0.99599720649696,287.774651329443,247.097157628704,"ok",544,845,"",-21.27,"solar","20250126/2025-01-26 11-46-21.mkv",20250126,"81r_2025-01-26 11-46-21_12:46:00_20250126","81r",2025-01-26 11:46:00,2025-01-26 13:46:00,282.163549355921,66.26125339457,145.990103806671,-1.97052633423928,-112.902842371296,247.097157628704,101.107053822033,1.7646509861856
"dome","12:46:00",NA,7,"81r_2025-01-26 11-46-21_waggle_annotations.csv",-0.0712470499879097,0.997458699830735,287.774651329443,256.310965450532,"ok",551,793,"",-21.27,"solar","20250126/2025-01-26 11-46-21.mkv",20250126,"81r_2025-01-26 11-46-21_12:46:00_20250126","81r",2025-01-26 11:46:00,2025-01-26 13:46:00,282.163549355921,66.26125339457,145.990103806671,-1.80971505110237,-103.689034549468,256.310965450532,110.320861643862,1.92546226932251
"dome","12:46:00",NA,8,"81r_2025-01-26 11-46-21_waggle_annotations.csv",-0.32314385329151,0.946349856067995,287.774651329443,271.078507434976,"ok",568,782,"",-21.27,"solar","20250126/2025-01-26 11-46-21.mkv",20250126,"81r_2025-01-26 11-46-21_12:46:00_20250126","81r",2025-01-26 11:46:00,2025-01-26 13:46:00,282.163549355921,66.26125339457,145.990103806671,-1.55197282104733,-88.921492565024,271.078507434976,125.088403628306,2.18320449937755
"dome","12:46:00",NA,9,"81r_2025-01-26 11-46-21_waggle_annotations.csv",-0.076696498884737,0.997054485501582,287.774651329443,256.624054025553,"ok",557,765,"",-21.27,"solar","20250126/2025-01-26 11-46-21.mkv",20250126,"81r_2025-01-26 11-46-21_12:46:00_20250126","81r",2025-01-26 11:46:00,2025-01-26 13:46:00,282.163549355921,66.26125339457,145.990103806671,-1.80425062461788,-103.375945974447,256.624054025553,110.633950218882,1.930926695807
"dome","12:46:00",NA,10,"81r_2025-01-26 11-46-21_waggle_annotations.csv",-0.132163720091018,0.991227900682635,287.774651329443,259.819992039149,"ok",574,793,"",-21.27,"solar","20250126/2025-01-26 11-46-21.mkv",20250126,"81r_2025-01-26 11-46-21_12:46:00_20250126","81r",2025-01-26 11:46:00,2025-01-26 13:46:00,282.163549355921,66.26125339457,145.990103806671,-1.74847098359098,-100.180007960851,259.819992039149,113.829888232478,1.9867063368339
"dome","12:46:00",NA,11,"81r_2025-01-26 11-46-21_waggle_annotations.csv",-0.108936840898867,0.99404867320216,287.774651329443,258.479381414474,"ok",572,811,"",-21.27,"solar","20250126/2025-01-26 11-46-21.mkv",20250126,"81r_2025-01-26 11-46-21_12:46:00_20250126","81r",2025-01-26 11:46:00,2025-01-26 13:46:00,282.163549355921,66.26125339457,145.990103806671,-1.77186905297878,-101.520618585526,258.479381414474,112.489277607804,1.9633082674461
"dome","12:46:00",NA,12,"81r_2025-01-26 11-46-21_waggle_annotations.csv",-0.845488903030971,0.533992991387982,287.774651329443,309.94970435598,"ok",612,800,"",-21.27,"solar","20250126/2025-01-26 11-46-21.mkv",20250126,"81r_2025-01-26 11-46-21_12:46:00_20250126","81r",2025-01-26 11:46:00,2025-01-26 13:46:00,282.163549355921,66.26125339457,145.990103806671,-0.873542450584725,-50.05029564402,309.94970435598,163.959600549309,2.86163486984015
"dome","12:46:00",NA,13,"81r_2025-01-26 11-46-21_waggle_annotations.csv",0.19047746835532,0.981691567677419,287.774651329443,241.244698660384,"ok",561,783,"",-21.27,"solar","20250126/2025-01-26 11-46-21.mkv",20250126,"81r_2025-01-26 11-46-21_12:46:00_20250126","81r",2025-01-26 11:46:00,2025-01-26 13:46:00,282.163549355921,66.26125339457,145.990103806671,-2.07267101257433,-118.755301339616,241.244698660384,95.2545948537135,1.66250630785055
"dome","16:14:00",NA,1,"20y_2025-01-26 15-13-26_waggle_annotations.csv",0.0905357460425185,0.995893206467704,110.829850594172,63.9757204980933,"ok",556,406,"",-21.27,"antisolar","20250126/2025-01-26 15-13-26.mkv",20250126,"20y_2025-01-26 15-13-26_16:14:00_20250126","20y",2025-01-26 15:14:00,2025-01-26 17:14:00,258.268315869311,19.7064775723056,169.885337293281,1.11658696402735,63.9757204980933,63.9757204980933,105.909616795188,-1.84847152260151
"dome","16:14:00",NA,2,"20y_2025-01-26 15-13-26_waggle_annotations.csv",-0.028559773898877,0.999592086460695,110.829850594172,70.8067264474448,"ok",688,349,"",-21.27,"antisolar","20250126/2025-01-26 15-13-26.mkv",20250126,"20y_2025-01-26 15-13-26_16:14:00_20250126","20y",2025-01-26 15:14:00,2025-01-26 17:14:00,258.268315869311,19.7064775723056,169.885337293281,1.23581050906686,70.8067264474448,70.8067264474448,99.0786108458362,-1.72924797756201
"dome","16:14:00",NA,3,"20y_2025-01-26 15-13-26_waggle_annotations.csv",0.995158089271001,-0.0982872186934322,110.829850594172,333.529599973671,"ok",698,436,"",-21.27,"antisolar","20250126/2025-01-26 15-13-26.mkv",20250126,"20y_2025-01-26 15-13-26_16:14:00_20250126","20y",2025-01-26 15:14:00,2025-01-26 17:14:00,258.268315869311,19.7064775723056,169.885337293281,-0.461995634779435,-26.470400026329,333.529599973671,163.64426268039,2.85613118577129
"dome","16:14:00",NA,4,"20y_2025-01-26 15-13-26_waggle_annotations.csv",0.0089282155597246,-0.999960142689157,110.829850594172,249.681705272415,"ok",710,381,"",-21.27,"antisolar","20250126/2025-01-26 15-13-26.mkv",20250126,"20y_2025-01-26 15-13-26_16:14:00_20250126","20y",2025-01-26 15:14:00,2025-01-26 17:14:00,258.268315869311,19.7064775723056,169.885337293281,-1.92541746818186,-110.318294727585,249.681705272415,79.796367979134,1.39270935236886
"dome","16:14:00",NA,5,"20y_2025-01-26 15-13-26_waggle_annotations.csv",0.999906186969164,0.0136973450269748,110.829850594172,339.95497400882,"ok",708,399,"",-21.27,"antisolar","20250126/2025-01-26 15-13-26.mkv",20250126,"20y_2025-01-26 15-13-26_16:14:00_20250126","20y",2025-01-26 15:14:00,2025-01-26 17:14:00,258.268315869311,19.7064775723056,169.885337293281,-0.349851702193932,-20.0450259911801,339.95497400882,170.069636715539,2.96827511835679
"dome","16:14:00",NA,6,"20y_2025-01-26 15-13-26_waggle_annotations.csv",0.180874694062151,-0.983506148962945,110.829850594172,259.590861802623,"ok",685,377,"",-21.27,"antisolar","20250126/2025-01-26 15-13-26.mkv",20250126,"20y_2025-01-26 15-13-26_16:14:00_20250126","20y",2025-01-26 15:14:00,2025-01-26 17:14:00,258.268315869311,19.7064775723056,169.885337293281,-1.75247006063423,-100.409138197377,259.590861802623,89.705524509342,1.56565675991649
"dome","16:14:00",NA,7,"20y_2025-01-26 15-13-26_waggle_annotations.csv",0.0688020916153782,-0.997630328422983,110.829850594172,253.115335634866,"ok",704,415,"",-21.27,"antisolar","20250126/2025-01-26 15-13-26.mkv",20250126,"20y_2025-01-26 15-13-26_16:14:00_20250126","20y",2025-01-26 15:14:00,2025-01-26 17:14:00,258.268315869311,19.7064775723056,169.885337293281,-1.86548931306064,-106.884664365134,253.115335634866,83.229998341585,1.45263750749008
"dome","16:14:00",NA,8,"20y_2025-01-26 15-13-26_waggle_annotations.csv",0.997856949050311,-0.0654332425606762,110.829850594172,335.418420335302,"ok",686,416,"",-21.27,"antisolar","20250126/2025-01-26 15-13-26.mkv",20250126,"20y_2025-01-26 15-13-26_16:14:00_20250126","20y",2025-01-26 15:14:00,2025-01-26 17:14:00,258.268315869311,19.7064775723056,169.885337293281,-0.429029500490264,-24.581579664698,335.418420335302,165.533083042021,2.88909732006046
"dome","16:14:00",NA,9,"20y_2025-01-26 15-13-26_waggle_annotations.csv",0.997365816958794,-0.0725356957788214,110.829850594172,335.010507112115,"ok",736,425,"",-21.27,"antisolar","20250126/2025-01-26 15-13-26.mkv",20250126,"20y_2025-01-26 15-13-26_16:14:00_20250126","20y",2025-01-26 15:14:00,2025-01-26 17:14:00,258.268315869311,19.7064775723056,169.885337293281,-0.4361489292973,-24.989492887885,335.010507112115,165.125169818834,2.88197789125342
"dome","16:14:00",NA,10,"20y_2025-01-26 15-13-26_waggle_annotations.csv",0,-1,110.829850594172,249.170149405828,"ok",683,415,"",-21.27,"antisolar","20250126/2025-01-26 15-13-26.mkv",20250126,"20y_2025-01-26 15-13-26_16:14:00_20250126","20y",2025-01-26 15:14:00,2025-01-26 17:14:00,258.268315869311,19.7064775723056,169.885337293281,-1.9343458023617,-110.829850594172,249.170149405828,79.284812112547,1.38378101818903
"dome","16:14:00",NA,11,"20y_2025-01-26 15-13-26_waggle_annotations.csv",0.22560839562262,-0.97421807200677,110.829850594172,262.208805988851,"ok",716,464,"",-21.27,"antisolar","20250126/2025-01-26 15-13-26.mkv",20250126,"20y_2025-01-26 15-13-26_16:14:00_20250126","20y",2025-01-26 15:14:00,2025-01-26 17:14:00,258.268315869311,19.7064775723056,169.885337293281,-1.70677831495111,-97.791194011149,262.208805988851,92.32346869557,1.61134850559961
"dome","16:14:00",NA,1,"47y_2025-01-26 15-15-32_waggle_annotations.csv",0.47581858560099,0.87954344611092,110.829850594172,40.7574879627555,"ok",632,423,"",-21.27,"antisolar","20250126/2025-01-26 15-15-32.mkv",20250126,"47y_2025-01-26 15-15-32_16:14:00_20250126","47y",2025-01-26 15:14:00,2025-01-26 17:14:00,258.268315869311,19.7064775723056,169.885337293281,0.711352359792039,40.7574879627555,40.7574879627555,129.127849330525,-2.25370612683683
"dome","16:14:00",NA,2,"47y_2025-01-26 15-15-32_waggle_annotations.csv",0.999846142010013,0.0175411603861406,110.829850594172,340.175235411082,"ok",674,414,"",-21.27,"antisolar","20250126/2025-01-26 15-15-32.mkv",20250126,"47y_2025-01-26 15-15-32_16:14:00_20250126","47y",2025-01-26 15:14:00,2025-01-26 17:14:00,258.268315869311,19.7064775723056,169.885337293281,-0.3460074155094,-19.824764588918,340.175235411082,170.289898117801,2.97211940504132
"dome","16:14:00",NA,3,"47y_2025-01-26 15-15-32_waggle_annotations.csv",0.536875492193159,-0.843661487732108,110.829850594172,281.641341696677,"ok",692,384,"",-21.27,"antisolar","20250126/2025-01-26 15-15-32.mkv",20250126,"47y_2025-01-26 15-15-32_16:14:00_20250126","47y",2025-01-26 15:14:00,2025-01-26 17:14:00,258.268315869311,19.7064775723056,169.885337293281,-1.36761658483818,-78.358658303323,281.641341696677,111.756004403396,1.95051023571254
"dome","16:14:00",NA,4,"47y_2025-01-26 15-15-32_waggle_annotations.csv",0.66436383882992,-0.74740931868366,110.829850594172,290.803688742398,"ok",686,363,"",-21.27,"antisolar","20250126/2025-01-26 15-15-32.mkv",20250126,"47y_2025-01-26 15-15-32_16:14:00_20250126","47y",2025-01-26 15:14:00,2025-01-26 17:14:00,258.268315869311,19.7064775723056,169.885337293281,-1.20770346167997,-69.196311257602,290.803688742398,120.918351449117,2.11042335887075
"dome","16:14:00",NA,5,"47y_2025-01-26 15-15-32_waggle_annotations.csv",0.654930538417842,-0.755689082789818,110.829850594172,290.084532625853,"ok",666,376,"",-21.27,"antisolar","20250126/2025-01-26 15-15-32.mkv",20250126,"47y_2025-01-26 15-15-32_16:14:00_20250126","47y",2025-01-26 15:14:00,2025-01-26 17:14:00,258.268315869311,19.7064775723056,169.885337293281,-1.22025510374954,-69.915467374147,290.084532625853,120.199195332572,2.09787171680118
"dome","16:14:00",NA,6,"47y_2025-01-26 15-15-32_waggle_annotations.csv",0.603442670185537,-0.797406385602316,110.829850594172,286.287010089098,"ok",696,393,"",-21.27,"antisolar","20250126/2025-01-26 15-15-32.mkv",20250126,"47y_2025-01-26 15-15-32_16:14:00_20250126","47y",2025-01-26 15:14:00,2025-01-26 17:14:00,258.268315869311,19.7064775723056,169.885337293281,-1.2865343754346,-73.712989910902,286.287010089098,116.401672795817,2.03159244511612
"dome","16:14:00",NA,7,"47y_2025-01-26 15-15-32_waggle_annotations.csv",0.707106781186548,-0.707106781186548,110.829850594172,294.170149405828,"ok",655,427,"",-21.27,"antisolar","20250126/2025-01-26 15-15-32.mkv",20250126,"47y_2025-01-26 15-15-32_16:14:00_20250126","47y",2025-01-26 15:14:00,2025-01-26 17:14:00,258.268315869311,19.7064775723056,169.885337293281,-1.14894763896425,-65.829850594172,294.170149405828,124.284812112547,2.16917918158647
"dome","16:14:00",NA,8,"47y_2025-01-26 15-15-32_waggle_annotations.csv",0.887754531448929,-0.460317164455,110.829850594172,311.76257396801,"ok",660,398,"",-21.27,"antisolar","20250126/2025-01-26 15-15-32.mkv",20250126,"47y_2025-01-26 15-15-32_16:14:00_20250126","47y",2025-01-26 15:14:00,2025-01-26 17:14:00,258.268315869311,19.7064775723056,169.885337293281,-0.84190190694545,-48.23742603199,311.76257396801,141.877236674729,2.47622491360527
"dome","16:14:00",NA,9,"47y_2025-01-26 15-15-32_waggle_annotations.csv",0.779011685262919,-0.627009405211618,110.829850594172,300.340324500858,"ok",679,405,"",-21.27,"antisolar","20250126/2025-01-26 15-15-32.mkv",20250126,"47y_2025-01-26 15-15-32_16:14:00_20250126","47y",2025-01-26 15:14:00,2025-01-26 17:14:00,258.268315869311,19.7064775723056,169.885337293281,-1.04125776813142,-59.659675499142,300.340324500858,130.454987207577,2.2768690524193
"dome","16:14:00",NA,10,"47y_2025-01-26 15-15-32_waggle_annotations.csv",0.689363360647644,-0.724415734917863,110.829850594172,292.749883859429,"ok",678,388,"",-21.27,"antisolar","20250126/2025-01-26 15-15-32.mkv",20250126,"47y_2025-01-26 15-15-32_16:14:00_20250126","47y",2025-01-26 15:14:00,2025-01-26 17:14:00,258.268315869311,19.7064775723056,169.885337293281,-1.17373594900155,-67.250116140571,292.749883859429,122.864546566148,2.14439087154918
"dome","12:43:00",NA,1,"22b_2025-01-27 11-41-59_waggle_annotations.csv",0.997630328422983,0.0688020916153782,79.9854041413038,13.9597820877338,"ok",856,994,"",-21.27,"antisolar","20250127/2025-01-27 11-41-59.mkv",20250127,"22b_2025-01-27 11-41-59_12:43:00_20250127","22b",2025-01-27 11:43:00,2025-01-27 13:43:00,283.47909400567,66.8687345845117,144.674559156922,0.243644160291883,13.9597820877338,13.9597820877338,130.714777069188,-2.28140324086772
"dome","12:43:00",NA,2,"22b_2025-01-27 11-41-59_waggle_annotations.csv",0.467121033095552,-0.884193384073724,79.9854041413038,307.862174118484,"ok",871,968,"",-21.27,"antisolar","20250127/2025-01-27 11-41-59.mkv",20250127,"22b_2025-01-27 11-41-59_12:43:00_20250127","22b",2025-01-27 11:43:00,2025-01-27 13:43:00,283.47909400567,66.8687345845117,144.674559156922,-0.90997672646397,-52.137825881516,307.862174118484,163.187614961562,2.84816117955602
"dome","12:43:00",NA,3,"22b_2025-01-27 11-41-59_waggle_annotations.csv",-0.299826596740395,0.953993716901256,79.9854041413038,117.461784281978,"ok",799,1043,"",-21.27,"antisolar","20250127/2025-01-27 11-41-59.mkv",20250127,"22b_2025-01-27 11-41-59_12:43:00_20250127","22b",2025-01-27 11:43:00,2025-01-27 13:43:00,283.47909400567,66.8687345845117,144.674559156922,2.05009488098784,117.461784281978,117.461784281978,27.2127748749441,-0.474952520171762
"dome","12:43:00",NA,4,"22b_2025-01-27 11-41-59_waggle_annotations.csv",0.998752338877845,0.0499376169438922,79.9854041413038,12.877001084808,"ok",693,878,"",-21.27,"antisolar","20250127/2025-01-27 11-41-59.mkv",20250127,"22b_2025-01-27 11-41-59_12:43:00_20250127","22b",2025-01-27 11:43:00,2025-01-27 13:43:00,283.47909400567,66.8687345845117,144.674559156922,0.224746066712781,12.877001084808,12.877001084808,131.797558072114,-2.30030133444682
"dome","12:43:00",NA,5,"22b_2025-01-27 11-41-59_waggle_annotations.csv",0.196116135138184,-0.98058067569092,79.9854041413038,291.324528332716,"ok",591,878,"",-21.27,"antisolar","20250127/2025-01-27 11-41-59.mkv",20250127,"22b_2025-01-27 11-41-59_12:43:00_20250127","22b",2025-01-27 11:43:00,2025-01-27 13:43:00,283.47909400567,66.8687345845117,144.674559156922,-1.19861309595419,-68.675471667284,291.324528332716,146.649969175794,2.5595248100658
"dome","12:43:00",NA,6,"22b_2025-01-27 11-41-59_waggle_annotations.csv",0.996448291857375,0.0842068979034401,79.9854041413038,14.8450158169862,"ok",648,818,"",-21.27,"antisolar","20250127/2025-01-27 11-41-59.mkv",20250127,"22b_2025-01-27 11-41-59_12:43:00_20250127","22b",2025-01-27 11:43:00,2025-01-27 13:43:00,283.47909400567,66.8687345845117,144.674559156922,0.259094403517045,14.8450158169862,14.8450158169862,129.829543339936,-2.26595299764256
"dome","12:43:00",NA,7,"22b_2025-01-27 11-41-59_waggle_annotations.csv",0.384615384615385,-0.923076923076923,79.9854041413038,302.634460806737,"ok",705,699,"",-21.27,"antisolar","20250127/2025-01-27 11-41-59.mkv",20250127,"22b_2025-01-27 11-41-59_12:43:00_20250127","22b",2025-01-27 11:43:00,2025-01-27 13:43:00,283.47909400567,66.8687345845117,144.674559156922,-1.00121753610429,-57.365539193263,302.634460806737,157.959901649815,2.75692036991569
"dome","12:43:00",NA,8,"22b_2025-01-27 11-41-59_waggle_annotations.csv",0.973747847885578,-0.227629367038187,79.9854041413038,356.857053118681,"ok",751,781,"",-21.27,"antisolar","20250127/2025-01-27 11-41-59.mkv",20250127,"22b_2025-01-27 11-41-59_12:43:00_20250127","22b",2025-01-27 11:43:00,2025-01-27 13:43:00,283.47909400567,66.8687345845117,144.674559156922,-0.054854771294304,-3.142946881319,356.857053118681,147.817506038241,-2.57990217245391
"dome","12:43:00",NA,9,"22b_2025-01-27 11-41-59_waggle_annotations.csv",0.149805379427995,-0.988715504224767,79.9854041413038,288.63024404286,"ok",830,720,"",-21.27,"antisolar","20250127/2025-01-27 11-41-59.mkv",20250127,"22b_2025-01-27 11-41-59_12:43:00_20250127","22b",2025-01-27 11:43:00,2025-01-27 13:43:00,283.47909400567,66.8687345845117,144.674559156922,-1.24563722779693,-71.36975595714,288.63024404286,143.955684885938,2.51250067822305
"dome","12:43:00",NA,10,"22b_2025-01-27 11-41-59_waggle_annotations.csv",-0.196116135138184,0.98058067569092,79.9854041413038,111.324528332716,"ok",767,860,"",-21.27,"antisolar","20250127/2025-01-27 11-41-59.mkv",20250127,"22b_2025-01-27 11-41-59_12:43:00_20250127","22b",2025-01-27 11:43:00,2025-01-27 13:43:00,283.47909400567,66.8687345845117,144.674559156922,1.94297955763561,111.324528332716,111.324528332716,33.3500308242061,-0.582067843523994
"dome","12:43:00",NA,11,"22b_2025-01-27 11-41-59_waggle_annotations.csv",0.0808158687660548,0.996729048114676,79.9854041413038,95.3791324317936,"ok",744,764,"",-21.27,"antisolar","20250127/2025-01-27 11-41-59.mkv",20250127,"22b_2025-01-27 11-41-59_12:43:00_20250127","22b",2025-01-27 11:43:00,2025-01-27 13:43:00,283.47909400567,66.8687345845117,144.674559156922,1.6646798986305,95.3791324317936,95.3791324317936,49.2954267251285,-0.860367502529098
"dome","12:43:00",NA,12,"22b_2025-01-27 11-41-59_waggle_annotations.csv",0.255391122837032,0.966837822168765,79.9854041413038,85.2178336136389,"ok",792,832,"",-21.27,"antisolar","20250127/2025-01-27 11-41-59.mkv",20250127,"22b_2025-01-27 11-41-59_12:43:00_20250127","22b",2025-01-27 11:43:00,2025-01-27 13:43:00,283.47909400567,66.8687345845117,144.674559156922,1.4873317779747,85.2178336136389,85.2178336136389,59.4567255432832,-1.03771562318491
"dome","12:43:00",NA,13,"22b_2025-01-27 11-41-59_waggle_annotations.csv",0.179816171265674,0.983700231041629,79.9854041413038,89.6555433706125,"ok",751,743,"",-21.27,"antisolar","20250127/2025-01-27 11-41-59.mkv",20250127,"22b_2025-01-27 11-41-59_12:43:00_20250127","22b",2025-01-27 11:43:00,2025-01-27 13:43:00,283.47909400567,66.8687345845117,144.674559156922,1.56478442448176,89.6555433706125,89.6555433706125,55.0190157863096,-0.960262976677839
"dome","12:43:00",NA,14,"22b_2025-01-27 11-41-59_waggle_annotations.csv",0.959114754596419,-0.283017468569435,79.9854041413038,353.574216337016,"ok",744,779,"",-21.27,"antisolar","20250127/2025-01-27 11-41-59.mkv",20250127,"22b_2025-01-27 11-41-59_12:43:00_20250127","22b",2025-01-27 11:43:00,2025-01-27 13:43:00,283.47909400567,66.8687345845117,144.674559156922,-0.112151081939931,-6.42578366298394,353.574216337016,151.100342819906,-2.63719848309953
"dome","12:43:00",NA,15,"22b_2025-01-27 11-41-59_waggle_annotations.csv",0.689363360647644,0.724415734917863,79.9854041413038,56.4348614050953,"ok",730,737,"",-21.27,"antisolar","20250127/2025-01-27 11-41-59.mkv",20250127,"22b_2025-01-27 11-41-59_12:43:00_20250127","22b",2025-01-27 11:43:00,2025-01-27 13:43:00,283.47909400567,66.8687345845117,144.674559156922,0.984974144425587,56.4348614050953,56.4348614050953,88.2396977518268,-1.54007325673402
"dome","12:43:00",NA,1,"66b_2025-01-27 11-44-44_waggle_annotations.csv",0.891163115601492,0.453683040669851,79.9854041413038,36.9948265769191,"ok",580,884,"",-21.27,"antisolar","20250127/2025-01-27 11-44-44.mkv",20250127,"66b_2025-01-27 11-44-44_12:43:00_20250127","66b",2025-01-27 11:43:00,2025-01-27 13:43:00,283.47909400567,66.8687345845117,144.674559156922,0.645681529971542,36.9948265769191,36.9948265769191,107.679732580003,-1.87936587118806
"dome","12:43:00",NA,2,"66b_2025-01-27 11-44-44_waggle_annotations.csv",-0.976744343171884,0.214407294842609,79.9854041413038,177.633838929889,"ok",729,953,"",-21.27,"antisolar","20250127/2025-01-27 11-44-44.mkv",20250127,"66b_2025-01-27 11-44-44_12:43:00_20250127","66b",2025-01-27 11:43:00,2025-01-27 13:43:00,283.47909400567,66.8687345845117,144.674559156922,3.10029535228384,177.633838929889,177.633838929889,32.9592797729669,0.575247951124242
"dome","12:43:00",NA,3,"66b_2025-01-27 11-44-44_waggle_annotations.csv",0.773957299203321,0.633237790257263,79.9854041413038,49.3040027211966,"ok",729,963,"",-21.27,"antisolar","20250127/2025-01-27 11-44-44.mkv",20250127,"66b_2025-01-27 11-44-44_12:43:00_20250127","66b",2025-01-27 11:43:00,2025-01-27 13:43:00,283.47909400567,66.8687345845117,144.674559156922,0.860517181897124,49.3040027211966,49.3040027211966,95.3705564357255,-1.66453021926248
"dome","12:43:00",NA,4,"66b_2025-01-27 11-44-44_waggle_annotations.csv",-0.0688020916153782,-0.997630328422983,79.9854041413038,276.069409629659,"ok",836,952,"",-21.27,"antisolar","20250127/2025-01-27 11-44-44.mkv",20250127,"66b_2025-01-27 11-44-44_12:43:00_20250127","66b",2025-01-27 11:43:00,2025-01-27 13:43:00,283.47909400567,66.8687345845117,144.674559156922,-1.4648651451051,-83.930590370341,276.069409629659,131.394850472737,2.29327276091489
"dome","12:43:00",NA,5,"66b_2025-01-27 11-44-44_waggle_annotations.csv",0.660880367939409,-0.750491265287126,79.9854041413038,321.381645119208,"ok",613,760,"",-21.27,"antisolar","20250127/2025-01-27 11-44-44.mkv",20250127,"66b_2025-01-27 11-44-44_12:43:00_20250127","66b",2025-01-27 11:43:00,2025-01-27 13:43:00,283.47909400567,66.8687345845117,144.674559156922,-0.674017444373443,-38.618354880792,321.381645119208,176.707085962286,3.08412046164654
"dome","12:48:00",NA,1,"80r_2025-01-27 11-49-16_waggle_annotations.csv",0.524097425664335,0.851658316704544,79.9854041413038,68.4070936124473,"ok",479,522,"",-21.27,"antisolar","20250127/2025-01-27 11-49-16.mkv",20250127,"80r_2025-01-27 11-49-16_12:48:00_20250127","80r",2025-01-27 11:48:00,2025-01-27 13:48:00,282.366954906425,65.7698966374488,145.786698256167,1.19392901525719,68.4070936124473,68.4070936124473,77.3796046437192,-1.35052887492439
"dome","12:48:00",NA,2,"80r_2025-01-27 11-49-16_waggle_annotations.csv",0.911921505175107,-0.410364677328798,79.9854041413038,345.786850540742,"ok",729,531,"",-21.27,"antisolar","20250127/2025-01-27 11-49-16.mkv",20250127,"80r_2025-01-27 11-49-16_12:48:00_20250127","80r",2025-01-27 11:48:00,2025-01-27 13:48:00,282.366954906425,65.7698966374488,145.786698256167,-0.248066255142103,-14.213149459258,345.786850540742,159.999847715425,-2.79252414532369
"dome","12:48:00",NA,3,"80r_2025-01-27 11-49-16_waggle_annotations.csv",0.973239601789937,-0.229792683755957,79.9854041413038,356.729729373794,"ok",873,771,"",-21.27,"antisolar","20250127/2025-01-27 11-49-16.mkv",20250127,"80r_2025-01-27 11-49-16_12:48:00_20250127","80r",2025-01-27 11:48:00,2025-01-27 13:48:00,282.366954906425,65.7698966374488,145.786698256167,-0.0570769898585522,-3.27027062620604,356.729729373794,149.056968882373,-2.60153488004013
"dome","12:48:00",NA,4,"80r_2025-01-27 11-49-16_waggle_annotations.csv",-0.493605519458382,-0.869685915236197,79.9854041413038,250.436757177435,"ok",813,750,"",-21.27,"antisolar","20250127/2025-01-27 11-49-16.mkv",20250127,"80r_2025-01-27 11-49-16_12:48:00_20250127","80r",2025-01-27 11:48:00,2025-01-27 13:48:00,282.366954906425,65.7698966374488,145.786698256167,-1.91223932641581,-109.563242822565,250.436757177435,104.650058921268,1.8264880905822
"dome","12:48:00",NA,5,"80r_2025-01-27 11-49-16_waggle_annotations.csv",0.0228251021328599,-0.999739473419263,79.9854041413038,281.32249146036,"ok",791,684,"",-21.27,"antisolar","20250127/2025-01-27 11-49-16.mkv",20250127,"80r_2025-01-27 11-49-16_12:48:00_20250127","80r",2025-01-27 11:48:00,2025-01-27 13:48:00,282.366954906425,65.7698966374488,145.786698256167,-1.37318157128267,-78.67750853964,281.32249146036,135.535793204193,2.36554584571533
"dome","12:48:00",NA,6,"80r_2025-01-27 11-49-16_waggle_annotations.csv",-0.742491014709086,-0.669856024139719,79.9854041413038,232.070549508709,"ok",805,705,"",-21.27,"antisolar","20250127/2025-01-27 11-49-16.mkv",20250127,"80r_2025-01-27 11-49-16_12:48:00_20250127","80r",2025-01-27 11:48:00,2025-01-27 13:48:00,282.366954906425,65.7698966374488,145.786698256167,-2.23279012134011,-127.929450491291,232.070549508709,86.2838512525425,1.5059372956579
"dome","12:48:00",NA,7,"80r_2025-01-27 11-49-16_waggle_annotations.csv",-0.203446456819084,-0.97908607344184,79.9854041413038,268.276024651974,"ok",829,768,"",-21.27,"antisolar","20250127/2025-01-27 11-49-16.mkv",20250127,"80r_2025-01-27 11-49-16_12:48:00_20250127","80r",2025-01-27 11:48:00,2025-01-27 13:48:00,282.366954906425,65.7698966374488,145.786698256167,-1.60088537284117,-91.723975348026,268.276024651974,122.489326395807,2.13784204415684
"dome","12:48:00",NA,8,"80r_2025-01-27 11-49-16_waggle_annotations.csv",-0.836461129579754,-0.548026257310873,79.9854041413038,223.246306926676,"ok",771,736,"",-21.27,"antisolar","20250127/2025-01-27 11-49-16.mkv",20250127,"80r_2025-01-27 11-49-16_12:48:00_20250127","80r",2025-01-27 11:48:00,2025-01-27 13:48:00,282.366954906425,65.7698966374488,145.786698256167,-2.38680220839127,-136.753693073324,223.246306926676,77.4596086705095,1.35192520860674
"dome","12:48:00",NA,9,"80r_2025-01-27 11-49-16_waggle_annotations.csv",0.999270546182715,0.0381886832936069,79.9854041413038,12.2031784190994,"ok",734,723,"",-21.27,"antisolar","20250127/2025-01-27 11-49-16.mkv",20250127,"80r_2025-01-27 11-49-16_12:48:00_20250127","80r",2025-01-27 11:48:00,2025-01-27 13:48:00,282.366954906425,65.7698966374488,145.786698256167,0.212985642621601,12.2031784190994,12.2031784190994,133.583519837067,-2.33147224755998
"dome","12:48:00",NA,10,"80r_2025-01-27 11-49-16_waggle_annotations.csv",-0.948683298050514,-0.316227766016838,79.9854041413038,208.449544681618,"ok",746,693,"",-21.27,"antisolar","20250127/2025-01-27 11-49-16.mkv",20250127,"80r_2025-01-27 11-49-16_12:48:00_20250127","80r",2025-01-27 11:48:00,2025-01-27 13:48:00,282.366954906425,65.7698966374488,145.786698256167,-2.64505442820232,-151.550455318382,208.449544681618,62.6628464254515,1.09367298879569
"dome","12:48:00",NA,11,"80r_2025-01-27 11-49-16_waggle_annotations.csv",-0.966234939601246,-0.257662650560332,79.9854041413038,204.946013036834,"ok",711,677,"",-21.27,"antisolar","20250127/2025-01-27 11-49-16.mkv",20250127,"80r_2025-01-27 11-49-16_12:48:00_20250127","80r",2025-01-27 11:48:00,2025-01-27 13:48:00,282.366954906425,65.7698966374488,145.786698256167,-2.70620259085161,-155.053986963166,204.946013036834,59.1593147806674,1.03252482614639
"dome","12:48:00",NA,12,"80r_2025-01-27 11-49-16_waggle_annotations.csv",-0.512064542316644,-0.858946974208563,79.9854041413038,249.213149882559,"ok",779,659,"",-21.27,"antisolar","20250127/2025-01-27 11-49-16.mkv",20250127,"80r_2025-01-27 11-49-16_12:48:00_20250127","80r",2025-01-27 11:48:00,2025-01-27 13:48:00,282.366954906425,65.7698966374488,145.786698256167,-1.93359530246281,-110.786850117441,249.213149882559,103.426451626392,1.80513211453519
"dome","12:48:00",NA,13,"80r_2025-01-27 11-49-16_waggle_annotations.csv",-0.690475746682501,-0.723355544143572,79.9854041413038,236.346815712566,"ok",754,627,"",-21.27,"antisolar","20250127/2025-01-27 11-49-16.mkv",20250127,"80r_2025-01-27 11-49-16_12:48:00_20250127","80r",2025-01-27 11:48:00,2025-01-27 13:48:00,282.366954906425,65.7698966374488,145.786698256167,-2.15815519639104,-123.653184287434,236.346815712566,90.5601174563995,1.58057222060696
"dome","12:48:00",NA,14,"80r_2025-01-27 11-49-16_waggle_annotations.csv",-0.204863154122693,-0.978790625252869,79.9854041413038,268.193107518089,"ok",738,627,"",-21.27,"antisolar","20250127/2025-01-27 11-49-16.mkv",20250127,"80r_2025-01-27 11-49-16_12:48:00_20250127","80r",2025-01-27 11:48:00,2025-01-27 13:48:00,282.366954906425,65.7698966374488,145.786698256167,-1.60233254983378,-91.806892481911,268.193107518089,122.406409261922,2.13639486716423
"dome","12:48:00",NA,15,"80r_2025-01-27 11-49-16_waggle_annotations.csv",0.0120473184147734,-0.99992742842619,79.9854041413038,280.704873056561,"ok",695,605,"",-21.27,"antisolar","20250127/2025-01-27 11-49-16.mkv",20250127,"80r_2025-01-27 11-49-16_12:48:00_20250127","80r",2025-01-27 11:48:00,2025-01-27 13:48:00,282.366954906425,65.7698966374488,145.786698256167,-1.38396104594988,-79.295126943439,280.704873056561,134.918174800394,2.35476637104813
"dome","12:48:00",NA,16,"80r_2025-01-27 11-49-16_waggle_annotations.csv",-0.707106781186548,-0.707106781186548,79.9854041413038,235.014595858696,"ok",713,588,"",-21.27,"antisolar","20250127/2025-01-27 11-49-16.mkv",20250127,"80r_2025-01-27 11-49-16_12:48:00_20250127","80r",2025-01-27 11:48:00,2025-01-27 13:48:00,282.366954906425,65.7698966374488,145.786698256167,-2.18140681920151,-124.985404141304,235.014595858696,89.2278976025295,1.55732059779649
"dome","12:48:00",NA,17,"80r_2025-01-27 11-49-16_waggle_annotations.csv",-0.681418527918843,-0.73189397443135,79.9854041413038,237.060004347583,"ok",657,577,"",-21.27,"antisolar","20250127/2025-01-27 11-49-16.mkv",20250127,"80r_2025-01-27 11-49-16_12:48:00_20250127","80r",2025-01-27 11:48:00,2025-01-27 13:48:00,282.366954906425,65.7698966374488,145.786698256167,-2.14570770652219,-122.939995652417,237.060004347583,91.2733060914165,1.59301971047581
"dome","12:48:00",NA,18,"80r_2025-01-27 11-49-16_waggle_annotations.csv",-0.496138938356834,-0.868243142124459,79.9854041413038,250.269714561754,"ok",809,620,"",-21.27,"antisolar","20250127/2025-01-27 11-49-16.mkv",20250127,"80r_2025-01-27 11-49-16_12:48:00_20250127","80r",2025-01-27 11:48:00,2025-01-27 13:48:00,282.366954906425,65.7698966374488,145.786698256167,-1.91515477005058,-109.730285438246,250.269714561754,104.483016305587,1.82357264694742
"dome","12:48:00",NA,19,"80r_2025-01-27 11-49-16_waggle_annotations.csv",-0.316227766016838,-0.948683298050514,79.9854041413038,261.579647035774,"ok",821,639,"",-21.27,"antisolar","20250127/2025-01-27 11-49-16.mkv",20250127,"80r_2025-01-27 11-49-16_12:48:00_20250127","80r",2025-01-27 11:48:00,2025-01-27 13:48:00,282.366954906425,65.7698966374488,145.786698256167,-1.71775921020071,-98.420352964226,261.579647035774,115.792948779607,2.0209682067973
"dome","12:48:00",NA,20,"80r_2025-01-27 11-49-16_waggle_annotations.csv",-0.353400568718577,-0.935472093666821,79.9854041413038,259.319145124633,"ok",821,638,"",-21.27,"antisolar","20250127/2025-01-27 11-49-16.mkv",20250127,"80r_2025-01-27 11-49-16_12:48:00_20250127","80r",2025-01-27 11:48:00,2025-01-27 13:48:00,282.366954906425,65.7698966374488,145.786698256167,-1.75721241129774,-100.680854875367,259.319145124633,113.532446868466,1.98151500570027
"dome","12:48:00",NA,21,"80r_2025-01-27 11-49-16_waggle_annotations.csv",-0.08304547985374,-0.99654575824488,79.9854041413038,275.25095416797,"ok",773,629,"",-21.27,"antisolar","20250127/2025-01-27 11-49-16.mkv",20250127,"80r_2025-01-27 11-49-16_12:48:00_20250127","80r",2025-01-27 11:48:00,2025-01-27 13:48:00,282.366954906425,65.7698966374488,145.786698256167,-1.4791498876925,-84.74904583203,275.25095416797,129.464255911803,2.2595775293055
"dome","12:55:00",NA,1,"66b_2025-01-27 11-56-04_waggle_annotations.csv",0.779508934793305,0.626391108316048,79.9854041413038,48.7989599589936,"ok",767,896,"",-21.27,"antisolar","20250127/2025-01-27 11-56-04.mkv",20250127,"66b_2025-01-27 11-56-04_12:55:00_20250127","66b",2025-01-27 11:55:00,2025-01-27 13:55:00,280.931261574482,64.2240793530633,147.22239158811,0.851702522833315,48.7989599589936,48.7989599589936,98.4234316291163,-1.71781294303961
"dome","12:55:00",NA,2,"66b_2025-01-27 11-56-04_waggle_annotations.csv",0.248802897808993,0.968554137899296,79.9854041413038,85.6079107022593,"ok",610,807,"",-21.27,"antisolar","20250127/2025-01-27 11-56-04.mkv",20250127,"66b_2025-01-27 11-56-04_12:55:00_20250127","66b",2025-01-27 11:55:00,2025-01-27 13:55:00,280.931261574482,64.2240793530633,147.22239158811,1.49413990750772,85.6079107022593,85.6079107022593,61.6144808858506,-1.0753755583652
"dome","12:55:00",NA,3,"66b_2025-01-27 11-56-04_waggle_annotations.csv",0.995037190209989,-0.0995037190209989,79.9854041413038,4.30400272119658,"ok",727,735,"",-21.27,"antisolar","20250127/2025-01-27 11-56-04.mkv",20250127,"66b_2025-01-27 11-56-04_12:55:00_20250127","66b",2025-01-27 11:55:00,2025-01-27 13:55:00,280.931261574482,64.2240793530633,147.22239158811,0.0751190184996759,4.30400272119658,4.30400272119658,142.918388866913,-2.49439644737324
"dome","12:55:00",NA,4,"66b_2025-01-27 11-56-04_waggle_annotations.csv",0.945372981626272,-0.325990683319404,79.9854041413038,350.988989821128,"ok",720,738,"",-21.27,"antisolar","20250127/2025-01-27 11-56-04.mkv",20250127,"66b_2025-01-27 11-56-04_12:55:00_20250127","66b",2025-01-27 11:55:00,2025-01-27 13:55:00,280.931261574482,64.2240793530633,147.22239158811,-0.157271796552041,-9.01101017887209,350.988989821128,156.233401766982,-2.72678726242496
"dome","12:55:00",NA,5,"66b_2025-01-27 11-56-04_waggle_annotations.csv",0.93834311681711,0.345705358827356,79.9854041413038,30.2394552898643,"ok",695,918,"",-21.27,"antisolar","20250127/2025-01-27 11-56-04.mkv",20250127,"66b_2025-01-27 11-56-04_12:55:00_20250127","66b",2025-01-27 11:55:00,2025-01-27 13:55:00,280.931261574482,64.2240793530633,147.22239158811,0.527778058817748,30.2394552898643,30.2394552898643,116.982936298246,-2.04173740705517
"dome","12:55:00",NA,6,"66b_2025-01-27 11-56-04_waggle_annotations.csv",0.827918690488332,0.560848145169515,79.9854041413038,44.1290688040375,"ok",695,979,"",-21.27,"antisolar","20250127/2025-01-27 11-56-04.mkv",20250127,"66b_2025-01-27 11-56-04_12:55:00_20250127","66b",2025-01-27 11:55:00,2025-01-27 13:55:00,280.931261574482,64.2240793530633,147.22239158811,0.770197546469571,44.1290688040375,44.1290688040375,103.093322784072,-1.79931791940335
"dome","12:55:00",NA,7,"66b_2025-01-27 11-56-04_waggle_annotations.csv",0.773957299203321,0.633237790257263,79.9854041413038,49.3040027211966,"ok",690,1012,"",-21.27,"antisolar","20250127/2025-01-27 11-56-04.mkv",20250127,"66b_2025-01-27 11-56-04_12:55:00_20250127","66b",2025-01-27 11:55:00,2025-01-27 13:55:00,280.931261574482,64.2240793530633,147.22239158811,0.860517181897124,49.3040027211966,49.3040027211966,97.9183888669132,-1.7089982839758
"dome","13:04:00",NA,1,"66b_2025-01-27 12-03-34_waggle_annotations.csv",0.990529357563253,-0.137301099068174,268.22277812725,173.885519444515,"ok",754,838,"",-21.27,"solar","20250127/2025-01-27 12-03-34.mkv",20250127,"66b_2025-01-27 12-03-34_13:04:00_20250127","66b",2025-01-27 12:04:00,2025-01-27 14:04:00,279.258725365579,62.226268284126,148.894927797013,3.03487483584741,173.885519444515,173.885519444515,24.9905916475017,0.436168106270299
"dome","13:04:00",NA,2,"66b_2025-01-27 12-03-34_waggle_annotations.csv",0.842449260291346,0.538775689721209,268.22277812725,214.377555446441,"ok",749,878,"",-21.27,"solar","20250127/2025-01-27 12-03-34.mkv",20250127,"66b_2025-01-27 12-03-34_13:04:00_20250127","66b",2025-01-27 12:04:00,2025-01-27 14:04:00,279.258725365579,62.226268284126,148.894927797013,-2.54159112226249,-145.622444553559,214.377555446441,65.4826276494277,1.14288745533999
"dome","13:04:00",NA,3,"66b_2025-01-27 12-03-34_waggle_annotations.csv",-0.335518786289788,0.942033515352096,268.22277812725,291.38131002358,"ok",715,855,"",-21.27,"solar","20250127/2025-01-27 12-03-34.mkv",20250127,"66b_2025-01-27 12-03-34_13:04:00_20250127","66b",2025-01-27 12:04:00,2025-01-27 14:04:00,279.258725365579,62.226268284126,148.894927797013,-1.19762206849376,-68.61868997642,291.38131002358,142.486382226567,2.48685650910872
"dome","13:04:00",NA,4,"66b_2025-01-27 12-03-34_waggle_annotations.csv",0.131589073109893,-0.991304350761197,268.22277812725,99.3386503004172,"ok",637,853,"",-21.27,"solar","20250127/2025-01-27 12-03-34.mkv",20250127,"66b_2025-01-27 12-03-34_13:04:00_20250127","66b",2025-01-27 12:04:00,2025-01-27 14:04:00,279.258725365579,62.226268284126,148.894927797013,1.73378652222953,99.3386503004172,99.3386503004172,49.5562774965961,-0.864920207347575
"dome","13:04:00",NA,5,"66b_2025-01-27 12-03-34_waggle_annotations.csv",-0.105469062013454,0.994422584698277,268.22277812725,277.831413766865,"ok",624,879,"",-21.27,"solar","20250127/2025-01-27 12-03-34.mkv",20250127,"66b_2025-01-27 12-03-34_13:04:00_20250127","66b",2025-01-27 12:04:00,2025-01-27 14:04:00,279.258725365579,62.226268284126,148.894927797013,-1.43411237147709,-82.168586233135,277.831413766865,128.936485969852,2.25036620612539
"dome","13:04:00",NA,6,"66b_2025-01-27 12-03-34_waggle_annotations.csv",0.611447501075765,0.791285001392167,268.22277812725,234.082981406061,"ok",579,845,"",-21.27,"solar","20250127/2025-01-27 12-03-34.mkv",20250127,"66b_2025-01-27 12-03-34_13:04:00_20250127","66b",2025-01-27 12:04:00,2025-01-27 14:04:00,279.258725365579,62.226268284126,148.894927797013,-2.19766655875916,-125.917018593939,234.082981406061,85.1880536090477,1.48681201884332
"dome","13:04:00",NA,7,"66b_2025-01-27 12-03-34_waggle_annotations.csv",0.993605254789719,0.112909688044286,268.22277812725,188.260295565647,"ok",647,845,"",-21.27,"solar","20250127/2025-01-27 12-03-34.mkv",20250127,"66b_2025-01-27 12-03-34_13:04:00_20250127","66b",2025-01-27 12:04:00,2025-01-27 14:04:00,279.258725365579,62.226268284126,148.894927797013,-2.99742329878137,-171.739704434353,188.260295565647,39.3653677686337,0.687055278821112
"dome","13:04:00",NA,8,"66b_2025-01-27 12-03-34_waggle_annotations.csv",0.655686655446243,0.755033118392644,268.22277812725,230.805485539235,"ok",490,890,"",-21.27,"solar","20250127/2025-01-27 12-03-34.mkv",20250127,"66b_2025-01-27 12-03-34_13:04:00_20250127","66b",2025-01-27 12:04:00,2025-01-27 14:04:00,279.258725365579,62.226268284126,148.894927797013,-2.25486965285578,-129.194514460765,230.805485539235,81.9105577422217,1.4296089247467
"dome","13:04:00",NA,9,"66b_2025-01-27 12-03-34_waggle_annotations.csv",-0.368364368108952,0.929681500465451,268.22277812725,293.392000815537,"ok",585,882,"",-21.27,"solar","20250127/2025-01-27 12-03-34.mkv",20250127,"66b_2025-01-27 12-03-34_13:04:00_20250127","66b",2025-01-27 12:04:00,2025-01-27 14:04:00,279.258725365579,62.226268284126,148.894927797013,-1.16252889393458,-66.607999184463,293.392000815537,144.497073018524,2.5219496836679
"dome","13:04:00",NA,10,"66b_2025-01-27 12-03-34_waggle_annotations.csv",0.229039333725547,0.973417168333576,268.22277812725,258.536701957563,"ok",552,832,"",-21.27,"solar","20250127/2025-01-27 12-03-34.mkv",20250127,"66b_2025-01-27 12-03-34_13:04:00_20250127","66b",2025-01-27 12:04:00,2025-01-27 14:04:00,279.258725365579,62.226268284126,148.894927797013,-1.77086862077284,-101.463298042437,258.536701957563,109.64177416055,1.91360995682963
"dome","15:52:00",NA,1,"90r_2025-01-27 14-50-41_waggle_annotations.csv",0.24987801902177,0.968277323709358,90.4462879731271,75.0834179268071,"ok",718,879,"",-21.27,"antisolar","20250127/2025-01-27 14-50-41.mkv",20250127,"90r_2025-01-27 14-50-41_15:52:00_20250127","90r",2025-01-27 14:52:00,2025-01-27 16:52:00,260.549123823671,24.5263699588517,167.604529338921,1.31045285647372,75.0834179268071,75.0834179268071,92.5211114121134,-1.61479802174588
"dome","15:52:00",NA,2,"90r_2025-01-27 14-50-41_waggle_annotations.csv",0.29221853559902,0.956351571051339,90.4462879731271,72.5628887348868,"ok",725,863,"",-21.27,"antisolar","20250127/2025-01-27 14-50-41.mkv",20250127,"90r_2025-01-27 14-50-41_15:52:00_20250127","90r",2025-01-27 14:52:00,2025-01-27 16:52:00,260.549123823671,24.5263699588517,167.604529338921,1.26646132318208,72.5628887348868,72.5628887348868,95.0416406040337,-1.65878955503752
"dome","15:52:00",NA,3,"90r_2025-01-27 14-50-41_waggle_annotations.csv",0.378632845720504,0.925546956205677,90.4462879731271,67.3046883696606,"ok",771,844,"",-21.27,"antisolar","20250127/2025-01-27 14-50-41.mkv",20250127,"90r_2025-01-27 14-50-41_15:52:00_20250127","90r",2025-01-27 14:52:00,2025-01-27 16:52:00,260.549123823671,24.5263699588517,167.604529338921,1.17468841407931,67.3046883696606,67.3046883696606,100.29984096926,-1.75056246414029
"dome","15:52:00",NA,4,"90r_2025-01-27 14-50-41_waggle_annotations.csv",-0.214095921407007,-0.976812641419471,90.4462879731271,257.191219611159,"ok",734,809,"",-21.27,"antisolar","20250127/2025-01-27 14-50-41.mkv",20250127,"90r_2025-01-27 14-50-41_15:52:00_20250127","90r",2025-01-27 14:52:00,2025-01-27 16:52:00,260.549123823671,24.5263699588517,167.604529338921,-1.79435171774505,-102.808780388841,257.191219611159,89.5866902722385,1.56358271121494
"dome","15:52:00",NA,5,"90r_2025-01-27 14-50-41_waggle_annotations.csv",0.389910607928036,0.920852712340681,90.4462879731271,66.6047747459497,"ok",726,834,"",-21.27,"antisolar","20250127/2025-01-27 14-50-41.mkv",20250127,"90r_2025-01-27 14-50-41_15:52:00_20250127","90r",2025-01-27 14:52:00,2025-01-27 16:52:00,260.549123823671,24.5263699588517,167.604529338921,1.16247261686599,66.6047747459497,66.6047747459497,100.999754592971,-1.76277826135361
"dome","15:52:00",NA,1,"95r_2025-01-27 14-50-41_waggle_annotations.csv",-0.146548661089462,0.989203462353871,90.4462879731271,97.9806810483536,"ok",687,1000,"",-21.27,"antisolar","20250127/2025-01-27 14-50-41.mkv",20250127,"95r_2025-01-27 14-50-41_15:52:00_20250127","95r",2025-01-27 14:52:00,2025-01-27 16:52:00,260.549123823671,24.5263699588517,167.604529338921,1.71008548764018,97.9806810483536,97.9806810483536,69.6238482905669,-1.21516539057942
"dome","15:52:00",NA,2,"95r_2025-01-27 14-50-41_waggle_annotations.csv",-0.889287802318147,0.457348012620761,90.4462879731271,152.337600469565,"ok",679,876,"",-21.27,"antisolar","20250127/2025-01-27 14-50-41.mkv",20250127,"95r_2025-01-27 14-50-41_15:52:00_20250127","95r",2025-01-27 14:52:00,2025-01-27 16:52:00,260.549123823671,24.5263699588517,167.604529338921,2.65879270278157,152.337600469565,152.337600469565,15.2669288693556,-0.26645817543803
"dome","15:52:00",NA,3,"95r_2025-01-27 14-50-41_waggle_annotations.csv",0.230877292467922,0.972982875400529,90.4462879731271,76.2049849135856,"ok",681,892,"",-21.27,"antisolar","20250127/2025-01-27 14-50-41.mkv",20250127,"95r_2025-01-27 14-50-41_15:52:00_20250127","95r",2025-01-27 14:52:00,2025-01-27 16:52:00,260.549123823671,24.5263699588517,167.604529338921,1.33002789317468,76.2049849135856,76.2049849135856,91.399544425335,-1.59522298504492
"dome","15:52:00",NA,4,"95r_2025-01-27 14-50-41_waggle_annotations.csv",0.993883734673619,0.110431526074847,90.4462879731271,5.89390377278285,"ok",695,833,"",-21.27,"antisolar","20250127/2025-01-27 14-50-41.mkv",20250127,"95r_2025-01-27 14-50-41_15:52:00_20250127","95r",2025-01-27 14:52:00,2025-01-27 16:52:00,260.549123823671,24.5263699588517,167.604529338921,0.102868026630776,5.89390377278285,5.89390377278285,161.710625566138,-2.82238285158882
"dome","15:52:00",NA,5,"95r_2025-01-27 14-50-41_waggle_annotations.csv",0.268798967813945,0.963196301333304,90.4462879731271,73.9609010876066,"ok",756,807,"",-21.27,"antisolar","20250127/2025-01-27 14-50-41.mkv",20250127,"95r_2025-01-27 14-50-41_15:52:00_20250127","95r",2025-01-27 14:52:00,2025-01-27 16:52:00,260.549123823671,24.5263699588517,167.604529338921,1.29086124172059,73.9609010876066,73.9609010876066,93.643628251314,-1.63438963649901
"dome","15:52:00",NA,6,"95r_2025-01-27 14-50-41_waggle_annotations.csv",0.921511427464901,0.388351244431637,90.4462879731271,22.4056598757886,"ok",736,866,"",-21.27,"antisolar","20250127/2025-01-27 14-50-41.mkv",20250127,"95r_2025-01-27 14-50-41_15:52:00_20250127","95r",2025-01-27 14:52:00,2025-01-27 16:52:00,260.549123823671,24.5263699588517,167.604529338921,0.391052535914495,22.4056598757886,22.4056598757886,145.198869463132,-2.5341983423051
"dome","15:52:00",NA,7,"95r_2025-01-27 14-50-41_waggle_annotations.csv",0,1,90.4462879731271,89.5537120268729,"ok",768,844,"",-21.27,"antisolar","20250127/2025-01-27 14-50-41.mkv",20250127,"95r_2025-01-27 14-50-41_15:52:00_20250127","95r",2025-01-27 14:52:00,2025-01-27 16:52:00,260.549123823671,24.5263699588517,167.604529338921,1.56300713225178,89.5537120268729,89.5537120268729,78.0508173120476,-1.36224374596782
"dome","15:52:00",NA,8,"95r_2025-01-27 14-50-41_waggle_annotations.csv",0.649883793020693,0.76003358844793,90.4462879731271,49.0208710882622,"ok",707,825,"",-21.27,"antisolar","20250127/2025-01-27 14-50-41.mkv",20250127,"95r_2025-01-27 14-50-41_15:52:00_20250127","95r",2025-01-27 14:52:00,2025-01-27 16:52:00,260.549123823671,24.5263699588517,167.604529338921,0.855575602685871,49.0208710882622,49.0208710882622,118.583658250658,-2.06967527553373
"dome","15:52:00",NA,9,"95r_2025-01-27 14-50-41_waggle_annotations.csv",0.786318338822423,0.617821551931904,90.4462879731271,37.710938614242,"ok",713,821,"",-21.27,"antisolar","20250127/2025-01-27 14-50-41.mkv",20250127,"95r_2025-01-27 14-50-41_15:52:00_20250127","95r",2025-01-27 14:52:00,2025-01-27 16:52:00,260.549123823671,24.5263699588517,167.604529338921,0.658180042835991,37.710938614242,37.710938614242,129.893590724679,-2.26707083538361
"dome","15:54:00",NA,1,"84b_2025-01-27 14-52-42_waggle_annotations.csv",0.203755794539315,-0.979021744493784,90.4462879731271,281.310386164909,"ok",748,758,"",-21.27,"antisolar","20250127/2025-01-27 14-52-42.mkv",20250127,"84b_2025-01-27 14-52-42_15:54:00_20250127","84b",2025-01-27 14:54:00,2025-01-27 16:54:00,260.367409731436,24.082250789392,167.786243431156,-1.37339284854522,-78.689613835091,281.310386164909,113.524142733753,1.98137007120799
"dome","15:54:00",NA,2,"84b_2025-01-27 14-52-42_waggle_annotations.csv",0.238524735293595,-0.971136422266779,90.4462879731271,283.353197422892,"ok",705,740,"",-21.27,"antisolar","20250127/2025-01-27 14-52-42.mkv",20250127,"84b_2025-01-27 14-52-42_15:54:00_20250127","84b",2025-01-27 14:54:00,2025-01-27 16:54:00,260.367409731436,24.082250789392,167.786243431156,-1.33773906609661,-76.646802577108,283.353197422892,115.566953991736,2.0170238536566
"dome","15:54:00",NA,3,"84b_2025-01-27 14-52-42_waggle_annotations.csv",-0.196116135138184,-0.98058067569092,90.4462879731271,258.243779552853,"ok",712,713,"",-21.27,"antisolar","20250127/2025-01-27 14-52-42.mkv",20250127,"84b_2025-01-27 14-52-42_15:54:00_20250127","84b",2025-01-27 14:54:00,2025-01-27 16:54:00,260.367409731436,24.082250789392,167.786243431156,-1.77598108118789,-101.756220447147,258.243779552853,90.4575361216971,1.57878183856532
"dome","15:54:00",NA,4,"84b_2025-01-27 14-52-42_waggle_annotations.csv",0.120331367519237,0.992733782033708,90.4462879731271,82.6424849078483,"ok",718,698,"",-21.27,"antisolar","20250127/2025-01-27 14-52-42.mkv",20250127,"84b_2025-01-27 14-52-42_15:54:00_20250127","84b",2025-01-27 14:54:00,2025-01-27 16:54:00,260.367409731436,24.082250789392,167.786243431156,1.44238346367168,82.6424849078483,82.6424849078483,85.1437585233076,-1.4860389237547
"dome","15:54:00",NA,5,"84b_2025-01-27 14-52-42_waggle_annotations.csv",0.166858303692908,0.985980885458093,90.4462879731271,79.94850787186,"ok",767,718,"",-21.27,"antisolar","20250127/2025-01-27 14-52-42.mkv",20250127,"84b_2025-01-27 14-52-42_15:54:00_20250127","84b",2025-01-27 14:54:00,2025-01-27 16:54:00,260.367409731436,24.082250789392,167.786243431156,1.39536469442056,79.94850787186,79.94850787186,87.8377355592959,-1.53305769300582
"dome","15:54:00",NA,6,"84b_2025-01-27 14-52-42_waggle_annotations.csv",0.318960399163489,0.947768043228652,90.4462879731271,70.9536461408399,"ok",772,711,"",-21.27,"antisolar","20250127/2025-01-27 14-52-42.mkv",20250127,"84b_2025-01-27 14-52-42_15:54:00_20250127","84b",2025-01-27 14:54:00,2025-01-27 16:54:00,260.367409731436,24.082250789392,167.786243431156,1.23837474145262,70.9536461408399,70.9536461408399,96.832597290316,-1.69004764597375
"dome","15:54:00",NA,7,"84b_2025-01-27 14-52-42_waggle_annotations.csv",0.321685100847973,0.946846711929882,90.4462879731271,70.7888487339767,"ok",768,704,"",-21.27,"antisolar","20250127/2025-01-27 14-52-42.mkv",20250127,"84b_2025-01-27 14-52-42_15:54:00_20250127","84b",2025-01-27 14:54:00,2025-01-27 16:54:00,260.367409731436,24.082250789392,167.786243431156,1.23549848410411,70.7888487339767,70.7888487339767,96.9973946971792,-1.69292390332227
"dome","15:54:00",NA,8,"84b_2025-01-27 14-52-42_waggle_annotations.csv",0.328520624941273,0.944496796706159,90.4462879731271,70.3747040010622,"ok",793,715,"",-21.27,"antisolar","20250127/2025-01-27 14-52-42.mkv",20250127,"84b_2025-01-27 14-52-42_15:54:00_20250127","84b",2025-01-27 14:54:00,2025-01-27 16:54:00,260.367409731436,24.082250789392,167.786243431156,1.22827029493496,70.3747040010622,70.3747040010622,97.4115394300937,-1.70015209249142
"dome","15:54:00",NA,9,"84b_2025-01-27 14-52-42_waggle_annotations.csv",0.242535625036333,0.970142500145332,90.4462879731271,75.5174685589465,"ok",761,722,"",-21.27,"antisolar","20250127/2025-01-27 14-52-42.mkv",20250127,"84b_2025-01-27 14-52-42_15:54:00_20250127","84b",2025-01-27 14:54:00,2025-01-27 16:54:00,260.367409731436,24.082250789392,167.786243431156,1.31802846912491,75.5174685589465,75.5174685589465,92.2687748722094,-1.61039391830146
"dome","15:54:00",NA,10,"84b_2025-01-27 14-52-42_waggle_annotations.csv",0.420461012783947,0.907310606533781,90.4462879731271,64.6900154551211,"ok",779,732,"",-21.27,"antisolar","20250127/2025-01-27 14-52-42.mkv",20250127,"84b_2025-01-27 14-52-42_15:54:00_20250127","84b",2025-01-27 14:54:00,2025-01-27 16:54:00,260.367409731436,24.082250789392,167.786243431156,1.12905376285788,64.6900154551211,64.6900154551211,103.096227976035,-1.7993686245685
"dome","15:54:00",NA,11,"84b_2025-01-27 14-52-42_waggle_annotations.csv",0.229039333725547,0.973417168333576,90.4462879731271,76.3131921116858,"ok",779,740,"",-21.27,"antisolar","20250127/2025-01-27 14-52-42.mkv",20250127,"84b_2025-01-27 14-52-42_15:54:00_20250127","84b",2025-01-27 14:54:00,2025-01-27 16:54:00,260.367409731436,24.082250789392,167.786243431156,1.33191646505588,76.3131921116858,76.3131921116858,91.4730513194701,-1.5965059223705
"dome","15:54:00",NA,12,"84b_2025-01-27 14-52-42_waggle_annotations.csv",0.474932601123313,0.880022172669669,90.4462879731271,61.1987502415489,"ok",800,762,"",-21.27,"antisolar","20250127/2025-01-27 14-52-42.mkv",20250127,"84b_2025-01-27 14-52-42_15:54:00_20250127","84b",2025-01-27 14:54:00,2025-01-27 16:54:00,260.367409731436,24.082250789392,167.786243431156,1.0681196898207,61.1987502415489,61.1987502415489,106.587493189607,-1.86030269760568
"dome","15:54:00",NA,13,"84b_2025-01-27 14-52-42_waggle_annotations.csv",0.288741795520443,0.957407006199365,90.4462879731271,72.7710678816023,"ok",776,787,"",-21.27,"antisolar","20250127/2025-01-27 14-52-42.mkv",20250127,"84b_2025-01-27 14-52-42_15:54:00_20250127","84b",2025-01-27 14:54:00,2025-01-27 16:54:00,260.367409731436,24.082250789392,167.786243431156,1.27009473472626,72.7710678816023,72.7710678816023,95.0151755495536,-1.65832765270012
"dome","15:54:00",NA,14,"84b_2025-01-27 14-52-42_waggle_annotations.csv",0.507985019944294,0.861365903383803,90.4462879731271,59.0240061269388,"ok",744,803,"",-21.27,"antisolar","20250127/2025-01-27 14-52-42.mkv",20250127,"84b_2025-01-27 14-52-42_15:54:00_20250127","84b",2025-01-27 14:54:00,2025-01-27 16:54:00,260.367409731436,24.082250789392,167.786243431156,1.03016324463239,59.0240061269388,59.0240061269388,108.762237304217,-1.89825914279399
"dome","15:54:00",NA,15,"84b_2025-01-27 14-52-42_waggle_annotations.csv",0.296805080179428,0.954938084055549,90.4462879731271,72.2879025318584,"ok",679,880,"",-21.27,"antisolar","20250127/2025-01-27 14-52-42.mkv",20250127,"84b_2025-01-27 14-52-42_15:54:00_20250127","84b",2025-01-27 14:54:00,2025-01-27 16:54:00,260.367409731436,24.082250789392,167.786243431156,1.26166190854167,72.2879025318584,72.2879025318584,95.4983408992975,-1.6667604788847
"dome","15:56:00",NA,1,"84b_2025-01-27 14-56-39_waggle_annotations.csv",-0.979761913591866,0.200166412454252,90.4462879731271,168.007021480946,"ok",593,836,"",-21.27,"antisolar","20250127/2025-01-27 14-56-39.mkv",20250127,"84b_2025-01-27 14-56-39_15:56:00_20250127","84b",2025-01-27 14:56:00,2025-01-27 16:56:00,260.185621136008,23.6383959588295,167.968032026584,2.93227569131135,168.007021480946,168.007021480946,0.0389894543624507,0.000680494352180832
"dome","15:56:00",NA,2,"84b_2025-01-27 14-56-39_waggle_annotations.csv",-0.0905357460425185,0.995893206467704,90.4462879731271,94.7481409346077,"ok",755,743,"",-21.27,"antisolar","20250127/2025-01-27 14-56-39.mkv",20250127,"84b_2025-01-27 14-56-39_15:56:00_20250127","84b",2025-01-27 14:56:00,2025-01-27 16:56:00,260.185621136008,23.6383959588295,167.968032026584,1.65366701945252,94.7481409346077,94.7481409346077,73.2198910919759,-1.27792817750664
"dome","15:56:00",NA,3,"84b_2025-01-27 14-56-39_waggle_annotations.csv",-0.105293769951942,0.994441160657234,90.4462879731271,95.597804189114,"ok",690,814,"",-21.27,"antisolar","20250127/2025-01-27 14-56-39.mkv",20250127,"84b_2025-01-27 14-56-39_15:56:00_20250127","84b",2025-01-27 14:56:00,2025-01-27 16:56:00,260.185621136008,23.6383959588295,167.968032026584,1.66849644077687,95.597804189114,95.597804189114,72.3702278374696,-1.2630987561823
"dome","15:56:00",NA,4,"84b_2025-01-27 14-56-39_waggle_annotations.csv",0.341743063086704,0.939793423488437,90.4462879731271,69.570605504973,"ok",715,814,"",-21.27,"antisolar","20250127/2025-01-27 14-56-39.mkv",20250127,"84b_2025-01-27 14-56-39_15:56:00_20250127","84b",2025-01-27 14:56:00,2025-01-27 16:56:00,260.185621136008,23.6383959588295,167.968032026584,1.21423612866787,69.570605504973,69.570605504973,98.3974265216106,-1.7173590682913
"dome","15:56:00",NA,5,"84b_2025-01-27 14-56-39_waggle_annotations.csv",0.134363672973578,0.990932088180138,90.4462879731271,81.831886226742,"ok",716,820,"",-21.27,"antisolar","20250127/2025-01-27 14-56-39.mkv",20250127,"84b_2025-01-27 14-56-39_15:56:00_20250127","84b",2025-01-27 14:56:00,2025-01-27 16:56:00,260.185621136008,23.6383959588295,167.968032026584,1.42823584777405,81.831886226742,81.831886226742,86.1361457998416,-1.50335934918512
"dome","15:56:00",NA,6,"84b_2025-01-27 14-56-39_waggle_annotations.csv",0.376650082933873,0.926355609377903,90.4462879731271,67.4273772174997,"ok",748,835,"",-21.27,"antisolar","20250127/2025-01-27 14-56-39.mkv",20250127,"84b_2025-01-27 14-56-39_15:56:00_20250127","84b",2025-01-27 14:56:00,2025-01-27 16:56:00,260.185621136008,23.6383959588295,167.968032026584,1.17682973842958,67.4273772174997,67.4273772174997,100.540654809084,-1.75476545852958
"dome","15:56:00",NA,7,"84b_2025-01-27 14-56-39_waggle_annotations.csv",0.0384331221012044,0.999261174631314,90.4462879731271,87.3511138651072,"ok",688,785,"",-21.27,"antisolar","20250127/2025-01-27 14-56-39.mkv",20250127,"84b_2025-01-27 14-56-39_15:56:00_20250127","84b",2025-01-27 14:56:00,2025-01-27 16:56:00,260.185621136008,23.6383959588295,167.968032026584,1.52456454223059,87.3511138651072,87.3511138651072,80.6169181614764,-1.40703065472858
"dome","15:56:00",NA,8,"84b_2025-01-27 14-56-39_waggle_annotations.csv",0.32314385329151,0.946349856067995,90.4462879731271,70.7005532624538,"ok",704,750,"",-21.27,"antisolar","20250127/2025-01-27 14-56-39.mkv",20250127,"84b_2025-01-27 14-56-39_15:56:00_20250127","84b",2025-01-27 14:56:00,2025-01-27 16:56:00,260.185621136008,23.6383959588295,167.968032026584,1.23395743741144,70.7005532624538,70.7005532624538,97.2674787641297,-1.69763775954773
"dome","15:56:00",NA,9,"84b_2025-01-27 14-56-39_waggle_annotations.csv",-0.0871669502809099,0.996193717496113,90.4462879731271,94.5543566244314,"ok",704,751,"",-21.27,"antisolar","20250127/2025-01-27 14-56-39.mkv",20250127,"84b_2025-01-27 14-56-39_15:56:00_20250127","84b",2025-01-27 14:56:00,2025-01-27 16:56:00,260.185621136008,23.6383959588295,167.968032026584,1.65028484520124,94.5543566244314,94.5543566244314,73.4136754021522,-1.28131035175793
"dome","15:56:00",NA,10,"84b_2025-01-27 14-56-39_waggle_annotations.csv",0.110431526074847,0.993883734673619,90.4462879731271,83.2135202809631,"ok",735,740,"",-21.27,"antisolar","20250127/2025-01-27 14-56-39.mkv",20250127,"84b_2025-01-27 14-56-39_15:56:00_20250127","84b",2025-01-27 14:56:00,2025-01-27 16:56:00,260.185621136008,23.6383959588295,167.968032026584,1.45234991107788,83.2135202809631,83.2135202809631,84.7545117456205,-1.47924528588128
"dome","15:56:00",NA,11,"84b_2025-01-27 14-56-39_waggle_annotations.csv",0.434299185660003,-0.900768681368895,90.4462879731271,295.294420383106,"ok",730,758,"",-21.27,"antisolar","20250127/2025-01-27 14-56-39.mkv",20250127,"84b_2025-01-27 14-56-39_15:56:00_20250127","84b",2025-01-27 14:56:00,2025-01-27 16:56:00,260.185621136008,23.6383959588295,167.968032026584,-1.12932540872613,-64.705579616894,295.294420383106,127.326388356522,2.22226470149429
"dome","15:56:00",NA,12,"84b_2025-01-27 14-56-39_waggle_annotations.csv",0.890761869708233,0.454470341687874,90.4462879731271,26.5845722867159,"ok",753,765,"",-21.27,"antisolar","20250127/2025-01-27 14-56-39.mkv",20250127,"84b_2025-01-27 14-56-39_15:56:00_20250127","84b",2025-01-27 14:56:00,2025-01-27 16:56:00,260.185621136008,23.6383959588295,167.968032026584,0.46398831663763,26.5845722867159,26.5845722867159,141.383459739868,-2.46760688032154
"dome","15:56:00",NA,13,"84b_2025-01-27 14-56-39_waggle_annotations.csv",0.655223960497392,0.755434683867581,90.4462879731271,48.617078019806,"ok",746,786,"",-21.27,"antisolar","20250127/2025-01-27 14-56-39.mkv",20250127,"84b_2025-01-27 14-56-39_15:56:00_20250127","84b",2025-01-27 14:56:00,2025-01-27 16:56:00,260.185621136008,23.6383959588295,167.968032026584,0.84852808414458,48.617078019806,48.617078019806,119.350954006778,-2.08306711281459
"dome","16:04:00",NA,1,"66b_2025-01-27 15-01-25_waggle_annotations.csv",-0.990711579604409,-0.135980020730017,300.84818676461,336.967106782157,"ok",670,743,"",-21.27,"solar","20250127/2025-01-27 15-01-25.mkv",20250127,"66b_2025-01-27 15-01-25_16:04:00_20250127","66b",2025-01-27 15:04:00,2025-01-27 17:04:00,259.457305862919,21.8657427124774,168.696347299673,-0.401999822911633,-23.0328932178431,336.967106782157,168.270759482484,2.93687878780082
"dome","16:04:00",NA,2,"66b_2025-01-27 15-01-25_waggle_annotations.csv",-0.940190624657783,-0.340648777049922,300.84818676461,349.068219229199,"ok",688,667,"",-21.27,"solar","20250127/2025-01-27 15-01-25.mkv",20250127,"66b_2025-01-27 15-01-25_16:04:00_20250127","66b",2025-01-27 15:04:00,2025-01-27 17:04:00,259.457305862919,21.8657427124774,168.696347299673,-0.190795567556682,-10.9317807708011,349.068219229199,179.628128070474,-3.13510226402381
"dome","16:04:00",NA,3,"66b_2025-01-27 15-01-25_waggle_annotations.csv",-0.0712470499879096,-0.997458699830735,300.84818676461,55.0661964554151,"ok",712,723,"",-21.27,"solar","20250127/2025-01-27 15-01-25.mkv",20250127,"66b_2025-01-27 15-01-25_16:04:00_20250127","66b",2025-01-27 15:04:00,2025-01-27 17:04:00,259.457305862919,21.8657427124774,168.696347299673,0.961086434697024,55.0661964554151,55.0661964554151,113.630150844258,-1.98322026177011
"dome","16:04:00",NA,4,"66b_2025-01-27 15-01-25_waggle_annotations.csv",-0.980878946489424,-0.194618838589171,300.84818676461,340.374271304835,"ok",754,815,"",-21.27,"solar","20250127/2025-01-27 15-01-25.mkv",20250127,"66b_2025-01-27 15-01-25_16:04:00_20250127","66b",2025-01-27 15:04:00,2025-01-27 17:04:00,259.457305862919,21.8657427124774,168.696347299673,-0.34253358383376,-19.625728695165,340.374271304835,171.677924005162,2.99634502687869
"dome","16:04:00",NA,5,"66b_2025-01-27 15-01-25_waggle_annotations.csv",-0.720833064901856,0.693108716251785,300.84818676461,285.275115949465,"ok",705,803,"",-21.27,"solar","20250127/2025-01-27 15-01-25.mkv",20250127,"66b_2025-01-27 15-01-25_16:04:00_20250127","66b",2025-01-27 15:04:00,2025-01-27 17:04:00,259.457305862919,21.8657427124774,168.696347299673,-1.30419525985283,-74.7248840505351,285.275115949465,116.578768649792,2.03468335085962
"dome","16:04:00",NA,6,"66b_2025-01-27 15-01-25_waggle_annotations.csv",-0.75682300776916,0.653619870346092,300.84818676461,288.336729360508,"ok",563,825,"",-21.27,"solar","20250127/2025-01-27 15-01-25.mkv",20250127,"66b_2025-01-27 15-01-25_16:04:00_20250127","66b",2025-01-27 15:04:00,2025-01-27 17:04:00,259.457305862919,21.8657427124774,168.696347299673,-1.25076002540692,-71.663270639492,288.336729360508,119.640382060835,2.08811858530554
"dome","16:04:00",NA,7,"66b_2025-01-27 15-01-25_waggle_annotations.csv",0.646344569313151,0.763045672105803,300.84818676461,198.885251565965,"ok",556,849,"",-21.27,"solar","20250127/2025-01-27 15-01-25.mkv",20250127,"66b_2025-01-27 15-01-25_16:04:00_20250127","66b",2025-01-27 15:04:00,2025-01-27 17:04:00,259.457305862919,21.8657427124774,168.696347299673,-2.81198283369629,-161.114748434035,198.885251565965,30.1889042662924,0.526895777016165
"dome","16:04:00",NA,8,"66b_2025-01-27 15-01-25_waggle_annotations.csv",-0.754081595886306,0.656780744804202,300.84818676461,288.096999464428,"ok",574,848,"",-21.27,"solar","20250127/2025-01-27 15-01-25.mkv",20250127,"66b_2025-01-27 15-01-25_16:04:00_20250127","66b",2025-01-27 15:04:00,2025-01-27 17:04:00,259.457305862919,21.8657427124774,168.696347299673,-1.25494410140898,-71.903000535572,288.096999464428,119.400652164755,2.08393450930348
"dome","16:04:00",NA,9,"66b_2025-01-27 15-01-25_waggle_annotations.csv",-0.890248162977339,0.455475804313987,300.84818676461,302.056260741638,"ok",579,843,"",-21.27,"solar","20250127/2025-01-27 15-01-25.mkv",20250127,"66b_2025-01-27 15-01-25_16:04:00_20250127","66b",2025-01-27 15:04:00,2025-01-27 17:04:00,259.457305862919,21.8657427124774,168.696347299673,-1.01130903097551,-57.943739258362,302.056260741638,133.359913441965,2.32756957973694
"dome","16:04:00",NA,10,"66b_2025-01-27 15-01-25_waggle_annotations.csv",-0.256158238487723,0.966634862217822,300.84818676461,253.994040293301,"ok",592,734,"",-21.27,"solar","20250127/2025-01-27 15-01-25.mkv",20250127,"66b_2025-01-27 15-01-25_16:04:00_20250127","66b",2025-01-27 15:04:00,2025-01-27 17:04:00,259.457305862919,21.8657427124774,168.696347299673,-1.85015302361834,-106.005959706699,253.994040293301,85.2976929936284,1.48872558709411
"dome","16:06:00",NA,1,"95r_2025-01-27 15-05-59_waggle_annotations.csv",0.376016806024657,0.926612843417905,300.84818676461,217.064641632162,"ok",586,779,"",-21.27,"solar","20250127/2025-01-27 15-05-59.mkv",20250127,"95r_2025-01-27 15-05-59_16:06:00_20250127","95r",2025-01-27 15:06:00,2025-01-27 17:06:00,259.274834612917,21.4233029814648,168.878818549675,-2.4946926210368,-142.935358367838,217.064641632162,48.1858230824868,0.841001265572878
"dome","16:06:00",NA,2,"95r_2025-01-27 15-05-59_waggle_annotations.csv",-0.0680238881373777,0.99768369268154,300.84818676461,243.052306977772,"ok",633,741,"",-21.27,"solar","20250127/2025-01-27 15-05-59.mkv",20250127,"95r_2025-01-27 15-05-59_16:06:00_20250127","95r",2025-01-27 15:06:00,2025-01-27 17:06:00,259.274834612917,21.4233029814648,168.878818549675,-2.04112229584948,-116.947693022228,243.052306977772,74.1734884280968,1.2945715907602
"dome","16:06:00",NA,3,"95r_2025-01-27 15-05-59_waggle_annotations.csv",-0.0656475574015846,0.997842872504086,300.84818676461,242.915848100296,"ok",664,750,"",-21.27,"solar","20250127/2025-01-27 15-05-59.mkv",20250127,"95r_2025-01-27 15-05-59_16:06:00_20250127","95r",2025-01-27 15:06:00,2025-01-27 17:06:00,259.274834612917,21.4233029814648,168.878818549675,-2.04350395255501,-117.084151899704,242.915848100296,74.0370295506208,1.29218993405467
"dome","16:06:00",NA,4,"95r_2025-01-27 15-05-59_waggle_annotations.csv",0.229039333725547,0.973417168333576,300.84818676461,225.911293320203,"ok",663,785,"",-21.27,"solar","20250127/2025-01-27 15-05-59.mkv",20250127,"95r_2025-01-27 15-05-59_16:06:00_20250127","95r",2025-01-27 15:06:00,2025-01-27 17:06:00,259.274834612917,21.4233029814648,168.878818549675,-2.34028942130337,-134.088706679797,225.911293320203,57.0324747705278,0.995404465306307
"dome","16:09:00",NA,1,"20y_2025-01-27 15-08-48_waggle_annotations.csv",-0.743294146247166,0.66896473162245,293.856129140122,294.156658364061,"ok",644,793,"",-21.27,"solar","20250127/2025-01-27 15-08-48.mkv",20250127,"20y_2025-01-27 15-08-48_16:09:00_20250127","20y",2025-01-27 15:09:00,2025-01-27 17:09:00,259.000751741175,20.7602135208744,169.152901421417,-1.14918310206261,-65.843341635939,294.156658364061,125.003756942644,2.18172713601186
"dome","16:09:00",NA,2,"20y_2025-01-27 15-08-48_waggle_annotations.csv",-0.511483859767683,0.859292884409707,293.856129140122,276.906590394117,"ok",620,808,"",-21.27,"solar","20250127/2025-01-27 15-08-48.mkv",20250127,"20y_2025-01-27 15-08-48_16:09:00_20250127","20y",2025-01-27 15:09:00,2025-01-27 17:09:00,259.000751741175,20.7602135208744,169.152901421417,-1.45025358433094,-83.093409605883,276.906590394117,107.7536889727,1.88065665374352
"dome","16:09:00",NA,3,"20y_2025-01-27 15-08-48_waggle_annotations.csv",-0.876812408671319,0.480832611206852,293.856129140122,307.40407556819,"ok",665,744,"",-21.27,"solar","20250127/2025-01-27 15-08-48.mkv",20250127,"20y_2025-01-27 15-08-48_16:09:00_20250127","20y",2025-01-27 15:09:00,2025-01-27 17:09:00,259.000751741175,20.7602135208744,169.152901421417,-0.917972054465212,-52.59592443181,307.40407556819,138.251174146773,2.41293818360925
"dome","16:09:00",NA,4,"20y_2025-01-27 15-08-48_waggle_annotations.csv",-0.822730338093269,0.568431869955349,293.856129140122,301.502923347961,"ok",633,741,"",-21.27,"solar","20250127/2025-01-27 15-08-48.mkv",20250127,"20y_2025-01-27 15-08-48_16:09:00_20250127","20y",2025-01-27 15:09:00,2025-01-27 17:09:00,259.000751741175,20.7602135208744,169.152901421417,-1.02096659036958,-58.497076652039,301.502923347961,132.350021926544,2.30994364770488
"dome","16:09:00",NA,5,"20y_2025-01-27 15-08-48_waggle_annotations.csv",0.0787024854200107,0.996898148653469,293.856129140122,241.629882401876,"ok",624,739,"",-21.27,"solar","20250127/2025-01-27 15-08-48.mkv",20250127,"20y_2025-01-27 15-08-48_16:09:00_20250127","20y",2025-01-27 15:09:00,2025-01-27 17:09:00,259.000751741175,20.7602135208744,169.152901421417,-2.06594828806015,-118.370117598124,241.629882401876,72.4769809804589,1.26496195001432
"dome","16:09:00",NA,6,"20y_2025-01-27 15-08-48_waggle_annotations.csv",-0.966936757503394,0.255016287693203,293.856129140122,321.369320584831,"ok",628,796,"",-21.27,"solar","20250127/2025-01-27 15-08-48.mkv",20250127,"20y_2025-01-27 15-08-48_16:09:00_20250127","20y",2025-01-27 15:09:00,2025-01-27 17:09:00,259.000751741175,20.7602135208744,169.152901421417,-0.674232548077097,-38.630679415169,321.369320584831,152.216419163414,2.65667768999736
"dome","16:09:00",NA,7,"20y_2025-01-27 15-08-48_waggle_annotations.csv",-0.67028625796877,0.742102642751138,293.856129140122,288.23303303371,"ok",637,762,"",-21.27,"solar","20250127/2025-01-27 15-08-48.mkv",20250127,"20y_2025-01-27 15-08-48_16:09:00_20250127","20y",2025-01-27 15:09:00,2025-01-27 17:09:00,259.000751741175,20.7602135208744,169.152901421417,-1.25256986773177,-71.76696696629,288.23303303371,119.080131612293,2.07834037034269
"dome","16:09:00",NA,8,"20y_2025-01-27 15-08-48_waggle_annotations.csv",-0.638017864750323,0.770021560905562,293.856129140122,285.788045817022,"ok",631,750,"",-21.27,"solar","20250127/2025-01-27 15-08-48.mkv",20250127,"20y_2025-01-27 15-08-48_16:09:00_20250127","20y",2025-01-27 15:09:00,2025-01-27 17:09:00,259.000751741175,20.7602135208744,169.152901421417,-1.29524294483214,-74.211954182978,285.788045817022,116.635144395605,2.03566729324232
"dome","16:15:00",NA,1,"90r_2025-01-27 15-14-28_waggle_annotations.csv",-0.21903834230672,0.975716252093571,293.856129140122,258.796427360436,"ok",695,751,"",-21.27,"solar","20250127/2025-01-27 15-14-28.mkv",20250127,"90r_2025-01-27 15-14-28_16:15:00_20250127","90r",2025-01-27 15:15:00,2025-01-27 17:15:00,258.450988208807,19.4361772252233,169.702664953785,-1.76633555734164,-101.203572639564,258.796427360436,89.0937624066515,1.55497949698561
"dome","16:15:00",NA,2,"90r_2025-01-27 15-14-28_waggle_annotations.csv",-0.233372952475324,-0.972387301980518,293.856129140122,52.6481375790818,"ok",602,654,"",-21.27,"solar","20250127/2025-01-27 15-14-28.mkv",20250127,"90r_2025-01-27 15-14-28_16:15:00_20250127","90r",2025-01-27 15:15:00,2025-01-27 17:15:00,258.450988208807,19.4361772252233,169.702664953785,0.918883345797934,52.6481375790818,52.6481375790818,117.054527374703,-2.0429869070544
"dome","16:15:00",NA,3,"90r_2025-01-27 15-14-28_waggle_annotations.csv",0.398284741881284,-0.917261829787198,293.856129140122,89.6148639780386,"ok",688,724,"",-21.27,"solar","20250127/2025-01-27 15-14-28.mkv",20250127,"90r_2025-01-27 15-14-28_16:15:00_20250127","90r",2025-01-27 15:15:00,2025-01-27 17:15:00,258.450988208807,19.4361772252233,169.702664953785,1.56407443514364,89.6148639780386,89.6148639780386,80.0878009757459,-1.39779581770869
"dome","16:15:00",NA,4,"90r_2025-01-27 15-14-28_waggle_annotations.csv",0.40959040283384,-0.912269533584462,293.856129140122,90.3229780065668,"ok",690,711,"",-21.27,"solar","20250127/2025-01-27 15-14-28.mkv",20250127,"90r_2025-01-27 15-14-28_16:15:00_20250127","90r",2025-01-27 15:15:00,2025-01-27 17:15:00,258.450988208807,19.4361772252233,169.702664953785,1.57643335642102,90.3229780065668,90.3229780065668,79.3796869472177,-1.38543689643132
"dome","16:15:00",NA,5,"90r_2025-01-27 15-14-28_waggle_annotations.csv",-0.325079768511048,0.945686599304867,293.856129140122,265.114278668364,"ok",636,712,"",-21.27,"solar","20250127/2025-01-27 15-14-28.mkv",20250127,"90r_2025-01-27 15-14-28_16:15:00_20250127","90r",2025-01-27 15:15:00,2025-01-27 17:15:00,258.450988208807,19.4361772252233,169.702664953785,-1.65606825036687,-94.885721331636,265.114278668364,95.4116137145795,1.66524680396039
"dome","16:15:00",NA,6,"90r_2025-01-27 15-14-28_waggle_annotations.csv",0.439552863980827,0.898216722047777,293.856129140122,220.068515275929,"ok",619,802,"",-21.27,"solar","20250127/2025-01-27 15-14-28.mkv",20250127,"90r_2025-01-27 15-14-28_16:15:00_20250127","90r",2025-01-27 15:15:00,2025-01-27 17:15:00,258.450988208807,19.4361772252233,169.702664953785,-2.44226513563919,-139.931484724071,220.068515275929,50.3658503221445,0.879049918688068
"dome","16:15:00",NA,7,"90r_2025-01-27 15-14-28_waggle_annotations.csv",0.147033072186492,-0.98913157652731,293.856129140122,74.5988985370551,"ok",693,752,"",-21.27,"solar","20250127/2025-01-27 15-14-28.mkv",20250127,"90r_2025-01-27 15-14-28_16:15:00_20250127","90r",2025-01-27 15:15:00,2025-01-27 17:15:00,258.450988208807,19.4361772252233,169.702664953785,1.30199639783279,74.5988985370551,74.5988985370551,95.1037664167294,-1.65987385501954
"dome","16:15:00",NA,8,"90r_2025-01-27 15-14-28_waggle_annotations.csv",-0.42443387623072,0.905458935958868,293.856129140122,271.258705746022,"ok",618,795,"",-21.27,"solar","20250127/2025-01-27 15-14-28.mkv",20250127,"90r_2025-01-27 15-14-28_16:15:00_20250127","90r",2025-01-27 15:15:00,2025-01-27 17:15:00,258.450988208807,19.4361772252233,169.702664953785,-1.54882776721304,-88.7412942539781,271.258705746022,101.556040792237,1.77248728711421
"dome","16:15:00",NA,9,"90r_2025-01-27 15-14-28_waggle_annotations.csv",0.229039333725547,-0.973417168333576,293.856129140122,79.3843907750648,"ok",619,715,"",-21.27,"solar","20250127/2025-01-27 15-14-28.mkv",20250127,"90r_2025-01-27 15-14-28_16:15:00_20250127","90r",2025-01-27 15:15:00,2025-01-27 17:15:00,258.450988208807,19.4361772252233,169.702664953785,1.38551899371469,79.3843907750648,79.3843907750648,90.3182741787197,-1.57635125913764
"dome","16:15:00",NA,10,"90r_2025-01-27 15-14-28_waggle_annotations.csv",-0.280898753270713,0.959737407008271,293.856129140122,262.457723286138,"ok",670,752,"",-21.27,"solar","20250127/2025-01-27 15-14-28.mkv",20250127,"90r_2025-01-27 15-14-28_16:15:00_20250127","90r",2025-01-27 15:15:00,2025-01-27 17:15:00,258.450988208807,19.4361772252233,169.702664953785,-1.70243388854829,-97.542276713862,262.457723286138,92.7550583323535,1.61888116577897
"dome","16:15:00",NA,11,"90r_2025-01-27 15-14-28_waggle_annotations.csv",-0.387232484355092,-0.921982105607361,293.856129140122,43.361465129396,"ok",675,698,"",-21.27,"solar","20250127/2025-01-27 15-14-28.mkv",20250127,"90r_2025-01-27 15-14-28_16:15:00_20250127","90r",2025-01-27 15:15:00,2025-01-27 17:15:00,258.450988208807,19.4361772252233,169.702664953785,0.756800334996669,43.361465129396,43.361465129396,126.341199824389,-2.20506991785566
"dome","16:15:00",NA,12,"90r_2025-01-27 15-14-28_waggle_annotations.csv",0.82060641565478,0.571493753759579,293.856129140122,190.998326425981,"ok",667,729,"",-21.27,"solar","20250127/2025-01-27 15-14-28.mkv",20250127,"90r_2025-01-27 15-14-28_16:15:00_20250127","90r",2025-01-27 15:15:00,2025-01-27 17:15:00,258.450988208807,19.4361772252233,169.702664953785,-2.94963564524732,-169.001673574019,190.998326425981,21.2956614721965,0.371679409079931
"dome","16:15:00",NA,13,"90r_2025-01-27 15-14-28_waggle_annotations.csv",-0.242535625036333,-0.970142500145332,293.856129140122,52.1076273919512,"ok",707,729,"",-21.27,"solar","20250127/2025-01-27 15-14-28.mkv",20250127,"90r_2025-01-27 15-14-28_16:15:00_20250127","90r",2025-01-27 15:15:00,2025-01-27 17:15:00,258.450988208807,19.4361772252233,169.702664953785,0.909449663391934,52.1076273919512,52.1076273919512,117.595037561833,-2.0524205894604
"dome","16:15:00",NA,14,"90r_2025-01-27 15-14-28_waggle_annotations.csv",0.447213595499958,-0.894427190999916,293.856129140122,92.7089220369556,"ok",726,756,"",-21.27,"solar","20250127/2025-01-27 15-14-28.mkv",20250127,"90r_2025-01-27 15-14-28_16:15:00_20250127","90r",2025-01-27 15:15:00,2025-01-27 17:15:00,258.450988208807,19.4361772252233,169.702664953785,1.6180759355196,92.7089220369556,92.7089220369556,76.9937429168289,-1.34379431733273
"dome","16:15:00",NA,15,"90r_2025-01-27 15-14-28_waggle_annotations.csv",-0.925546956205677,0.378632845720504,293.856129140122,313.894847202665,"ok",684,740,"",-21.27,"solar","20250127/2025-01-27 15-14-28.mkv",20250127,"90r_2025-01-27 15-14-28_16:15:00_20250127","90r",2025-01-27 15:15:00,2025-01-27 17:15:00,258.450988208807,19.4361772252233,169.702664953785,-0.80468671844857,-46.105152797335,313.894847202665,144.19218224888,2.51662833587869
"dome","16:15:00",NA,16,"90r_2025-01-27 15-14-28_waggle_annotations.csv",-0.93157761948506,0.363542485652706,293.856129140122,314.825958584416,"ok",636,751,"",-21.27,"solar","20250127/2025-01-27 15-14-28.mkv",20250127,"90r_2025-01-27 15-14-28_16:15:00_20250127","90r",2025-01-27 15:15:00,2025-01-27 17:15:00,258.450988208807,19.4361772252233,169.702664953785,-0.788435759134221,-45.174041415584,314.825958584416,145.123293630631,2.53287929519303
"dome","16:15:00",NA,17,"90r_2025-01-27 15-14-28_waggle_annotations.csv",0.384615384615385,0.923076923076923,293.856129140122,223.524005911837,"ok",627,808,"",-21.27,"solar","20250127/2025-01-27 15-14-28.mkv",20250127,"90r_2025-01-27 15-14-28_16:15:00_20250127","90r",2025-01-27 15:15:00,2025-01-27 17:15:00,258.450988208807,19.4361772252233,169.702664953785,-2.38195544677076,-136.475994088163,223.524005911837,53.8213409580525,0.939359607556495
"dome","16:15:00",NA,18,"90r_2025-01-27 15-14-28_waggle_annotations.csv",-0.605521832483262,0.795828694120859,293.856129140122,283.410272760855,"ok",596,757,"",-21.27,"solar","20250127/2025-01-27 15-14-28.mkv",20250127,"90r_2025-01-27 15-14-28_16:15:00_20250127","90r",2025-01-27 15:15:00,2025-01-27 17:15:00,258.450988208807,19.4361772252233,169.702664953785,-1.33674291352747,-76.589727239145,283.410272760855,113.70760780707,1.98457214079979
"dome","16:15:00",NA,19,"90r_2025-01-27 15-14-28_waggle_annotations.csv",-0.578017340780339,0.816024481101655,293.856129140122,281.455084299511,"ok",644,715,"",-21.27,"solar","20250127/2025-01-27 15-14-28.mkv",20250127,"90r_2025-01-27 15-14-28_16:15:00_20250127","90r",2025-01-27 15:15:00,2025-01-27 17:15:00,258.450988208807,19.4361772252233,169.702664953785,-1.37086738967492,-78.544915700489,281.455084299511,111.752419345726,1.95044766465233
"dome","16:15:00",NA,20,"90r_2025-01-27 15-14-28_waggle_annotations.csv",-0.926092359769548,0.377296887313519,293.856129140122,313.977525037795,"ok",646,738,"",-21.27,"solar","20250127/2025-01-27 15-14-28.mkv",20250127,"90r_2025-01-27 15-14-28_16:15:00_20250127","90r",2025-01-27 15:15:00,2025-01-27 17:15:00,258.450988208807,19.4361772252233,169.702664953785,-0.803243718007131,-46.022474962205,313.977525037795,144.27486008401,2.51807133632013
"dome","16:15:00",NA,21,"90r_2025-01-27 15-14-28_waggle_annotations.csv",-0.219512195121951,0.975609756097561,293.856129140122,258.824254351698,"ok",640,783,"",-21.27,"solar","20250127/2025-01-27 15-14-28.mkv",20250127,"90r_2025-01-27 15-14-28_16:15:00_20250127","90r",2025-01-27 15:15:00,2025-01-27 17:15:00,258.450988208807,19.4361772252233,169.702664953785,-1.76584988472319,-101.175745648302,258.824254351698,89.1215893979135,1.55546516960406
"dome","16:15:00",NA,22,"90r_2025-01-27 15-14-28_waggle_annotations.csv",0,1,293.856129140122,246.143870859878,"ok",638,734,"",-21.27,"solar","20250127/2025-01-27 15-14-28.mkv",20250127,"90r_2025-01-27 15-14-28_16:15:00_20250127","90r",2025-01-27 15:15:00,2025-01-27 17:15:00,258.450988208807,19.4361772252233,169.702664953785,-1.98716432707099,-113.856129140122,246.143870859878,76.4412059060935,1.33415072725627
"dome","16:15:00",NA,23,"90r_2025-01-27 15-14-28_waggle_annotations.csv",-0.961523947640823,0.274721127897378,293.856129140122,320.198474958955,"ok",636,781,"",-21.27,"solar","20250127/2025-01-27 15-14-28.mkv",20250127,"90r_2025-01-27 15-14-28_16:15:00_20250127","90r",2025-01-27 15:15:00,2025-01-27 17:15:00,258.450988208807,19.4361772252233,169.702664953785,-0.694667659281207,-39.801525041045,320.198474958955,150.49581000517,2.62664739504605
"dome","16:15:00",NA,24,"90r_2025-01-27 15-14-28_waggle_annotations.csv",0,1,293.856129140122,246.143870859878,"ok",636,790,"",-21.27,"solar","20250127/2025-01-27 15-14-28.mkv",20250127,"90r_2025-01-27 15-14-28_16:15:00_20250127","90r",2025-01-27 15:15:00,2025-01-27 17:15:00,258.450988208807,19.4361772252233,169.702664953785,-1.98716432707099,-113.856129140122,246.143870859878,76.4412059060935,1.33415072725627
"dome","16:15:00",NA,25,"90r_2025-01-27 15-14-28_waggle_annotations.csv",-0.963517909629941,0.267643863786095,293.856129140122,320.619759863123,"ok",648,773,"",-21.27,"solar","20250127/2025-01-27 15-14-28.mkv",20250127,"90r_2025-01-27 15-14-28_16:15:00_20250127","90r",2025-01-27 15:15:00,2025-01-27 17:15:00,258.450988208807,19.4361772252233,169.702664953785,-0.687314850614526,-39.380240136877,320.619759863123,150.917094909338,2.63400020371273
"dome","16:15:00",NA,26,"90r_2025-01-27 15-14-28_waggle_annotations.csv",-0.777244870707486,0.629198228667965,293.856129140122,297.152876817372,"ok",631,802,"",-21.27,"solar","20250127/2025-01-27 15-14-28.mkv",20250127,"90r_2025-01-27 15-14-28_16:15:00_20250127","90r",2025-01-27 15:15:00,2025-01-27 17:15:00,258.450988208807,19.4361772252233,169.702664953785,-1.09688922494332,-62.847123182628,297.152876817372,127.450211863587,2.22442582938394
"dome","16:15:00",NA,27,"90r_2025-01-27 15-14-28_waggle_annotations.csv",-0.127164315985365,0.991881664685851,293.856129140122,253.449630393189,"ok",659,929,"",-21.27,"solar","20250127/2025-01-27 15-14-28.mkv",20250127,"90r_2025-01-27 15-14-28_16:15:00_20250127","90r",2025-01-27 15:15:00,2025-01-27 17:15:00,258.450988208807,19.4361772252233,169.702664953785,-1.85965476885575,-106.550369606811,253.449630393189,83.7469654394045,1.46166028547151
"dome","16:15:00",NA,28,"90r_2025-01-27 15-14-28_waggle_annotations.csv",-0.615270855402983,0.788315783485072,293.856129140122,284.115474620928,"ok",682,923,"",-21.27,"solar","20250127/2025-01-27 15-14-28.mkv",20250127,"90r_2025-01-27 15-14-28_16:15:00_20250127","90r",2025-01-27 15:15:00,2025-01-27 17:15:00,258.450988208807,19.4361772252233,169.702664953785,-1.324434819178,-75.884525379072,284.115474620928,114.412809667143,1.99688023514925
"dome","16:18:00",NA,1,"95r_2025-01-27 15-17-28_waggle_annotations.csv",0.120005554104585,0.992773220319752,293.856129140122,239.251447737393,"ok",486,832,"",-21.27,"solar","20250127/2025-01-27 15-17-28.mkv",20250127,"95r_2025-01-27 15-17-28_16:18:00_20250127","95r",2025-01-27 15:18:00,2025-01-27 17:18:00,258.175175911767,18.7751884817095,169.978477250825,-2.10745980399894,-120.748552262607,239.251447737393,69.2729704865682,1.20904141762747
"dome","16:18:00",NA,2,"95r_2025-01-27 15-17-28_waggle_annotations.csv",-0.996815278536125,0.07974522228289,293.856129140122,331.569949599977,"ok",564,821,"",-21.27,"solar","20250127/2025-01-27 15-17-28.mkv",20250127,"95r_2025-01-27 15-17-28_16:18:00_20250127","95r",2025-01-27 15:18:00,2025-01-27 17:18:00,258.175175911767,18.7751884817095,169.978477250825,-0.496197985988333,-28.430050400023,331.569949599977,161.591472349152,2.82030323563808
"dome","16:18:00",NA,3,"95r_2025-01-27 15-17-28_waggle_annotations.csv",-0.66436383882992,0.74740931868366,293.856129140122,287.777410196448,"ok",666,790,"",-21.27,"solar","20250127/2025-01-27 15-17-28.mkv",20250127,"95r_2025-01-27 15-17-28_16:18:00_20250127","95r",2025-01-27 15:18:00,2025-01-27 17:18:00,258.175175911767,18.7751884817095,169.978477250825,-1.26052198638927,-72.222589803552,287.777410196448,117.798932945623,2.05597923523715
"dome","16:18:00",NA,4,"95r_2025-01-27 15-17-28_waggle_annotations.csv",-0.544605442853206,-0.838692381993937,293.856129140122,33.1461657586614,"ok",695,747,"",-21.27,"solar","20250127/2025-01-27 15-17-28.mkv",20250127,"95r_2025-01-27 15-17-28_16:18:00_20250127","95r",2025-01-27 15:18:00,2025-01-27 17:18:00,258.175175911767,18.7751884817095,169.978477250825,0.578509726900446,33.1461657586614,33.1461657586614,136.832311492163,-2.38817435865273
"dome","16:18:00",NA,5,"95r_2025-01-27 15-17-28_waggle_annotations.csv",-0.291161615782696,-0.956673880428859,293.856129140122,49.2163577957306,"ok",708,760,"",-21.27,"solar","20250127/2025-01-27 15-17-28.mkv",20250127,"95r_2025-01-27 15-17-28_16:18:00_20250127","95r",2025-01-27 15:18:00,2025-01-27 17:18:00,258.175175911767,18.7751884817095,169.978477250825,0.858987489375078,49.2163577957306,49.2163577957306,120.762119455094,-2.10769659617809
"dome","16:18:00",NA,6,"95r_2025-01-27 15-17-28_waggle_annotations.csv",0.54271538579778,-0.839916668496564,293.856129140122,99.0125497932452,"ok",729,751,"",-21.27,"solar","20250127/2025-01-27 15-17-28.mkv",20250127,"95r_2025-01-27 15-17-28_16:18:00_20250127","95r",2025-01-27 15:18:00,2025-01-27 17:18:00,258.175175911767,18.7751884817095,169.978477250825,1.72809499468696,99.0125497932452,99.0125497932452,70.9659274575796,-1.23858909086621
"dome","16:18:00",NA,7,"95r_2025-01-27 15-17-28_waggle_annotations.csv",-0.293496533496976,-0.955960137675865,293.856129140122,49.0764660414133,"ok",764,709,"",-21.27,"solar","20250127/2025-01-27 15-17-28.mkv",20250127,"95r_2025-01-27 15-17-28_16:18:00_20250127","95r",2025-01-27 15:18:00,2025-01-27 17:18:00,258.175175911767,18.7751884817095,169.978477250825,0.85654591766585,49.0764660414133,49.0764660414133,120.902011209412,-2.11013816788732
"dome","16:18:00",NA,8,"95r_2025-01-27 15-17-28_waggle_annotations.csv",0.822627459645494,-0.568580744166738,293.856129140122,121.492554947873,"ok",715,860,"",-21.27,"solar","20250127/2025-01-27 15-17-28.mkv",20250127,"95r_2025-01-27 15-17-28_16:18:00_20250127","95r",2025-01-27 15:18:00,2025-01-27 17:18:00,258.175175911767,18.7751884817095,169.978477250825,2.12044510050051,121.492554947873,121.492554947873,48.4859223029518,-0.846238985052661
"dome","16:18:00",NA,9,"95r_2025-01-27 15-17-28_waggle_annotations.csv",-0.070530981060383,0.997509589282559,293.856129140122,250.188356434059,"ok",666,760,"",-21.27,"solar","20250127/2025-01-27 15-17-28.mkv",20250127,"95r_2025-01-27 15-17-28_16:18:00_20250127","95r",2025-01-27 15:18:00,2025-01-27 17:18:00,258.175175911767,18.7751884817095,169.978477250825,-1.91657473725212,-109.811643565941,250.188356434059,80.2098791832342,1.3999264843743
"dome","16:18:00",NA,10,"95r_2025-01-27 15-17-28_waggle_annotations.csv",-0.352454989950371,-0.935828766419949,293.856129140122,45.5063238751899,"ok",652,761,"",-21.27,"solar","20250127/2025-01-27 15-17-28.mkv",20250127,"95r_2025-01-27 15-17-28_16:18:00_20250127","95r",2025-01-27 15:18:00,2025-01-27 17:18:00,258.175175911767,18.7751884817095,169.978477250825,0.794235182100969,45.5063238751899,45.5063238751899,124.472153375635,-2.1724489034522
"dome","16:18:00",NA,11,"95r_2025-01-27 15-17-28_waggle_annotations.csv",-0.42579703632988,0.904818702200994,293.856129140122,271.344994505353,"ok",621,733,"",-21.27,"solar","20250127/2025-01-27 15-17-28.mkv",20250127,"95r_2025-01-27 15-17-28_16:18:00_20250127","95r",2025-01-27 15:18:00,2025-01-27 17:18:00,258.175175911767,18.7751884817095,169.978477250825,-1.54732174425525,-88.655005494647,271.344994505353,101.366517254528,1.76917947737116
"dome","16:18:00",NA,12,"95r_2025-01-27 15-17-28_waggle_annotations.csv",-0.4338156187729,-0.9010016697591,293.856129140122,40.4339170790664,"ok",641,734,"",-21.27,"solar","20250127/2025-01-27 15-17-28.mkv",20250127,"95r_2025-01-27 15-17-28_16:18:00_20250127","95r",2025-01-27 15:18:00,2025-01-27 17:18:00,258.175175911767,18.7751884817095,169.978477250825,0.705704982508077,40.4339170790664,40.4339170790664,129.544560171758,-2.2609791030451
"dome","16:18:00",NA,13,"95r_2025-01-27 15-17-28_waggle_annotations.csv",0.586119786528723,0.810224410789705,293.856129140122,210.261733613673,"ok",626,725,"",-21.27,"solar","20250127/2025-01-27 15-17-28.mkv",20250127,"95r_2025-01-27 15-17-28_16:18:00_20250127","95r",2025-01-27 15:18:00,2025-01-27 17:18:00,258.175175911767,18.7751884817095,169.978477250825,-2.61342576466976,-149.738266386327,210.261733613673,40.2832563628482,0.703075456956656
"dome","16:18:00",NA,14,"95r_2025-01-27 15-17-28_waggle_annotations.csv",0.358979079308869,0.93334560620306,293.856129140122,225.106359834456,"ok",648,695,"",-21.27,"solar","20250127/2025-01-27 15-17-28.mkv",20250127,"95r_2025-01-27 15-17-28_16:18:00_20250127","95r",2025-01-27 15:18:00,2025-01-27 17:18:00,258.175175911767,18.7751884817095,169.978477250825,-2.35433816088921,-134.893640165544,225.106359834456,55.1278825836312,0.962163060737202
"dome","16:18:00",NA,15,"95r_2025-01-27 15-17-28_waggle_annotations.csv",0.0384331221012044,0.999261174631314,293.856129140122,243.941272698112,"ok",653,734,"",-21.27,"solar","20250127/2025-01-27 15-17-28.mkv",20250127,"95r_2025-01-27 15-17-28_16:18:00_20250127","95r",2025-01-27 15:18:00,2025-01-27 17:18:00,258.175175911767,18.7751884817095,169.978477250825,-2.02560691709218,-116.058727301888,243.941272698112,73.9627954472872,1.29089430453423
"dome","18:23:00",NA,1,"90r_2025-01-27 17-22-33_waggle_annotations.csv",-0.185407859197825,0.982661653748471,128.009607245902,62.6753051541003,"ok",1050,802,"",-21.27,"zenith","20250127/2025-01-27 17-22-33.mkv",20250127,"90r_2025-01-27 17-22-33_18:23:00_20250127","90r",2025-01-27 17:23:00,2025-01-27 19:23:00,245.273730401384,-8.03479816481467,-177.120077238792,1.09389043463122,62.6753051541003,62.6753051541003,120.204617607108,-2.09796635334478
"dome","18:23:00",NA,2,"90r_2025-01-27 17-22-33_waggle_annotations.csv",0.0370116605098803,0.999314833766767,128.009607245902,49.8692963574361,"ok",897,663,"",-21.27,"zenith","20250127/2025-01-27 17-22-33.mkv",20250127,"90r_2025-01-27 17-22-33_18:23:00_20250127","90r",2025-01-27 17:23:00,2025-01-27 19:23:00,245.273730401384,-8.03479816481467,-177.120077238792,0.870383417090075,49.8692963574361,49.8692963574361,133.010626403772,-2.32147337088593
"dome","18:23:00",NA,3,"90r_2025-01-27 17-22-33_waggle_annotations.csv",-0.229039333725547,0.973417168333576,128.009607245902,65.2309126692847,"ok",852,663,"",-21.27,"zenith","20250127/2025-01-27 17-22-33.mkv",20250127,"90r_2025-01-27 17-22-33_18:23:00_20250127","90r",2025-01-27 17:23:00,2025-01-27 19:23:00,245.273730401384,-8.03479816481467,-177.120077238792,1.1384942001599,65.2309126692847,65.2309126692847,117.649010091923,-2.0533625878161
"dome","18:23:00",NA,4,"90r_2025-01-27 17-22-33_waggle_annotations.csv",0.027017161347915,-0.999634969872854,128.009607245902,233.538550453076,"ok",869,659,"",-21.27,"zenith","20250127/2025-01-27 17-22-33.mkv",20250127,"90r_2025-01-27 17-22-33_18:23:00_20250127","90r",2025-01-27 17:23:00,2025-01-27 19:23:00,245.273730401384,-8.03479816481467,-177.120077238792,-2.20716867143852,-126.461449546924,233.538550453076,50.658627691868,0.884159847765072
"dome","18:23:00",NA,5,"90r_2025-01-27 17-22-33_waggle_annotations.csv",-0.057049790538513,0.998371334423977,128.009607245902,55.2608806772811,"ok",851,659,"",-21.27,"zenith","20250127/2025-01-27 17-22-33.mkv",20250127,"90r_2025-01-27 17-22-33_18:23:00_20250127","90r",2025-01-27 17:23:00,2025-01-27 19:23:00,245.273730401384,-8.03479816481467,-177.120077238792,0.964484315370269,55.2608806772811,55.2608806772811,127.619042083927,-2.22737247260573
"dome","18:23:00",NA,6,"90r_2025-01-27 17-22-33_waggle_annotations.csv",-0.0416305447121813,0.999133073092352,128.009607245902,54.3763367844863,"ok",867,640,"",-21.27,"zenith","20250127/2025-01-27 17-22-33.mkv",20250127,"90r_2025-01-27 17-22-33_18:23:00_20250127","90r",2025-01-27 17:23:00,2025-01-27 19:23:00,245.273730401384,-8.03479816481467,-177.120077238792,0.949046112062592,54.3763367844863,54.3763367844863,128.503585976722,-2.24281067591341
"dome","18:23:00",NA,7,"90r_2025-01-27 17-22-33_waggle_annotations.csv",-0.0787024854200107,0.996898148653469,128.009607245902,56.5043812120988,"ok",888,665,"",-21.27,"zenith","20250127/2025-01-27 17-22-33.mkv",20250127,"90r_2025-01-27 17-22-33_18:23:00_20250127","90r",2025-01-27 17:23:00,2025-01-27 19:23:00,245.273730401384,-8.03479816481467,-177.120077238792,0.986187493953148,56.5043812120988,56.5043812120988,126.375541549109,-2.20566929402285
"dome","18:23:00",NA,8,"90r_2025-01-27 17-22-33_waggle_annotations.csv",0.0425147166248136,0.999095840683121,128.009607245902,49.5537445072874,"ok",844,672,"",-21.27,"zenith","20250127/2025-01-27 17-22-33.mkv",20250127,"90r_2025-01-27 17-22-33_18:23:00_20250127","90r",2025-01-27 17:23:00,2025-01-27 19:23:00,245.273730401384,-8.03479816481467,-177.120077238792,0.86487599834422,49.5537445072874,49.5537445072874,133.326178253921,-2.32698078963178
"dome","18:23:00",NA,9,"90r_2025-01-27 17-22-33_waggle_annotations.csv",-0.028559773898877,0.999592086460695,128.009607245902,53.6269697957143,"ok",862,639,"",-21.27,"zenith","20250127/2025-01-27 17-22-33.mkv",20250127,"90r_2025-01-27 17-22-33_18:23:00_20250127","90r",2025-01-27 17:23:00,2025-01-27 19:23:00,245.273730401384,-8.03479816481467,-177.120077238792,0.935967190802765,53.6269697957143,53.6269697957143,129.252952965494,-2.25588959717323
"dome","18:23:00",NA,10,"90r_2025-01-27 17-22-33_waggle_annotations.csv",-0.554700196225229,0.832050294337844,128.009607245902,85.6804602800773,"ok",852,646,"",-21.27,"zenith","20250127/2025-01-27 17-22-33.mkv",20250127,"90r_2025-01-27 17-22-33_18:23:00_20250127","90r",2025-01-27 17:23:00,2025-01-27 19:23:00,245.273730401384,-8.03479816481467,-177.120077238792,1.49540613651157,85.6804602800773,85.6804602800773,97.1994624811308,-1.69645065146443
"dome","08:51:00",NA,1,"20y_2025-01-28 07-50-03_waggle_annotations.csv",-0.100750553686815,-0.994911717657301,262.522274971339,91.6953327062972,"ok",566,850,"",-21.27,"antisolar","20250128/2025-01-28 07-50-03.mkv",20250128,"20y_2025-01-28 07-50-03_08:51:00_20250128","20y",2025-01-28 07:51:00,2025-01-28 09:51:00,83.7455608923213,57.4007349557447,-15.5919077297295,1.60038546443653,91.6953327062972,91.6953327062972,107.287240436027,1.87251559098746
"dome","08:51:00",NA,2,"20y_2025-01-28 07-50-03_waggle_annotations.csv",-0.313460593315031,-0.94960120916024,262.522274971339,79.2098188214201,"ok",643,888,"",-21.27,"antisolar","20250128/2025-01-28 07-50-03.mkv",20250128,"20y_2025-01-28 07-50-03_08:51:00_20250128","20y",2025-01-28 07:51:00,2025-01-28 09:51:00,83.7455608923213,57.4007349557447,-15.5919077297295,1.38247213834196,79.2098188214201,79.2098188214201,94.8017265511496,1.65460226489289
"dome","08:51:00",NA,3,"20y_2025-01-28 07-50-03_waggle_annotations.csv",-0.0793945964504216,-0.996843266544182,262.522274971339,92.9239570495026,"ok",630,880,"",-21.27,"antisolar","20250128/2025-01-28 07-50-03.mkv",20250128,"20y_2025-01-28 07-50-03_08:51:00_20250128","20y",2025-01-28 07:51:00,2025-01-28 09:51:00,83.7455608923213,57.4007349557447,-15.5919077297295,1.62182900449562,92.9239570495026,92.9239570495026,108.515864779232,1.89395913104655
"dome","08:54:00",NA,1,"20y_2025-01-28 07-52-58_waggle_annotations.csv",-0.177465527736001,-0.984127017445097,285.624519959383,64.1533114069812,"ok",546,802,"",-21.27,"antisolar","20250128/2025-01-28 07-52-58.mkv",20250128,"20y_2025-01-28 07-52-58_08:54:00_20250128","20y",2025-01-28 07:54:00,2025-01-28 09:54:00,83.300058899796,58.0724193826284,-15.1464057372042,1.11968651010906,64.1533114069812,64.1533114069812,79.2997171441854,1.38404116006623
"dome","08:54:00",NA,2,"20y_2025-01-28 07-52-58_waggle_annotations.csv",-0.070530981060383,-0.997509589282559,285.624519959383,70.3309944664362,"ok",615,843,"",-21.27,"antisolar","20250128/2025-01-28 07-52-58.mkv",20250128,"20y_2025-01-28 07-52-58_08:54:00_20250128","20y",2025-01-28 07:54:00,2025-01-28 09:54:00,83.300058899796,58.0724193826284,-15.1464057372042,1.22750741964122,70.3309944664362,70.3309944664362,85.4774002036404,1.4918620695984
"dome","08:54:00",NA,3,"20y_2025-01-28 07-52-58_waggle_annotations.csv",-0.0457535614099545,-0.998952757450674,285.624519959383,71.7530785800763,"ok",658,820,"",-21.27,"antisolar","20250128/2025-01-28 07-52-58.mkv",20250128,"20y_2025-01-28 07-52-58_08:54:00_20250128","20y",2025-01-28 07:54:00,2025-01-28 09:54:00,83.300058899796,58.0724193826284,-15.1464057372042,1.25232746966455,71.7530785800763,71.7530785800763,86.8994843172805,1.51668211962172
"dome","08:54:00",NA,4,"20y_2025-01-28 07-52-58_waggle_annotations.csv",-0.0639084971088098,-0.997955762545261,285.624519959383,70.7112957198766,"ok",669,861,"",-21.27,"antisolar","20250128/2025-01-28 07-52-58.mkv",20250128,"20y_2025-01-28 07-52-58_08:54:00_20250128","20y",2025-01-28 07:54:00,2025-01-28 09:54:00,83.300058899796,58.0724193826284,-15.1464057372042,1.23414492866322,70.7112957198766,70.7112957198766,85.8577014570808,1.49849957862039
"dome","08:54:00",NA,5,"20y_2025-01-28 07-52-58_waggle_annotations.csv",0,-1,285.624519959383,74.3754800406173,"ok",670,876,"",-21.27,"antisolar","20250128/2025-01-28 07-52-58.mkv",20250128,"20y_2025-01-28 07-52-58_08:54:00_20250128","20y",2025-01-28 07:54:00,2025-01-28 09:54:00,83.300058899796,58.0724193826284,-15.1464057372042,1.2980970094601,74.3754800406173,74.3754800406173,89.5218857778215,1.56245165941727
"dome","08:54:00",NA,6,"20y_2025-01-28 07-52-58_waggle_annotations.csv",-0.118719630270363,-0.992927816806674,285.624519959383,67.5572654689655,"ok",716,884,"",-21.27,"antisolar","20250128/2025-01-28 07-52-58.mkv",20250128,"20y_2025-01-28 07-52-58_08:54:00_20250128","20y",2025-01-28 07:54:00,2025-01-28 09:54:00,83.300058899796,58.0724193826284,-15.1464057372042,1.17909671607732,67.5572654689655,67.5572654689655,82.7036712061697,1.44345136603449
"dome","08:54:00",NA,7,"20y_2025-01-28 07-52-58_waggle_annotations.csv",-0.0488925057623251,-0.998804046287499,285.624519959383,71.5730285207505,"ok",712,890,"",-21.27,"antisolar","20250128/2025-01-28 07-52-58.mkv",20250128,"20y_2025-01-28 07-52-58_08:54:00_20250128","20y",2025-01-28 07:54:00,2025-01-28 09:54:00,83.300058899796,58.0724193826284,-15.1464057372042,1.2491850033109,71.5730285207505,71.5730285207505,86.7194342579547,1.51353965326807
"dome","08:54:00",NA,8,"20y_2025-01-28 07-52-58_waggle_annotations.csv",-0.0915063587254973,-0.995804492012765,285.624519959383,69.1252073108843,"ok",505,938,"",-21.27,"antisolar","20250128/2025-01-28 07-52-58.mkv",20250128,"20y_2025-01-28 07-52-58_08:54:00_20250128","20y",2025-01-28 07:54:00,2025-01-28 09:54:00,83.300058899796,58.0724193826284,-15.1464057372042,1.20646246369859,69.1252073108843,69.1252073108843,84.2716130480885,1.47081711365576
"dome","08:54:00",NA,9,"20y_2025-01-28 07-52-58_waggle_annotations.csv",-0.0174392080020139,-0.999847925448797,285.624519959383,73.3762363703601,"ok",498,941,"",-21.27,"antisolar","20250128/2025-01-28 07-52-58.mkv",20250128,"20y_2025-01-28 07-52-58_08:54:00_20250128","20y",2025-01-28 07:54:00,2025-01-28 09:54:00,83.300058899796,58.0724193826284,-15.1464057372042,1.2806569173844,73.3762363703601,73.3762363703601,88.5226421075643,1.54501156734157
"dome","08:54:00",NA,10,"20y_2025-01-28 07-52-58_waggle_annotations.csv",0.178885438199983,-0.983869910099907,285.624519959383,84.6803265093834,"ok",496,873,"",-21.27,"antisolar","20250128/2025-01-28 07-52-58.mkv",20250128,"20y_2025-01-28 07-52-58_08:54:00_20250128","20y",2025-01-28 07:54:00,2025-01-28 09:54:00,83.300058899796,58.0724193826284,-15.1464057372042,1.47795050925258,84.6803265093834,84.6803265093834,99.8267322465876,1.74230515920975
"dome","08:54:00",NA,11,"20y_2025-01-28 07-52-58_waggle_annotations.csv",0.166650593889093,-0.986016013843798,285.624519959383,83.9686143033477,"ok",483,812,"",-21.27,"antisolar","20250128/2025-01-28 07-52-58.mkv",20250128,"20y_2025-01-28 07-52-58_08:54:00_20250128","20y",2025-01-28 07:54:00,2025-01-28 09:54:00,83.300058899796,58.0724193826284,-15.1464057372042,1.46552878793062,83.9686143033477,83.9686143033477,99.1150200405519,1.72988343788779
"dome","08:54:00",NA,12,"20y_2025-01-28 07-52-58_waggle_annotations.csv",-0.208778603290621,-0.977962931203437,285.624519959383,62.3246951572078,"ok",490,798,"",-21.27,"antisolar","20250128/2025-01-28 07-52-58.mkv",20250128,"20y_2025-01-28 07-52-58_08:54:00_20250128","20y",2025-01-28 07:54:00,2025-01-28 09:54:00,83.300058899796,58.0724193826284,-15.1464057372042,1.08777113579504,62.3246951572078,62.3246951572078,77.471100894412,1.35212578575221
"dome","08:54:00",NA,13,"20y_2025-01-28 07-52-58_waggle_annotations.csv",-0.102549270737555,-0.99472792615428,285.624519959383,68.4894922075891,"ok",500,836,"",-21.27,"antisolar","20250128/2025-01-28 07-52-58.mkv",20250128,"20y_2025-01-28 07-52-58_08:54:00_20250128","20y",2025-01-28 07:54:00,2025-01-28 09:54:00,83.300058899796,58.0724193826284,-15.1464057372042,1.19536714204143,68.4894922075891,68.4894922075891,83.6358979447933,1.4597217919986
"dome","08:54:00",NA,14,"20y_2025-01-28 07-52-58_waggle_annotations.csv",0.296805080179428,-0.954938084055549,285.624519959383,91.6412895356319,"ok",487,819,"",-21.27,"antisolar","20250128/2025-01-28 07-52-58.mkv",20250128,"20y_2025-01-28 07-52-58_08:54:00_20250128","20y",2025-01-28 07:54:00,2025-01-28 09:54:00,83.300058899796,58.0724193826284,-15.1464057372042,1.5994422331702,91.6412895356319,91.6412895356319,106.787695272836,1.86379688312737
"dome","08:54:00",NA,15,"20y_2025-01-28 07-52-58_waggle_annotations.csv",-0.0547124467021418,-0.998502152314088,285.624519959383,71.2391216722847,"ok",503,813,"",-21.27,"antisolar","20250128/2025-01-28 07-52-58.mkv",20250128,"20y_2025-01-28 07-52-58_08:54:00_20250128","20y",2025-01-28 07:54:00,2025-01-28 09:54:00,83.300058899796,58.0724193826284,-15.1464057372042,1.24335722941022,71.2391216722847,71.2391216722847,86.3855274094889,1.50771187936739
"dome","08:54:00",NA,16,"20y_2025-01-28 07-52-58_waggle_annotations.csv",-0.325990683319404,-0.945372981626272,285.624519959383,55.3498740030486,"ok",584,871,"",-21.27,"antisolar","20250128/2025-01-28 07-52-58.mkv",20250128,"20y_2025-01-28 07-52-58_08:54:00_20250128","20y",2025-01-28 07:54:00,2025-01-28 09:54:00,83.300058899796,58.0724193826284,-15.1464057372042,0.966037541917212,55.3498740030486,55.3498740030486,70.4962797402528,1.23039219187438
"dome","08:54:00",NA,1,"23y_2025-01-28 07-52-58_waggle_annotations.csv",-0.399585420513928,-0.916695964708423,285.624519959383,50.8232163677227,"ok",730,835,"",-21.27,"antisolar","20250128/2025-01-28 07-52-58.mkv",20250128,"23y_2025-01-28 07-52-58_08:54:00_20250128","23y",2025-01-28 07:54:00,2025-01-28 09:54:00,83.300058899796,58.0724193826284,-15.1464057372042,0.887032462070234,50.8232163677227,50.8232163677227,65.9696221049269,1.15138711202741
"dome","08:54:00",NA,2,"23y_2025-01-28 07-52-58_waggle_annotations.csv",-0.365975864911597,-0.930624342203775,285.624519959383,52.9078286015184,"ok",740,836,"",-21.27,"antisolar","20250128/2025-01-28 07-52-58.mkv",20250128,"23y_2025-01-28 07-52-58_08:54:00_20250128","23y",2025-01-28 07:54:00,2025-01-28 09:54:00,83.300058899796,58.0724193826284,-15.1464057372042,0.923415809177323,52.9078286015184,52.9078286015184,68.0542343387226,1.1877704591345
"dome","08:54:00",NA,3,"23y_2025-01-28 07-52-58_waggle_annotations.csv",-0.184288535050185,-0.982872186934322,285.624519959383,63.7558247644622,"ok",686,856,"",-21.27,"antisolar","20250128/2025-01-28 07-52-58.mkv",20250128,"23y_2025-01-28 07-52-58_08:54:00_20250128","23y",2025-01-28 07:54:00,2025-01-28 09:54:00,83.300058899796,58.0724193826284,-15.1464057372042,1.1127490594644,63.7558247644622,63.7558247644622,78.9022305016664,1.37710370942158
"dome","08:54:00",NA,4,"23y_2025-01-28 07-52-58_waggle_annotations.csv",-0.151025398741513,-0.988529882671721,285.624519959383,65.6891254593807,"ok",711,880,"",-21.27,"antisolar","20250128/2025-01-28 07-52-58.mkv",20250128,"23y_2025-01-28 07-52-58_08:54:00_20250128","23y",2025-01-28 07:54:00,2025-01-28 09:54:00,83.300058899796,58.0724193826284,-15.1464057372042,1.14649152202183,65.6891254593807,65.6891254593807,80.8355311965849,1.410846171979
"dome","08:54:00",NA,5,"23y_2025-01-28 07-52-58_waggle_annotations.csv",-0.504696587331156,-0.863296794119082,285.624519959383,44.0642668139357,"ok",625,755,"",-21.27,"antisolar","20250128/2025-01-28 07-52-58.mkv",20250128,"23y_2025-01-28 07-52-58_08:54:00_20250128","23y",2025-01-28 07:54:00,2025-01-28 09:54:00,83.300058899796,58.0724193826284,-15.1464057372042,0.76906653838045,44.0642668139357,44.0642668139357,59.2106725511399,1.03342118833762
"dome","08:58:00",NA,1,"22b_2025-01-28 07-57-05_waggle_annotations.csv",0.162640450978164,-0.986685402600859,304.612261934882,64.747928867031,"ok",667,870,"",-21.27,"antisolar","20250128/2025-01-28 07-57-05.mkv",20250128,"22b_2025-01-28 07-57-05_08:58:00_20250128","22b",2025-01-28 07:58:00,2025-01-28 09:58:00,82.6875346591283,58.967024937062,-14.5338814965365,1.13006454257677,64.747928867031,64.747928867031,79.2818103635675,1.38372862778602
"dome","08:58:00",NA,2,"22b_2025-01-28 07-57-05_waggle_annotations.csv",0.19776944698048,-0.980248563294553,304.612261934882,66.79429064909,"ok",633,834,"",-21.27,"antisolar","20250128/2025-01-28 07-57-05.mkv",20250128,"22b_2025-01-28 07-57-05_08:58:00_20250128","22b",2025-01-28 07:58:00,2025-01-28 09:58:00,82.6875346591283,58.967024937062,-14.5338814965365,1.16578029336068,66.79429064909,66.79429064909,81.3281721456265,1.41944437856992
"dome","08:58:00",NA,3,"22b_2025-01-28 07-57-05_waggle_annotations.csv",0.208107644464859,-0.978105928984836,304.612261934882,67.3992164514831,"ok",723,892,"",-21.27,"antisolar","20250128/2025-01-28 07-57-05.mkv",20250128,"22b_2025-01-28 07-57-05_08:58:00_20250128","22b",2025-01-28 07:58:00,2025-01-28 09:58:00,82.6875346591283,58.967024937062,-14.5338814965365,1.17633824034271,67.3992164514831,67.3992164514831,81.9330979480196,1.43000232555195
"dome","08:58:00",NA,1,"23y_2025-01-28 07-57-05_waggle_annotations.csv",0.0058478532231588,-0.999982901160155,304.612261934882,55.7227972837267,"ok",754,1067,"",-21.27,"antisolar","20250128/2025-01-28 07-57-05.mkv",20250128,"23y_2025-01-28 07-57-05_08:58:00_20250128","23y",2025-01-28 07:58:00,2025-01-28 09:58:00,82.6875346591283,58.967024937062,-14.5338814965365,0.972546281022384,55.7227972837267,55.7227972837267,70.2566787802632,1.22621036623163
"dome","08:58:00",NA,2,"23y_2025-01-28 07-57-05_waggle_annotations.csv",0.186333651161664,-0.982486524306956,304.612261934882,66.1266351660231,"ok",736,959,"",-21.27,"antisolar","20250128/2025-01-28 07-57-05.mkv",20250128,"23y_2025-01-28 07-57-05_08:58:00_20250128","23y",2025-01-28 07:58:00,2025-01-28 09:58:00,82.6875346591283,58.967024937062,-14.5338814965365,1.15412750691217,66.1266351660231,66.1266351660231,80.6605166625596,1.40779159212141
"dome","08:58:00",NA,3,"23y_2025-01-28 07-57-05_waggle_annotations.csv",0.238221527797648,-0.971210844098105,304.612261934882,69.1693353007713,"ok",716,867,"",-21.27,"antisolar","20250128/2025-01-28 07-57-05.mkv",20250128,"23y_2025-01-28 07-57-05_08:58:00_20250128","23y",2025-01-28 07:58:00,2025-01-28 09:58:00,82.6875346591283,58.967024937062,-14.5338814965365,1.2072326424144,69.1693353007713,69.1693353007713,83.7032167973078,1.46089672762364
"dome","08:58:00",NA,4,"23y_2025-01-28 07-57-05_waggle_annotations.csv",-0.152822724540484,-0.988253618695132,304.612261934882,46.5971948823037,"ok",772,862,"",-21.27,"antisolar","20250128/2025-01-28 07-57-05.mkv",20250128,"23y_2025-01-28 07-57-05_08:58:00_20250128","23y",2025-01-28 07:58:00,2025-01-28 09:58:00,82.6875346591283,58.967024937062,-14.5338814965365,0.813274472889651,46.5971948823037,46.5971948823037,61.1310763788402,1.06693855809889
"dome","08:58:00",NA,5,"23y_2025-01-28 07-57-05_waggle_annotations.csv",-0.097099964285426,-0.995274633925616,304.612261934882,49.8155402611538,"ok",726,888,"",-21.27,"antisolar","20250128/2025-01-28 07-57-05.mkv",20250128,"23y_2025-01-28 07-57-05_08:58:00_20250128","23y",2025-01-28 07:58:00,2025-01-28 09:58:00,82.6875346591283,58.967024937062,-14.5338814965365,0.86944519621693,49.8155402611538,49.8155402611538,64.3494217576903,1.12310928142617
"dome","08:58:00",NA,6,"23y_2025-01-28 07-57-05_waggle_annotations.csv",0.0366725627644501,-0.999327335331266,304.612261934882,57.4893923927889,"ok",729,908,"",-21.27,"antisolar","20250128/2025-01-28 07-57-05.mkv",20250128,"23y_2025-01-28 07-57-05_08:58:00_20250128","23y",2025-01-28 07:58:00,2025-01-28 09:58:00,82.6875346591283,58.967024937062,-14.5338814965365,1.00337918222515,57.4893923927889,57.4893923927889,72.0232738893254,1.25704326743439
"dome","08:58:00",NA,7,"23y_2025-01-28 07-57-05_waggle_annotations.csv",0.0434372242763069,-0.99905615835506,304.612261934882,57.8772909871168,"ok",716,908,"",-21.27,"antisolar","20250128/2025-01-28 07-57-05.mkv",20250128,"23y_2025-01-28 07-57-05_08:58:00_20250128","23y",2025-01-28 07:58:00,2025-01-28 09:58:00,82.6875346591283,58.967024937062,-14.5338814965365,1.01014928986003,57.8772909871168,57.8772909871168,72.4111724836533,1.26381337506927
"dome","08:58:00",NA,8,"23y_2025-01-28 07-57-05_waggle_annotations.csv",-0.0650791373455969,-0.997880105965818,304.612261934882,51.6563410659572,"ok",740,849,"",-21.27,"antisolar","20250128/2025-01-28 07-57-05.mkv",20250128,"23y_2025-01-28 07-57-05_08:58:00_20250128","23y",2025-01-28 07:58:00,2025-01-28 09:58:00,82.6875346591283,58.967024937062,-14.5338814965365,0.90157323113411,51.6563410659572,51.6563410659572,66.1902225624937,1.15523731634335
"dome","08:58:00",NA,9,"23y_2025-01-28 07-57-05_waggle_annotations.csv",0,-1,304.612261934882,55.3877380651176,"ok",723,839,"",-21.27,"antisolar","20250128/2025-01-28 07-57-05.mkv",20250128,"23y_2025-01-28 07-57-05_08:58:00_20250128","23y",2025-01-28 07:58:00,2025-01-28 09:58:00,82.6875346591283,58.967024937062,-14.5338814965365,0.966698394468496,55.3877380651176,55.3877380651176,69.9216195616541,1.22036247967774
"dome","08:58:00",NA,10,"23y_2025-01-28 07-57-05_waggle_annotations.csv",-0.0123447382816694,-0.999923800815221,304.612261934882,54.6804186965734,"ok",748,848,"",-21.27,"antisolar","20250128/2025-01-28 07-57-05.mkv",20250128,"23y_2025-01-28 07-57-05_08:58:00_20250128","23y",2025-01-28 07:58:00,2025-01-28 09:58:00,82.6875346591283,58.967024937062,-14.5338814965365,0.954353342624272,54.6804186965734,54.6804186965734,69.2143001931099,1.20801742783351
"dome","08:58:00",NA,11,"23y_2025-01-28 07-57-05_waggle_annotations.csv",-0.0219727158403353,-0.999758570735255,304.612261934882,54.1286928579423,"ok",739,839,"",-21.27,"antisolar","20250128/2025-01-28 07-57-05.mkv",20250128,"23y_2025-01-28 07-57-05_08:58:00_20250128","23y",2025-01-28 07:58:00,2025-01-28 09:58:00,82.6875346591283,58.967024937062,-14.5338814965365,0.944723910171832,54.1286928579423,54.1286928579423,68.6625743544788,1.19838799538107
"dome","08:58:00",NA,12,"23y_2025-01-28 07-57-05_waggle_annotations.csv",-0.158465899510204,-0.987364450794347,304.612261934882,46.2698753113218,"ok",768,820,"",-21.27,"antisolar","20250128/2025-01-28 07-57-05.mkv",20250128,"23y_2025-01-28 07-57-05_08:58:00_20250128","23y",2025-01-28 07:58:00,2025-01-28 09:58:00,82.6875346591283,58.967024937062,-14.5338814965365,0.807561668669802,46.2698753113218,46.2698753113218,60.8037568078583,1.06122575387904
"dome","08:58:00",NA,13,"23y_2025-01-28 07-57-05_waggle_annotations.csv",0.293496533496976,-0.955960137675865,304.612261934882,72.455142883582,"ok",715,836,"",-21.27,"antisolar","20250128/2025-01-28 07-57-05.mkv",20250128,"23y_2025-01-28 07-57-05_08:58:00_20250128","23y",2025-01-28 07:58:00,2025-01-28 09:58:00,82.6875346591283,58.967024937062,-14.5338814965365,1.26458080332144,72.455142883582,72.455142883582,86.9890243801185,1.51824488853069
"dome","08:58:00",NA,14,"23y_2025-01-28 07-57-05_waggle_annotations.csv",-0.0595953800472358,-0.9982226157912,304.612261934882,51.9711498733463,"ok",757,839,"",-21.27,"antisolar","20250128/2025-01-28 07-57-05.mkv",20250128,"23y_2025-01-28 07-57-05_08:58:00_20250128","23y",2025-01-28 07:58:00,2025-01-28 09:58:00,82.6875346591283,58.967024937062,-14.5338814965365,0.907067681337327,51.9711498733463,51.9711498733463,66.5050313698828,1.16073176654657
"dome","08:58:00",NA,15,"23y_2025-01-28 07-57-05_waggle_annotations.csv",0.0178542964168829,-0.999840599345445,304.612261934882,56.4107682537855,"ok",728,848,"",-21.27,"antisolar","20250128/2025-01-28 07-57-05.mkv",20250128,"23y_2025-01-28 07-57-05_08:58:00_20250128","23y",2025-01-28 07:58:00,2025-01-28 09:58:00,82.6875346591283,58.967024937062,-14.5338814965365,0.984553639608049,56.4107682537855,56.4107682537855,70.944649750322,1.23821772481729
"dome","08:58:00",NA,16,"23y_2025-01-28 07-57-05_waggle_annotations.csv",-0.0742624587146074,-0.997238731310443,304.612261934882,51.1288919429473,"ok",771,824,"",-21.27,"antisolar","20250128/2025-01-28 07-57-05.mkv",20250128,"23y_2025-01-28 07-57-05_08:58:00_20250128","23y",2025-01-28 07:58:00,2025-01-28 09:58:00,82.6875346591283,58.967024937062,-14.5338814965365,0.892367507300831,51.1288919429473,51.1288919429473,65.6627734394838,1.14603159251007
"dome","08:58:00",NA,17,"23y_2025-01-28 07-57-05_waggle_annotations.csv",-0.477771946909984,-0.878483902382874,304.612261934882,26.8477528771576,"ok",729,836,"",-21.27,"antisolar","20250128/2025-01-28 07-57-05.mkv",20250128,"23y_2025-01-28 07-57-05_08:58:00_20250128","23y",2025-01-28 07:58:00,2025-01-28 09:58:00,82.6875346591283,58.967024937062,-14.5338814965365,0.468581684468181,26.8477528771576,26.8477528771576,41.3816343736941,0.722245769677423
"dome","08:58:00",NA,18,"23y_2025-01-28 07-57-05_waggle_annotations.csv",-0.0933407086930583,-0.995634226059288,304.612261934882,50.0319130222624,"ok",718,825,"",-21.27,"antisolar","20250128/2025-01-28 07-57-05.mkv",20250128,"23y_2025-01-28 07-57-05_08:58:00_20250128","23y",2025-01-28 07:58:00,2025-01-28 09:58:00,82.6875346591283,58.967024937062,-14.5338814965365,0.873221613309906,50.0319130222624,50.0319130222624,64.5657945187989,1.12688569851915
"dome","08:58:00",NA,19,"23y_2025-01-28 07-57-05_waggle_annotations.csv",-0.818556692462413,-0.57442574909643,304.612261934882,0.447165032004591,"ok",705,786,"",-21.27,"antisolar","20250128/2025-01-28 07-57-05.mkv",20250128,"23y_2025-01-28 07-57-05_08:58:00_20250128","23y",2025-01-28 07:58:00,2025-01-28 09:58:00,82.6875346591283,58.967024937062,-14.5338814965365,0.00780450210826593,0.447165032004591,0.447165032004591,14.9810465285411,0.261468587317508
"dome","08:58:00",NA,20,"23y_2025-01-28 07-57-05_waggle_annotations.csv",0.0793945964504216,-0.996843266544182,304.612261934882,59.9415060442763,"ok",691,815,"",-21.27,"antisolar","20250128/2025-01-28 07-57-05.mkv",20250128,"23y_2025-01-28 07-57-05_08:58:00_20250128","23y",2025-01-28 07:58:00,2025-01-28 09:58:00,82.6875346591283,58.967024937062,-14.5338814965365,1.0461766390767,59.9415060442763,59.9415060442763,74.4753875408128,1.29984072428595
"dome","11:23:00",NA,1,"20y_2025-01-28 10-22-47_waggle_annotations.csv",0.999429816012304,-0.0337645208112265,297.032968294793,151.032099395654,"ok",539,804,"",-21.27,"antisolar","20250128/2025-01-28 10-22-47.mkv",20250128,"20y_2025-01-28 10-22-47_11:23:00_20250128","20y",2025-01-28 10:23:00,2025-01-28 12:23:00,334.739882075342,81.7562291018895,93.4137710872498,2.6360074106535,151.032099395654,151.032099395654,57.6183283084042,1.00562953847671
"dome","11:23:00",NA,2,"20y_2025-01-28 10-22-47_waggle_annotations.csv",0.0958529009653029,0.9953955100243,297.032968294793,237.466620235005,"ok",561,887,"",-21.27,"antisolar","20250128/2025-01-28 10-22-47.mkv",20250128,"20y_2025-01-28 10-22-47_11:23:00_20250128","20y",2025-01-28 10:23:00,2025-01-28 12:23:00,334.739882075342,81.7562291018895,93.4137710872498,-2.13861092049576,-122.533379764995,237.466620235005,144.052849147755,2.51419651450704
"dome","11:23:00",NA,3,"20y_2025-01-28 10-22-47_waggle_annotations.csv",0.985926584601322,-0.167178855649789,297.032968294793,143.343199623315,"ok",591,892,"",-21.27,"antisolar","20250128/2025-01-28 10-22-47.mkv",20250128,"20y_2025-01-28 10-22-47_11:23:00_20250128","20y",2025-01-28 10:23:00,2025-01-28 12:23:00,334.739882075342,81.7562291018895,93.4137710872498,2.50181079377034,143.343199623315,143.343199623315,49.9294285360652,0.871432921593551
"dome","11:23:00",NA,4,"20y_2025-01-28 10-22-47_waggle_annotations.csv",0.762345132316743,-0.647170687866012,297.032968294793,112.638409740556,"ok",640,929,"",-21.27,"antisolar","20250128/2025-01-28 10-22-47.mkv",20250128,"20y_2025-01-28 10-22-47_11:23:00_20250128","20y",2025-01-28 10:23:00,2025-01-28 12:23:00,334.739882075342,81.7562291018895,93.4137710872498,1.96591111418315,112.638409740556,112.638409740556,19.2246386533062,0.335533242006362
"dome","11:23:00",NA,5,"20y_2025-01-28 10-22-47_waggle_annotations.csv",0.135113204733313,-0.990830168044299,297.032968294793,70.732197723632,"ok",680,931,"",-21.27,"antisolar","20250128/2025-01-28 10-22-47.mkv",20250128,"20y_2025-01-28 10-22-47_11:23:00_20250128","20y",2025-01-28 10:23:00,2025-01-28 12:23:00,334.739882075342,81.7562291018895,93.4137710872498,1.23450973744902,70.732197723632,70.732197723632,22.6815733636178,-0.395868134727775
"dome","11:23:00",NA,1,"22b_2025-01-28 10-20-24_waggle_annotations.csv",-0.94299033358289,-0.332820117735138,297.032968294793,352.407066533383,"ok",568,832,"",-21.27,"antisolar","20250128/2025-01-28 10-20-24.mkv",20250128,"22b_2025-01-28 10-20-24_11:23:00_20250128","22b",2025-01-28 10:23:00,2025-01-28 12:23:00,334.739882075342,81.7562291018895,93.4137710872498,-0.132521688877334,-7.59293346661701,352.407066533383,101.006704553867,-1.76289956105413
"dome","11:23:00",NA,2,"22b_2025-01-28 10-20-24_waggle_annotations.csv",0.992139756202553,-0.125134744025547,297.032968294793,145.77849456247,"ok",549,848,"",-21.27,"antisolar","20250128/2025-01-28 10-20-24.mkv",20250128,"22b_2025-01-28 10-20-24_11:23:00_20250128","22b",2025-01-28 10:23:00,2025-01-28 12:23:00,334.739882075342,81.7562291018895,93.4137710872498,2.54431470871575,145.77849456247,145.77849456247,52.3647234752202,0.913936836538961
"dome","11:23:00",NA,3,"22b_2025-01-28 10-20-24_waggle_annotations.csv",-0.752576694706878,0.658504607868518,297.032968294793,291.781106539497,"ok",620,822,"",-21.27,"antisolar","20250128/2025-01-28 10-20-24.mkv",20250128,"22b_2025-01-28 10-20-24_11:23:00_20250128","22b",2025-01-28 10:23:00,2025-01-28 12:23:00,334.739882075342,81.7562291018895,93.4137710872498,-1.19064430295301,-68.218893460503,291.781106539497,161.632664547753,-2.8210221751298
"dome","11:23:00",NA,4,"22b_2025-01-28 10-20-24_waggle_annotations.csv",-0.994172402624717,0.107801826790632,297.032968294793,326.778415741965,"ok",612,794,"",-21.27,"antisolar","20250128/2025-01-28 10-20-24.mkv",20250128,"22b_2025-01-28 10-20-24_11:23:00_20250128","22b",2025-01-28 10:23:00,2025-01-28 12:23:00,334.739882075342,81.7562291018895,93.4137710872498,-0.579826028031429,-33.221584258035,326.778415741965,126.635355345285,-2.21020390020822
"dome","11:23:00",NA,5,"22b_2025-01-28 10-20-24_waggle_annotations.csv",0.86237506348169,-0.50626993776537,297.032968294793,122.551341704218,"ok",547,771,"",-21.27,"antisolar","20250128/2025-01-28 10-20-24.mkv",20250128,"22b_2025-01-28 10-20-24_11:23:00_20250128","22b",2025-01-28 10:23:00,2025-01-28 12:23:00,334.739882075342,81.7562291018895,93.4137710872498,2.13892441547524,122.551341704218,122.551341704218,29.1375706169682,0.508546543298451
"dome","11:23:00",NA,6,"22b_2025-01-28 10-20-24_waggle_annotations.csv",-0.0136041831131834,-0.999907458818976,297.032968294793,62.1875453840881,"ok",584,754,"",-21.27,"antisolar","20250128/2025-01-28 10-20-24.mkv",20250128,"22b_2025-01-28 10-20-24_11:23:00_20250128","22b",2025-01-28 10:23:00,2025-01-28 12:23:00,334.739882075342,81.7562291018895,93.4137710872498,1.08537742068574,62.1875453840881,62.1875453840881,31.2262257031617,-0.545000451491053
"dome","11:23:00",NA,1,"22b_2025-01-28 10-20-58_waggle_annotations.csv",0.0977439955678188,0.995211591235973,297.032968294793,237.357757258761,"ok",643,966,"",-21.27,"antisolar","20250128/2025-01-28 10-20-58.mkv",20250128,"22b_2025-01-28 10-20-58_11:23:00_20250128","22b",2025-01-28 10:23:00,2025-01-28 12:23:00,334.739882075342,81.7562291018895,93.4137710872498,-2.14051093786474,-122.642242741239,237.357757258761,143.943986171511,2.51229649713806
"dome","11:23:00",NA,2,"22b_2025-01-28 10-20-58_waggle_annotations.csv",0.994605301170165,-0.103731841226336,297.032968294793,147.012924274042,"ok",610,844,"",-21.27,"antisolar","20250128/2025-01-28 10-20-58.mkv",20250128,"22b_2025-01-28 10-20-58_11:23:00_20250128","22b",2025-01-28 10:23:00,2025-01-28 12:23:00,334.739882075342,81.7562291018895,93.4137710872498,2.56585957156713,147.012924274042,147.012924274042,53.5991531867922,0.935481699390336
"dome","11:23:00",NA,3,"22b_2025-01-28 10-20-58_waggle_annotations.csv",-0.227794368486612,-0.973709261374146,297.032968294793,49.7997800103288,"ok",636,767,"",-21.27,"antisolar","20250128/2025-01-28 10-20-58.mkv",20250128,"22b_2025-01-28 10-20-58_11:23:00_20250128","22b",2025-01-28 10:23:00,2025-01-28 12:23:00,334.739882075342,81.7562291018895,93.4137710872498,0.869170127949093,49.7997800103288,49.7997800103288,43.613991076921,-0.761207744227698
"dome","11:23:00",NA,4,"22b_2025-01-28 10-20-58_waggle_annotations.csv",0.937822198790191,-0.347116008643123,297.032968294793,132.656013272045,"ok",638,888,"",-21.27,"antisolar","20250128/2025-01-28 10-20-58.mkv",20250128,"22b_2025-01-28 10-20-58_11:23:00_20250128","22b",2025-01-28 10:23:00,2025-01-28 12:23:00,334.739882075342,81.7562291018895,93.4137710872498,2.31528420416648,132.656013272045,132.656013272045,39.2422421847952,0.68490633198969
"dome","11:23:00",NA,5,"22b_2025-01-28 10-20-58_waggle_annotations.csv",0.969718492607152,-0.244225398138098,297.032968294793,138.83096990706,"ok",625,899,"",-21.27,"antisolar","20250128/2025-01-28 10-20-58.mkv",20250128,"22b_2025-01-28 10-20-58_11:23:00_20250128","22b",2025-01-28 10:23:00,2025-01-28 12:23:00,334.739882075342,81.7562291018895,93.4137710872498,2.42305752861536,138.83096990706,138.83096990706,45.4171988198102,0.792679656438571
"dome","11:23:00",NA,6,"22b_2025-01-28 10-20-58_waggle_annotations.csv",0.786788831639868,-0.617222273096793,297.032968294793,114.853459036639,"ok",601,831,"",-21.27,"antisolar","20250128/2025-01-28 10-20-58.mkv",20250128,"22b_2025-01-28 10-20-58_11:23:00_20250128","22b",2025-01-28 10:23:00,2025-01-28 12:23:00,334.739882075342,81.7562291018895,93.4137710872498,2.00457101749378,114.853459036639,114.853459036639,21.4396879493892,0.374193145316993
"dome","11:23:00",NA,7,"22b_2025-01-28 10-20-58_waggle_annotations.csv",0.998999054411902,-0.0447313009438165,297.032968294793,150.403261493742,"ok",618,842,"",-21.27,"antisolar","20250128/2025-01-28 10-20-58.mkv",20250128,"22b_2025-01-28 10-20-58_11:23:00_20250128","22b",2025-01-28 10:23:00,2025-01-28 12:23:00,334.739882075342,81.7562291018895,93.4137710872498,2.6250321188038,150.403261493742,150.403261493742,56.9894904064922,0.994654246627011
"dome","11:23:00",NA,8,"22b_2025-01-28 10-20-58_waggle_annotations.csv",0.823341589986754,-0.567546144553976,297.032968294793,118.387744102001,"ok",629,823,"",-21.27,"antisolar","20250128/2025-01-28 10-20-58.mkv",20250128,"22b_2025-01-28 10-20-58_11:23:00_20250128","22b",2025-01-28 10:23:00,2025-01-28 12:23:00,334.739882075342,81.7562291018895,93.4137710872498,2.06625592858841,118.387744102001,118.387744102001,24.9739730147512,0.435878056411623
"dome","11:23:00",NA,9,"22b_2025-01-28 10-20-58_waggle_annotations.csv",0.991111329804974,-0.133035077826171,297.032968294793,145.322018433536,"ok",585,826,"",-21.27,"antisolar","20250128/2025-01-28 10-20-58.mkv",20250128,"22b_2025-01-28 10-20-58_11:23:00_20250128","22b",2025-01-28 10:23:00,2025-01-28 12:23:00,334.739882075342,81.7562291018895,93.4137710872498,2.5363476973091,145.322018433536,145.322018433536,51.9082473462862,0.905969825132304
"dome","11:23:00",NA,10,"22b_2025-01-28 10-20-58_waggle_annotations.csv",0.858168263311999,-0.513368514659857,297.032968294793,122.078565247423,"ok",608,848,"",-21.27,"antisolar","20250128/2025-01-28 10-20-58.mkv",20250128,"22b_2025-01-28 10-20-58_11:23:00_20250128","22b",2025-01-28 10:23:00,2025-01-28 12:23:00,334.739882075342,81.7562291018895,93.4137710872498,2.13067290967826,122.078565247423,122.078565247423,28.6647941601732,0.500295037501466
"dome","11:23:00",NA,11,"22b_2025-01-28 10-20-58_waggle_annotations.csv",0.8,-0.6,297.032968294793,116.097134059363,"ok",696,847,"",-21.27,"antisolar","20250128/2025-01-28 10-20-58.mkv",20250128,"22b_2025-01-28 10-20-58_11:23:00_20250128","22b",2025-01-28 10:23:00,2025-01-28 12:23:00,334.739882075342,81.7562291018895,93.4137710872498,2.02627724146513,116.097134059363,116.097134059363,22.6833629721132,0.395899369288343
"dome","11:23:00",NA,12,"22b_2025-01-28 10-20-58_waggle_annotations.csv",0.253157934406818,-0.967424963626055,297.032968294793,77.6314931936178,"ok",734,819,"",-21.27,"antisolar","20250128/2025-01-28 10-20-58.mkv",20250128,"22b_2025-01-28 10-20-58_11:23:00_20250128","22b",2025-01-28 10:23:00,2025-01-28 12:23:00,334.739882075342,81.7562291018895,93.4137710872498,1.3549251594682,77.6314931936178,77.6314931936178,15.782277893632,-0.275452712708593
"dome","11:23:00",NA,13,"22b_2025-01-28 10-20-58_waggle_annotations.csv",0.539666114720432,-0.841879138963874,297.032968294793,95.6279444268805,"ok",741,789,"",-21.27,"antisolar","20250128/2025-01-28 10-20-58.mkv",20250128,"22b_2025-01-28 10-20-58_11:23:00_20250128","22b",2025-01-28 10:23:00,2025-01-28 12:23:00,334.739882075342,81.7562291018895,93.4137710872498,1.66902248716323,95.6279444268805,95.6279444268805,2.21417333963073,0.0386446149864349
"dome","11:23:00",NA,14,"22b_2025-01-28 10-20-58_waggle_annotations.csv",-0.977802414077409,-0.209529088730873,297.032968294793,345.061788782219,"ok",713,852,"",-21.27,"antisolar","20250128/2025-01-28 10-20-58.mkv",20250128,"22b_2025-01-28 10-20-58_11:23:00_20250128","22b",2025-01-28 10:23:00,2025-01-28 12:23:00,334.739882075342,81.7562291018895,93.4137710872498,-0.26072097010863,-14.938211217781,345.061788782219,108.351982305031,-1.89109884228542
"dome","11:23:00",NA,15,"22b_2025-01-28 10-20-58_waggle_annotations.csv",0.808236496228356,-0.588858018680659,297.032968294793,116.891020148838,"ok",621,840,"",-21.27,"antisolar","20250128/2025-01-28 10-20-58.mkv",20250128,"22b_2025-01-28 10-20-58_11:23:00_20250128","22b",2025-01-28 10:23:00,2025-01-28 12:23:00,334.739882075342,81.7562291018895,93.4137710872498,2.04013316761226,116.891020148838,116.891020148838,23.4772490615882,0.409755295435464
"dome","11:23:00",NA,16,"22b_2025-01-28 10-20-58_waggle_annotations.csv",0.121435030785916,-0.992599382076185,297.032968294793,69.9419612212028,"ok",664,843,"",-21.27,"antisolar","20250128/2025-01-28 10-20-58.mkv",20250128,"22b_2025-01-28 10-20-58_11:23:00_20250128","22b",2025-01-28 10:23:00,2025-01-28 12:23:00,334.739882075342,81.7562291018895,93.4137710872498,1.22071750861218,69.9419612212028,69.9419612212028,23.471809866047,-0.409660363564609
"dome","11:23:00",NA,17,"22b_2025-01-28 10-20-58_waggle_annotations.csv",0.277539652820775,-0.960714182841142,297.032968294793,79.0804499382959,"ok",677,848,"",-21.27,"antisolar","20250128/2025-01-28 10-20-58.mkv",20250128,"22b_2025-01-28 10-20-58_11:23:00_20250128","22b",2025-01-28 10:23:00,2025-01-28 12:23:00,334.739882075342,81.7562291018895,93.4137710872498,1.38021422538181,79.0804499382959,79.0804499382959,14.3333211489539,-0.250163646794982
"dome","11:23:00",NA,18,"22b_2025-01-28 10-20-58_waggle_annotations.csv",0.462056545285723,-0.88685046595163,297.032968294793,90.4869241361568,"ok",681,820,"",-21.27,"antisolar","20250128/2025-01-28 10-20-58.mkv",20250128,"22b_2025-01-28 10-20-58_11:23:00_20250128","22b",2025-01-28 10:23:00,2025-01-28 12:23:00,334.739882075342,81.7562291018895,93.4137710872498,1.57929475617826,90.4869241361568,90.4869241361568,2.92684695109297,-0.0510831159985298
"dome","11:23:00",NA,19,"22b_2025-01-28 10-20-58_waggle_annotations.csv",0.910366477462605,-0.413802944301184,297.032968294793,128.52307692479,"ok",694,789,"",-21.27,"antisolar","20250128/2025-01-28 10-20-58.mkv",20250128,"22b_2025-01-28 10-20-58_11:23:00_20250128","22b",2025-01-28 10:23:00,2025-01-28 12:23:00,334.739882075342,81.7562291018895,93.4137710872498,2.24315085713153,128.52307692479,128.52307692479,35.1093058375402,0.612772984954742
"dome","11:23:00",NA,1,"90r_2025-01-28 10-20-58_waggle_annotations.csv",0.940412378200483,-0.340036114151587,297.032968294793,133.087957351349,"ok",641,794,"",-21.27,"antisolar","20250128/2025-01-28 10-20-58.mkv",20250128,"90r_2025-01-28 10-20-58_11:23:00_20250128","90r",2025-01-28 10:23:00,2025-01-28 12:23:00,334.739882075342,81.7562291018895,93.4137710872498,2.32282305053483,133.087957351349,133.087957351349,39.6741862640992,0.69244517835804
"dome","11:23:00",NA,2,"90r_2025-01-28 10-20-58_waggle_annotations.csv",-0.999720015393665,-0.0236620121986666,297.032968294793,334.322891681313,"ok",683,779,"",-21.27,"antisolar","20250128/2025-01-28 10-20-58.mkv",20250128,"90r_2025-01-28 10-20-58_11:23:00_20250128","90r",2025-01-28 10:23:00,2025-01-28 12:23:00,334.739882075342,81.7562291018895,93.4137710872498,-0.448150082552314,-25.677108318687,334.322891681313,119.090879405937,-2.07852795472911
"dome","11:23:00",NA,3,"90r_2025-01-28 10-20-58_waggle_annotations.csv",0.883943674103856,-0.467593392823054,297.032968294793,125.088840187211,"ok",672,792,"",-21.27,"antisolar","20250128/2025-01-28 10-20-58.mkv",20250128,"90r_2025-01-28 10-20-58_11:23:00_20250128","90r",2025-01-28 10:23:00,2025-01-28 12:23:00,334.739882075342,81.7562291018895,93.4137710872498,2.18321211876783,125.088840187211,125.088840187211,31.6750690999612,0.55283424659104
"dome","11:23:00",NA,4,"90r_2025-01-28 10-20-58_waggle_annotations.csv",0.0676413357367916,0.997709702117676,297.032968294793,239.088507202359,"ok",680,790,"",-21.27,"antisolar","20250128/2025-01-28 10-20-58.mkv",20250128,"90r_2025-01-28 10-20-58_11:23:00_20250128","90r",2025-01-28 10:23:00,2025-01-28 12:23:00,334.739882075342,81.7562291018895,93.4137710872498,-2.11030365282025,-120.911492797641,239.088507202359,145.674736115109,2.54250378218255
"dome","11:23:00",NA,5,"90r_2025-01-28 10-20-58_waggle_annotations.csv",-0.0489608186254642,-0.998800699959469,297.032968294793,60.1606614534184,"ok",679,778,"",-21.27,"antisolar","20250128/2025-01-28 10-20-58.mkv",20250128,"90r_2025-01-28 10-20-58_11:23:00_20250128","90r",2025-01-28 10:23:00,2025-01-28 12:23:00,334.739882075342,81.7562291018895,93.4137710872498,1.05000162253979,60.1606614534184,60.1606614534184,33.2531096338314,-0.580376249637003
"dome","11:23:00",NA,6,"90r_2025-01-28 10-20-58_waggle_annotations.csv",0.138322245251806,-0.990387276002928,297.032968294793,70.9178051315997,"ok",708,771,"",-21.27,"antisolar","20250128/2025-01-28 10-20-58.mkv",20250128,"90r_2025-01-28 10-20-58_11:23:00_20250128","90r",2025-01-28 10:23:00,2025-01-28 12:23:00,334.739882075342,81.7562291018895,93.4137710872498,1.23774919783415,70.9178051315997,70.9178051315997,22.4959659556501,-0.392628674342646
"dome","11:23:00",NA,7,"90r_2025-01-28 10-20-58_waggle_annotations.csv",0.999275165257665,-0.0380676253431491,297.032968294793,150.785390301655,"ok",698,765,"",-21.27,"antisolar","20250128/2025-01-28 10-20-58.mkv",20250128,"90r_2025-01-28 10-20-58_11:23:00_20250128","90r",2025-01-28 10:23:00,2025-01-28 12:23:00,334.739882075342,81.7562291018895,93.4137710872498,2.63170152466861,150.785390301655,150.785390301655,57.3716192144052,1.00132365249181
"dome","11:25:00",NA,1,"22b_2025-01-28 10-24-26_waggle_annotations.csv",-0.718358303959463,-0.695673304887059,297.032968294793,17.0479269214924,"ok",633,802,"",-21.27,"antisolar","20250128/2025-01-28 10-24-26.mkv",20250128,"22b_2025-01-28 10-24-26_11:25:00_20250128","22b",2025-01-28 10:25:00,2025-01-28 12:25:00,331.780235918054,81.5529853609517,96.3734172445378,0.297542455419423,17.0479269214924,17.0479269214924,79.3254903230454,-1.38449098689604
"dome","11:25:00",NA,2,"22b_2025-01-28 10-24-26_waggle_annotations.csv",0.961041068270092,-0.276405616980336,297.032968294793,136.921234424259,"ok",583,772,"",-21.27,"antisolar","20250128/2025-01-28 10-24-26.mkv",20250128,"22b_2025-01-28 10-24-26_11:25:00_20250128","22b",2025-01-28 10:25:00,2025-01-28 12:25:00,331.780235918054,81.5529853609517,96.3734172445378,2.38972635659832,136.921234424259,136.921234424259,40.5478171797212,0.707692914282856
"dome","11:25:00",NA,3,"22b_2025-01-28 10-24-26_waggle_annotations.csv",0.977176363922801,-0.212429644331044,297.032968294793,140.702257977314,"ok",618,755,"",-21.27,"antisolar","20250128/2025-01-28 10-24-26.mkv",20250128,"22b_2025-01-28 10-24-26_11:25:00_20250128","22b",2025-01-28 10:25:00,2025-01-28 12:25:00,331.780235918054,81.5529853609517,96.3734172445378,2.45571766669459,140.702257977314,140.702257977314,44.3288407327762,0.77368422437912
"dome","11:25:00",NA,4,"22b_2025-01-28 10-24-26_waggle_annotations.csv",0.652523135359877,0.757768802353406,297.032968294793,202.234925005497,"ok",618,763,"",-21.27,"antisolar","20250128/2025-01-28 10-24-26.mkv",20250128,"22b_2025-01-28 10-24-26_11:25:00_20250128","22b",2025-01-28 10:25:00,2025-01-28 12:25:00,331.780235918054,81.5529853609517,96.3734172445378,-2.75352000330985,-157.765074994503,202.234925005497,105.861507760959,1.84763186155427
"dome","11:25:00",NA,5,"22b_2025-01-28 10-24-26_waggle_annotations.csv",0.73002139863212,-0.683424288081133,297.032968294793,109.855219711948,"ok",630,820,"",-21.27,"antisolar","20250128/2025-01-28 10-24-26.mkv",20250128,"22b_2025-01-28 10-24-26_11:25:00_20250128","22b",2025-01-28 10:25:00,2025-01-28 12:25:00,331.780235918054,81.5529853609517,96.3734172445378,1.91733528447527,109.855219711948,109.855219711948,13.4818024674102,0.235301842159803
"dome","11:25:00",NA,6,"22b_2025-01-28 10-24-26_waggle_annotations.csv",-0.796691270902396,0.604386481374232,297.032968294793,295.782325251974,"ok",670,789,"",-21.27,"antisolar","20250128/2025-01-28 10-24-26.mkv",20250128,"22b_2025-01-28 10-24-26_11:25:00_20250128","22b",2025-01-28 10:25:00,2025-01-28 12:25:00,331.780235918054,81.5529853609517,96.3734172445378,-1.12080986232787,-64.217674748026,295.782325251974,160.591091992564,-2.80284330464334
"dome","11:25:00",NA,7,"22b_2025-01-28 10-24-26_waggle_annotations.csv",0.641722632673684,-0.766936804902696,297.032968294793,102.887423845192,"ok",663,807,"",-21.27,"antisolar","20250128/2025-01-28 10-24-26.mkv",20250128,"22b_2025-01-28 10-24-26_11:25:00_20250128","22b",2025-01-28 10:25:00,2025-01-28 12:25:00,331.780235918054,81.5529853609517,96.3734172445378,1.79572430499352,102.887423845192,102.887423845192,6.5140066006542,0.113690862678059
"dome","11:25:00",NA,8,"22b_2025-01-28 10-24-26_waggle_annotations.csv",0.9861798660721,-0.165678217500113,297.032968294793,143.430395946747,"ok",638,808,"",-21.27,"antisolar","20250128/2025-01-28 10-24-26.mkv",20250128,"22b_2025-01-28 10-24-26_11:25:00_20250128","22b",2025-01-28 10:25:00,2025-01-28 12:25:00,331.780235918054,81.5529853609517,96.3734172445378,2.50333265670986,143.430395946747,143.430395946747,47.0569787022092,0.821299214394399
"dome","11:25:00",NA,9,"22b_2025-01-28 10-24-26_waggle_annotations.csv",0.447213595499958,-0.894427190999916,297.032968294793,89.5320828822846,"ok",632,789,"",-21.27,"antisolar","20250128/2025-01-28 10-24-26.mkv",20250128,"22b_2025-01-28 10-24-26_11:25:00_20250128","22b",2025-01-28 10:25:00,2025-01-28 12:25:00,331.780235918054,81.5529853609517,96.3734172445378,1.56262963246432,89.5320828822846,89.5320828822846,6.84133436225321,-0.119403809851145
"dome","11:25:00",NA,10,"22b_2025-01-28 10-24-26_waggle_annotations.csv",0.294545766131223,-0.95563737455908,297.032968294793,80.0973332320502,"ok",648,827,"",-21.27,"antisolar","20250128/2025-01-28 10-24-26.mkv",20250128,"22b_2025-01-28 10-24-26_11:25:00_20250128","22b",2025-01-28 10:25:00,2025-01-28 12:25:00,331.780235918054,81.5529853609517,96.3734172445378,1.39796218696635,80.0973332320502,80.0973332320502,16.2760840124876,-0.284071255349118
"dome","11:25:00",NA,11,"22b_2025-01-28 10-24-26_waggle_annotations.csv",0.882352941176471,-0.470588235294118,297.032968294793,124.894544769354,"ok",530,798,"",-21.27,"antisolar","20250128/2025-01-28 10-24-26.mkv",20250128,"22b_2025-01-28 10-24-26_11:25:00_20250128","22b",2025-01-28 10:25:00,2025-01-28 12:25:00,331.780235918054,81.5529853609517,96.3734172445378,2.17982102400469,124.894544769354,124.894544769354,28.5211275248162,0.497787581689223
"dome","11:25:00",NA,12,"22b_2025-01-28 10-24-26_waggle_annotations.csv",0.214207914110707,-0.976788088344826,297.032968294793,75.3360932311322,"ok",638,815,"",-21.27,"antisolar","20250128/2025-01-28 10-24-26.mkv",20250128,"22b_2025-01-28 10-24-26_11:25:00_20250128","22b",2025-01-28 10:25:00,2025-01-28 12:25:00,331.780235918054,81.5529853609517,96.3734172445378,1.31486287247267,75.3360932311322,75.3360932311322,21.0373240134056,-0.367170569842796
"dome","11:25:00",NA,13,"22b_2025-01-28 10-24-26_waggle_annotations.csv",0.947681018784545,-0.319218869485321,297.032968294793,134.351339697876,"ok",615,832,"",-21.27,"antisolar","20250128/2025-01-28 10-24-26.mkv",20250128,"22b_2025-01-28 10-24-26_11:25:00_20250128","22b",2025-01-28 10:25:00,2025-01-28 12:25:00,331.780235918054,81.5529853609517,96.3734172445378,2.3448732321933,134.351339697876,134.351339697876,37.9779224533382,0.662839789877834
"dome","11:25:00",NA,14,"22b_2025-01-28 10-24-26_waggle_annotations.csv",0.682067677316591,-0.731289056092015,297.032968294793,105.972462403965,"ok",641,836,"",-21.27,"antisolar","20250128/2025-01-28 10-24-26.mkv",20250128,"22b_2025-01-28 10-24-26_11:25:00_20250128","22b",2025-01-28 10:25:00,2025-01-28 12:25:00,331.780235918054,81.5529853609517,96.3734172445378,1.84956838539509,105.972462403965,105.972462403965,9.59904515942719,0.167534943079628
"dome","11:25:00",NA,15,"22b_2025-01-28 10-24-26_waggle_annotations.csv",-0.179517302208748,-0.983754816103938,297.032968294793,52.6253864107277,"ok",678,852,"",-21.27,"antisolar","20250128/2025-01-28 10-24-26.mkv",20250128,"22b_2025-01-28 10-24-26_11:25:00_20250128","22b",2025-01-28 10:25:00,2025-01-28 12:25:00,331.780235918054,81.5529853609517,96.3734172445378,0.918486263001479,52.6253864107277,52.6253864107277,43.7480308338101,-0.763547179313987
"dome","11:25:00",NA,16,"22b_2025-01-28 10-24-26_waggle_annotations.csv",-0.743580695278195,-0.668646206606749,297.032968294793,14.9296958822541,"ok",663,820,"",-21.27,"antisolar","20250128/2025-01-28 10-24-26.mkv",20250128,"22b_2025-01-28 10-24-26_11:25:00_20250128","22b",2025-01-28 10:25:00,2025-01-28 12:25:00,331.780235918054,81.5529853609517,96.3734172445378,0.260572349466774,14.9296958822541,14.9296958822541,81.4437213622837,-1.42146109284869
"dome","11:25:00",NA,17,"22b_2025-01-28 10-24-26_waggle_annotations.csv",0.754605522163505,-0.656178714924787,297.032968294793,111.957944803636,"ok",631,878,"",-21.27,"antisolar","20250128/2025-01-28 10-24-26.mkv",20250128,"22b_2025-01-28 10-24-26_11:25:00_20250128","22b",2025-01-28 10:25:00,2025-01-28 12:25:00,331.780235918054,81.5529853609517,96.3734172445378,1.95403476058952,111.957944803636,111.957944803636,15.5845275590982,0.272001318274059
"dome","11:25:00",NA,1,"90r_2025-01-28 10-24-26_waggle_annotations.csv",0.999188034748137,0.040289840110812,297.032968294793,155.276094494232,"ok",592,752,"",-21.27,"antisolar","20250128/2025-01-28 10-24-26.mkv",20250128,"90r_2025-01-28 10-24-26_11:25:00_20250128","90r",2025-01-28 10:25:00,2025-01-28 12:25:00,331.780235918054,81.5529853609517,96.3734172445378,2.71007909856219,155.276094494232,155.276094494232,58.9026772496942,1.02804565624672
"dome","11:25:00",NA,2,"90r_2025-01-28 10-24-26_waggle_annotations.csv",0.731467411604348,0.681876400648121,297.032968294793,195.957477892186,"ok",612,832,"",-21.27,"antisolar","20250128/2025-01-28 10-24-26.mkv",20250128,"90r_2025-01-28 10-24-26_11:25:00_20250128","90r",2025-01-28 10:25:00,2025-01-28 12:25:00,331.780235918054,81.5529853609517,96.3734172445378,-2.86308212405694,-164.042522107814,195.957477892186,99.5840606476482,1.73806974080718
"dome","11:25:00",NA,3,"90r_2025-01-28 10-24-26_waggle_annotations.csv",0.683555646708921,-0.729898402418,297.032968294793,106.089154257921,"ok",566,835,"",-21.27,"antisolar","20250128/2025-01-28 10-24-26.mkv",20250128,"90r_2025-01-28 10-24-26_11:25:00_20250128","90r",2025-01-28 10:25:00,2025-01-28 12:25:00,331.780235918054,81.5529853609517,96.3734172445378,1.85160504245688,106.089154257921,106.089154257921,9.71573701338319,0.169571600141417
"dome","11:25:00",NA,4,"90r_2025-01-28 10-24-26_waggle_annotations.csv",0.834219174646244,0.551433013749212,297.032968294793,186.432411051562,"ok",545,790,"",-21.27,"antisolar","20250128/2025-01-28 10-24-26.mkv",20250128,"90r_2025-01-28 10-24-26_11:25:00_20250128","90r",2025-01-28 10:25:00,2025-01-28 12:25:00,331.780235918054,81.5529853609517,96.3734172445378,-3.02932590189837,-173.567588948438,186.432411051562,90.0589938070242,1.57182596296576
"dome","11:25:00",NA,5,"90r_2025-01-28 10-24-26_waggle_annotations.csv",0.66896473162245,-0.743294146247166,297.032968294793,104.954244201023,"ok",597,829,"",-21.27,"antisolar","20250128/2025-01-28 10-24-26.mkv",20250128,"90r_2025-01-28 10-24-26_11:25:00_20250128","90r",2025-01-28 10:25:00,2025-01-28 12:25:00,331.780235918054,81.5529853609517,96.3734172445378,1.83179712525002,104.954244201023,104.954244201023,8.5808269564852,0.149763682934551
"dome","11:25:00",NA,6,"90r_2025-01-28 10-24-26_waggle_annotations.csv",0.693810440330393,-0.720157672241674,297.032968294793,106.899532021466,"ok",603,852,"",-21.27,"antisolar","20250128/2025-01-28 10-24-26.mkv",20250128,"90r_2025-01-28 10-24-26_11:25:00_20250128","90r",2025-01-28 10:25:00,2025-01-28 12:25:00,331.780235918054,81.5529853609517,96.3734172445378,1.86574880261569,106.899532021466,106.899532021466,10.5261147769282,0.183715360300225
"dome","11:25:00",NA,7,"90r_2025-01-28 10-24-26_waggle_annotations.csv",0.817806419300767,0.575493406174614,297.032968294793,188.101224762122,"ok",620,877,"",-21.27,"antisolar","20250128/2025-01-28 10-24-26.mkv",20250128,"90r_2025-01-28 10-24-26_11:25:00_20250128","90r",2025-01-28 10:25:00,2025-01-28 12:25:00,331.780235918054,81.5529853609517,96.3734172445378,-3.00019960804667,-171.898775237878,188.101224762122,91.7278075175842,1.60095225681745
"dome","11:25:00",NA,8,"90r_2025-01-28 10-24-26_waggle_annotations.csv",0.968074621178729,0.250662178698064,297.032968294793,167.483731664061,"ok",557,844,"",-21.27,"antisolar","20250128/2025-01-28 10-24-26.mkv",20250128,"90r_2025-01-28 10-24-26_11:25:00_20250128","90r",2025-01-28 10:25:00,2025-01-28 12:25:00,331.780235918054,81.5529853609517,96.3734172445378,2.92314256106455,167.483731664061,167.483731664061,71.1103144195232,1.24110911874908
"dome","11:25:00",NA,9,"90r_2025-01-28 10-24-26_waggle_annotations.csv",0.835604010077852,0.549332265884514,297.032968294793,186.288247377146,"ok",573,753,"",-21.27,"antisolar","20250128/2025-01-28 10-24-26.mkv",20250128,"90r_2025-01-28 10-24-26_11:25:00_20250128","90r",2025-01-28 10:25:00,2025-01-28 12:25:00,331.780235918054,81.5529853609517,96.3734172445378,-3.0318420326787,-173.711752622854,186.288247377146,89.9148301326082,1.56930983218542
"dome","11:25:00",NA,10,"90r_2025-01-28 10-24-26_waggle_annotations.csv",0.793699598184447,-0.608309911017277,297.032968294793,115.499633106154,"ok",652,789,"",-21.27,"antisolar","20250128/2025-01-28 10-24-26.mkv",20250128,"90r_2025-01-28 10-24-26_11:25:00_20250128","90r",2025-01-28 10:25:00,2025-01-28 12:25:00,331.780235918054,81.5529853609517,96.3734172445378,2.01584888254783,115.499633106154,115.499633106154,19.1262158616162,0.333815440232367
"dome","11:25:00",NA,11,"90r_2025-01-28 10-24-26_waggle_annotations.csv",-0.399733916154152,-0.916631221525901,297.032968294793,39.4054863574356,"ok",676,804,"",-21.27,"antisolar","20250128/2025-01-28 10-24-26.mkv",20250128,"90r_2025-01-28 10-24-26_11:25:00_20250128","90r",2025-01-28 10:25:00,2025-01-28 12:25:00,331.780235918054,81.5529853609517,96.3734172445378,0.687755480286958,39.4054863574356,39.4054863574356,56.9679308871022,-0.994277962028507
"dome","11:25:00",NA,12,"90r_2025-01-28 10-24-26_waggle_annotations.csv",0.78086880944303,0.624695047554424,297.032968294793,191.626839959297,"ok",667,843,"",-21.27,"antisolar","20250128/2025-01-28 10-24-26.mkv",20250128,"90r_2025-01-28 10-24-26_11:25:00_20250128","90r",2025-01-28 10:25:00,2025-01-28 12:25:00,331.780235918054,81.5529853609517,96.3734172445378,-2.93866601469762,-168.373160040703,191.626839959297,95.2534227147592,1.6624858501665
"dome","11:25:00",NA,13,"90r_2025-01-28 10-24-26_waggle_annotations.csv",-0.779011685262919,0.627009405211618,297.032968294793,294.137206800236,"ok",644,800,"",-21.27,"antisolar","20250128/2025-01-28 10-24-26.mkv",20250128,"90r_2025-01-28 10-24-26_11:25:00_20250128","90r",2025-01-28 10:25:00,2025-01-28 12:25:00,331.780235918054,81.5529853609517,96.3734172445378,-1.14952259589601,-65.862793199764,294.137206800236,162.236210444302,-2.83155603821148
"dome","11:25:00",NA,14,"90r_2025-01-28 10-24-26_waggle_annotations.csv",0.635105399592566,-0.772425485990958,297.032968294793,102.394833901243,"ok",591,808,"",-21.27,"antisolar","20250128/2025-01-28 10-24-26.mkv",20250128,"90r_2025-01-28 10-24-26_11:25:00_20250128","90r",2025-01-28 10:25:00,2025-01-28 12:25:00,331.780235918054,81.5529853609517,96.3734172445378,1.7871269886094,102.394833901243,102.394833901243,6.0214166567052,0.105093546293935
"dome","11:25:00",NA,15,"90r_2025-01-28 10-24-26_waggle_annotations.csv",0.936329177569045,-0.351123441588392,297.032968294793,132.410986485623,"ok",576,830,"",-21.27,"antisolar","20250128/2025-01-28 10-24-26.mkv",20250128,"90r_2025-01-28 10-24-26_11:25:00_20250128","90r",2025-01-28 10:25:00,2025-01-28 12:25:00,331.780235918054,81.5529853609517,96.3734172445378,2.31100767998784,132.410986485623,132.410986485623,36.0375692410852,0.628974237672371
"dome","11:25:00",NA,16,"90r_2025-01-28 10-24-26_waggle_annotations.csv",0.995462515690398,-0.095154505176288,297.032968294793,147.506819113058,"ok",607,819,"",-21.27,"antisolar","20250128/2025-01-28 10-24-26.mkv",20250128,"90r_2025-01-28 10-24-26_11:25:00_20250128","90r",2025-01-28 10:25:00,2025-01-28 12:25:00,331.780235918054,81.5529853609517,96.3734172445378,2.57447966266656,147.506819113058,147.506819113058,51.1334018685202,0.892446220351098
"dome","11:25:00",NA,17,"90r_2025-01-28 10-24-26_waggle_annotations.csv",0.756061291787081,0.654500819755981,297.032968294793,193.848842001218,"ok",581,797,"",-21.27,"antisolar","20250128/2025-01-28 10-24-26.mkv",20250128,"90r_2025-01-28 10-24-26_11:25:00_20250128","90r",2025-01-28 10:25:00,2025-01-28 12:25:00,331.780235918054,81.5529853609517,96.3734172445378,-2.89988476308006,-166.151157998782,193.848842001218,97.4754247566802,1.70126710178406
"dome","11:25:00",NA,18,"90r_2025-01-28 10-24-26_waggle_annotations.csv",0.994505452921406,0.104684784518043,297.032968294793,158.976037662701,"ok",593,813,"",-21.27,"antisolar","20250128/2025-01-28 10-24-26.mkv",20250128,"90r_2025-01-28 10-24-26_11:25:00_20250128","90r",2025-01-28 10:25:00,2025-01-28 12:25:00,331.780235918054,81.5529853609517,96.3734172445378,2.77465528898864,158.976037662701,158.976037662701,62.6026204181632,1.09262184667318
"dome","11:25:00",NA,19,"90r_2025-01-28 10-24-26_waggle_annotations.csv",-0.554700196225229,-0.832050294337844,297.032968294793,29.2769641792269,"ok",638,774,"",-21.27,"antisolar","20250128/2025-01-28 10-24-26.mkv",20250128,"90r_2025-01-28 10-24-26_11:25:00_20250128","90r",2025-01-28 10:25:00,2025-01-28 12:25:00,331.780235918054,81.5529853609517,96.3734172445378,0.510979419915949,29.2769641792269,29.2769641792269,67.0964530653109,-1.17105402239952
"dome","11:25:00",NA,20,"90r_2025-01-28 10-24-26_waggle_annotations.csv",0.177682530476312,0.984087861099574,297.032968294793,232.732228941783,"ok",626,757,"",-21.27,"antisolar","20250128/2025-01-28 10-24-26.mkv",20250128,"90r_2025-01-28 10-24-26_11:25:00_20250128","90r",2025-01-28 10:25:00,2025-01-28 12:25:00,331.780235918054,81.5529853609517,96.3734172445378,-2.22124163664023,-127.267771058217,232.732228941783,136.358811697245,2.37991022822389
"dome","11:25:00",NA,21,"90r_2025-01-28 10-24-26_waggle_annotations.csv",-0.810224410789705,-0.586119786528723,297.032968294793,8.84916895141083,"ok",598,750,"",-21.27,"antisolar","20250128/2025-01-28 10-24-26.mkv",20250128,"90r_2025-01-28 10-24-26_11:25:00_20250128","90r",2025-01-28 10:25:00,2025-01-28 12:25:00,331.780235918054,81.5529853609517,96.3734172445378,0.154447134267373,8.84916895141083,8.84916895141083,87.524248293127,-1.52758630804809
"dome","11:25:00",NA,22,"90r_2025-01-28 10-24-26_waggle_annotations.csv",0.986955587997788,-0.160992755489001,297.032968294793,143.702507720074,"ok",583,786,"",-21.27,"antisolar","20250128/2025-01-28 10-24-26.mkv",20250128,"90r_2025-01-28 10-24-26_11:25:00_20250128","90r",2025-01-28 10:25:00,2025-01-28 12:25:00,331.780235918054,81.5529853609517,96.3734172445378,2.50808190308786,143.702507720074,143.702507720074,47.3290904755362,0.826048460772395
"dome","11:25:00",NA,23,"90r_2025-01-28 10-24-26_waggle_annotations.csv",0.99825394474989,0.0590682807544313,297.032968294793,156.35336603399,"ok",581,785,"",-21.27,"antisolar","20250128/2025-01-28 10-24-26.mkv",20250128,"90r_2025-01-28 10-24-26_11:25:00_20250128","90r",2025-01-28 10:25:00,2025-01-28 12:25:00,331.780235918054,81.5529853609517,96.3734172445378,2.72888103386899,156.35336603399,156.35336603399,59.9799487894522,1.04684759155353
"dome","11:25:00",NA,24,"90r_2025-01-28 10-24-26_waggle_annotations.csv",0.606537001921038,-0.795055259274875,297.032968294793,100.30655637074,"ok",615,838,"",-21.27,"antisolar","20250128/2025-01-28 10-24-26.mkv",20250128,"90r_2025-01-28 10-24-26_11:25:00_20250128","90r",2025-01-28 10:25:00,2025-01-28 12:25:00,331.780235918054,81.5529853609517,96.3734172445378,1.75067967000671,100.30655637074,100.30655637074,3.93313912620219,0.068646227691241
"dome","11:25:00",NA,1,"95r_2025-01-28 10-24-26_waggle_annotations.csv",-0.698639338313388,0.715474021164313,297.032968294793,287.284971312034,"ok",591,750,"",-21.27,"antisolar","20250128/2025-01-28 10-24-26.mkv",20250128,"95r_2025-01-28 10-24-26_11:25:00_20250128","95r",2025-01-28 10:25:00,2025-01-28 12:25:00,331.780235918054,81.5529853609517,96.3734172445378,-1.26911666628714,-72.715028687966,287.284971312034,169.088445932504,-2.95115010860261
"dome","11:25:00",NA,2,"95r_2025-01-28 10-24-26_waggle_annotations.csv",-0.954973588715859,0.296690823678713,297.032968294793,315.708077412303,"ok",621,750,"",-21.27,"antisolar","20250128/2025-01-28 10-24-26.mkv",20250128,"95r_2025-01-28 10-24-26_11:25:00_20250128","95r",2025-01-28 10:25:00,2025-01-28 12:25:00,331.780235918054,81.5529853609517,96.3734172445378,-0.77303988119376,-44.291922587697,315.708077412303,140.665339832235,-2.45507332350923
"dome","11:25:00",NA,3,"95r_2025-01-28 10-24-26_waggle_annotations.csv",-0.970142500145332,0.242535625036333,297.032968294793,318.93078823728,"ok",546,699,"",-21.27,"antisolar","20250128/2025-01-28 10-24-26.mkv",20250128,"95r_2025-01-28 10-24-26_11:25:00_20250128","95r",2025-01-28 10:25:00,2025-01-28 12:25:00,331.780235918054,81.5529853609517,96.3734172445378,-0.716792966458248,-41.06921176272,318.93078823728,137.442629007258,-2.39882640877371
"dome","11:25:00",NA,4,"95r_2025-01-28 10-24-26_waggle_annotations.csv",-0.137568371274688,-0.990492273177752,297.032968294793,55.0598690022482,"ok",663,755,"",-21.27,"antisolar","20250128/2025-01-28 10-24-26.mkv",20250128,"95r_2025-01-28 10-24-26_11:25:00_20250128","95r",2025-01-28 10:25:00,2025-01-28 12:25:00,331.780235918054,81.5529853609517,96.3734172445378,0.960975999805996,55.0598690022482,55.0598690022482,41.3135482422896,-0.72105744250947
"dome","11:25:00",NA,5,"95r_2025-01-28 10-24-26_waggle_annotations.csv",-0.147712327645673,-0.989030367714509,297.032968294793,54.4726559153976,"ok",687,790,"",-21.27,"antisolar","20250128/2025-01-28 10-24-26.mkv",20250128,"95r_2025-01-28 10-24-26_11:25:00_20250128","95r",2025-01-28 10:25:00,2025-01-28 12:25:00,331.780235918054,81.5529853609517,96.3734172445378,0.950727198029654,54.4726559153976,54.4726559153976,41.9007613291402,-0.731306244285812
"dome","11:25:00",NA,6,"95r_2025-01-28 10-24-26_waggle_annotations.csv",0.934919471953527,-0.354859945559003,297.032968294793,132.182170691238,"ok",672,779,"",-21.27,"antisolar","20250128/2025-01-28 10-24-26.mkv",20250128,"95r_2025-01-28 10-24-26_11:25:00_20250128","95r",2025-01-28 10:25:00,2025-01-28 12:25:00,331.780235918054,81.5529853609517,96.3734172445378,2.30701409099525,132.182170691238,132.182170691238,35.8087534467002,0.624980648679787
"dome","11:25:00",NA,7,"95r_2025-01-28 10-24-26_waggle_annotations.csv",-0.956199955507432,0.292714272094112,297.032968294793,315.946506093687,"ok",730,749,"",-21.27,"antisolar","20250128/2025-01-28 10-24-26.mkv",20250128,"95r_2025-01-28 10-24-26_11:25:00_20250128","95r",2025-01-28 10:25:00,2025-01-28 12:25:00,331.780235918054,81.5529853609517,96.3734172445378,-0.76887851567242,-44.053493906313,315.946506093687,140.426911150851,-2.45091195798789
"dome","11:25:00",NA,8,"95r_2025-01-28 10-24-26_waggle_annotations.csv",-0.928476690885259,-0.371390676354104,297.032968294793,354.768441191558,"ok",696,798,"",-21.27,"antisolar","20250128/2025-01-28 10-24-26.mkv",20250128,"95r_2025-01-28 10-24-26_11:25:00_20250128","95r",2025-01-28 10:25:00,2025-01-28 12:25:00,331.780235918054,81.5529853609517,96.3734172445378,-0.0913079262190249,-5.23155880844204,354.768441191558,101.60497605298,-1.77334136853449
"dome","11:30:00",NA,1,"20y_2025-01-28 10-30-19_waggle_annotations.csv",0.116841247567397,-0.993150604322876,297.032968294793,69.6768685129636,"ok",550,843,"",-21.27,"antisolar","20250128/2025-01-28 10-30-19.mkv",20250128,"20y_2025-01-28 10-30-19_11:30:00_20250128","20y",2025-01-28 10:30:00,2025-01-28 12:30:00,324.999218124435,80.9605404032178,103.154435038157,1.21609076803038,69.6768685129636,69.6768685129636,33.4775665251933,-0.584293761420061
"dome","11:30:00",NA,2,"20y_2025-01-28 10-30-19_waggle_annotations.csv",-0.493605519458382,-0.869685915236197,297.032968294793,33.3891930239453,"ok",649,776,"",-21.27,"antisolar","20250128/2025-01-28 10-30-19.mkv",20250128,"20y_2025-01-28 10-30-19_11:30:00_20250128","20y",2025-01-28 10:30:00,2025-01-28 12:30:00,324.999218124435,80.9605404032178,103.154435038157,0.582751352851767,33.3891930239453,33.3891930239453,69.7652420142116,-1.21763317659867
"dome","11:30:00",NA,3,"20y_2025-01-28 10-30-19_waggle_annotations.csv",-0.310893178451641,-0.950444859837874,297.032968294793,44.8539658976833,"ok",655,767,"",-21.27,"antisolar","20250128/2025-01-28 10-30-19.mkv",20250128,"20y_2025-01-28 10-30-19_11:30:00_20250128","20y",2025-01-28 10:30:00,2025-01-28 12:30:00,324.999218124435,80.9605404032178,103.154435038157,0.782849387491828,44.8539658976833,44.8539658976833,58.3004691404736,-1.01753514195861
"dome","11:30:00",NA,4,"20y_2025-01-28 10-30-19_waggle_annotations.csv",-0.115353809185859,-0.993324467989344,297.032968294793,56.3429990706891,"ok",683,808,"",-21.27,"antisolar","20250128/2025-01-28 10-30-19.mkv",20250128,"20y_2025-01-28 10-30-19_11:30:00_20250128","20y",2025-01-28 10:30:00,2025-01-28 12:30:00,324.999218124435,80.9605404032178,103.154435038157,0.98337084423163,56.3429990706891,56.3429990706891,46.8114359674678,-0.81701368521881
"dome","11:30:00",NA,5,"20y_2025-01-28 10-30-19_waggle_annotations.csv",-0.186333651161664,-0.982486524306956,297.032968294793,52.2281346043012,"ok",688,811,"",-21.27,"antisolar","20250128/2025-01-28 10-30-19.mkv",20250128,"20y_2025-01-28 10-30-19_11:30:00_20250128","20y",2025-01-28 10:30:00,2025-01-28 12:30:00,324.999218124435,80.9605404032178,103.154435038157,0.911552911019842,52.2281346043012,52.2281346043012,50.9263004338557,-0.888831618430599
"dome","11:30:00",NA,1,"22b_2025-01-28 10-30-19_waggle_annotations.csv",0.11114910268759,-0.993803741677271,297.032968294793,69.3485922378001,"ok",634,899,"",-21.27,"antisolar","20250128/2025-01-28 10-30-19.mkv",20250128,"22b_2025-01-28 10-30-19_11:30:00_20250128","22b",2025-01-28 10:30:00,2025-01-28 12:30:00,324.999218124435,80.9605404032178,103.154435038157,1.21036126617259,69.3485922378001,69.3485922378001,33.8058428003568,-0.590023263277846
"dome","11:30:00",NA,2,"22b_2025-01-28 10-30-19_waggle_annotations.csv",0.352138775875806,-0.935947799038327,297.032968294793,83.5852198283111,"ok",681,859,"",-21.27,"antisolar","20250128/2025-01-28 10-30-19.mkv",20250128,"22b_2025-01-28 10-30-19_11:30:00_20250128","22b",2025-01-28 10:30:00,2025-01-28 12:30:00,324.999218124435,80.9605404032178,103.154435038157,1.45883729200728,83.5852198283111,83.5852198283111,19.5692152098458,-0.341547237443162
"dome","11:30:00",NA,3,"22b_2025-01-28 10-30-19_waggle_annotations.csv",0.239847329473936,0.970810619299264,297.032968294793,229.089501901999,"ok",704,841,"",-21.27,"antisolar","20250128/2025-01-28 10-30-19.mkv",20250128,"22b_2025-01-28 10-30-19_11:30:00_20250128","22b",2025-01-28 10:30:00,2025-01-28 12:30:00,324.999218124435,80.9605404032178,103.154435038157,-2.28481921723589,-130.910498098001,229.089501901999,125.935066863842,2.19798156049325
"dome","11:30:00",NA,4,"22b_2025-01-28 10-30-19_waggle_annotations.csv",0.168296462892021,0.985736425510407,297.032968294793,233.27824514484,"ok",551,803,"",-21.27,"antisolar","20250128/2025-01-28 10-30-19.mkv",20250128,"22b_2025-01-28 10-30-19_11:30:00_20250128","22b",2025-01-28 10:30:00,2025-01-28 12:30:00,324.999218124435,80.9605404032178,103.154435038157,-2.21171185612765,-126.72175485516,233.27824514484,130.123810106683,2.27108892160149
"dome","11:30:00",NA,5,"22b_2025-01-28 10-30-19_waggle_annotations.csv",0.577816924417098,-0.816166405739151,297.032968294793,98.2641744723543,"ok",635,836,"",-21.27,"antisolar","20250128/2025-01-28 10-30-19.mkv",20250128,"22b_2025-01-28 10-30-19_11:30:00_20250128","22b",2025-01-28 10:30:00,2025-01-28 12:30:00,324.999218124435,80.9605404032178,103.154435038157,1.71503338129674,98.2641744723543,98.2641744723543,4.89026056580261,-0.0853511481536963
"dome","11:30:00",NA,6,"22b_2025-01-28 10-30-19_waggle_annotations.csv",0.319916718913096,-0.947445667550324,297.032968294793,81.6249201793262,"ok",693,874,"",-21.27,"antisolar","20250128/2025-01-28 10-30-19.mkv",20250128,"22b_2025-01-28 10-30-19_11:30:00_20250128","22b",2025-01-28 10:30:00,2025-01-28 12:30:00,324.999218124435,80.9605404032178,103.154435038157,1.4246236088068,81.6249201793262,81.6249201793262,21.5295148588307,-0.375760920643638
"dome","11:30:00",NA,7,"22b_2025-01-28 10-30-19_waggle_annotations.csv",0.515780772344576,0.856720604911329,297.032968294793,211.917374518584,"ok",646,832,"",-21.27,"antisolar","20250128/2025-01-28 10-30-19.mkv",20250128,"22b_2025-01-28 10-30-19_11:30:00_20250128","22b",2025-01-28 10:30:00,2025-01-28 12:30:00,324.999218124435,80.9605404032178,103.154435038157,-2.58452937964836,-148.082625481416,211.917374518584,108.762939480427,1.89827139808078
"dome","11:30:00",NA,8,"22b_2025-01-28 10-30-19_waggle_annotations.csv",0.982123011927037,-0.188240243952682,297.032968294793,142.116927075409,"ok",642,871,"",-21.27,"antisolar","20250128/2025-01-28 10-30-19.mkv",20250128,"22b_2025-01-28 10-30-19_11:30:00_20250128","22b",2025-01-28 10:30:00,2025-01-28 12:30:00,324.999218124435,80.9605404032178,103.154435038157,2.48040830028256,142.116927075409,142.116927075409,38.9624920372521,0.680023770832122
"dome","11:30:00",NA,9,"22b_2025-01-28 10-30-19_waggle_annotations.csv",-0.39054984685617,0.920581781875257,297.032968294793,265.955748507287,"ok",547,818,"",-21.27,"antisolar","20250128/2025-01-28 10-30-19.mkv",20250128,"22b_2025-01-28 10-30-19_11:30:00_20250128","22b",2025-01-28 10:30:00,2025-01-28 12:30:00,324.999218124435,80.9605404032178,103.154435038157,-1.64138183112143,-94.044251492713,265.955748507287,162.80131346913,2.84141894660771
"dome","11:30:00",NA,10,"22b_2025-01-28 10-30-19_waggle_annotations.csv",0.546536648242027,-0.837435186822461,297.032968294793,96.0967671736187,"ok",663,838,"",-21.27,"antisolar","20250128/2025-01-28 10-30-19.mkv",20250128,"22b_2025-01-28 10-30-19_11:30:00_20250128","22b",2025-01-28 10:30:00,2025-01-28 12:30:00,324.999218124435,80.9605404032178,103.154435038157,1.67720498770205,96.0967671736187,96.0967671736187,7.0576678645382,-0.123179541748389
"dome","11:30:00",NA,11,"22b_2025-01-28 10-30-19_waggle_annotations.csv",0.898298727842108,-0.439385247314075,297.032968294793,126.902367626921,"ok",617,814,"",-21.27,"antisolar","20250128/2025-01-28 10-30-19.mkv",20250128,"22b_2025-01-28 10-30-19_11:30:00_20250128","22b",2025-01-28 10:30:00,2025-01-28 12:30:00,324.999218124435,80.9605404032178,103.154435038157,2.21486414366603,126.902367626921,126.902367626921,23.7479325887641,0.414479614215594
"dome","11:30:00",NA,12,"22b_2025-01-28 10-30-19_waggle_annotations.csv",0.120543125395831,-0.99270809149508,297.032968294793,69.8904806200172,"ok",574,803,"",-21.27,"antisolar","20250128/2025-01-28 10-30-19.mkv",20250128,"22b_2025-01-28 10-30-19_11:30:00_20250128","22b",2025-01-28 10:30:00,2025-01-28 12:30:00,324.999218124435,80.9605404032178,103.154435038157,1.21981900262059,69.8904806200172,69.8904806200172,33.2639544181397,-0.580565526829852
"dome","11:30:00",NA,13,"22b_2025-01-28 10-30-19_waggle_annotations.csv",0.690277920616938,-0.723544326429802,297.032968294793,106.619144425008,"ok",607,859,"",-21.27,"antisolar","20250128/2025-01-28 10-30-19.mkv",20250128,"22b_2025-01-28 10-30-19_11:30:00_20250128","22b",2025-01-28 10:30:00,2025-01-28 12:30:00,324.999218124435,80.9605404032178,103.154435038157,1.86085511587575,106.619144425008,106.619144425008,3.4647093868511,0.0604705864253056
"dome","11:30:00",NA,14,"22b_2025-01-28 10-30-19_waggle_annotations.csv",-0.0505681323332334,-0.99872061358136,297.032968294793,60.0684549059249,"ok",599,878,"",-21.27,"antisolar","20250128/2025-01-28 10-30-19.mkv",20250128,"22b_2025-01-28 10-30-19_11:30:00_20250128","22b",2025-01-28 10:30:00,2025-01-28 12:30:00,324.999218124435,80.9605404032178,103.154435038157,1.04839231469413,60.0684549059249,60.0684549059249,43.085980132232,-0.75199221475631
"dome","11:30:00",NA,15,"22b_2025-01-28 10-30-19_waggle_annotations.csv",0.544605442853206,-0.838692381993937,297.032968294793,95.9647368064229,"ok",609,919,"",-21.27,"antisolar","20250128/2025-01-28 10-30-19.mkv",20250128,"22b_2025-01-28 10-30-19_11:30:00_20250128","22b",2025-01-28 10:30:00,2025-01-28 12:30:00,324.999218124435,80.9605404032178,103.154435038157,1.67490062308187,95.9647368064229,95.9647368064229,7.189698231734,-0.125483906368573
"dome","11:30:00",NA,16,"22b_2025-01-28 10-30-19_waggle_annotations.csv",0.153102994508754,-0.988210237283774,297.032968294793,71.773824399642,"ok",649,821,"",-21.27,"antisolar","20250128/2025-01-28 10-30-19.mkv",20250128,"22b_2025-01-28 10-30-19_11:30:00_20250128","22b",2025-01-28 10:30:00,2025-01-28 12:30:00,324.999218124435,80.9605404032178,103.154435038157,1.252689552522,71.773824399642,71.773824399642,31.3806106385149,-0.547694976928445
"dome","11:30:00",NA,17,"22b_2025-01-28 10-30-19_waggle_annotations.csv",0.80110361387874,-0.598525688530093,297.032968294793,116.202651029416,"ok",680,818,"",-21.27,"antisolar","20250128/2025-01-28 10-30-19.mkv",20250128,"22b_2025-01-28 10-30-19_11:30:00_20250128","22b",2025-01-28 10:30:00,2025-01-28 12:30:00,324.999218124435,80.9605404032178,103.154435038157,2.02811886000929,116.202651029416,116.202651029416,13.0482159912591,0.227734330558847
"dome","11:30:00",NA,1,"66b_2025-01-28 10-27-12_waggle_annotations.csv",0.947681018784545,0.319218869485321,297.032968294793,171.582723712538,"ok",614,737,"",-21.27,"antisolar","20250128/2025-01-28 10-27-12.mkv",20250128,"66b_2025-01-28 10-27-12_11:30:00_20250128","66b",2025-01-28 10:30:00,2025-01-28 12:30:00,324.999218124435,80.9605404032178,103.154435038157,2.99468346832354,171.582723712538,171.582723712538,68.4282886743811,1.1942989388731
"dome","11:30:00",NA,2,"66b_2025-01-28 10-27-12_waggle_annotations.csv",0.641072088355602,-0.767480669158115,297.032968294793,102.838840663354,"ok",676,814,"",-21.27,"antisolar","20250128/2025-01-28 10-27-12.mkv",20250128,"66b_2025-01-28 10-27-12_11:30:00_20250128","66b",2025-01-28 10:30:00,2025-01-28 12:30:00,324.999218124435,80.9605404032178,103.154435038157,1.79487636850936,102.838840663354,102.838840663354,0.315594374802899,-0.00550816094108362
"dome","11:30:00",NA,3,"66b_2025-01-28 10-27-12_waggle_annotations.csv",-0.132889061676682,-0.991130918338587,297.032968294793,55.3304594897178,"ok",725,827,"",-21.27,"antisolar","20250128/2025-01-28 10-27-12.mkv",20250128,"66b_2025-01-28 10-27-12_11:30:00_20250128","66b",2025-01-28 10:30:00,2025-01-28 12:30:00,324.999218124435,80.9605404032178,103.154435038157,0.965698694736917,55.3304594897178,55.3304594897178,47.8239755484391,-0.834685834713523
"dome","11:30:00",NA,4,"66b_2025-01-28 10-27-12_waggle_annotations.csv",0.704306391124832,-0.709896124387727,297.032968294793,107.740567352865,"ok",631,836,"",-21.27,"antisolar","20250128/2025-01-28 10-27-12.mkv",20250128,"66b_2025-01-28 10-27-12_11:30:00_20250128","66b",2025-01-28 10:30:00,2025-01-28 12:30:00,324.999218124435,80.9605404032178,103.154435038157,1.88042763827421,107.740567352865,107.740567352865,4.5861323147081,0.080043108823765
"dome","11:30:00",NA,5,"66b_2025-01-28 10-27-12_waggle_annotations.csv",0.037709009900252,-0.999288762356679,297.032968294793,65.128111193433,"ok",621,782,"",-21.27,"antisolar","20250128/2025-01-28 10-27-12.mkv",20250128,"66b_2025-01-28 10-27-12_11:30:00_20250128","66b",2025-01-28 10:30:00,2025-01-28 12:30:00,324.999218124435,80.9605404032178,103.154435038157,1.13669997593038,65.128111193433,65.128111193433,38.0263238447239,-0.663684553520061
"dome","11:30:00",NA,6,"66b_2025-01-28 10-27-12_waggle_annotations.csv",0.823729662080557,-0.566982754419084,297.032968294793,118.426940798136,"ok",620,807,"",-21.27,"antisolar","20250128/2025-01-28 10-27-12.mkv",20250128,"66b_2025-01-28 10-27-12_11:30:00_20250128","66b",2025-01-28 10:30:00,2025-01-28 12:30:00,324.999218124435,80.9605404032178,103.154435038157,2.06694003999187,118.426940798136,118.426940798136,15.2725057599791,0.266555510541434
"dome","11:30:00",NA,7,"66b_2025-01-28 10-27-12_waggle_annotations.csv",0.211521115029983,-0.977373428069575,297.032968294793,75.1785400816826,"ok",683,850,"",-21.27,"antisolar","20250128/2025-01-28 10-27-12.mkv",20250128,"66b_2025-01-28 10-27-12_11:30:00_20250128","66b",2025-01-28 10:30:00,2025-01-28 12:30:00,324.999218124435,80.9605404032178,103.154435038157,1.31211305126789,75.1785400816826,75.1785400816826,27.9758949564743,-0.488271478182552
"dome","11:30:00",NA,8,"66b_2025-01-28 10-27-12_waggle_annotations.csv",0.693641687065871,0.720320213491481,297.032968294793,199.047955891867,"ok",638,856,"",-21.27,"antisolar","20250128/2025-01-28 10-27-12.mkv",20250128,"66b_2025-01-28 10-27-12_11:30:00_20250128","66b",2025-01-28 10:30:00,2025-01-28 12:30:00,324.999218124435,80.9605404032178,103.154435038157,-2.80914310750206,-160.952044108133,199.047955891867,95.8935208537101,1.67365767022708
"dome","11:30:00",NA,9,"66b_2025-01-28 10-27-12_waggle_annotations.csv",0.057458870465773,-0.998347874342805,297.032968294793,66.2609966930518,"ok",598,838,"",-21.27,"antisolar","20250128/2025-01-28 10-27-12.mkv",20250128,"66b_2025-01-28 10-27-12_11:30:00_20250128","66b",2025-01-28 10:30:00,2025-01-28 12:30:00,324.999218124435,80.9605404032178,103.154435038157,1.15647255794683,66.2609966930518,66.2609966930518,36.8934383451051,-0.643911971503612
"dome","11:30:00",NA,10,"66b_2025-01-28 10-27-12_waggle_annotations.csv",0.109762219211786,-0.993957873973391,297.032968294793,69.2686404404415,"ok",573,795,"",-21.27,"antisolar","20250128/2025-01-28 10-27-12.mkv",20250128,"66b_2025-01-28 10-27-12_11:30:00_20250128","66b",2025-01-28 10:30:00,2025-01-28 12:30:00,324.999218124435,80.9605404032178,103.154435038157,1.2089658440658,69.2686404404415,69.2686404404415,33.8857945977154,-0.591418685384641
"dome","11:30:00",NA,1,"90r_2025-01-28 10-29-24_waggle_annotations.csv",0.987241120712647,0.159232438824621,297.032968294793,162.129378750928,"ok",612,867,"",-21.27,"antisolar","20250128/2025-01-28 10-29-24.mkv",20250128,"90r_2025-01-28 10-29-24_11:30:00_20250128","90r",2025-01-28 10:30:00,2025-01-28 12:30:00,324.999218124435,80.9605404032178,103.154435038157,2.82969147341662,162.129378750928,162.129378750928,58.9749437127711,1.02930694396618
"dome","11:30:00",NA,2,"90r_2025-01-28 10-29-24_waggle_annotations.csv",-0.948683298050514,0.316227766016838,297.032968294793,314.532082882285,"ok",615,867,"",-21.27,"antisolar","20250128/2025-01-28 10-29-24.mkv",20250128,"90r_2025-01-28 10-29-24_11:30:00_20250128","90r",2025-01-28 10:30:00,2025-01-28 12:30:00,324.999218124435,80.9605404032178,103.154435038157,-0.793564857728017,-45.467917117715,314.532082882285,148.622352155872,-2.59394938717846
"dome","11:30:00",NA,3,"90r_2025-01-28 10-29-24_waggle_annotations.csv",0.991166834118882,-0.132620914424357,297.032968294793,145.34596039591,"ok",614,903,"",-21.27,"antisolar","20250128/2025-01-28 10-29-24.mkv",20250128,"90r_2025-01-28 10-29-24_11:30:00_20250128","90r",2025-01-28 10:30:00,2025-01-28 12:30:00,324.999218124435,80.9605404032178,103.154435038157,2.53676556338191,145.34596039591,145.34596039591,42.1915253577531,0.73638103393147
"dome","11:30:00",NA,4,"90r_2025-01-28 10-29-24_waggle_annotations.csv",0.107073199719951,-0.994251140256692,297.032968294793,69.1136573648533,"ok",652,863,"",-21.27,"antisolar","20250128/2025-01-28 10-29-24.mkv",20250128,"90r_2025-01-28 10-29-24_11:30:00_20250128","90r",2025-01-28 10:30:00,2025-01-28 12:30:00,324.999218124435,80.9605404032178,103.154435038157,1.20626087911192,69.1136573648533,69.1136573648533,34.0407776733036,-0.594123650338523
"dome","11:30:00",NA,5,"90r_2025-01-28 10-29-24_waggle_annotations.csv",0.995037190209989,0.0995037190209989,297.032968294793,158.677624842706,"ok",629,849,"",-21.27,"antisolar","20250128/2025-01-28 10-29-24.mkv",20250128,"90r_2025-01-28 10-29-24_11:30:00_20250128","90r",2025-01-28 10:30:00,2025-01-28 12:30:00,324.999218124435,80.9605404032178,103.154435038157,2.76944700274957,158.677624842706,158.677624842706,55.5231898045491,0.969062473299128
"dome","11:30:00",NA,6,"90r_2025-01-28 10-29-24_waggle_annotations.csv",0.377036514707673,-0.92619839482537,297.032968294793,85.1172696335574,"ok",652,871,"",-21.27,"antisolar","20250128/2025-01-28 10-29-24.mkv",20250128,"90r_2025-01-28 10-29-24_11:30:00_20250128","90r",2025-01-28 10:30:00,2025-01-28 12:30:00,324.999218124435,80.9605404032178,103.154435038157,1.48557660541336,85.1172696335574,85.1172696335574,18.0371654045995,-0.314807924037077
"dome","11:30:00",NA,7,"90r_2025-01-28 10-29-24_waggle_annotations.csv",0.993631346569554,-0.112679843425413,297.032968294793,146.497211720033,"ok",659,858,"",-21.27,"antisolar","20250128/2025-01-28 10-29-24.mkv",20250128,"90r_2025-01-28 10-29-24_11:30:00_20250128","90r",2025-01-28 10:30:00,2025-01-28 12:30:00,324.999218124435,80.9605404032178,103.154435038157,2.5568586895058,146.497211720033,146.497211720033,43.3427766818761,0.756474160055361
"dome","11:30:00",NA,8,"90r_2025-01-28 10-29-24_waggle_annotations.csv",0.574518258615696,-0.818491765699074,297.032968294793,98.0329342348501,"ok",654,883,"",-21.27,"antisolar","20250128/2025-01-28 10-29-24.mkv",20250128,"90r_2025-01-28 10-29-24_11:30:00_20250128","90r",2025-01-28 10:30:00,2025-01-28 12:30:00,324.999218124435,80.9605404032178,103.154435038157,1.7109974777892,98.0329342348501,98.0329342348501,5.1215008033068,-0.0893870516612382
"dome","11:30:00",NA,9,"90r_2025-01-28 10-29-24_waggle_annotations.csv",0.991354765989961,-0.131208719028083,297.032968294793,145.427586565697,"ok",653,895,"",-21.27,"antisolar","20250128/2025-01-28 10-29-24.mkv",20250128,"90r_2025-01-28 10-29-24_11:30:00_20250128","90r",2025-01-28 10:30:00,2025-01-28 12:30:00,324.999218124435,80.9605404032178,103.154435038157,2.53819020880049,145.427586565697,145.427586565697,42.2731515275401,0.737805679350045
"dome","11:30:00",NA,10,"90r_2025-01-28 10-29-24_waggle_annotations.csv",0.531884859390564,-0.846816684029714,297.032968294793,95.0999275651876,"ok",686,956,"",-21.27,"antisolar","20250128/2025-01-28 10-29-24.mkv",20250128,"90r_2025-01-28 10-29-24_11:30:00_20250128","90r",2025-01-28 10:30:00,2025-01-28 12:30:00,324.999218124435,80.9605404032178,103.154435038157,1.65980685442064,95.0999275651876,95.0999275651876,8.0545074729693,-0.140577675029803
"dome","11:30:00",NA,11,"90r_2025-01-28 10-29-24_waggle_annotations.csv",0.189486264701128,0.981883371633115,297.032968294793,232.044226985337,"ok",659,818,"",-21.27,"antisolar","20250128/2025-01-28 10-29-24.mkv",20250128,"90r_2025-01-28 10-29-24_11:30:00_20250128","90r",2025-01-28 10:30:00,2025-01-28 12:30:00,324.999218124435,80.9605404032178,103.154435038157,-2.23324953604038,-127.955773014663,232.044226985337,128.88979194718,2.24955124168877
"dome","11:33:00",NA,1,"66b_2025-01-28 10-31-18_waggle_annotations.csv",-0.970142500145332,-0.242535625036333,297.032968294793,347.003275173133,"ok",642,797,"",-21.27,"antisolar","20250128/2025-01-28 10-31-18.mkv",20250128,"66b_2025-01-28 10-31-18_11:33:00_20250128","66b",2025-01-28 10:33:00,2025-01-28 12:33:00,321.350384993072,80.5545798962996,106.80326816952,-0.226835640204519,-12.996724826867,347.003275173133,119.799992996387,-2.0909043216531
"dome","11:33:00",NA,2,"66b_2025-01-28 10-31-18_waggle_annotations.csv",0.0232495277487639,-0.999729693196846,297.032968294793,64.2992515590763,"ok",640,801,"",-21.27,"antisolar","20250128/2025-01-28 10-31-18.mkv",20250128,"66b_2025-01-28 10-31-18_11:33:00_20250128","66b",2025-01-28 10:33:00,2025-01-28 12:33:00,321.350384993072,80.5545798962996,106.80326816952,1.12223364627398,64.2992515590763,64.2992515590763,42.5040166104436,-0.741835035174601
"dome","11:33:00",NA,3,"66b_2025-01-28 10-31-18_waggle_annotations.csv",0.0305979114578434,-0.999531774289551,297.032968294793,64.7204365652782,"ok",560,831,"",-21.27,"antisolar","20250128/2025-01-28 10-31-18.mkv",20250128,"66b_2025-01-28 10-31-18_11:33:00_20250128","66b",2025-01-28 10:33:00,2025-01-28 12:33:00,321.350384993072,80.5545798962996,106.80326816952,1.12958471139223,64.7204365652782,64.7204365652782,42.0828316042417,-0.734483970056344
"dome","11:33:00",NA,4,"66b_2025-01-28 10-31-18_waggle_annotations.csv",-0.124674063011312,-0.992197751465025,297.032968294793,55.8050979777069,"ok",575,801,"",-21.27,"antisolar","20250128/2025-01-28 10-31-18.mkv",20250128,"66b_2025-01-28 10-31-18_11:33:00_20250128","66b",2025-01-28 10:33:00,2025-01-28 12:33:00,321.350384993072,80.5545798962996,106.80326816952,0.973982699109014,55.8050979777069,55.8050979777069,50.998170191813,-0.890085982339565
"dome","11:33:00",NA,5,"66b_2025-01-28 10-31-18_waggle_annotations.csv",-0.0491209591997935,-0.998792837062467,297.032968294793,60.1514750209954,"ok",613,780,"",-21.27,"antisolar","20250128/2025-01-28 10-31-18.mkv",20250128,"66b_2025-01-28 10-31-18_11:33:00_20250128","66b",2025-01-28 10:33:00,2025-01-28 12:33:00,321.350384993072,80.5545798962996,106.80326816952,1.04984128904749,60.1514750209954,60.1514750209954,46.6517931485245,-0.814227392401084
"dome","11:33:00",NA,6,"66b_2025-01-28 10-31-18_waggle_annotations.csv",-0.0350661401330444,-0.999384993791767,297.032968294793,60.9574778921855,"ok",667,835,"",-21.27,"antisolar","20250128/2025-01-28 10-31-18.mkv",20250128,"66b_2025-01-28 10-31-18_11:33:00_20250128","66b",2025-01-28 10:33:00,2025-01-28 12:33:00,321.350384993072,80.5545798962996,106.80326816952,1.06390869293029,60.9574778921855,60.9574778921855,45.8457902773344,-0.800159988518289
"dome","11:33:00",NA,7,"66b_2025-01-28 10-31-18_waggle_annotations.csv",0.872050416940239,-0.489416050323603,297.032968294793,123.664824223068,"ok",624,772,"",-21.27,"antisolar","20250128/2025-01-28 10-31-18.mkv",20250128,"66b_2025-01-28 10-31-18_11:33:00_20250128","66b",2025-01-28 10:33:00,2025-01-28 12:33:00,321.350384993072,80.5545798962996,106.80326816952,2.15835835159258,123.664824223068,123.664824223068,16.8615560535481,0.294289670143996
"dome","11:33:00",NA,8,"66b_2025-01-28 10-31-18_waggle_annotations.csv",-0.253027744393526,-0.967459022681129,297.032968294793,48.3102805894462,"ok",727,780,"",-21.27,"antisolar","20250128/2025-01-28 10-31-18.mkv",20250128,"66b_2025-01-28 10-31-18_11:33:00_20250128","66b",2025-01-28 10:33:00,2025-01-28 12:33:00,321.350384993072,80.5545798962996,106.80326816952,0.843173458848143,48.3102805894462,48.3102805894462,58.4929875800737,-1.02089522260044
"dome","11:33:00",NA,9,"66b_2025-01-28 10-31-18_waggle_annotations.csv",0.333578650438855,0.942722272979372,297.032968294793,223.480902132741,"ok",704,745,"",-21.27,"antisolar","20250128/2025-01-28 10-31-18.mkv",20250128,"66b_2025-01-28 10-31-18_11:33:00_20250128","66b",2025-01-28 10:33:00,2025-01-28 12:33:00,321.350384993072,80.5545798962996,106.80326816952,-2.38270774963604,-136.519097867259,223.480902132741,116.677633963221,2.03640887609497
"dome","11:33:00",NA,10,"66b_2025-01-28 10-31-18_waggle_annotations.csv",-0.0210479677260813,-0.999778466988863,297.032968294793,61.7609829259867,"ok",675,855,"",-21.27,"antisolar","20250128/2025-01-28 10-31-18.mkv",20250128,"66b_2025-01-28 10-31-18_11:33:00_20250128","66b",2025-01-28 10:33:00,2025-01-28 12:33:00,321.350384993072,80.5545798962996,106.80326816952,1.07793250132647,61.7609829259867,61.7609829259867,45.0422852435332,-0.78613618012211
"dome","11:33:00",NA,11,"66b_2025-01-28 10-31-18_waggle_annotations.csv",-0.183806003236847,-0.982962539049224,297.032968294793,52.3755039572353,"ok",695,755,"",-21.27,"antisolar","20250128/2025-01-28 10-31-18.mkv",20250128,"66b_2025-01-28 10-31-18_11:33:00_20250128","66b",2025-01-28 10:33:00,2025-01-28 12:33:00,321.350384993072,80.5545798962996,106.80326816952,0.914124991445075,52.3755039572353,52.3755039572353,54.4277642122846,-0.949943690003504
"dome","11:33:00",NA,1,"66b_2_2025-01-28 10-31-59_waggle_annotations.csv",0.976187060183953,0.216930457818656,297.032968294793,165.495839414358,"ok",640,859,"",-21.27,"antisolar","20250128/2025-01-28 10-31-59.mkv",20250128,"66b_2_2025-01-28 10-31-59_11:33:00_20250128","66b",2025-01-28 10:33:00,2025-01-28 12:33:00,321.350384993072,80.5545798962996,106.80326816952,2.88844729613235,165.495839414358,165.495839414358,58.6925712448381,1.02437861468377
"dome","11:33:00",NA,2,"66b_2_2025-01-28 10-31-59_waggle_annotations.csv",0.972687489876752,-0.23211860553877,297.032968294793,139.54519663732,"ok",694,881,"",-21.27,"antisolar","20250128/2025-01-28 10-31-59.mkv",20250128,"66b_2_2025-01-28 10-31-59_11:33:00_20250128","66b",2025-01-28 10:33:00,2025-01-28 12:33:00,321.350384993072,80.5545798962996,106.80326816952,2.43552313666415,139.54519663732,139.54519663732,32.7419284678001,0.571454455215574
"dome","11:33:00",NA,3,"66b_2_2025-01-28 10-31-59_waggle_annotations.csv",0.986849920420469,-0.161639211103353,297.032968294793,143.664976993908,"ok",690,858,"",-21.27,"antisolar","20250128/2025-01-28 10-31-59.mkv",20250128,"66b_2_2025-01-28 10-31-59_11:33:00_20250128","66b",2025-01-28 10:33:00,2025-01-28 12:33:00,321.350384993072,80.5545798962996,106.80326816952,2.5074268683456,143.664976993908,143.664976993908,36.8617088243881,0.643358186897021
"dome","11:33:00",NA,4,"66b_2_2025-01-28 10-31-59_waggle_annotations.csv",-0.363542485652706,-0.93157761948506,297.032968294793,41.6491194297451,"ok",754,931,"",-21.27,"antisolar","20250128/2025-01-28 10-31-59.mkv",20250128,"66b_2_2025-01-28 10-31-59_11:33:00_20250128","66b",2025-01-28 10:33:00,2025-01-28 12:33:00,321.350384993072,80.5545798962996,106.80326816952,0.726914264605395,41.6491194297451,41.6491194297451,65.1541487397748,-1.13715441684318
"dome","11:33:00",NA,5,"66b_2_2025-01-28 10-31-59_waggle_annotations.csv",0.0235229011359801,-0.999723298279152,297.032968294793,64.3149189854053,"ok",736,910,"",-21.27,"antisolar","20250128/2025-01-28 10-31-59.mkv",20250128,"66b_2_2025-01-28 10-31-59_11:33:00_20250128","66b",2025-01-28 10:33:00,2025-01-28 12:33:00,321.350384993072,80.5545798962996,106.80326816952,1.12250709444873,64.3149189854053,64.3149189854053,42.4883491841146,-0.741561586999846
"dome","11:33:00",NA,1,"90r_2025-01-28 10-32-51_waggle_annotations.csv",0.966350231258751,0.257229917673193,297.032968294793,167.872790228762,"ok",607,799,"",-21.27,"antisolar","20250128/2025-01-28 10-32-51.mkv",20250128,"90r_2025-01-28 10-32-51_11:33:00_20250128","90r",2025-01-28 10:33:00,2025-01-28 12:33:00,321.350384993072,80.5545798962996,106.80326816952,2.92993291400166,167.872790228762,167.872790228762,61.0695220592421,1.06586423255308
"dome","11:33:00",NA,2,"90r_2025-01-28 10-32-51_waggle_annotations.csv",0.995817981007518,0.0913594477988548,297.032968294793,158.208851652186,"ok",613,838,"",-21.27,"antisolar","20250128/2025-01-28 10-32-51.mkv",20250128,"90r_2025-01-28 10-32-51_11:33:00_20250128","90r",2025-01-28 10:33:00,2025-01-28 12:33:00,321.350384993072,80.5545798962996,106.80326816952,2.76126536712992,158.208851652186,158.208851652186,51.4055834826661,0.897196685681337
"dome","11:33:00",NA,3,"90r_2025-01-28 10-32-51_waggle_annotations.csv",0.989487645379765,0.144617425093966,297.032968294793,161.282157461999,"ok",648,829,"",-21.27,"antisolar","20250128/2025-01-28 10-32-51.mkv",20250128,"90r_2025-01-28 10-32-51_11:33:00_20250128","90r",2025-01-28 10:33:00,2025-01-28 12:33:00,321.350384993072,80.5545798962996,106.80326816952,2.81490467243182,161.282157461999,161.282157461999,54.4788892924791,0.950835990983245
"dome","11:33:00",NA,4,"90r_2025-01-28 10-32-51_waggle_annotations.csv",-0.164398987305357,-0.986393923832144,297.032968294793,53.504709497181,"ok",674,808,"",-21.27,"antisolar","20250128/2025-01-28 10-32-51.mkv",20250128,"90r_2025-01-28 10-32-51_11:33:00_20250128","90r",2025-01-28 10:33:00,2025-01-28 12:33:00,321.350384993072,80.5545798962996,106.80326816952,0.933833346048888,53.504709497181,53.504709497181,53.2985586723389,-0.930235335399691
"dome","11:33:00",NA,5,"90r_2025-01-28 10-32-51_waggle_annotations.csv",0.888743618640622,-0.458404603298847,297.032968294793,125.682824411584,"ok",662,824,"",-21.27,"antisolar","20250128/2025-01-28 10-32-51.mkv",20250128,"90r_2025-01-28 10-32-51_11:33:00_20250128","90r",2025-01-28 10:33:00,2025-01-28 12:33:00,321.350384993072,80.5545798962996,106.80326816952,2.19357909918805,125.682824411584,125.682824411584,18.8795562420641,0.329510417739466
"dome","11:33:00",NA,6,"90r_2025-01-28 10-32-51_waggle_annotations.csv",-0.150441996986463,-0.988618837339611,297.032968294793,54.3144899140919,"ok",659,863,"",-21.27,"antisolar","20250128/2025-01-28 10-32-51.mkv",20250128,"90r_2025-01-28 10-32-51_11:33:00_20250128","90r",2025-01-28 10:33:00,2025-01-28 12:33:00,321.350384993072,80.5545798962996,106.80326816952,0.947966680542156,54.3144899140919,54.3144899140919,52.488778255428,-0.916102000906423
"dome","11:33:00",NA,7,"90r_2025-01-28 10-32-51_waggle_annotations.csv",0.680781563938758,0.732486492845499,297.032968294793,200.06228426983,"ok",676,842,"",-21.27,"antisolar","20250128/2025-01-28 10-32-51.mkv",20250128,"90r_2025-01-28 10-32-51_11:33:00_20250128","90r",2025-01-28 10:33:00,2025-01-28 12:33:00,321.350384993072,80.5545798962996,106.80326816952,-2.79143973761019,-159.93771573017,200.06228426983,93.2590161003101,1.62767688812081
"dome","11:33:00",NA,8,"90r_2025-01-28 10-32-51_waggle_annotations.csv",0.682318250360011,-0.731055268242869,297.032968294793,105.992097694325,"ok",679,896,"",-21.27,"antisolar","20250128/2025-01-28 10-32-51.mkv",20250128,"90r_2025-01-28 10-32-51_11:33:00_20250128","90r",2025-01-28 10:33:00,2025-01-28 12:33:00,321.350384993072,80.5545798962996,106.80326816952,1.84991108586146,105.992097694325,105.992097694325,0.811170475194885,-0.0141575955871177
"dome","11:33:00",NA,9,"90r_2025-01-28 10-32-51_waggle_annotations.csv",0.161775027066481,0.986827665105534,297.032968294793,233.657091530221,"ok",676,901,"",-21.27,"antisolar","20250128/2025-01-28 10-32-51.mkv",20250128,"90r_2025-01-28 10-32-51_11:33:00_20250128","90r",2025-01-28 10:33:00,2025-01-28 12:33:00,321.350384993072,80.5545798962996,106.80326816952,-2.20509973934347,-126.342908469779,233.657091530221,126.853823360701,2.21401688638753
"dome","11:33:00",NA,10,"90r_2025-01-28 10-32-51_waggle_annotations.csv",0.581238193719096,-0.813733471206735,297.032968294793,98.504709497181,"ok",624,878,"",-21.27,"antisolar","20250128/2025-01-28 10-32-51.mkv",20250128,"90r_2025-01-28 10-32-51_11:33:00_20250128","90r",2025-01-28 10:33:00,2025-01-28 12:33:00,321.350384993072,80.5545798962996,106.80326816952,1.71923150944634,98.504709497181,98.504709497181,8.29855867233888,-0.144837172002243
"dome","11:33:00",NA,11,"90r_2025-01-28 10-32-51_waggle_annotations.csv",0.625685494002445,-0.780075421093958,297.032968294793,101.699550300357,"ok",632,841,"",-21.27,"antisolar","20250128/2025-01-28 10-32-51.mkv",20250128,"90r_2025-01-28 10-32-51_11:33:00_20250128","90r",2025-01-28 10:33:00,2025-01-28 12:33:00,321.350384993072,80.5545798962996,106.80326816952,1.77499200053882,101.699550300357,101.699550300357,5.10371786916288,-0.0890766809097614
"dome","11:33:00",NA,12,"90r_2025-01-28 10-32-51_waggle_annotations.csv",-0.367166534736049,-0.930155221331323,297.032968294793,41.4260557866682,"ok",672,860,"",-21.27,"antisolar","20250128/2025-01-28 10-32-51.mkv",20250128,"90r_2025-01-28 10-32-51_11:33:00_20250128","90r",2025-01-28 10:33:00,2025-01-28 12:33:00,321.350384993072,80.5545798962996,106.80326816952,0.72302106959221,41.4260557866682,41.4260557866682,65.3772123828517,-1.14104761185637
"dome","11:33:00",NA,13,"90r_2025-01-28 10-32-51_waggle_annotations.csv",0.809942121543021,-0.586509812151843,297.032968294793,117.057308626029,"ok",652,848,"",-21.27,"antisolar","20250128/2025-01-28 10-32-51.mkv",20250128,"90r_2025-01-28 10-32-51_11:33:00_20250128","90r",2025-01-28 10:33:00,2025-01-28 12:33:00,321.350384993072,80.5545798962996,106.80326816952,2.04303544904737,117.057308626029,117.057308626029,10.2540404565091,0.178966767598786
"dome","11:37:00",NA,1,"20y_2025-01-28 10-38-24_waggle_annotations.csv",-0.990444760519417,-0.137910029945742,102.780990673457,175.145936009233,"ok",658,675,"",-21.27,"solar","20250128/2025-01-28 10-38-24.mkv",20250128,"20y_2025-01-28 10-38-24_11:37:00_20250128","20y",2025-01-28 10:37:00,2025-01-28 12:37:00,316.947578707979,79.9638605025308,111.206074454613,3.05687325484841,175.145936009233,175.145936009233,63.9398615546199,1.11596110739746
"dome","11:37:00",NA,2,"20y_2025-01-28 10-38-24_waggle_annotations.csv",0.116841247567397,-0.993150604322876,102.780990673457,263.9288461343,"ok",688,772,"",-21.27,"solar","20250128/2025-01-28 10-38-24.mkv",20250128,"20y_2025-01-28 10-38-24_11:37:00_20250128","20y",2025-01-28 10:37:00,2025-01-28 12:37:00,316.947578707979,79.9638605025308,111.206074454613,-1.67675795114654,-96.0711538657,263.9288461343,152.722771679687,2.66551520858209
"dome","11:37:00",NA,3,"20y_2025-01-28 10-38-24_waggle_annotations.csv",-0.336336396998156,-0.941741911594837,102.780990673457,237.56518526849,"ok",740,804,"",-21.27,"solar","20250128/2025-01-28 10-38-24.mkv",20250128,"20y_2025-01-28 10-38-24_11:37:00_20250128","20y",2025-01-28 10:37:00,2025-01-28 12:37:00,316.947578707979,79.9638605025308,111.206074454613,-2.13689063613411,-122.43481473151,237.56518526849,126.359110813877,2.20538252359452
"dome","11:37:00",NA,4,"20y_2025-01-28 10-38-24_waggle_annotations.csv",-0.865426285481126,-0.501036270541705,102.780990673457,197.287592148406,"ok",727,760,"",-21.27,"solar","20250128/2025-01-28 10-38-24.mkv",20250128,"20y_2025-01-28 10-38-24_11:37:00_20250128","20y",2025-01-28 10:37:00,2025-01-28 12:37:00,316.947578707979,79.9638605025308,111.206074454613,-2.83986725085819,-162.712407851594,197.287592148406,86.0815176937929,1.50240590887044
"dome","11:37:00",NA,5,"20y_2025-01-28 10-38-24_waggle_annotations.csv",0.49798710194581,0.867184436147014,102.780990673457,47.3520924750303,"ok",664,787,"",-21.27,"solar","20250128/2025-01-28 10-38-24.mkv",20250128,"20y_2025-01-28 10-38-24_11:37:00_20250128","20y",2025-01-28 10:37:00,2025-01-28 12:37:00,316.947578707979,79.9638605025308,111.206074454613,0.826449921398109,47.3520924750303,47.3520924750303,63.8539819795828,-1.11446222605285
"dome","11:37:00",NA,6,"20y_2025-01-28 10-38-24_waggle_annotations.csv",0.743920778044517,-0.668267817565413,102.780990673457,305.285494827669,"ok",702,746,"",-21.27,"solar","20250128/2025-01-28 10-38-24.mkv",20250128,"20y_2025-01-28 10-38-24_11:37:00_20250128","20y",2025-01-28 10:37:00,2025-01-28 12:37:00,316.947578707979,79.9638605025308,111.206074454613,-0.954948263856643,-54.714505172331,305.285494827669,165.920579626944,-2.8958604113076
"dome","11:37:00",NA,7,"20y_2025-01-28 10-38-24_waggle_annotations.csv",0.989359135364853,-0.145493990494831,102.780990673457,338.853123202511,"ok",775,711,"",-21.27,"solar","20250128/2025-01-28 10-38-24.mkv",20250128,"20y_2025-01-28 10-38-24_11:37:00_20250128","20y",2025-01-28 10:37:00,2025-01-28 12:37:00,316.947578707979,79.9638605025308,111.206074454613,-0.369082626629778,-21.1468767974891,338.853123202511,132.352951252102,-2.30999477408073
"dome","11:37:00",NA,8,"20y_2025-01-28 10-38-24_waggle_annotations.csv",0.989290363574485,-0.145960873314268,102.780990673457,338.826084139151,"ok",817,762,"",-21.27,"solar","20250128/2025-01-28 10-38-24.mkv",20250128,"20y_2025-01-28 10-38-24_11:37:00_20250128","20y",2025-01-28 10:37:00,2025-01-28 12:37:00,316.947578707979,79.9638605025308,111.206074454613,-0.369554547312065,-21.173915860849,338.826084139151,132.379990315462,-2.31046669476302
"dome","11:37:00",NA,9,"20y_2025-01-28 10-38-24_waggle_annotations.csv",0,-1,102.780990673457,257.219009326543,"ok",712,807,"",-21.27,"solar","20250128/2025-01-28 10-38-24.mkv",20250128,"20y_2025-01-28 10-38-24_11:37:00_20250128","20y",2025-01-28 10:37:00,2025-01-28 12:37:00,316.947578707979,79.9638605025308,111.206074454613,-1.79386669571341,-102.780990673457,257.219009326543,146.01293487193,2.54840646401522
"dome","11:37:00",NA,10,"20y_2025-01-28 10-38-24_waggle_annotations.csv",-0.175213062084299,-0.984530539330824,102.780990673457,247.127952087654,"ok",861,775,"",-21.27,"solar","20250128/2025-01-28 10-38-24.mkv",20250128,"20y_2025-01-28 10-38-24_11:37:00_20250128","20y",2025-01-28 10:37:00,2025-01-28 12:37:00,316.947578707979,79.9638605025308,111.206074454613,-1.96998886953923,-112.872047912346,247.127952087654,135.921877633041,2.3722842901894
"dome","11:37:00",NA,11,"20y_2025-01-28 10-38-24_waggle_annotations.csv",0.995037190209989,0.0995037190209989,102.780990673457,352.929602464043,"ok",812,723,"",-21.27,"solar","20250128/2025-01-28 10-38-24.mkv",20250128,"20y_2025-01-28 10-38-24_11:37:00_20250128","20y",2025-01-28 10:37:00,2025-01-28 12:37:00,316.947578707979,79.9638605025308,111.206074454613,-0.123401716427345,-7.07039753595705,352.929602464043,118.27647199057,-2.0643138638783
"dome","11:37:00",NA,12,"20y_2025-01-28 10-38-24_waggle_annotations.csv",0.206010481049842,-0.978549784986749,102.780990673457,269.107667366171,"ok",801,802,"",-21.27,"solar","20250128/2025-01-28 10-38-24.mkv",20250128,"20y_2025-01-28 10-38-24_11:37:00_20250128","20y",2025-01-28 10:37:00,2025-01-28 12:37:00,316.947578707979,79.9638605025308,111.206074454613,-1.58637046927821,-90.892332633829,269.107667366171,157.901592911558,2.75590269045042
"dome","11:37:00",NA,13,"20y_2025-01-28 10-38-24_waggle_annotations.csv",0.912509324514951,-0.409055904092909,102.780990673457,323.073467366122,"ok",739,769,"",-21.27,"solar","20250128/2025-01-28 10-38-24.mkv",20250128,"20y_2025-01-28 10-38-24_11:37:00_20250128","20y",2025-01-28 10:37:00,2025-01-28 12:37:00,316.947578707979,79.9638605025308,111.206074454613,-0.644489575806306,-36.9265326338781,323.073467366122,148.132607088491,-2.58540172325726
"dome","11:37:00",NA,14,"20y_2025-01-28 10-38-24_waggle_annotations.csv",-0.157115048735132,-0.987580306335114,102.780990673457,248.179526523188,"ok",719,747,"",-21.27,"solar","20250128/2025-01-28 10-38-24.mkv",20250128,"20y_2025-01-28 10-38-24_11:37:00_20250128","20y",2025-01-28 10:37:00,2025-01-28 12:37:00,316.947578707979,79.9638605025308,111.206074454613,-1.95163543330936,-111.820473476812,248.179526523188,136.973452068575,2.39063772641927
"dome","11:37:00",NA,15,"20y_2025-01-28 10-38-24_waggle_annotations.csv",0.988371697650617,-0.152057184253941,102.780990673457,338.472847063988,"ok",698,753,"",-21.27,"solar","20250128/2025-01-28 10-38-24.mkv",20250128,"20y_2025-01-28 10-38-24_11:37:00_20250128","20y",2025-01-28 10:37:00,2025-01-28 12:37:00,316.947578707979,79.9638605025308,111.206074454613,-0.375719697313774,-21.527152936012,338.472847063988,132.733227390625,-2.31663184476473
"dome","11:37:00",NA,16,"20y_2025-01-28 10-38-24_waggle_annotations.csv",0.461352736641989,-0.887216801234595,102.780990673457,284.69344095282,"ok",727,797,"",-21.27,"solar","20250128/2025-01-28 10-38-24.mkv",20250128,"20y_2025-01-28 10-38-24_11:37:00_20250128","20y",2025-01-28 10:37:00,2025-01-28 12:37:00,316.947578707979,79.9638605025308,111.206074454613,-1.31434740372081,-75.30655904718,284.69344095282,173.487366498207,3.02792575600782
"dome","11:37:00",NA,17,"20y_2025-01-28 10-38-24_waggle_annotations.csv",1,0,102.780990673457,347.219009326543,"ok",719,789,"",-21.27,"solar","20250128/2025-01-28 10-38-24.mkv",20250128,"20y_2025-01-28 10-38-24_11:37:00_20250128","20y",2025-01-28 10:37:00,2025-01-28 12:37:00,316.947578707979,79.9638605025308,111.206074454613,-0.223070368918512,-12.780990673457,347.219009326543,123.98706512807,-2.16398251636947
"dome","11:37:00",NA,18,"20y_2025-01-28 10-38-24_waggle_annotations.csv",0.0573765865921368,-0.99835260670318,102.780990673457,260.508252005035,"ok",689,806,"",-21.27,"solar","20250128/2025-01-28 10-38-24.mkv",20250128,"20y_2025-01-28 10-38-24_11:37:00_20250128","20y",2025-01-28 10:37:00,2025-01-28 12:37:00,316.947578707979,79.9638605025308,111.206074454613,-1.73645858107661,-99.491747994965,260.508252005035,149.302177550422,2.60581457865202
"dome","11:37:00",NA,19,"20y_2025-01-28 10-38-24_waggle_annotations.csv",0.999763788823916,0.0217339954092156,102.780990673457,348.464373593312,"ok",681,828,"",-21.27,"solar","20250128/2025-01-28 10-38-24.mkv",20250128,"20y_2025-01-28 10-38-24_11:37:00_20250128","20y",2025-01-28 10:37:00,2025-01-28 12:37:00,316.947578707979,79.9638605025308,111.206074454613,-0.201334662076708,-11.535626406688,348.464373593312,122.741700861301,-2.14224680952766
"dome","11:37:00",NA,20,"20y_2025-01-28 10-38-24_waggle_annotations.csv",0.168963815110846,-0.985622254813267,102.780990673457,266.946587877945,"ok",719,876,"",-21.27,"solar","20250128/2025-01-28 10-38-24.mkv",20250128,"20y_2025-01-28 10-38-24_11:37:00_20250128","20y",2025-01-28 10:37:00,2025-01-28 12:37:00,316.947578707979,79.9638605025308,111.206074454613,-1.62408842174506,-93.0534121220551,266.946587877945,155.740513423332,2.71818473798357
"dome","11:37:00",NA,21,"20y_2025-01-28 10-38-24_waggle_annotations.csv",0.966598588757105,-0.256295080352263,102.780990673457,332.368671027559,"ok",702,853,"",-21.27,"solar","20250128/2025-01-28 10-38-24.mkv",20250128,"20y_2025-01-28 10-38-24_11:37:00_20250128","20y",2025-01-28 10:37:00,2025-01-28 12:37:00,316.947578707979,79.9638605025308,111.206074454613,-0.482257667270798,-27.631328972441,332.368671027559,138.837403427054,-2.42316981472175
"dome","11:37:00",NA,22,"20y_2025-01-28 10-38-24_waggle_annotations.csv",0.926946813223158,-0.375192757733183,102.780990673457,325.182782386398,"ok",734,848,"",-21.27,"solar","20250128/2025-01-28 10-38-24.mkv",20250128,"20y_2025-01-28 10-38-24_11:37:00_20250128","20y",2025-01-28 10:37:00,2025-01-28 12:37:00,316.947578707979,79.9638605025308,111.206074454613,-0.607675083740718,-34.817217613602,325.182782386398,146.023292068215,-2.54858723119167
"dome","11:37:00",NA,23,"20y_2025-01-28 10-38-24_waggle_annotations.csv",0.130938369254536,0.991390510070055,102.780990673457,69.6951888879046,"ok",740,831,"",-21.27,"solar","20250128/2025-01-28 10-38-24.mkv",20250128,"20y_2025-01-28 10-38-24_11:37:00_20250128","20y",2025-01-28 10:37:00,2025-01-28 12:37:00,316.947578707979,79.9638605025308,111.206074454613,1.2164105188933,69.6951888879046,69.6951888879046,41.5108855667085,-0.724501628557656
"dome","11:37:00",NA,24,"20y_2025-01-28 10-38-24_waggle_annotations.csv",-0.996462465901171,-0.0840390031482915,102.780990673457,172.039775404636,"ok",721,833,"",-21.27,"solar","20250128/2025-01-28 10-38-24.mkv",20250128,"20y_2025-01-28 10-38-24_11:37:00_20250128","20y",2025-01-28 10:37:00,2025-01-28 12:37:00,316.947578707979,79.9638605025308,111.206074454613,3.00266052520246,172.039775404636,172.039775404636,60.8337009500229,1.0617483777515
"dome","11:37:00",NA,25,"20y_2025-01-28 10-38-24_waggle_annotations.csv",0.809806741146396,-0.58669672062647,102.780990673457,311.296063127473,"ok",676,817,"",-21.27,"solar","20250128/2025-01-28 10-38-24.mkv",20250128,"20y_2025-01-28 10-38-24_11:37:00_20250128","20y",2025-01-28 10:37:00,2025-01-28 12:37:00,316.947578707979,79.9638605025308,111.206074454613,-0.850044057109066,-48.703936872527,311.296063127473,159.91001132714,-2.79095620456002
"dome","11:37:00",NA,26,"20y_2025-01-28 10-38-24_waggle_annotations.csv",-0.0428178383921858,-0.99908289581767,102.780990673457,254.764977652016,"ok",702,845,"",-21.27,"solar","20250128/2025-01-28 10-38-24.mkv",20250128,"20y_2025-01-28 10-38-24_11:37:00_20250128","20y",2025-01-28 10:37:00,2025-01-28 12:37:00,316.947578707979,79.9638605025308,111.206074454613,-1.83669762838214,-105.235022347984,254.764977652016,143.558903197403,2.50557553134649
"dome","11:37:00",NA,27,"20y_2025-01-28 10-38-24_waggle_annotations.csv",0,-1,102.780990673457,257.219009326543,"ok",674,788,"",-21.27,"solar","20250128/2025-01-28 10-38-24.mkv",20250128,"20y_2025-01-28 10-38-24_11:37:00_20250128","20y",2025-01-28 10:37:00,2025-01-28 12:37:00,316.947578707979,79.9638605025308,111.206074454613,-1.79386669571341,-102.780990673457,257.219009326543,146.01293487193,2.54840646401522
"dome","11:37:00",NA,1,"46b_2025-01-28 10-38-24_waggle_annotations.csv",0.766088418330211,-0.642735198429584,102.780990673457,307.222929278784,"ok",698,729,"",-21.27,"solar","20250128/2025-01-28 10-38-24.mkv",20250128,"46b_2025-01-28 10-38-24_11:37:00_20250128","46b",2025-01-28 10:37:00,2025-01-28 12:37:00,316.947578707979,79.9638605025308,111.206074454613,-0.921133653643117,-52.777070721216,307.222929278784,163.983145175829,-2.86204580109407
"dome","11:37:00",NA,2,"46b_2025-01-28 10-38-24_waggle_annotations.csv",0.779669494826062,-0.626191247813058,102.780990673457,308.449333940549,"ok",736,802,"",-21.27,"solar","20250128/2025-01-28 10-38-24.mkv",20250128,"46b_2025-01-28 10-38-24_11:37:00_20250128","46b",2025-01-28 10:37:00,2025-01-28 12:37:00,316.947578707979,79.9638605025308,111.206074454613,-0.89972885433351,-51.550666059451,308.449333940549,162.756740514064,-2.84064100178447
"dome","11:37:00",NA,3,"46b_2025-01-28 10-38-24_waggle_annotations.csv",0.798426583614704,-0.60209217780781,102.780990673457,310.199123071712,"ok",724,798,"",-21.27,"solar","20250128/2025-01-28 10-38-24.mkv",20250128,"46b_2025-01-28 10-38-24_11:37:00_20250128","46b",2025-01-28 10:37:00,2025-01-28 12:37:00,316.947578707979,79.9638605025308,111.206074454613,-0.869189272779106,-49.800876928288,310.199123071712,161.006951382901,-2.81010142023006
"dome","11:37:00",NA,4,"46b_2025-01-28 10-38-24_waggle_annotations.csv",-0.309086072337558,-0.951034068730948,102.780990673457,239.21484772063,"ok",744,808,"",-21.27,"solar","20250128/2025-01-28 10-38-24.mkv",20250128,"46b_2025-01-28 10-38-24_11:37:00_20250128","46b",2025-01-28 10:37:00,2025-01-28 12:37:00,316.947578707979,79.9638605025308,111.206074454613,-2.10809859479774,-120.78515227937,239.21484772063,128.008773266017,2.23417456493089
"dome","11:37:00",NA,5,"46b_2025-01-28 10-38-24_waggle_annotations.csv",0.92381391713618,-0.382841803497877,102.780990673457,324.709187353656,"ok",753,708,"",-21.27,"solar","20250128/2025-01-28 10-38-24.mkv",20250128,"46b_2025-01-28 10-38-24_11:37:00_20250128","46b",2025-01-28 10:37:00,2025-01-28 12:37:00,316.947578707979,79.9638605025308,111.206074454613,-0.615940876383157,-35.290812646344,324.709187353656,146.496887100957,-2.55685302383411
"dome","11:37:00",NA,6,"46b_2025-01-28 10-38-24_waggle_annotations.csv",-0.177841997896763,-0.984059055028756,102.780990673457,246.974921880085,"ok",690,772,"",-21.27,"solar","20250128/2025-01-28 10-38-24.mkv",20250128,"46b_2025-01-28 10-38-24_11:37:00_20250128","46b",2025-01-28 10:37:00,2025-01-28 12:37:00,316.947578707979,79.9638605025308,111.206074454613,-1.97265975051632,-113.025078119915,246.974921880085,135.768847425472,2.36961340921231
"dome","11:37:00",NA,7,"46b_2025-01-28 10-38-24_waggle_annotations.csv",-0.253898128412101,-0.967230965379434,102.780990673457,242.510705426861,"ok",716,768,"",-21.27,"solar","20250128/2025-01-28 10-38-24.mkv",20250128,"46b_2025-01-28 10-38-24_11:37:00_20250128","46b",2025-01-28 10:37:00,2025-01-28 12:37:00,316.947578707979,79.9638605025308,111.206074454613,-2.05057502614678,-117.489294573139,242.510705426861,131.304630972248,2.29169813358185
"dome","11:37:00",NA,8,"46b_2025-01-28 10-38-24_waggle_annotations.csv",-0.371390676354104,-0.928476690885259,102.780990673457,235.417599840191,"ok",729,772,"",-21.27,"solar","20250128/2025-01-28 10-38-24.mkv",20250128,"46b_2025-01-28 10-38-24_11:37:00_20250128","46b",2025-01-28 10:37:00,2025-01-28 12:37:00,316.947578707979,79.9638605025308,111.206074454613,-2.17437307282578,-124.582400159809,235.417599840191,124.211525385578,2.16790008690285
"dome","11:37:00",NA,1,"46b_2_2025-01-28 10-38-24_waggle_annotations.csv",0.825124885683424,0.564950372179642,102.780990673457,21.6178544628912,"ok",579,809,"",-21.27,"solar","20250128/2025-01-28 10-38-24.mkv",20250128,"46b_2_2025-01-28 10-38-24_11:37:00_20250128","46b",2025-01-28 10:37:00,2025-01-28 12:37:00,316.947578707979,79.9638605025308,111.206074454613,0.377302737594402,21.6178544628912,21.6178544628912,89.5882199917219,-1.56360940985655
"dome","11:37:00",NA,2,"46b_2_2025-01-28 10-38-24_waggle_annotations.csv",0.451841868163524,-0.892098047399778,102.780990673457,284.080927170946,"ok",722,803,"",-21.27,"solar","20250128/2025-01-28 10-38-24.mkv",20250128,"46b_2_2025-01-28 10-38-24_11:37:00_20250128","46b",2025-01-28 10:37:00,2025-01-28 12:37:00,316.947578707979,79.9638605025308,111.206074454613,-1.32503778592836,-75.919072829054,284.080927170946,172.874852716333,3.01723537380027
"dome","11:37:00",NA,3,"46b_2_2025-01-28 10-38-24_waggle_annotations.csv",-0.465127927772626,-0.885243475438223,102.780990673457,229.50050769836,"ok",632,740,"",-21.27,"solar","20250128/2025-01-28 10-38-24.mkv",20250128,"46b_2_2025-01-28 10-38-24_11:37:00_20250128","46b",2025-01-28 10:37:00,2025-01-28 12:37:00,316.947578707979,79.9638605025308,111.206074454613,-2.27764581284461,-130.49949230164,229.50050769836,118.294433243747,2.06462734688402
"dome","11:37:00",NA,4,"46b_2_2025-01-28 10-38-24_waggle_annotations.csv",0.132163720091018,0.991227900682635,102.780990673457,69.6243659579518,"ok",733,790,"",-21.27,"solar","20250128/2025-01-28 10-38-24.mkv",20250128,"46b_2_2025-01-28 10-38-24_11:37:00_20250128","46b",2025-01-28 10:37:00,2025-01-28 12:37:00,316.947578707979,79.9638605025308,111.206074454613,1.21517442557971,69.6243659579518,69.6243659579518,41.5817084966613,-0.725737721871242
"dome","11:37:00",NA,5,"46b_2_2025-01-28 10-38-24_waggle_annotations.csv",0.107221439342287,-0.994235164810302,102.780990673457,263.374177669817,"ok",762,719,"",-21.27,"solar","20250128/2025-01-28 10-38-24.mkv",20250128,"46b_2_2025-01-28 10-38-24_11:37:00_20250128","46b",2025-01-28 10:37:00,2025-01-28 12:37:00,316.947578707979,79.9638605025308,111.206074454613,-1.68643874210875,-96.625822330183,263.374177669817,152.168103215204,2.65583441761988
"dome","11:37:00",NA,6,"46b_2_2025-01-28 10-38-24_waggle_annotations.csv",0.150007361079009,0.988684879838926,102.780990673457,68.5916561824781,"ok",757,778,"",-21.27,"solar","20250128/2025-01-28 10-38-24.mkv",20250128,"46b_2_2025-01-28 10-38-24_11:37:00_20250128","46b",2025-01-28 10:37:00,2025-01-28 12:37:00,316.947578707979,79.9638605025308,111.206074454613,1.19715023978017,68.5916561824781,68.5916561824781,42.614418272135,-0.743761907670789
"dome","11:37:00",NA,7,"46b_2_2025-01-28 10-38-24_waggle_annotations.csv",0.113043182288659,-0.993590075905579,102.780990673457,263.709780961019,"ok",800,781,"",-21.27,"solar","20250128/2025-01-28 10-38-24.mkv",20250128,"46b_2_2025-01-28 10-38-24_11:37:00_20250128","46b",2025-01-28 10:37:00,2025-01-28 12:37:00,316.947578707979,79.9638605025308,111.206074454613,-1.68058135969675,-96.290219038981,263.709780961019,152.503706506406,2.66169180003188
"dome","11:37:00",NA,8,"46b_2_2025-01-28 10-38-24_waggle_annotations.csv",0.443513828814114,0.896267529061856,102.780990673457,50.8907162213724,"ok",784,720,"",-21.27,"solar","20250128/2025-01-28 10-38-24.mkv",20250128,"46b_2_2025-01-28 10-38-24_11:37:00_20250128","46b",2025-01-28 10:37:00,2025-01-28 12:37:00,316.947578707979,79.9638605025308,111.206074454613,0.888210556761036,50.8907162213724,50.8907162213724,60.3153582332407,-1.05270159068992
"dome","11:37:00",NA,9,"46b_2_2025-01-28 10-38-24_waggle_annotations.csv",-0.250382821968518,-0.968146911611601,102.780990673457,242.718842559991,"ok",835,742,"",-21.27,"solar","20250128/2025-01-28 10-38-24.mkv",20250128,"46b_2_2025-01-28 10-38-24_11:37:00_20250128","46b",2025-01-28 10:37:00,2025-01-28 12:37:00,316.947578707979,79.9638605025308,111.206074454613,-2.046942347878,-117.281157440009,242.718842559991,131.512768105378,2.29533081185063
"dome","11:37:00",NA,10,"46b_2_2025-01-28 10-38-24_waggle_annotations.csv",-0.86978293116478,-0.493434547487712,102.780990673457,196.78558483132,"ok",821,748,"",-21.27,"solar","20250128/2025-01-28 10-38-24.mkv",20250128,"46b_2_2025-01-28 10-38-24_11:37:00_20250128","46b",2025-01-28 10:37:00,2025-01-28 12:37:00,316.947578707979,79.9638605025308,111.206074454613,-2.84862893141044,-163.21441516868,196.78558483132,85.5795103767069,1.49364422831819
"dome","11:37:00",NA,11,"46b_2_2025-01-28 10-38-24_waggle_annotations.csv",0.981490592025699,-0.191510359419649,102.780990673457,336.17806914622,"ok",780,759,"",-21.27,"solar","20250128/2025-01-28 10-38-24.mkv",20250128,"46b_2_2025-01-28 10-38-24_11:37:00_20250128","46b",2025-01-28 10:37:00,2025-01-28 12:37:00,316.947578707979,79.9638605025308,111.206074454613,-0.415771127580884,-23.82193085378,336.17806914622,135.028005308393,-2.35668327503184
"dome","11:37:00",NA,12,"46b_2_2025-01-28 10-38-24_waggle_annotations.csv",0.999683706946582,-0.0251492756464549,102.780990673457,345.777910034421,"ok",770,802,"",-21.27,"solar","20250128/2025-01-28 10-38-24.mkv",20250128,"46b_2_2025-01-28 10-38-24_11:37:00_20250128","46b",2025-01-28 10:37:00,2025-01-28 12:37:00,316.947578707979,79.9638605025308,111.206074454613,-0.248222296414201,-14.222089965579,345.777910034421,125.428164420192,-2.18913444386516
"dome","11:37:00",NA,13,"46b_2_2025-01-28 10-38-24_waggle_annotations.csv",0.917770124487478,0.397112073095543,102.780990673457,10.6167732424693,"ok",783,754,"",-21.27,"solar","20250128/2025-01-28 10-38-24.mkv",20250128,"46b_2_2025-01-28 10-38-24_11:37:00_20250128","46b",2025-01-28 10:37:00,2025-01-28 12:37:00,316.947578707979,79.9638605025308,111.206074454613,0.185297649018724,10.6167732424693,10.6167732424693,100.589301212144,-1.75561449843223
"dome","11:37:00",NA,14,"46b_2_2025-01-28 10-38-24_waggle_annotations.csv",0.176067622953315,-0.984378073784443,102.780990673457,267.359802472656,"ok",838,794,"",-21.27,"solar","20250128/2025-01-28 10-38-24.mkv",20250128,"46b_2_2025-01-28 10-38-24_11:37:00_20250128","46b",2025-01-28 10:37:00,2025-01-28 12:37:00,316.947578707979,79.9638605025308,111.206074454613,-1.61687646655006,-92.640197527344,267.359802472656,156.153728018043,2.72539669317857
"dome","11:37:00",NA,15,"46b_2_2025-01-28 10-38-24_waggle_annotations.csv",0.0611100632795033,-0.99813103356522,102.780990673457,260.722540971328,"ok",834,794,"",-21.27,"solar","20250128/2025-01-28 10-38-24.mkv",20250128,"46b_2_2025-01-28 10-38-24_11:37:00_20250128","46b",2025-01-28 10:37:00,2025-01-28 12:37:00,316.947578707979,79.9638605025308,111.206074454613,-1.7327185330641,-99.277459028672,260.722540971328,149.516466516715,2.60955462666453
"dome","11:37:00",NA,16,"46b_2_2025-01-28 10-38-24_waggle_annotations.csv",-0.0623782861551805,-0.998052578482889,102.780990673457,253.642674951546,"ok",851,767,"",-21.27,"solar","20250128/2025-01-28 10-38-24.mkv",20250128,"46b_2_2025-01-28 10-38-24_11:37:00_20250128","46b",2025-01-28 10:37:00,2025-01-28 12:37:00,316.947578707979,79.9638605025308,111.206074454613,-1.85628550570936,-106.357325048454,253.642674951546,142.436600496933,2.48598765401927
"dome","11:37:00",NA,17,"46b_2_2025-01-28 10-38-24_waggle_annotations.csv",0,-1,102.780990673457,257.219009326543,"ok",768,715,"",-21.27,"solar","20250128/2025-01-28 10-38-24.mkv",20250128,"46b_2_2025-01-28 10-38-24_11:37:00_20250128","46b",2025-01-28 10:37:00,2025-01-28 12:37:00,316.947578707979,79.9638605025308,111.206074454613,-1.79386669571341,-102.780990673457,257.219009326543,146.01293487193,2.54840646401522
"dome","11:37:00",NA,18,"46b_2_2025-01-28 10-38-24_waggle_annotations.csv",0,-1,102.780990673457,257.219009326543,"ok",744,722,"",-21.27,"solar","20250128/2025-01-28 10-38-24.mkv",20250128,"46b_2_2025-01-28 10-38-24_11:37:00_20250128","46b",2025-01-28 10:37:00,2025-01-28 12:37:00,316.947578707979,79.9638605025308,111.206074454613,-1.79386669571341,-102.780990673457,257.219009326543,146.01293487193,2.54840646401522
"dome","11:37:00",NA,19,"46b_2_2025-01-28 10-38-24_waggle_annotations.csv",-0.0871669502809099,-0.996193717496113,102.780990673457,252.218364728985,"ok",791,714,"",-21.27,"solar","20250128/2025-01-28 10-38-24.mkv",20250128,"46b_2_2025-01-28 10-38-24_11:37:00_20250128","46b",2025-01-28 10:37:00,2025-01-28 12:37:00,316.947578707979,79.9638605025308,111.206074454613,-1.88114440866286,-107.781635271015,252.218364728985,141.012290274372,2.46112875106577
"dome","11:37:00",NA,1,"66b_2025-01-28 10-36-03_waggle_annotations.csv",0.578428777307933,-0.81573289107529,102.780990673457,292.559116248101,"ok",837,832,"",-21.27,"solar","20250128/2025-01-28 10-36-03.mkv",20250128,"66b_2025-01-28 10-36-03_11:37:00_20250128","66b",2025-01-28 10:37:00,2025-01-28 12:37:00,316.947578707979,79.9638605025308,111.206074454613,-1.17706547192538,-67.440883751899,292.559116248101,178.646958206512,-3.11797761937634
"dome","11:37:00",NA,2,"66b_2025-01-28 10-36-03_waggle_annotations.csv",0.114935711156262,-0.993372932136267,102.780990673457,263.818926308457,"ok",827,852,"",-21.27,"solar","20250128/2025-01-28 10-36-03.mkv",20250128,"66b_2025-01-28 10-36-03_11:37:00_20250128","66b",2025-01-28 10:37:00,2025-01-28 12:37:00,316.947578707979,79.9638605025308,111.206074454613,-1.67867641402072,-96.181073691543,263.818926308457,152.612851853844,2.66359674570791
"dome","11:37:00",NA,3,"66b_2025-01-28 10-36-03_waggle_annotations.csv",0.614941834360116,0.788572469944149,102.780990673457,39.2713153343845,"ok",813,796,"",-21.27,"solar","20250128/2025-01-28 10-36-03.mkv",20250128,"66b_2025-01-28 10-36-03_11:37:00_20250128","66b",2025-01-28 10:37:00,2025-01-28 12:37:00,316.947578707979,79.9638605025308,111.206074454613,0.685413754173947,39.2713153343845,39.2713153343845,71.9347591202286,-1.25549839327701
"dome","11:37:00",NA,4,"66b_2025-01-28 10-36-03_waggle_annotations.csv",0.345705358827356,-0.93834311681711,102.780990673457,277.443868757711,"ok",836,831,"",-21.27,"solar","20250128/2025-01-28 10-36-03.mkv",20250128,"66b_2025-01-28 10-36-03_11:37:00_20250128","66b",2025-01-28 10:37:00,2025-01-28 12:37:00,316.947578707979,79.9638605025308,111.206074454613,-1.4408763078865,-82.556131242289,277.443868757711,166.237794303098,2.90139685184213
"dome","11:37:00",NA,5,"66b_2025-01-28 10-36-03_waggle_annotations.csv",0.96420539280379,0.265156483021042,102.780990673457,2.59526057536945,"ok",838,841,"",-21.27,"solar","20250128/2025-01-28 10-36-03.mkv",20250128,"66b_2025-01-28 10-36-03_11:37:00_20250128","66b",2025-01-28 10:37:00,2025-01-28 12:37:00,316.947578707979,79.9638605025308,111.206074454613,0.0452958419873993,2.59526057536945,2.59526057536945,108.610813879244,-1.89561630546356
"dome","11:37:00",NA,6,"66b_2025-01-28 10-36-03_waggle_annotations.csv",0.507372037803724,-0.861727111825372,102.780990673457,287.707949826374,"ok",802,851,"",-21.27,"solar","20250128/2025-01-28 10-36-03.mkv",20250128,"66b_2025-01-28 10-36-03_11:37:00_20250128","66b",2025-01-28 10:37:00,2025-01-28 12:37:00,316.947578707979,79.9638605025308,111.206074454613,-1.26173429854671,-72.292050173626,287.707949826374,176.501875371761,3.08053886118192
"dome","11:37:00",NA,7,"66b_2025-01-28 10-36-03_waggle_annotations.csv",0.929681500465451,-0.368364368108952,102.780990673457,325.604230383757,"ok",794,763,"",-21.27,"solar","20250128/2025-01-28 10-36-03.mkv",20250128,"66b_2025-01-28 10-36-03_11:37:00_20250128","66b",2025-01-28 10:37:00,2025-01-28 12:37:00,316.947578707979,79.9638605025308,111.206074454613,-0.600319428560867,-34.395769616243,325.604230383757,145.601844070856,-2.54123157601182
"dome","11:37:00",NA,8,"66b_2025-01-28 10-36-03_waggle_annotations.csv",0.0578738495143478,-0.9983239041225,102.780990673457,260.536790494878,"ok",861,815,"",-21.27,"solar","20250128/2025-01-28 10-36-03.mkv",20250128,"66b_2025-01-28 10-36-03_11:37:00_20250128","66b",2025-01-28 10:37:00,2025-01-28 12:37:00,316.947578707979,79.9638605025308,111.206074454613,-1.7359604904653,-99.463209505122,260.536790494878,149.330716040265,2.60631266926333
"dome","11:37:00",NA,9,"66b_2025-01-28 10-36-03_waggle_annotations.csv",0.0566464850342324,-0.998394298728346,102.780990673457,260.466352116866,"ok",928,811,"",-21.27,"solar","20250128/2025-01-28 10-36-03.mkv",20250128,"66b_2025-01-28 10-36-03_11:37:00_20250128","66b",2025-01-28 10:37:00,2025-01-28 12:37:00,316.947578707979,79.9638605025308,111.206074454613,-1.73718987208137,-99.533647883134,260.466352116866,149.260277662253,2.60508328764726
"dome","11:37:00",NA,10,"66b_2025-01-28 10-36-03_waggle_annotations.csv",-0.275705143096822,-0.961242255661891,102.780990673457,241.214968840662,"ok",838,868,"",-21.27,"solar","20250128/2025-01-28 10-36-03.mkv",20250128,"66b_2025-01-28 10-36-03_11:37:00_20250128","66b",2025-01-28 10:37:00,2025-01-28 12:37:00,316.947578707979,79.9638605025308,111.206074454613,-2.07318989581451,-118.785031159338,241.214968840662,130.008894386049,2.26908326391412
"dome","11:37:00",NA,11,"66b_2025-01-28 10-36-03_waggle_annotations.csv",0.930484085528071,0.366332317137036,102.780990673457,8.70860812514226,"ok",807,831,"",-21.27,"solar","20250128/2025-01-28 10-36-03.mkv",20250128,"66b_2025-01-28 10-36-03_11:37:00_20250128","66b",2025-01-28 10:37:00,2025-01-28 12:37:00,316.947578707979,79.9638605025308,111.206074454613,0.151993885049663,8.70860812514226,8.70860812514226,102.497466329471,-1.78891826240129
"dome","11:37:00",NA,12,"66b_2025-01-28 10-36-03_waggle_annotations.csv",-0.999288762356679,0.037709009900252,102.780990673457,165.057929838317,"ok",878,844,"",-21.27,"solar","20250128/2025-01-28 10-36-03.mkv",20250128,"66b_2025-01-28 10-36-03_11:37:00_20250128","66b",2025-01-28 10:37:00,2025-01-28 12:37:00,316.947578707979,79.9638605025308,111.206074454613,2.88080433220442,165.057929838317,165.057929838317,53.8518553837039,0.939892184753467
"dome","11:37:00",NA,13,"66b_2025-01-28 10-36-03_waggle_annotations.csv",0.673489996183704,-0.739196337274797,102.780990673457,299.556008560476,"ok",800,865,"",-21.27,"solar","20250128/2025-01-28 10-36-03.mkv",20250128,"66b_2025-01-28 10-36-03_11:37:00_20250128","66b",2025-01-28 10:37:00,2025-01-28 12:37:00,316.947578707979,79.9638605025308,111.206074454613,-1.05494666366696,-60.443991439524,299.556008560476,171.650065894137,-2.99585881111792
"dome","11:37:00",NA,1,"90r_2025-01-28 10-36-58_waggle_annotations.csv",0.919778168080743,-0.392438685047784,102.780990673457,324.112682468272,"ok",862,775,"",-21.27,"solar","20250128/2025-01-28 10-36-58.mkv",20250128,"90r_2025-01-28 10-36-58_11:37:00_20250128","90r",2025-01-28 10:37:00,2025-01-28 12:37:00,316.947578707979,79.9638605025308,111.206074454613,-0.626351850637338,-35.887317531728,324.112682468272,147.093391986341,-2.5672639980883
"dome","11:37:00",NA,2,"90r_2025-01-28 10-36-58_waggle_annotations.csv",0.288671793505427,-0.957428115126332,102.780990673457,273.99746426516,"ok",815,715,"",-21.27,"solar","20250128/2025-01-28 10-36-58.mkv",20250128,"90r_2025-01-28 10-36-58_11:37:00_20250128","90r",2025-01-28 10:37:00,2025-01-28 12:37:00,316.947578707979,79.9638605025308,111.206074454613,-1.50102741363704,-86.00253573484,273.99746426516,162.791389810547,2.84124574609159
"dome","11:37:00",NA,3,"90r_2025-01-28 10-36-58_waggle_annotations.csv",-0.85847509595019,-0.512855252126087,102.780990673457,198.07321383244,"ok",840,701,"",-21.27,"solar","20250128/2025-01-28 10-36-58.mkv",20250128,"90r_2025-01-28 10-36-58_11:37:00_20250128","90r",2025-01-28 10:37:00,2025-01-28 12:37:00,316.947578707979,79.9638605025308,111.206074454613,-2.82615556579673,-161.92678616756,198.07321383244,86.8671393778268,1.5161175939319
"dome","11:37:00",NA,4,"90r_2025-01-28 10-36-58_waggle_annotations.csv",0.967074537262646,-0.254493299279644,102.780990673457,332.475446490073,"ok",823,874,"",-21.27,"solar","20250128/2025-01-28 10-36-58.mkv",20250128,"90r_2025-01-28 10-36-58_11:37:00_20250128","90r",2025-01-28 10:37:00,2025-01-28 12:37:00,316.947578707979,79.9638605025308,111.206074454613,-0.480394083889588,-27.524553509927,332.475446490073,138.73062796454,-2.42130623134054
"dome","11:37:00",NA,5,"90r_2025-01-28 10-36-58_waggle_annotations.csv",0.886976643336692,-0.46181428537365,102.780990673457,319.71476720373,"ok",763,816,"",-21.27,"solar","20250128/2025-01-28 10-36-58.mkv",20250128,"90r_2025-01-28 10-36-58_11:37:00_20250128","90r",2025-01-28 10:37:00,2025-01-28 12:37:00,316.947578707979,79.9638605025308,111.206074454613,-0.703109952227315,-40.2852327962701,319.71476720373,151.491307250883,-2.64402209967827
"dome","11:37:00",NA,6,"90r_2025-01-28 10-36-58_waggle_annotations.csv",-0.0629380365360032,-0.99801743649948,102.780990673457,253.610540473977,"ok",765,758,"",-21.27,"solar","20250128/2025-01-28 10-36-58.mkv",20250128,"90r_2025-01-28 10-36-58_11:37:00_20250128","90r",2025-01-28 10:37:00,2025-01-28 12:37:00,316.947578707979,79.9638605025308,111.206074454613,-1.85684635814635,-106.389459526023,253.610540473977,142.404466019364,2.48542680158228
"dome","11:37:00",NA,7,"90r_2025-01-28 10-36-58_waggle_annotations.csv",-0.0228947606247637,-0.999737880614681,102.780990673457,255.907121544039,"ok",755,720,"",-21.27,"solar","20250128/2025-01-28 10-36-58.mkv",20250128,"90r_2025-01-28 10-36-58_11:37:00_20250128","90r",2025-01-28 10:37:00,2025-01-28 12:37:00,316.947578707979,79.9638605025308,111.206074454613,-1.81676345693479,-104.092878455961,255.907121544039,144.701047089426,2.52550970279384
"dome","11:37:00",NA,8,"90r_2025-01-28 10-36-58_waggle_annotations.csv",0.992962790709924,0.118426754855312,102.780990673457,354.020324150525,"ok",804,805,"",-21.27,"solar","20250128/2025-01-28 10-36-58.mkv",20250128,"90r_2025-01-28 10-36-58_11:37:00_20250128","90r",2025-01-28 10:37:00,2025-01-28 12:37:00,316.947578707979,79.9638605025308,111.206074454613,-0.104365031775328,-5.97967584947502,354.020324150525,117.185750304088,-2.04527717922628
"dome","11:37:00",NA,9,"90r_2025-01-28 10-36-58_waggle_annotations.csv",0.579755021622909,-0.814790841199765,102.780990673457,292.652323336829,"ok",788,826,"",-21.27,"solar","20250128/2025-01-28 10-36-58.mkv",20250128,"90r_2025-01-28 10-36-58_11:37:00_20250128","90r",2025-01-28 10:37:00,2025-01-28 12:37:00,316.947578707979,79.9638605025308,111.206074454613,-1.17543870134088,-67.347676663171,292.652323336829,178.553751117784,-3.11635084879184
"dome","11:37:00",NA,10,"90r_2025-01-28 10-36-58_waggle_annotations.csv",0.989461064134103,0.144799180117186,102.780990673457,355.54465965697,"ok",796,764,"",-21.27,"solar","20250128/2025-01-28 10-36-58.mkv",20250128,"90r_2025-01-28 10-36-58_11:37:00_20250128","90r",2025-01-28 10:37:00,2025-01-28 12:37:00,316.947578707979,79.9638605025308,111.206074454613,-0.0777603582828077,-4.45534034303004,355.54465965697,115.661414797643,-2.01867250573376
"dome","11:37:00",NA,11,"90r_2025-01-28 10-36-58_waggle_annotations.csv",0.914568030051655,-0.404432093691184,102.780990673457,323.363465219859,"ok",840,779,"",-21.27,"solar","20250128/2025-01-28 10-36-58.mkv",20250128,"90r_2025-01-28 10-36-58_11:37:00_20250128","90r",2025-01-28 10:37:00,2025-01-28 12:37:00,316.947578707979,79.9638605025308,111.206074454613,-0.639428158434878,-36.636534780141,323.363465219859,147.842609234754,-2.58034030588583
"dome","11:37:00",NA,12,"90r_2025-01-28 10-36-58_waggle_annotations.csv",-0.751164898449876,-0.660114607728679,102.780990673457,208.527623340092,"ok",817,746,"",-21.27,"solar","20250128/2025-01-28 10-36-58.mkv",20250128,"90r_2025-01-28 10-36-58_11:37:00_20250128","90r",2025-01-28 10:37:00,2025-01-28 12:37:00,316.947578707979,79.9638605025308,111.206074454613,-2.64369169853641,-151.472376659908,208.527623340092,97.3215488854789,1.69858146119222
"dome","11:37:00",NA,13,"90r_2025-01-28 10-36-58_waggle_annotations.csv",0.484794006311678,-0.874628361902513,102.780990673457,286.217986472697,"ok",830,808,"",-21.27,"solar","20250128/2025-01-28 10-36-58.mkv",20250128,"90r_2025-01-28 10-36-58_11:37:00_20250128","90r",2025-01-28 10:37:00,2025-01-28 12:37:00,316.947578707979,79.9638605025308,111.206074454613,-1.28773906480243,-73.782013527303,286.217986472697,175.011912018084,3.0545340949262
"dome","11:37:00",NA,14,"90r_2025-01-28 10-36-58_waggle_annotations.csv",-0.738110855329624,-0.674679453699734,102.780990673457,209.648272215853,"ok",783,753,"",-21.27,"solar","20250128/2025-01-28 10-36-58.mkv",20250128,"90r_2025-01-28 10-36-58_11:37:00_20250128","90r",2025-01-28 10:37:00,2025-01-28 12:37:00,316.947578707979,79.9638605025308,111.206074454613,-2.6241326858956,-150.351727784147,209.648272215853,98.4421977612399,1.71814047383303
"dome","11:37:00",NA,15,"90r_2025-01-28 10-36-58_waggle_annotations.csv",0.720419695709188,-0.693538363779741,102.780990673457,303.30815149644,"ok",775,775,"",-21.27,"solar","20250128/2025-01-28 10-36-58.mkv",20250128,"90r_2025-01-28 10-36-58_11:37:00_20250128","90r",2025-01-28 10:37:00,2025-01-28 12:37:00,316.947578707979,79.9638605025308,111.206074454613,-0.989459415428942,-56.69184850356,303.30815149644,167.897922958173,-2.9303715628799
"dome","11:37:00",NA,16,"90r_2025-01-28 10-36-58_waggle_annotations.csv",0.530710758226151,-0.847553001943256,102.780990673457,289.272499810906,"ok",776,808,"",-21.27,"solar","20250128/2025-01-28 10-36-58.mkv",20250128,"90r_2025-01-28 10-36-58_11:37:00_20250128","90r",2025-01-28 10:37:00,2025-01-28 12:37:00,316.947578707979,79.9638605025308,111.206074454613,-1.2344277500046,-70.727500189094,289.272499810906,178.066425356293,3.10784540972403
"dome","11:40:00",NA,1,"95r_2025-01-28 10-40-45_waggle_annotations.csv",0.753569057158967,-0.657368751989737,102.780990673457,306.119503068925,"ok",770,748,"",-21.27,"solar","20250128/2025-01-28 10-40-45.mkv",20250128,"95r_2025-01-28 10-40-45_11:40:00_20250128","95r",2025-01-28 10:40:00,2025-01-28 12:40:00,313.966537870389,79.4889624888869,114.187115292202,-0.94039207405796,-53.8804969310751,306.119503068925,168.067612223278,-2.93333319926126
"dome","11:40:00",NA,2,"95r_2025-01-28 10-40-45_waggle_annotations.csv",0.535824439731477,-0.844329420182934,102.780990673457,289.618849500463,"ok",764,852,"",-21.27,"solar","20250128/2025-01-28 10-40-45.mkv",20250128,"95r_2025-01-28 10-40-45_11:40:00_20250128","95r",2025-01-28 10:40:00,2025-01-28 12:40:00,313.966537870389,79.4889624888869,114.187115292202,-1.22838280755857,-70.381150499537,289.618849500463,175.431734208261,3.06186137441771
"dome","11:40:00",NA,3,"95r_2025-01-28 10-40-45_waggle_annotations.csv",0.999904888719587,0.013791791568546,102.780990673457,348.009245828972,"ok",795,816,"",-21.27,"solar","20250128/2025-01-28 10-40-45.mkv",20250128,"95r_2025-01-28 10-40-45_11:40:00_20250128","95r",2025-01-28 10:40:00,2025-01-28 12:40:00,313.966537870389,79.4889624888869,114.187115292202,-0.209278140081683,-11.9907541710281,348.009245828972,126.177869463231,-2.20221926528498
"dome","11:40:00",NA,4,"95r_2025-01-28 10-40-45_waggle_annotations.csv",0.0850564988837556,-0.996376129781137,102.780990673457,262.09828310955,"ok",823,870,"",-21.27,"solar","20250128/2025-01-28 10-40-45.mkv",20250128,"95r_2025-01-28 10-40-45_11:40:00_20250128","95r",2025-01-28 10:40:00,2025-01-28 12:40:00,313.966537870389,79.4889624888869,114.187115292202,-1.7087073030937,-97.90171689045,262.09828310955,147.911167817347,2.58153687888259
"dome","11:40:00",NA,5,"95r_2025-01-28 10-40-45_waggle_annotations.csv",0.997128264651524,-0.0757312606064448,102.780990673457,342.875769374854,"ok",777,781,"",-21.27,"solar","20250128/2025-01-28 10-40-45.mkv",20250128,"95r_2025-01-28 10-40-45_11:40:00_20250128","95r",2025-01-28 10:40:00,2025-01-28 12:40:00,313.966537870389,79.4889624888869,114.187115292202,-0.298874206279646,-17.1242306251461,342.875769374854,131.311345917349,-2.29181533148295
"dome","11:40:00",NA,6,"95r_2025-01-28 10-40-45_waggle_annotations.csv",0.820398166769987,-0.571792661688173,102.780990673457,312.343680981941,"ok",724,828,"",-21.27,"solar","20250128/2025-01-28 10-40-45.mkv",20250128,"95r_2025-01-28 10-40-45_11:40:00_20250128","95r",2025-01-28 10:40:00,2025-01-28 12:40:00,313.966537870389,79.4889624888869,114.187115292202,-0.831759676245921,-47.656319018059,312.343680981941,161.843434310261,-2.82470080144922
"dome","11:40:00",NA,7,"95r_2025-01-28 10-40-45_waggle_annotations.csv",-0.338198726163152,-0.941074716280074,102.780990673457,237.451840649752,"ok",740,778,"",-21.27,"solar","20250128/2025-01-28 10-40-45.mkv",20250128,"95r_2025-01-28 10-40-45_11:40:00_20250128","95r",2025-01-28 10:40:00,2025-01-28 12:40:00,313.966537870389,79.4889624888869,114.187115292202,-2.1388688729205,-122.548159350248,237.451840649752,123.26472535755,2.15137530905578
"dome","11:40:00",NA,8,"95r_2025-01-28 10-40-45_waggle_annotations.csv",0.0333148302326385,-0.999444906979154,102.780990673457,259.12816175954,"ok",864,800,"",-21.27,"solar","20250128/2025-01-28 10-40-45.mkv",20250128,"95r_2025-01-28 10-40-45_11:40:00_20250128","95r",2025-01-28 10:40:00,2025-01-28 12:40:00,313.966537870389,79.4889624888869,114.187115292202,-1.76054569983515,-100.87183824046,259.12816175954,144.941046467337,2.52969848214113
"dome","11:40:00",NA,9,"95r_2025-01-28 10-40-45_waggle_annotations.csv",-0.0565133120226558,-0.998401845733585,102.780990673457,253.979309030441,"ok",857,777,"",-21.27,"solar","20250128/2025-01-28 10-40-45.mkv",20250128,"95r_2025-01-28 10-40-45_11:40:00_20250128","95r",2025-01-28 10:40:00,2025-01-28 12:40:00,313.966537870389,79.4889624888869,114.187115292202,-1.85041013265822,-106.020690969559,253.979309030441,139.792193738238,2.43983404931806
"dome","11:40:00",NA,10,"95r_2025-01-28 10-40-45_waggle_annotations.csv",0.998460353205413,0.0554700196225229,102.780990673457,350.398839446407,"ok",833,791,"",-21.27,"solar","20250128/2025-01-28 10-40-45.mkv",20250128,"95r_2025-01-28 10-40-45_11:40:00_20250128","95r",2025-01-28 10:40:00,2025-01-28 12:40:00,313.966537870389,79.4889624888869,114.187115292202,-0.167571863672799,-9.60116055359298,350.398839446407,123.788275845796,-2.1605129888761
"dome","11:40:00",NA,11,"95r_2025-01-28 10-40-45_waggle_annotations.csv",-0.122155201343216,-0.992511010913631,102.780990673457,250.20250758182,"ok",867,835,"",-21.27,"solar","20250128/2025-01-28 10-40-45.mkv",20250128,"95r_2025-01-28 10-40-45_11:40:00_20250128","95r",2025-01-28 10:40:00,2025-01-28 12:40:00,313.966537870389,79.4889624888869,114.187115292202,-1.91632775313075,-109.79749241818,250.20250758182,136.015392289617,2.37391642884553
"dome","11:40:00",NA,12,"95r_2025-01-28 10-40-45_waggle_annotations.csv",0.802043110340396,-0.597266145998167,102.780990673457,310.54465965697,"ok",831,826,"",-21.27,"solar","20250128/2025-01-28 10-40-45.mkv",20250128,"95r_2025-01-28 10-40-45_11:40:00_20250128","95r",2025-01-28 10:40:00,2025-01-28 12:40:00,313.966537870389,79.4889624888869,114.187115292202,-0.863158521680255,-49.45534034303,310.54465965697,163.642455635232,-2.85609964688356
"dome","11:40:00",NA,13,"95r_2025-01-28 10-40-45_waggle_annotations.csv",0.507985019944294,-0.861365903383803,102.780990673457,287.748715226477,"ok",828,752,"",-21.27,"solar","20250128/2025-01-28 10-40-45.mkv",20250128,"95r_2025-01-28 10-40-45_11:40:00_20250128","95r",2025-01-28 10:40:00,2025-01-28 12:40:00,313.966537870389,79.4889624888869,114.187115292202,-1.26102280809402,-72.2512847735231,287.748715226477,173.561599934274,3.02922137388226
"dome","11:44:00",NA,1,"22b_2025-01-28 10-44-09_waggle_annotations.csv",-0.420836519204844,-0.907136496952664,102.780990673457,232.331597615619,"ok",796,752,"",-21.27,"solar","20250128/2025-01-28 10-44-09.mkv",20250128,"22b_2025-01-28 10-44-09_11:44:00_20250128","22b",2025-01-28 10:44:00,2025-01-28 12:44:00,310.37756742812,78.8199204144639,117.776085734471,-2.22823397236843,-127.668402384381,232.331597615619,114.555511881148,1.99937085863351
"dome","11:44:00",NA,2,"22b_2025-01-28 10-44-09_waggle_annotations.csv",-0.471377271187217,-0.881931668672858,102.780990673457,229.095273943254,"ok",811,742,"",-21.27,"solar","20250128/2025-01-28 10-44-09.mkv",20250128,"22b_2025-01-28 10-44-09_11:44:00_20250128","22b",2025-01-28 10:44:00,2025-01-28 12:44:00,310.37756742812,78.8199204144639,117.776085734471,-2.28471847611143,-130.904726056746,229.095273943254,111.319188208783,1.9428863548905
"dome","11:44:00",NA,3,"22b_2025-01-28 10-44-09_waggle_annotations.csv",-0.661030543068997,-0.750358994835077,102.780990673457,215.840494030661,"ok",812,712,"",-21.27,"solar","20250128/2025-01-28 10-44-09.mkv",20250128,"22b_2025-01-28 10-44-09_11:44:00_20250128","22b",2025-01-28 10:44:00,2025-01-28 12:44:00,310.37756742812,78.8199204144639,117.776085734471,-2.51605802721339,-144.159505969339,215.840494030661,98.0644082961896,1.71154680378855
"dome","11:44:00",NA,4,"22b_2025-01-28 10-44-09_waggle_annotations.csv",-0.168296462892021,-0.985736425510407,102.780990673457,247.530222766176,"ok",790,754,"",-21.27,"solar","20250128/2025-01-28 10-44-09.mkv",20250128,"22b_2025-01-28 10-44-09_11:44:00_20250128","22b",2025-01-28 10:44:00,2025-01-28 12:44:00,310.37756742812,78.8199204144639,117.776085734471,-1.96296792171479,-112.469777233824,247.530222766176,129.754137031705,2.26463690928715
"dome","11:44:00",NA,5,"22b_2025-01-28 10-44-09_waggle_annotations.csv",-0.44308710645105,-0.896478564214915,102.780990673457,230.917992130724,"ok",819,738,"",-21.27,"solar","20250128/2025-01-28 10-44-09.mkv",20250128,"22b_2025-01-28 10-44-09_11:44:00_20250128","22b",2025-01-28 10:44:00,2025-01-28 12:44:00,310.37756742812,78.8199204144639,117.776085734471,-2.2529060424041,-129.082007869276,230.917992130724,113.141906396253,1.97469878859784
"dome","11:44:00",NA,6,"22b_2025-01-28 10-44-09_waggle_annotations.csv",0.240868357971777,-0.970557795356866,102.780990673457,271.156806534798,"ok",708,815,"",-21.27,"solar","20250128/2025-01-28 10-44-09.mkv",20250128,"22b_2025-01-28 10-44-09_11:44:00_20250128","22b",2025-01-28 10:44:00,2025-01-28 12:44:00,310.37756742812,78.8199204144639,117.776085734471,-1.55060624395408,-88.843193465202,271.156806534798,153.380720800327,2.67699858704785
"dome","11:44:00",NA,7,"22b_2025-01-28 10-44-09_waggle_annotations.csv",0.0212717814905759,-0.999773730057065,102.780990673457,258.437884561675,"ok",781,798,"",-21.27,"solar","20250128/2025-01-28 10-44-09.mkv",20250128,"22b_2025-01-28 10-44-09_11:44:00_20250128","22b",2025-01-28 10:44:00,2025-01-28 12:44:00,310.37756742812,78.8199204144639,117.776085734471,-1.77259330968934,-101.562115438325,258.437884561675,140.661798827204,2.4550115213126
"dome","11:44:00",NA,8,"22b_2025-01-28 10-44-09_waggle_annotations.csv",0.11400590984728,-0.993480071526296,102.780990673457,263.765300109837,"ok",724,767,"",-21.27,"solar","20250128/2025-01-28 10-44-09.mkv",20250128,"22b_2025-01-28 10-44-09_11:44:00_20250128","22b",2025-01-28 10:44:00,2025-01-28 12:44:00,310.37756742812,78.8199204144639,117.776085734471,-1.67961236775197,-96.234699890163,263.765300109837,145.989214375366,2.54799246324997
"dome","11:44:00",NA,9,"22b_2025-01-28 10-44-09_waggle_annotations.csv",-0.164398987305357,-0.986393923832144,102.780990673457,247.756687118518,"ok",760,761,"",-21.27,"solar","20250128/2025-01-28 10-44-09.mkv",20250128,"22b_2025-01-28 10-44-09_11:44:00_20250128","22b",2025-01-28 10:44:00,2025-01-28 12:44:00,310.37756742812,78.8199204144639,117.776085734471,-1.95901537312802,-112.243312881482,247.756687118518,129.980601384047,2.26858945787391
"dome","11:44:00",NA,10,"22b_2025-01-28 10-44-09_waggle_annotations.csv",-0.0554700196225229,-0.998460353205413,102.780990673457,254.039179206679,"ok",766,750,"",-21.27,"solar","20250128/2025-01-28 10-44-09.mkv",20250128,"22b_2025-01-28 10-44-09_11:44:00_20250128","22b",2025-01-28 10:44:00,2025-01-28 12:44:00,310.37756742812,78.8199204144639,117.776085734471,-1.84936520095912,-105.960820793321,254.039179206679,136.263093472208,2.37823963004281
"dome","11:44:00",NA,11,"22b_2025-01-28 10-44-09_waggle_annotations.csv",-0.0905357460425185,-0.995893206467704,102.780990673457,252.024580418808,"ok",774,724,"",-21.27,"solar","20250128/2025-01-28 10-44-09.mkv",20250128,"22b_2025-01-28 10-44-09_11:44:00_20250128","22b",2025-01-28 10:44:00,2025-01-28 12:44:00,310.37756742812,78.8199204144639,117.776085734471,-1.88452658291416,-107.975419581192,252.024580418808,134.248494684337,2.34307824808778
"dome","11:44:00",NA,12,"22b_2025-01-28 10-44-09_waggle_annotations.csv",-0.192011606385656,-0.981392654860021,102.780990673457,246.148806748604,"ok",760,723,"",-21.27,"solar","20250128/2025-01-28 10-44-09.mkv",20250128,"22b_2025-01-28 10-44-09_11:44:00_20250128","22b",2025-01-28 10:44:00,2025-01-28 12:44:00,310.37756742812,78.8199204144639,117.776085734471,-1.98707817956121,-113.851193251396,246.148806748604,128.372721014133,2.24052665144073
"dome","11:44:00",NA,13,"22b_2025-01-28 10-44-09_waggle_annotations.csv",0.56468391559199,-0.825307261249832,102.780990673457,291.599354050388,"ok",752,786,"",-21.27,"solar","20250128/2025-01-28 10-44-09.mkv",20250128,"22b_2025-01-28 10-44-09_11:44:00_20250128","22b",2025-01-28 10:44:00,2025-01-28 12:44:00,310.37756742812,78.8199204144639,117.776085734471,-1.19381648231165,-68.400645949612,291.599354050388,173.823268315917,3.03378834869028
"dome","11:44:00",NA,14,"22b_2025-01-28 10-44-09_waggle_annotations.csv",0.210837872253051,-0.977521044082329,102.780990673457,269.390467535131,"ok",792,731,"",-21.27,"solar","20250128/2025-01-28 10-44-09.mkv",20250128,"22b_2025-01-28 10-44-09_11:44:00_20250128","22b",2025-01-28 10:44:00,2025-01-28 12:44:00,310.37756742812,78.8199204144639,117.776085734471,-1.58143467520466,-90.609532464869,269.390467535131,151.61438180066,2.64617015579728
"dome","11:44:00",NA,15,"22b_2025-01-28 10-44-09_waggle_annotations.csv",-0.462243581643947,-0.886752993357776,102.780990673457,229.687032577821,"ok",784,758,"",-21.27,"solar","20250128/2025-01-28 10-44-09.mkv",20250128,"22b_2025-01-28 10-44-09_11:44:00_20250128","22b",2025-01-28 10:44:00,2025-01-28 12:44:00,310.37756742812,78.8199204144639,117.776085734471,-2.27439033956113,-130.312967422179,229.687032577821,111.91094684335,1.9532144914408
"dome","11:44:00",NA,16,"22b_2025-01-28 10-44-09_waggle_annotations.csv",-0.405263819685304,-0.914199779290105,102.780990673457,233.311348832371,"ok",750,743,"",-21.27,"solar","20250128/2025-01-28 10-44-09.mkv",20250128,"22b_2025-01-28 10-44-09_11:44:00_20250128","22b",2025-01-28 10:44:00,2025-01-28 12:44:00,310.37756742812,78.8199204144639,117.776085734471,-2.21113408778568,-126.688651167629,233.311348832371,115.5352630979,2.01647074321625
"dome","11:44:00",NA,17,"22b_2025-01-28 10-44-09_waggle_annotations.csv",0.737154140200741,-0.675724628517346,102.780990673457,304.708562248542,"ok",774,769,"",-21.27,"solar","20250128/2025-01-28 10-44-09.mkv",20250128,"22b_2025-01-28 10-44-09_11:44:00_20250128","22b",2025-01-28 10:44:00,2025-01-28 12:44:00,310.37756742812,78.8199204144639,117.776085734471,-0.965017636924432,-55.291437751458,304.708562248542,173.067523485929,-3.02059811310208
"dome","11:44:00",NA,18,"22b_2025-01-28 10-44-09_waggle_annotations.csv",0.684314204169172,-0.729187266737642,102.780990673457,300.400706362091,"ok",782,787,"",-21.27,"solar","20250128/2025-01-28 10-44-09.mkv",20250128,"22b_2025-01-28 10-44-09_11:44:00_20250128","22b",2025-01-28 10:44:00,2025-01-28 12:44:00,310.37756742812,78.8199204144639,117.776085734471,-1.04020390584442,-59.599293637909,300.400706362091,177.375379372381,-3.09578438202207
"dome","11:44:00",NA,19,"22b_2025-01-28 10-44-09_waggle_annotations.csv",0.737154140200741,-0.675724628517346,102.780990673457,304.708562248542,"ok",804,762,"",-21.27,"solar","20250128/2025-01-28 10-44-09.mkv",20250128,"22b_2025-01-28 10-44-09_11:44:00_20250128","22b",2025-01-28 10:44:00,2025-01-28 12:44:00,310.37756742812,78.8199204144639,117.776085734471,-0.965017636924432,-55.291437751458,304.708562248542,173.067523485929,-3.02059811310208
"dome","11:44:00",NA,20,"22b_2025-01-28 10-44-09_waggle_annotations.csv",-0.707106781186548,-0.707106781186548,102.780990673457,212.219009326543,"ok",760,718,"",-21.27,"solar","20250128/2025-01-28 10-44-09.mkv",20250128,"22b_2025-01-28 10-44-09_11:44:00_20250128","22b",2025-01-28 10:44:00,2025-01-28 12:44:00,310.37756742812,78.8199204144639,117.776085734471,-2.57926485911086,-147.780990673457,212.219009326543,94.4429235920716,1.64833997189108
"dome","11:44:00",NA,21,"22b_2025-01-28 10-44-09_waggle_annotations.csv",-0.378125083424418,-0.925754514590816,102.780990673457,235.001415057025,"ok",778,735,"",-21.27,"solar","20250128/2025-01-28 10-44-09.mkv",20250128,"22b_2025-01-28 10-44-09_11:44:00_20250128","22b",2025-01-28 10:44:00,2025-01-28 12:44:00,310.37756742812,78.8199204144639,117.776085734471,-2.18163686758872,-124.998584942975,235.001415057025,117.225329322554,2.04596796341321
"dome","11:44:00",NA,22,"22b_2025-01-28 10-44-09_waggle_annotations.csv",-0.485642931178632,-0.874157276121538,102.780990673457,228.164405227466,"ok",760,668,"",-21.27,"solar","20250128/2025-01-28 10-44-09.mkv",20250128,"22b_2025-01-28 10-44-09_11:44:00_20250128","22b",2025-01-28 10:44:00,2025-01-28 12:44:00,310.37756742812,78.8199204144639,117.776085734471,-2.30096520010574,-131.835594772534,228.164405227466,110.388319492995,1.92663963089619
"dome","11:44:00",NA,23,"22b_2025-01-28 10-44-09_waggle_annotations.csv",-0.14142135623731,-0.989949493661167,102.780990673457,249.088906972387,"ok",718,677,"",-21.27,"solar","20250128/2025-01-28 10-44-09.mkv",20250128,"22b_2025-01-28 10-44-09_11:44:00_20250128","22b",2025-01-28 10:44:00,2025-01-28 12:44:00,310.37756742812,78.8199204144639,117.776085734471,-1.93576375031757,-110.911093027613,249.088906972387,131.312821237916,2.29184108068436
"dome","11:44:00",NA,24,"22b_2025-01-28 10-44-09_waggle_annotations.csv",-0.104684784518043,-0.994505452921406,102.780990673457,251.210003369049,"ok",717,646,"",-21.27,"solar","20250128/2025-01-28 10-44-09.mkv",20250128,"22b_2025-01-28 10-44-09_11:44:00_20250128","22b",2025-01-28 10:44:00,2025-01-28 12:44:00,310.37756742812,78.8199204144639,117.776085734471,-1.89874363444363,-108.789996630951,251.210003369049,133.433917634578,2.3288611965583
"dome","11:44:00",NA,25,"22b_2025-01-28 10-44-09_waggle_annotations.csv",-0.296399214872453,-0.955064136811237,102.780990673457,239.977549927603,"ok",707,656,"",-21.27,"solar","20250128/2025-01-28 10-44-09.mkv",20250128,"22b_2025-01-28 10-44-09_11:44:00_20250128","22b",2025-01-28 10:44:00,2025-01-28 12:44:00,310.37756742812,78.8199204144639,117.776085734471,-2.09478693007383,-120.022450072397,239.977549927603,122.201464193132,2.1328179009281
"dome","11:44:00",NA,26,"22b_2025-01-28 10-44-09_waggle_annotations.csv",-0.353057252434242,-0.935601718950742,102.780990673457,236.544584565669,"ok",736,680,"",-21.27,"solar","20250128/2025-01-28 10-44-09.mkv",20250128,"22b_2025-01-28 10-44-09_11:44:00_20250128","22b",2025-01-28 10:44:00,2025-01-28 12:44:00,310.37756742812,78.8199204144639,117.776085734471,-2.1547034787465,-123.455415434331,236.544584565669,118.768498831198,2.07290135225543
"dome","11:47:00",NA,1,"66b_2025-01-28 10-47-44_waggle_annotations.csv",0.660335965697992,-0.75097031393105,102.780990673457,298.544509805714,"ok",763,717,"",-21.27,"solar","20250128/2025-01-28 10-47-44.mkv",20250128,"66b_2025-01-28 10-47-44_11:47:00_20250128","66b",2025-01-28 10:47:00,2025-01-28 12:47:00,307.945876285416,78.2951103850798,120.207776877176,-1.07260064731738,-61.455490194286,298.544509805714,178.336732928538,3.11256316685278
"dome","11:47:00",NA,2,"66b_2025-01-28 10-47-44_waggle_annotations.csv",0.0422158526838175,-0.999108513517015,102.780990673457,259.6385185432,"ok",734,606,"",-21.27,"solar","20250128/2025-01-28 10-47-44.mkv",20250128,"66b_2025-01-28 10-47-44_11:47:00_20250128","66b",2025-01-28 10:47:00,2025-01-28 12:47:00,307.945876285416,78.2951103850798,120.207776877176,-1.7516382936004,-100.3614814568,259.6385185432,139.430741666024,2.43352552056977
"dome","11:47:00",NA,3,"66b_2025-01-28 10-47-44_waggle_annotations.csv",-0.0149237109734975,-0.999888635224333,102.780990673457,256.363911930277,"ok",728,661,"",-21.27,"solar","20250128/2025-01-28 10-47-44.mkv",20250128,"66b_2025-01-28 10-47-44_11:47:00_20250128","66b",2025-01-28 10:47:00,2025-01-28 12:47:00,307.945876285416,78.2951103850798,120.207776877176,-1.80879096070348,-103.636088069723,256.363911930277,136.156135053101,2.37637285346668
"dome","11:47:00",NA,4,"66b_2025-01-28 10-47-44_waggle_annotations.csv",-0.996938377812552,0.0781912453186315,102.780990673457,162.734403316999,"ok",743,626,"",-21.27,"solar","20250128/2025-01-28 10-47-44.mkv",20250128,"66b_2025-01-28 10-47-44_11:47:00_20250128","66b",2025-01-28 10:47:00,2025-01-28 12:47:00,307.945876285416,78.2951103850798,120.207776877176,2.84025114415001,162.734403316999,162.734403316999,42.5266264398232,0.74222965114059
"dome","11:47:00",NA,5,"66b_2025-01-28 10-47-44_waggle_annotations.csv",-0.0731976115094085,-0.997317456815691,102.780990673457,253.021340969382,"ok",719,644,"",-21.27,"solar","20250128/2025-01-28 10-47-44.mkv",20250128,"66b_2025-01-28 10-47-44_11:47:00_20250128","66b",2025-01-28 10:47:00,2025-01-28 12:47:00,307.945876285416,78.2951103850798,120.207776877176,-1.86712982945265,-106.978659030618,253.021340969382,132.813564092206,2.31803398471751
"dome","11:47:00",NA,6,"66b_2025-01-28 10-47-44_waggle_annotations.csv",0.0623782861551805,-0.998052578482889,102.780990673457,260.795343701541,"ok",778,788,"",-21.27,"solar","20250128/2025-01-28 10-47-44.mkv",20250128,"66b_2025-01-28 10-47-44_11:47:00_20250128","66b",2025-01-28 10:47:00,2025-01-28 12:47:00,307.945876285416,78.2951103850798,120.207776877176,-1.73144788571744,-99.204656298459,260.795343701541,140.587566824365,2.45371592845272
"dome","11:50:00",NA,1,"22b_2025-01-28 10-48-54_waggle_annotations.csv",-0.776932827660983,-0.629583498277003,102.780990673457,206.23840980178,"ok",812,781,"",-21.27,"solar","20250128/2025-01-28 10-48-54.mkv",20250128,"22b_2025-01-28 10-48-54_11:50:00_20250128","22b",2025-01-28 10:50:00,2025-01-28 12:50:00,305.713015325597,77.7533848048437,122.440637836995,-2.68364601206118,-153.76159019822,206.23840980178,83.7977719647848,1.46254702662089
"dome","11:50:00",NA,2,"22b_2025-01-28 10-48-54_waggle_annotations.csv",-0.847998304005088,-0.52999894000318,102.780990673457,199.224392534627,"ok",817,790,"",-21.27,"solar","20250128/2025-01-28 10-48-54.mkv",20250128,"22b_2025-01-28 10-48-54_11:50:00_20250128","22b",2025-01-28 10:50:00,2025-01-28 12:50:00,305.713015325597,77.7533848048437,122.440637836995,-2.80606370716473,-160.775607465373,199.224392534627,76.7837546976318,1.34012933151734
"dome","11:50:00",NA,3,"22b_2025-01-28 10-48-54_waggle_annotations.csv",-0.245746670188361,-0.969334087965203,102.780990673457,242.993045427791,"ok",816,730,"",-21.27,"solar","20250128/2025-01-28 10-48-54.mkv",20250128,"22b_2025-01-28 10-48-54_11:50:00_20250128","22b",2025-01-28 10:50:00,2025-01-28 12:50:00,305.713015325597,77.7533848048437,122.440637836995,-2.04215660501648,-117.006954572209,242.993045427791,120.552407590796,2.10403643366559
"dome","11:50:00",NA,4,"22b_2025-01-28 10-48-54_waggle_annotations.csv",-0.485642931178632,-0.874157276121538,102.780990673457,228.164405227466,"ok",693,588,"",-21.27,"solar","20250128/2025-01-28 10-48-54.mkv",20250128,"22b_2025-01-28 10-48-54_11:50:00_20250128","22b",2025-01-28 10:50:00,2025-01-28 12:50:00,305.713015325597,77.7533848048437,122.440637836995,-2.30096520010574,-131.835594772534,228.164405227466,105.723767390471,1.84522783857633
"dome","11:50:00",NA,5,"22b_2025-01-28 10-48-54_waggle_annotations.csv",-0.447213595499958,-0.894427190999916,102.780990673457,230.653958149465,"ok",740,701,"",-21.27,"solar","20250128/2025-01-28 10-48-54.mkv",20250128,"22b_2025-01-28 10-48-54_11:50:00_20250128","22b",2025-01-28 10:50:00,2025-01-28 12:50:00,305.713015325597,77.7533848048437,122.440637836995,-2.25751430471421,-129.346041850535,230.653958149465,108.21332031247,1.88867873396786
"dome","11:50:00",NA,6,"22b_2025-01-28 10-48-54_waggle_annotations.csv",-0.419058177461747,-0.907959384500452,102.780990673457,232.443868757711,"ok",754,647,"",-21.27,"solar","20250128/2025-01-28 10-48-54.mkv",20250128,"22b_2025-01-28 10-48-54_11:50:00_20250128","22b",2025-01-28 10:50:00,2025-01-28 12:50:00,305.713015325597,77.7533848048437,122.440637836995,-2.22627447128395,-127.556131242289,232.443868757711,110.003230920716,1.91991856739812
"dome","11:50:00",NA,7,"22b_2025-01-28 10-48-54_waggle_annotations.csv",-0.351123441588392,-0.936329177569045,102.780990673457,236.66296410696,"ok",763,669,"",-21.27,"solar","20250128/2025-01-28 10-48-54.mkv",20250128,"22b_2025-01-28 10-48-54_11:50:00_20250128","22b",2025-01-28 10:50:00,2025-01-28 12:50:00,305.713015325597,77.7533848048437,122.440637836995,-2.15263736598397,-123.33703589304,236.66296410696,114.222326269965,1.9935556726981
"dome","11:50:00",NA,8,"22b_2025-01-28 10-48-54_waggle_annotations.csv",-0.566175408085666,-0.82428478530119,102.780990673457,222.735055711088,"ok",741,690,"",-21.27,"solar","20250128/2025-01-28 10-48-54.mkv",20250128,"22b_2025-01-28 10-48-54_11:50:00_20250128","22b",2025-01-28 10:50:00,2025-01-28 12:50:00,305.713015325597,77.7533848048437,122.440637836995,-2.3957252254081,-137.264944288912,222.735055711088,100.294417874093,1.75046781327397
"dome","11:50:00",NA,9,"22b_2025-01-28 10-48-54_waggle_annotations.csv",-0.242535625036333,-0.970142500145332,102.780990673457,243.182765858617,"ok",760,703,"",-21.27,"solar","20250128/2025-01-28 10-48-54.mkv",20250128,"22b_2025-01-28 10-48-54_11:50:00_20250128","22b",2025-01-28 10:50:00,2025-01-28 12:50:00,305.713015325597,77.7533848048437,122.440637836995,-2.03884535884026,-116.817234141383,243.182765858617,120.742128021622,2.10734767984181
"dome","11:50:00",NA,10,"22b_2025-01-28 10-48-54_waggle_annotations.csv",-0.768844875814739,-0.639435342261763,102.780990673457,206.96873659681,"ok",752,687,"",-21.27,"solar","20250128/2025-01-28 10-48-54.mkv",20250128,"22b_2025-01-28 10-48-54_11:50:00_20250128","22b",2025-01-28 10:50:00,2025-01-28 12:50:00,305.713015325597,77.7533848048437,122.440637836995,-2.67089940487237,-153.03126340319,206.96873659681,84.5280987598148,1.4752936338097
"dome","11:50:00",NA,11,"22b_2025-01-28 10-48-54_waggle_annotations.csv",-0.228191322789328,-0.973616310567801,102.780990673457,244.028398614336,"ok",723,654,"",-21.27,"solar","20250128/2025-01-28 10-48-54.mkv",20250128,"22b_2025-01-28 10-48-54_11:50:00_20250128","22b",2025-01-28 10:50:00,2025-01-28 12:50:00,305.713015325597,77.7533848048437,122.440637836995,-2.02408628299026,-115.971601385664,244.028398614336,121.587760777341,2.12210675569182
"dome","11:50:00",NA,12,"22b_2025-01-28 10-48-54_waggle_annotations.csv",-0.554700196225229,-0.832050294337844,102.780990673457,223.528941800563,"ok",699,673,"",-21.27,"solar","20250128/2025-01-28 10-48-54.mkv",20250128,"22b_2025-01-28 10-48-54_11:50:00_20250128","22b",2025-01-28 10:50:00,2025-01-28 12:50:00,305.713015325597,77.7533848048437,122.440637836995,-2.38186929926098,-136.471058199437,223.528941800563,101.088303963568,1.76432373942109
"dome","11:50:00",NA,13,"22b_2025-01-28 10-48-54_waggle_annotations.csv",-0.336336396998156,-0.941741911594837,102.780990673457,237.56518526849,"ok",712,628,"",-21.27,"solar","20250128/2025-01-28 10-48-54.mkv",20250128,"22b_2025-01-28 10-48-54_11:50:00_20250128","22b",2025-01-28 10:50:00,2025-01-28 12:50:00,305.713015325597,77.7533848048437,122.440637836995,-2.13689063613411,-122.43481473151,237.56518526849,115.124547431495,2.00930240254797
"dome","11:50:00",NA,1,"90r_2025-01-28 10-50-28_waggle_annotations.csv",0.296805080179428,-0.954938084055549,102.780990673457,274.484818821558,"ok",752,746,"",-21.27,"solar","20250128/2025-01-28 10-50-28.mkv",20250128,"90r_2025-01-28 10-50-28_11:50:00_20250128","90r",2025-01-28 10:50:00,2025-01-28 12:50:00,305.713015325597,77.7533848048437,122.440637836995,-1.4925214720033,-85.515181178442,274.484818821558,152.044180984563,2.65367156667877
"dome","11:50:00",NA,2,"90r_2025-01-28 10-50-28_waggle_annotations.csv",-0.681725599230247,-0.731607960149533,102.780990673457,214.240374266899,"ok",816,713,"",-21.27,"solar","20250128/2025-01-28 10-50-28.mkv",20250128,"90r_2025-01-28 10-50-28_11:50:00_20250128","90r",2025-01-28 10:50:00,2025-01-28 12:50:00,305.713015325597,77.7533848048437,122.440637836995,-2.54398538551727,-145.759625733101,214.240374266899,91.7997364299038,1.60220765316481
"dome","11:50:00",NA,3,"90r_2025-01-28 10-50-28_waggle_annotations.csv",0.959365501571271,0.28216632399155,102.780990673457,3.60854966057805,"ok",714,741,"",-21.27,"solar","20250128/2025-01-28 10-50-28.mkv",20250128,"90r_2025-01-28 10-50-28_11:50:00_20250128","90r",2025-01-28 10:50:00,2025-01-28 12:50:00,305.713015325597,77.7533848048437,122.440637836995,0.0629810727988108,3.60854966057805,3.60854966057805,118.832088176417,-2.0740111956987
"dome","11:50:00",NA,4,"90r_2025-01-28 10-50-28_waggle_annotations.csv",0.81923192051904,-0.573462344363328,102.780990673457,312.226989127985,"ok",693,782,"",-21.27,"solar","20250128/2025-01-28 10-50-28.mkv",20250128,"90r_2025-01-28 10-50-28_11:50:00_20250128","90r",2025-01-28 10:50:00,2025-01-28 12:50:00,305.713015325597,77.7533848048437,122.440637836995,-0.833796333307709,-47.773010872015,312.226989127985,170.21364870901,-2.97078860180522
"dome","11:50:00",NA,5,"90r_2025-01-28 10-50-28_waggle_annotations.csv",0.819231920519041,-0.573462344363328,102.780990673457,312.226989127985,"ok",765,776,"",-21.27,"solar","20250128/2025-01-28 10-50-28.mkv",20250128,"90r_2025-01-28 10-50-28_11:50:00_20250128","90r",2025-01-28 10:50:00,2025-01-28 12:50:00,305.713015325597,77.7533848048437,122.440637836995,-0.833796333307709,-47.773010872015,312.226989127985,170.21364870901,-2.97078860180522
"dome","11:50:00",NA,6,"90r_2025-01-28 10-50-28_waggle_annotations.csv",0.846232840089751,-0.532813269686139,102.780990673457,315.02327539183,"ok",777,801,"",-21.27,"solar","20250128/2025-01-28 10-50-28.mkv",20250128,"90r_2025-01-28 10-50-28_11:50:00_20250128","90r",2025-01-28 10:50:00,2025-01-28 12:50:00,305.713015325597,77.7533848048437,122.440637836995,-0.784991931175324,-44.97672460817,315.02327539183,167.417362445165,-2.92198419967284
"dome","11:50:00",NA,7,"90r_2025-01-28 10-50-28_waggle_annotations.csv",0.748074638375074,-0.663614598558533,102.780990673457,305.642880571474,"ok",728,806,"",-21.27,"solar","20250128/2025-01-28 10-50-28.mkv",20250128,"90r_2025-01-28 10-50-28_11:50:00_20250128","90r",2025-01-28 10:50:00,2025-01-28 12:50:00,305.713015325597,77.7533848048437,122.440637836995,-0.948710705927557,-54.357119428526,305.642880571474,176.797757265521,-3.08570297442507
"dome","11:50:00",NA,8,"90r_2025-01-28 10-50-28_waggle_annotations.csv",0.793606361291916,0.608431543657136,102.780990673457,24.6951888879046,"ok",775,793,"",-21.27,"solar","20250128/2025-01-28 10-50-28.mkv",20250128,"90r_2025-01-28 10-50-28_11:50:00_20250128","90r",2025-01-28 10:50:00,2025-01-28 12:50:00,305.713015325597,77.7533848048437,122.440637836995,0.431012355495852,24.6951888879046,24.6951888879046,97.7454489490906,-1.70597991300166
"dome","15:57:00",NA,1,"22b_2025-01-28 14-56-08_waggle_annotations.csv",0.694135570584232,0.719844295420685,90.9782159262708,45.0634107497392,"ok",764,894,"",-21.27,"antisolar","20250128/2025-01-28 14-56-08.mkv",20250128,"22b_2025-01-28 14-56-08_15:57:00_20250128","22b",2025-01-28 14:57:00,2025-01-28 16:57:00,260.381229327435,23.3649496377502,167.772423835156,0.786504889761555,45.0634107497392,45.0634107497392,122.709013085417,-2.14167630021334
"dome","15:57:00",NA,2,"22b_2025-01-28 14-56-08_waggle_annotations.csv",0.744835335723058,0.66724832158524,90.9782159262708,40.8768266090312,"ok",779,850,"",-21.27,"antisolar","20250128/2025-01-28 14-56-08.mkv",20250128,"22b_2025-01-28 14-56-08_15:57:00_20250128","22b",2025-01-28 14:57:00,2025-01-28 16:57:00,260.381229327435,23.3649496377502,167.772423835156,0.713435212094423,40.8768266090312,40.8768266090312,126.895597226125,-2.21474597788047
"dome","15:57:00",NA,1,"90r_2025-01-28 14-57-55_waggle_annotations.csv",0.702910412076563,0.711278393172713,90.9782159262708,44.3608083981807,"ok",718,958,"",-21.27,"antisolar","20250128/2025-01-28 14-57-55.mkv",20250128,"90r_2025-01-28 14-57-55_15:57:00_20250128","90r",2025-01-28 14:57:00,2025-01-28 16:57:00,260.381229327435,23.3649496377502,167.772423835156,0.774242165394605,44.3608083981807,44.3608083981807,123.411615436976,-2.15393902458029
"dome","15:57:00",NA,2,"90r_2025-01-28 14-57-55_waggle_annotations.csv",0.469155225961749,0.883115719457411,90.9782159262708,61.0423096852491,"ok",811,838,"",-21.27,"antisolar","20250128/2025-01-28 14-57-55.mkv",20250128,"90r_2025-01-28 14-57-55_15:57:00_20250128","90r",2025-01-28 14:57:00,2025-01-28 16:57:00,260.381229327435,23.3649496377502,167.772423835156,1.06538928702962,61.0423096852491,61.0423096852491,106.730114149907,-1.86279190294527
"dome","15:57:00",NA,3,"90r_2025-01-28 14-57-55_waggle_annotations.csv",0.474099823035017,0.880471099922175,90.9782159262708,60.7210283077228,"ok",723,901,"",-21.27,"antisolar","20250128/2025-01-28 14-57-55.mkv",20250128,"90r_2025-01-28 14-57-55_15:57:00_20250128","90r",2025-01-28 14:57:00,2025-01-28 16:57:00,260.381229327435,23.3649496377502,167.772423835156,1.05978186916644,60.7210283077228,60.7210283077228,107.051395527434,-1.86839932080845
"dome","15:57:00",NA,4,"90r_2025-01-28 14-57-55_waggle_annotations.csv",-0.0074624787710271,0.999972155317633,90.9782159262708,89.4493565805626,"ok",736,884,"",-21.27,"antisolar","20250128/2025-01-28 14-57-55.mkv",20250128,"90r_2025-01-28 14-57-55_15:57:00_20250128","90r",2025-01-28 14:57:00,2025-01-28 16:57:00,260.381229327435,23.3649496377502,167.772423835156,1.56118578612127,89.4493565805626,89.4493565805626,78.3230672545938,-1.36699540385362
"dome","15:57:00",NA,5,"90r_2025-01-28 14-57-55_waggle_annotations.csv",0.531665012803986,0.846954729699373,90.9782159262708,56.9037618636144,"ok",721,940,"",-21.27,"antisolar","20250128/2025-01-28 14-57-55.mkv",20250128,"90r_2025-01-28 14-57-55_15:57:00_20250128","90r",2025-01-28 14:57:00,2025-01-28 16:57:00,260.381229327435,23.3649496377502,167.772423835156,0.993158001290856,56.9037618636144,56.9037618636144,110.868661971542,-1.93502318868404
"dome","15:57:00",NA,6,"90r_2025-01-28 14-57-55_waggle_annotations.csv",0.954856776330785,0.297066552636244,90.9782159262708,16.3032824455459,"ok",1033,913,"",-21.27,"antisolar","20250128/2025-01-28 14-57-55.mkv",20250128,"90r_2025-01-28 14-57-55_15:57:00_20250128","90r",2025-01-28 14:57:00,2025-01-28 16:57:00,260.381229327435,23.3649496377502,167.772423835156,0.284545957557369,16.3032824455459,16.3032824455459,151.469141389611,-2.64363523241752
"dome","15:57:00",NA,7,"90r_2025-01-28 14-57-55_waggle_annotations.csv",0.418300135752929,0.908308866206359,90.9782159262708,64.2944696870391,"ok",757,918,"",-21.27,"antisolar","20250128/2025-01-28 14-57-55.mkv",20250128,"90r_2025-01-28 14-57-55_15:57:00_20250128","90r",2025-01-28 14:57:00,2025-01-28 16:57:00,260.381229327435,23.3649496377502,167.772423835156,1.12215018686252,64.2944696870391,64.2944696870391,103.477954148117,-1.80603100311237
"dome","15:57:00",NA,8,"90r_2025-01-28 14-57-55_waggle_annotations.csv",-0.770021560905562,-0.638017864750323,90.9782159262708,218.665959030874,"ok",675,784,"",-21.27,"antisolar","20250128/2025-01-28 14-57-55.mkv",20250128,"90r_2025-01-28 14-57-55_15:57:00_20250128","90r",2025-01-28 14:57:00,2025-01-28 16:57:00,260.381229327435,23.3649496377502,167.772423835156,-2.46674436005981,-141.334040969126,218.665959030874,50.8935351957176,0.888259757144889
"dome","15:57:00",NA,9,"90r_2025-01-28 14-57-55_waggle_annotations.csv",0.470588235294118,0.882352941176471,90.9782159262708,60.9492971378763,"ok",735,822,"",-21.27,"antisolar","20250128/2025-01-28 14-57-55.mkv",20250128,"90r_2025-01-28 14-57-55_15:57:00_20250128","90r",2025-01-28 14:57:00,2025-01-28 16:57:00,260.381229327435,23.3649496377502,167.772423835156,1.0637659118323,60.9492971378763,60.9492971378763,106.82312669728,-1.86441527814259
"dome","15:57:00",NA,10,"90r_2025-01-28 14-57-55_waggle_annotations.csv",0.439867448810063,0.898062707987213,90.9782159262708,62.9263599163409,"ok",751,841,"",-21.27,"antisolar","20250128/2025-01-28 14-57-55.mkv",20250128,"90r_2025-01-28 14-57-55_15:57:00_20250128","90r",2025-01-28 14:57:00,2025-01-28 16:57:00,260.381229327435,23.3649496377502,167.772423835156,1.09827216683513,62.9263599163409,62.9263599163409,104.846063918816,-1.82990902313976
"dome","15:57:00",NA,11,"90r_2025-01-28 14-57-55_waggle_annotations.csv",0.366524518382491,0.930408392817092,90.9782159262708,67.5203497496813,"ok",744,882,"",-21.27,"antisolar","20250128/2025-01-28 14-57-55.mkv",20250128,"90r_2025-01-28 14-57-55_15:57:00_20250128","90r",2025-01-28 14:57:00,2025-01-28 16:57:00,260.381229327435,23.3649496377502,167.772423835156,1.17845241523007,67.5203497496813,67.5203497496813,100.252074085475,-1.74972877474482
"dome","15:57:00",NA,12,"90r_2025-01-28 14-57-55_waggle_annotations.csv",0.456316647596275,0.889817462812737,90.9782159262708,61.872102375946,"ok",789,888,"",-21.27,"antisolar","20250128/2025-01-28 14-57-55.mkv",20250128,"90r_2025-01-28 14-57-55_15:57:00_20250128","90r",2025-01-28 14:57:00,2025-01-28 16:57:00,260.381229327435,23.3649496377502,167.772423835156,1.07987190159126,61.872102375946,61.872102375946,105.90032145921,-1.84830928838363
"dome","15:57:00",NA,13,"90r_2025-01-28 14-57-55_waggle_annotations.csv",0.510826591194453,0.85968377542481,90.9782159262708,58.3028798097,"ok",814,930,"",-21.27,"antisolar","20250128/2025-01-28 14-57-55.mkv",20250128,"90r_2025-01-28 14-57-55_15:57:00_20250128","90r",2025-01-28 14:57:00,2025-01-28 16:57:00,260.381229327435,23.3649496377502,167.772423835156,1.01757721607379,58.3028798097,58.3028798097,109.469544025456,-1.9106039739011
"dome","15:57:00",NA,14,"90r_2025-01-28 14-57-55_waggle_annotations.csv",0.550842208330739,0.834609406561725,90.9782159262708,55.5969728911254,"ok",816,903,"",-21.27,"antisolar","20250128/2025-01-28 14-57-55.mkv",20250128,"90r_2025-01-28 14-57-55_15:57:00_20250128","90r",2025-01-28 14:57:00,2025-01-28 16:57:00,260.381229327435,23.3649496377502,167.772423835156,0.970350231092169,55.5969728911254,55.5969728911254,112.175450944031,-1.95783095888272
"dome","15:57:00",NA,15,"90r_2025-01-28 14-57-55_waggle_annotations.csv",0.444039076025308,0.896007421265355,90.9782159262708,62.6599085681176,"ok",751,892,"",-21.27,"antisolar","20250128/2025-01-28 14-57-55.mkv",20250128,"90r_2025-01-28 14-57-55_15:57:00_20250128","90r",2025-01-28 14:57:00,2025-01-28 16:57:00,260.381229327435,23.3649496377502,167.772423835156,1.09362171351226,62.6599085681176,62.6599085681176,105.112515267039,-1.83455947646263
"dome","15:57:00",NA,16,"90r_2025-01-28 14-57-55_waggle_annotations.csv",0.578747005941122,0.815507144735218,90.9782159262708,53.6593221866602,"ok",801,933,"",-21.27,"antisolar","20250128/2025-01-28 14-57-55.mkv",20250128,"90r_2025-01-28 14-57-55_15:57:00_20250128","90r",2025-01-28 14:57:00,2025-01-28 16:57:00,260.381229327435,23.3649496377502,167.772423835156,0.936531846545664,53.6593221866602,53.6593221866602,114.113101648496,-1.99164934342923
"dome","15:57:00",NA,17,"90r_2025-01-28 14-57-55_waggle_annotations.csv",0.638189460570587,0.769879349259755,90.9782159262708,49.3648398323044,"ok",708,888,"",-21.27,"antisolar","20250128/2025-01-28 14-57-55.mkv",20250128,"90r_2025-01-28 14-57-55_15:57:00_20250128","90r",2025-01-28 14:57:00,2025-01-28 16:57:00,260.381229327435,23.3649496377502,167.772423835156,0.861578989793357,49.3648398323044,49.3648398323044,118.407584002852,-2.06660220018153
"dome","15:57:00",NA,18,"90r_2025-01-28 14-57-55_waggle_annotations.csv",0.603708660405245,0.797205025919747,90.9782159262708,51.8858088692288,"ok",733,906,"",-21.27,"antisolar","20250128/2025-01-28 14-57-55.mkv",20250128,"90r_2025-01-28 14-57-55_15:57:00_20250128","90r",2025-01-28 14:57:00,2025-01-28 16:57:00,260.381229327435,23.3649496377502,167.772423835156,0.905578199828519,51.8858088692288,51.8858088692288,115.886614965928,-2.02260299014637
"dome","15:57:00",NA,19,"90r_2025-01-28 14-57-55_waggle_annotations.csv",-0.170997525788394,0.985271458114081,90.9782159262708,98.8676064415818,"ok",682,885,"",-21.27,"antisolar","20250128/2025-01-28 14-57-55.mkv",20250128,"90r_2025-01-28 14-57-55_15:57:00_20250128","90r",2025-01-28 14:57:00,2025-01-28 16:57:00,260.381229327435,23.3649496377502,167.772423835156,1.72556525597156,98.8676064415818,98.8676064415818,68.9048173935746,-1.20261593400333
"dome","15:57:00",NA,20,"90r_2025-01-28 14-57-55_waggle_annotations.csv",0.940992591522664,0.338427160109028,90.9782159262708,18.8028611807643,"ok",736,886,"",-21.27,"antisolar","20250128/2025-01-28 14-57-55.mkv",20250128,"90r_2025-01-28 14-57-55_15:57:00_20250128","90r",2025-01-28 14:57:00,2025-01-28 16:57:00,260.381229327435,23.3649496377502,167.772423835156,0.328171836399766,18.8028611807643,18.8028611807643,148.969562654392,-2.60000935357513
"dome","15:57:00",NA,21,"90r_2025-01-28 14-57-55_waggle_annotations.csv",0.336964150058306,0.941517478104089,90.9782159262708,69.3297628349927,"ok",714,883,"",-21.27,"antisolar","20250128/2025-01-28 14-57-55.mkv",20250128,"90r_2025-01-28 14-57-55_15:57:00_20250128","90r",2025-01-28 14:57:00,2025-01-28 16:57:00,260.381229327435,23.3649496377502,167.772423835156,1.21003263109742,69.3297628349927,69.3297628349927,98.4426610001637,-1.71814855887747
"dome","15:57:00",NA,22,"90r_2025-01-28 14-57-55_waggle_annotations.csv",0.214207914110707,0.976788088344826,90.9782159262708,76.6527225478037,"ok",798,853,"",-21.27,"antisolar","20250128/2025-01-28 14-57-55.mkv",20250128,"90r_2025-01-28 14-57-55_15:57:00_20250128","90r",2025-01-28 14:57:00,2025-01-28 16:57:00,260.381229327435,23.3649496377502,167.772423835156,1.33784238907687,76.6527225478037,76.6527225478037,91.1197012873527,-1.59033880089802
"dome","15:57:00",NA,23,"90r_2025-01-28 14-57-55_waggle_annotations.csv",0.367798456100807,0.929905530519022,90.9782159262708,67.4418777861092,"ok",802,838,"",-21.27,"antisolar","20250128/2025-01-28 14-57-55.mkv",20250128,"90r_2025-01-28 14-57-55_15:57:00_20250128","90r",2025-01-28 14:57:00,2025-01-28 16:57:00,260.381229327435,23.3649496377502,167.772423835156,1.17708282109523,67.4418777861092,67.4418777861092,100.330546049047,-1.75109836887966
"dome","15:57:00",NA,1,"95r_2025-01-28 15-01-45_waggle_annotations.csv",0.787718061890196,0.616035920196179,90.9782159262708,37.0490147877028,"ok",665,799,"",-21.27,"antisolar","20250128/2025-01-28 15-01-45.mkv",20250128,"95r_2025-01-28 15-01-45_15:57:00_20250128","95r",2025-01-28 14:57:00,2025-01-28 16:57:00,260.381229327435,23.3649496377502,167.772423835156,0.646627292665482,37.0490147877028,37.0490147877028,130.723409047454,-2.28155389730941
"dome","15:57:00",NA,2,"95r_2025-01-28 15-01-45_waggle_annotations.csv",0.56773295580366,0.823212785915306,90.9782159262708,54.4294953862193,"ok",736,723,"",-21.27,"antisolar","20250128/2025-01-28 15-01-45.mkv",20250128,"95r_2025-01-28 15-01-45_15:57:00_20250128","95r",2025-01-28 14:57:00,2025-01-28 16:57:00,260.381229327435,23.3649496377502,167.772423835156,0.949973904688589,54.4294953862193,54.4294953862193,113.342928448937,-1.9782072852863
"dome","15:57:00",NA,3,"95r_2025-01-28 15-01-45_waggle_annotations.csv",0.72168157452636,0.692225183729366,90.9782159262708,42.8282946497472,"ok",778,820,"",-21.27,"antisolar","20250128/2025-01-28 15-01-45.mkv",20250128,"95r_2025-01-28 15-01-45_15:57:00_20250128","95r",2025-01-28 14:57:00,2025-01-28 16:57:00,260.381229327435,23.3649496377502,167.772423835156,0.74749475465236,42.8282946497472,42.8282946497472,124.944129185409,-2.18068643532253
"dome","15:57:00",NA,4,"95r_2025-01-28 15-01-45_waggle_annotations.csv",0.585490553844358,0.810679228399881,90.9782159262708,53.1841311194509,"ok",812,826,"",-21.27,"antisolar","20250128/2025-01-28 15-01-45.mkv",20250128,"95r_2025-01-28 15-01-45_15:57:00_20250128","95r",2025-01-28 14:57:00,2025-01-28 16:57:00,260.381229327435,23.3649496377502,167.772423835156,0.928238197846796,53.1841311194509,53.1841311194509,114.588292715706,-1.9999429921281
"dome","15:57:00",NA,5,"95r_2025-01-28 15-01-45_waggle_annotations.csv",0.738485493928126,0.674269364021332,90.9782159262708,41.4192218712294,"ok",804,890,"",-21.27,"antisolar","20250128/2025-01-28 15-01-45.mkv",20250128,"95r_2025-01-28 15-01-45_15:57:00_20250128","95r",2025-01-28 14:57:00,2025-01-28 16:57:00,260.381229327435,23.3649496377502,167.772423835156,0.722901795267,41.4192218712294,41.4192218712294,126.353201963927,-2.20527939470789
"dome","15:57:00",NA,6,"95r_2025-01-28 15-01-45_waggle_annotations.csv",0.652039268828047,0.758185196311683,90.9782159262708,48.3262530342372,"ok",775,857,"",-21.27,"antisolar","20250128/2025-01-28 15-01-45.mkv",20250128,"95r_2025-01-28 15-01-45_15:57:00_20250128","95r",2025-01-28 14:57:00,2025-01-28 16:57:00,260.381229327435,23.3649496377502,167.772423835156,0.843452230599339,48.3262530342372,48.3262530342372,119.446170800919,-2.08472895937555
"dome","15:57:00",NA,7,"95r_2025-01-28 15-01-45_waggle_annotations.csv",0.56333682464151,0.826227342807548,90.9782159262708,54.7349070965203,"ok",785,849,"",-21.27,"antisolar","20250128/2025-01-28 15-01-45.mkv",20250128,"95r_2025-01-28 15-01-45_15:57:00_20250128","95r",2025-01-28 14:57:00,2025-01-28 16:57:00,260.381229327435,23.3649496377502,167.772423835156,0.955304344607489,54.7349070965203,54.7349070965203,113.037516738636,-1.9728768453674
"dome","15:57:00",NA,8,"95r_2025-01-28 15-01-45_waggle_annotations.csv",0.510076517216804,0.860129029032258,90.9782159262708,58.3528574240143,"ok",803,826,"",-21.27,"antisolar","20250128/2025-01-28 15-01-45.mkv",20250128,"95r_2025-01-28 15-01-45_15:57:00_20250128","95r",2025-01-28 14:57:00,2025-01-28 16:57:00,260.381229327435,23.3649496377502,167.772423835156,1.01844948999587,58.3528574240143,58.3528574240143,109.419566411142,-1.90973169997903
"dome","15:57:00",NA,9,"95r_2025-01-28 15-01-45_waggle_annotations.csv",0.69614583607375,0.717900393451055,90.9782159262708,44.9031880703114,"ok",781,853,"",-21.27,"antisolar","20250128/2025-01-28 15-01-45.mkv",20250128,"95r_2025-01-28 15-01-45_15:57:00_20250128","95r",2025-01-28 14:57:00,2025-01-28 16:57:00,260.381229327435,23.3649496377502,167.772423835156,0.783708476469173,44.9031880703114,44.9031880703114,122.869235764845,-2.14447271350572
"dome","15:57:00",NA,10,"95r_2025-01-28 15-01-45_waggle_annotations.csv",0.75760869046168,0.652709025628525,90.9782159262708,39.76794763761,"ok",892,842,"",-21.27,"antisolar","20250128/2025-01-28 15-01-45.mkv",20250128,"95r_2025-01-28 15-01-45_15:57:00_20250128","95r",2025-01-28 14:57:00,2025-01-28 16:57:00,260.381229327435,23.3649496377502,167.772423835156,0.694081623036995,39.76794763761,39.76794763761,128.004476197546,-2.2340995669379
"dome","15:57:00",NA,11,"95r_2025-01-28 15-01-45_waggle_annotations.csv",0.727951444226562,0.685628685841296,90.9782159262708,42.3068538782027,"ok",797,949,"",-21.27,"antisolar","20250128/2025-01-28 15-01-45.mkv",20250128,"95r_2025-01-28 15-01-45_15:57:00_20250128","95r",2025-01-28 14:57:00,2025-01-28 16:57:00,260.381229327435,23.3649496377502,167.772423835156,0.738393896334769,42.3068538782027,42.3068538782027,125.465569956954,-2.18978729364012
"dome","15:57:00",NA,12,"95r_2025-01-28 15-01-45_waggle_annotations.csv",0.66896473162245,0.743294146247166,90.9782159262708,47.0345715779126,"ok",808,898,"",-21.27,"antisolar","20250128/2025-01-28 15-01-45.mkv",20250128,"95r_2025-01-28 15-01-45_15:57:00_20250128","95r",2025-01-28 14:57:00,2025-01-28 16:57:00,260.381229327435,23.3649496377502,167.772423835156,0.82090813629952,47.0345715779126,47.0345715779126,120.737852257244,-2.10727305367537
"dome","15:57:00",NA,13,"95r_2025-01-28 15-01-45_waggle_annotations.csv",0.594187298374859,0.804326708775723,90.9782159262708,52.56706596903,"ok",790,888,"",-21.27,"antisolar","20250128/2025-01-28 15-01-45.mkv",20250128,"95r_2025-01-28 15-01-45_15:57:00_20250128","95r",2025-01-28 14:57:00,2025-01-28 16:57:00,260.381229327435,23.3649496377502,167.772423835156,0.917468379272637,52.56706596903,52.56706596903,115.205357866126,-2.01071281070225
"dome","15:57:00",NA,14,"95r_2025-01-28 15-01-45_waggle_annotations.csv",0.603857687995462,0.79709214815401,90.9782159262708,51.8750973757074,"ok",745,842,"",-21.27,"antisolar","20250128/2025-01-28 15-01-45.mkv",20250128,"95r_2025-01-28 15-01-45_15:57:00_20250128","95r",2025-01-28 14:57:00,2025-01-28 16:57:00,260.381229327435,23.3649496377502,167.772423835156,0.905391248998764,51.8750973757074,51.8750973757074,115.897326459449,-2.02278994097613
"dome","15:57:00",NA,15,"95r_2025-01-28 15-01-45_waggle_annotations.csv",0.63927265536467,0.768980150656052,90.9782159262708,49.2841794733243,"ok",744,918,"",-21.27,"antisolar","20250128/2025-01-28 15-01-45.mkv",20250128,"95r_2025-01-28 15-01-45_15:57:00_20250128","95r",2025-01-28 14:57:00,2025-01-28 16:57:00,260.381229327435,23.3649496377502,167.772423835156,0.860171200953314,49.2841794733243,49.2841794733243,118.488244361832,-2.06800998902158
"dome","15:57:00",NA,16,"95r_2025-01-28 15-01-45_waggle_annotations.csv",0.316227766016838,0.948683298050514,90.9782159262708,70.5868352508072,"ok",762,901,"",-21.27,"antisolar","20250128/2025-01-28 15-01-45.mkv",20250128,"95r_2025-01-28 15-01-45_15:57:00_20250128","95r",2025-01-28 14:57:00,2025-01-28 16:57:00,260.381229327435,23.3649496377502,167.772423835156,1.23197268368938,70.5868352508072,70.5868352508072,97.1855885843492,-1.69620850628551
"dome","16:02:00",NA,1,"90r_2025-01-28 15-02-35_waggle_annotations.csv",0.936329177569045,0.351123441588392,90.9782159262708,19.5778292933127,"ok",770,786,"",-21.27,"antisolar","20250128/2025-01-28 15-02-35.mkv",20250128,"90r_2025-01-28 15-02-35_16:02:00_20250128","90r",2025-01-28 15:02:00,2025-01-28 17:02:00,259.923617301513,22.255877001279,168.230035861079,0.341697581561701,19.5778292933127,19.5778292933127,148.652206567766,-2.59447044496226
"dome","16:02:00",NA,2,"90r_2025-01-28 15-02-35_waggle_annotations.csv",0.476763040377887,0.879031855696728,90.9782159262708,60.5475804636548,"ok",811,725,"",-21.27,"antisolar","20250128/2025-01-28 15-02-35.mkv",20250128,"90r_2025-01-28 15-02-35_16:02:00_20250128","90r",2025-01-28 15:02:00,2025-01-28 17:02:00,259.923617301513,22.255877001279,168.230035861079,1.05675463320697,60.5475804636548,60.5475804636548,107.682455397424,-1.87941339331699
"dome","16:02:00",NA,3,"90r_2025-01-28 15-02-35_waggle_annotations.csv",0.425271823264023,0.90506567515164,90.9782159262708,63.8539139239476,"ok",789,814,"",-21.27,"antisolar","20250128/2025-01-28 15-02-35.mkv",20250128,"90r_2025-01-28 15-02-35_16:02:00_20250128","90r",2025-01-28 15:02:00,2025-01-28 17:02:00,259.923617301513,22.255877001279,168.230035861079,1.11446103825794,63.8539139239476,63.8539139239476,104.376121937131,-1.82170698826602
"dome","16:02:00",NA,4,"90r_2025-01-28 15-02-35_waggle_annotations.csv",0.415292349589646,0.909688003863034,90.9782159262708,64.4840555971514,"ok",596,848,"",-21.27,"antisolar","20250128/2025-01-28 15-02-35.mkv",20250128,"90r_2025-01-28 15-02-35_16:02:00_20250128","90r",2025-01-28 15:02:00,2025-01-28 17:02:00,259.923617301513,22.255877001279,168.230035861079,1.12545908520937,64.4840555971514,64.4840555971514,103.745980263927,-1.81070894131459
"dome","16:02:00",NA,5,"90r_2025-01-28 15-02-35_waggle_annotations.csv",0.889135810388049,0.457643431817378,90.9782159262708,26.2569307730317,"ok",672,795,"",-21.27,"antisolar","20250128/2025-01-28 15-02-35.mkv",20250128,"90r_2025-01-28 15-02-35_16:02:00_20250128","90r",2025-01-28 15:02:00,2025-01-28 17:02:00,259.923617301513,22.255877001279,168.230035861079,0.458269893457623,26.2569307730317,26.2569307730317,141.973105088047,-2.47789813306634
"dome","16:02:00",NA,6,"90r_2025-01-28 15-02-35_waggle_annotations.csv",0.301891704694402,0.953342225350744,90.9782159262708,71.4505252954068,"ok",683,841,"",-21.27,"antisolar","20250128/2025-01-28 15-02-35.mkv",20250128,"90r_2025-01-28 15-02-35_16:02:00_20250128","90r",2025-01-28 15:02:00,2025-01-28 17:02:00,259.923617301513,22.255877001279,168.230035861079,1.24704691868434,71.4505252954068,71.4505252954068,96.7795105656721,-1.68912110783962
"dome","16:02:00",NA,7,"90r_2025-01-28 15-02-35_waggle_annotations.csv",0.475517034365474,0.879706513576127,90.9782159262708,60.6287646523462,"ok",636,817,"",-21.27,"antisolar","20250128/2025-01-28 15-02-35.mkv",20250128,"90r_2025-01-28 15-02-35_16:02:00_20250128","90r",2025-01-28 15:02:00,2025-01-28 17:02:00,259.923617301513,22.255877001279,168.230035861079,1.0581715646002,60.6287646523462,60.6287646523462,107.601271208733,-1.87799646192376
"dome","16:02:00",NA,8,"90r_2025-01-28 15-02-35_waggle_annotations.csv",0.253359391837683,0.967372223380245,90.9782159262708,74.3453909362792,"ok",752,826,"",-21.27,"antisolar","20250128/2025-01-28 15-02-35.mkv",20250128,"90r_2025-01-28 15-02-35_16:02:00_20250128","90r",2025-01-28 15:02:00,2025-01-28 17:02:00,259.923617301513,22.255877001279,168.230035861079,1.29757185552042,74.3453909362792,74.3453909362792,93.8846449247997,-1.63859617100354
"dome","16:02:00",NA,9,"90r_2025-01-28 15-02-35_waggle_annotations.csv",0.147311303088781,0.989090177881817,90.9782159262708,80.5506394407144,"ok",725,830,"",-21.27,"antisolar","20250128/2025-01-28 15-02-35.mkv",20250128,"90r_2025-01-28 15-02-35_16:02:00_20250128","90r",2025-01-28 15:02:00,2025-01-28 17:02:00,259.923617301513,22.255877001279,168.230035861079,1.40587387282727,80.5506394407144,80.5506394407144,87.6793964203645,-1.53029415369669
"dome","16:02:00",NA,10,"90r_2025-01-28 15-02-35_waggle_annotations.csv",0.832050294337844,0.554700196225229,90.9782159262708,32.711851599709,"ok",741,833,"",-21.27,"antisolar","20250128/2025-01-28 15-02-35.mkv",20250128,"90r_2025-01-28 15-02-35_16:02:00_20250128","90r",2025-01-28 15:02:00,2025-01-28 17:02:00,259.923617301513,22.255877001279,168.230035861079,0.570929514838696,32.711851599709,32.711851599709,135.51818426137,-2.36523851168526
"dome","16:02:00",NA,11,"90r_2025-01-28 15-02-35_waggle_annotations.csv",0.456316647596275,0.889817462812737,90.9782159262708,61.872102375946,"ok",698,894,"",-21.27,"antisolar","20250128/2025-01-28 15-02-35.mkv",20250128,"90r_2025-01-28 15-02-35_16:02:00_20250128","90r",2025-01-28 15:02:00,2025-01-28 17:02:00,259.923617301513,22.255877001279,168.230035861079,1.07987190159126,61.872102375946,61.872102375946,106.357933485133,-1.8562961249327
"dome","16:02:00",NA,12,"90r_2025-01-28 15-02-35_waggle_annotations.csv",0.0464613993524682,-0.998920086078066,90.9782159262708,271.684784839796,"ok",686,765,"",-21.27,"antisolar","20250128/2025-01-28 15-02-35.mkv",20250128,"90r_2025-01-28 15-02-35_16:02:00_20250128","90r",2025-01-28 15:02:00,2025-01-28 17:02:00,259.923617301513,22.255877001279,168.230035861079,-1.54139128415277,-88.315215160204,271.684784839796,103.454748978717,1.80562599650286
"dome","16:02:00",NA,13,"90r_2025-01-28 15-02-35_waggle_annotations.csv",0.655472859888769,0.755218729871842,90.9782159262708,48.0662696479103,"ok",802,799,"",-21.27,"antisolar","20250128/2025-01-28 15-02-35.mkv",20250128,"90r_2025-01-28 15-02-35_16:02:00_20250128","90r",2025-01-28 15:02:00,2025-01-28 17:02:00,259.923617301513,22.255877001279,168.230035861079,0.83891466450745,48.0662696479103,48.0662696479103,120.163766213169,-2.09725336201651
"dome","16:02:00",NA,14,"90r_2025-01-28 15-02-35_waggle_annotations.csv",0.256722611839851,0.966485126926496,90.9782159262708,74.1461020720904,"ok",739,854,"",-21.27,"antisolar","20250128/2025-01-28 15-02-35.mkv",20250128,"90r_2025-01-28 15-02-35_16:02:00_20250128","90r",2025-01-28 15:02:00,2025-01-28 17:02:00,259.923617301513,22.255877001279,168.230035861079,1.29409360867777,74.1461020720904,74.1461020720904,94.0839337889885,-1.64207441784619
"dome","16:02:00",NA,15,"90r_2025-01-28 15-02-35_waggle_annotations.csv",0.6,0.8,90.9782159262708,52.1518864278852,"ok",719,873,"",-21.27,"antisolar","20250128/2025-01-28 15-02-35.mkv",20250128,"90r_2025-01-28 15-02-35_16:02:00_20250128","90r",2025-01-28 15:02:00,2025-01-28 17:02:00,259.923617301513,22.255877001279,168.230035861079,0.910222129292741,52.1518864278852,52.1518864278852,116.078149433194,-2.02594589723122
"dome","16:08:00",NA,1,"84b_2025-01-28 15-07-52_waggle_annotations.csv",-0.815180408266274,-0.579207132189195,277.129197091515,28.2655987534722,"ok",662,866,"",-21.27,"solar","20250128/2025-01-28 15-07-52.mkv",20250128,"84b_2025-01-28 15-07-52_16:08:00_20250128","84b",2025-01-28 15:08:00,2025-01-28 17:08:00,259.373339976328,20.9273428297045,168.780313186263,0.493327763295695,28.2655987534722,28.2655987534722,140.514714432791,-2.4524444143518
"dome","16:08:00",NA,2,"84b_2025-01-28 15-07-52_waggle_annotations.csv",0.75760869046168,0.652709025628525,277.129197091515,213.616966472366,"ok",651,881,"",-21.27,"solar","20250128/2025-01-28 15-07-52.mkv",20250128,"84b_2025-01-28 15-07-52_16:08:00_20250128","84b",2025-01-28 15:08:00,2025-01-28 17:08:00,259.373339976328,20.9273428297045,168.780313186263,-2.55486590411446,-146.383033527634,213.616966472366,44.8366532861026,0.782547225417626
"dome","16:08:00",NA,3,"84b_2025-01-28 15-07-52_waggle_annotations.csv",-0.671519424738859,0.740986951435983,277.129197091515,305.055246224274,"ok",638,929,"",-21.27,"solar","20250128/2025-01-28 15-07-52.mkv",20250128,"84b_2025-01-28 15-07-52_16:08:00_20250128","84b",2025-01-28 15:08:00,2025-01-28 17:08:00,259.373339976328,20.9273428297045,168.780313186263,-0.958966860084005,-54.944753775726,305.055246224274,136.274933038011,2.37844626944808
"dome","16:08:00",NA,4,"84b_2025-01-28 15-07-52_waggle_annotations.csv",0.892213342960613,0.451614161251668,277.129197091515,199.718097021834,"ok",608,941,"",-21.27,"solar","20250128/2025-01-28 15-07-52.mkv",20250128,"84b_2025-01-28 15-07-52_16:08:00_20250128","84b",2025-01-28 15:08:00,2025-01-28 17:08:00,259.373339976328,20.9273428297045,168.780313186263,-2.7974469383311,-160.281902978166,199.718097021834,30.9377838355707,0.539966191200988
"dome","16:08:00",NA,5,"84b_2025-01-28 15-07-52_waggle_annotations.csv",-0.345705358827356,0.93834311681711,277.129197091515,283.095662339653,"ok",619,934,"",-21.27,"solar","20250128/2025-01-28 15-07-52.mkv",20250128,"84b_2025-01-28 15-07-52_16:08:00_20250128","84b",2025-01-28 15:08:00,2025-01-28 17:08:00,259.373339976328,20.9273428297045,168.780313186263,-1.34223390123853,-76.904337660347,283.095662339653,114.31534915339,1.99517922829356
"dome","16:08:00",NA,6,"84b_2025-01-28 15-07-52_waggle_annotations.csv",0.686102324883031,0.727505051384593,277.129197091515,219.548442374639,"ok",667,929,"",-21.27,"solar","20250128/2025-01-28 15-07-52.mkv",20250128,"84b_2025-01-28 15-07-52_16:08:00_20250128","84b",2025-01-28 15:08:00,2025-01-28 17:08:00,259.373339976328,20.9273428297045,168.780313186263,-2.4513421201171,-140.451557625361,219.548442374639,50.7681291883756,0.886071009414992
"dome","16:08:00",NA,7,"84b_2025-01-28 15-07-52_waggle_annotations.csv",-0.49301257198088,0.870022185848612,277.129197091515,292.409585168043,"ok",686,869,"",-21.27,"solar","20250128/2025-01-28 15-07-52.mkv",20250128,"84b_2025-01-28 15-07-52_16:08:00_20250128","84b",2025-01-28 15:08:00,2025-01-28 17:08:00,259.373339976328,20.9273428297045,168.780313186263,-1.17967528160646,-67.590414831957,292.409585168043,123.62927198178,2.15773784792563
"dome","16:08:00",NA,8,"84b_2025-01-28 15-07-52_waggle_annotations.csv",0.710723624391163,0.703471342509621,277.129197091515,217.576980973834,"ok",589,908,"",-21.27,"solar","20250128/2025-01-28 15-07-52.mkv",20250128,"84b_2025-01-28 15-07-52_16:08:00_20250128","84b",2025-01-28 15:08:00,2025-01-28 17:08:00,259.373339976328,20.9273428297045,168.780313186263,-2.48575061263713,-142.423019026166,217.576980973834,48.7966677875706,0.851662516894965
"dome","16:08:00",NA,9,"84b_2025-01-28 15-07-52_waggle_annotations.csv",0.561624037507431,0.827392555256483,277.129197091515,228.70261758346,"ok",614,898,"",-21.27,"solar","20250128/2025-01-28 15-07-52.mkv",20250128,"84b_2025-01-28 15-07-52_16:08:00_20250128","84b",2025-01-28 15:08:00,2025-01-28 17:08:00,259.373339976328,20.9273428297045,168.780313186263,-2.29157162241873,-131.29738241654,228.70261758346,59.9223043971967,1.04584150711336
"dome","16:08:00",NA,10,"84b_2025-01-28 15-07-52_waggle_annotations.csv",-0.209529088730873,0.97780241407741,277.129197091515,274.965559985497,"ok",628,831,"",-21.27,"solar","20250128/2025-01-28 15-07-52.mkv",20250128,"84b_2025-01-28 15-07-52_16:08:00_20250128","84b",2025-01-28 15:08:00,2025-01-28 17:08:00,259.373339976328,20.9273428297045,168.780313186263,-1.48413095584269,-85.034440014503,274.965559985497,106.185246799234,1.8532821736894
"dome","16:08:00",NA,11,"84b_2025-01-28 15-07-52_waggle_annotations.csv",0.236956180191007,0.97152033878313,277.129197091515,249.163841904405,"ok",623,849,"",-21.27,"solar","20250128/2025-01-28 15-07-52.mkv",20250128,"84b_2025-01-28 15-07-52_16:08:00_20250128","84b",2025-01-28 15:08:00,2025-01-28 17:08:00,259.373339976328,20.9273428297045,168.780313186263,-1.9344558890291,-110.836158095595,249.163841904405,80.3835287181416,1.40295724050299
"dome","16:08:00",NA,12,"84b_2025-01-28 15-07-52_waggle_annotations.csv",0.103912021640983,0.994586492849407,277.129197091515,256.906315807232,"ok",609,862,"",-21.27,"solar","20250128/2025-01-28 15-07-52.mkv",20250128,"84b_2025-01-28 15-07-52_16:08:00_20250128","84b",2025-01-28 15:08:00,2025-01-28 17:08:00,259.373339976328,20.9273428297045,168.780313186263,-1.79932422717503,-103.093684192768,256.906315807232,88.1260026209686,1.53808890235705
"dome","16:08:00",NA,1,"95r_2025-01-28 15-09-27_waggle_annotations.csv",-0.845797963897498,-0.533503331073806,277.129197091515,25.1132707476085,"ok",761,648,"",-21.27,"solar","20250128/2025-01-28 15-09-27.mkv",20250128,"95r_2025-01-28 15-09-27_16:08:00_20250128","95r",2025-01-28 15:08:00,2025-01-28 17:08:00,259.373339976328,20.9273428297045,168.780313186263,0.438309260490546,25.1132707476085,25.1132707476085,143.667042438655,-2.50746291715695
"dome","16:08:00",NA,2,"95r_2025-01-28 15-09-27_waggle_annotations.csv",0.718602141766591,0.695421427516056,277.129197091515,216.93161196275,"ok",813,785,"",-21.27,"solar","20250128/2025-01-28 15-09-27.mkv",20250128,"95r_2025-01-28 15-09-27_16:08:00_20250128","95r",2025-01-28 15:08:00,2025-01-28 17:08:00,259.373339976328,20.9273428297045,168.780313186263,-2.49701442677088,-143.06838803725,216.93161196275,48.1512987764866,0.840398702761209
"dome","16:08:00",NA,3,"95r_2025-01-28 15-09-27_waggle_annotations.csv",0.663842107535188,0.74787275405863,277.129197091515,221.27724666348,"ok",704,829,"",-21.27,"solar","20250128/2025-01-28 15-09-27.mkv",20250128,"95r_2025-01-28 15-09-27_16:08:00_20250128","95r",2025-01-28 15:08:00,2025-01-28 17:08:00,259.373339976328,20.9273428297045,168.780313186263,-2.42116879315422,-138.72275333652,221.27724666348,52.4969334772167,0.916244336377866
"dome","16:08:00",NA,4,"95r_2025-01-28 15-09-27_waggle_annotations.csv",-0.948683298050514,0.316227766016838,277.129197091515,334.435854085563,"ok",707,824,"",-21.27,"solar","20250128/2025-01-28 15-09-27.mkv",20250128,"95r_2025-01-28 15-09-27_16:08:00_20250128","95r",2025-01-28 15:08:00,2025-01-28 17:08:00,259.373339976328,20.9273428297045,168.780313186263,-0.446178516667183,-25.564145914437,334.435854085563,165.6555408993,2.89123461286491
"dome","16:08:00",NA,5,"95r_2025-01-28 15-09-27_waggle_annotations.csv",0.707106781186548,0.707106781186548,277.129197091515,217.870802908485,"ok",695,809,"",-21.27,"solar","20250128/2025-01-28 15-09-27.mkv",20250128,"95r_2025-01-28 15-09-27_16:08:00_20250128","95r",2025-01-28 15:08:00,2025-01-28 17:08:00,259.373339976328,20.9273428297045,168.780313186263,-2.48062245246289,-142.129197091515,217.870802908485,49.0904897222216,0.856790677069204
"dome","16:08:00",NA,6,"95r_2025-01-28 15-09-27_waggle_annotations.csv",-0.813733471206735,0.581238193719096,277.129197091515,317.333125116511,"ok",710,814,"",-21.27,"solar","20250128/2025-01-28 15-09-27.mkv",20250128,"95r_2025-01-28 15-09-27_16:08:00_20250128","95r",2025-01-28 15:08:00,2025-01-28 17:08:00,259.373339976328,20.9273428297045,168.780313186263,-0.744677448253356,-42.6668748834891,317.333125116511,148.552811930248,2.59273568127873
"dome","16:08:00",NA,7,"95r_2025-01-28 15-09-27_waggle_annotations.csv",0.581238193719096,0.813733471206735,277.129197091515,227.333125116511,"ok",689,814,"",-21.27,"solar","20250128/2025-01-28 15-09-27.mkv",20250128,"95r_2025-01-28 15-09-27_16:08:00_20250128","95r",2025-01-28 15:08:00,2025-01-28 17:08:00,259.373339976328,20.9273428297045,168.780313186263,-2.31547377504825,-132.666874883489,227.333125116511,58.5528119302477,1.02193935448384
"dome","16:08:00",NA,8,"95r_2025-01-28 15-09-27_waggle_annotations.csv",0.0434372242763069,0.99905615835506,277.129197091515,260.381249986486,"ok",686,792,"",-21.27,"solar","20250128/2025-01-28 15-09-27.mkv",20250128,"95r_2025-01-28 15-09-27_16:08:00_20250128","95r",2025-01-28 15:08:00,2025-01-28 17:08:00,259.373339976328,20.9273428297045,168.780313186263,-1.73867518445697,-99.618750013514,260.381249986486,91.6009368002227,1.59873794507512
"dome","16:08:00",NA,9,"95r_2025-01-28 15-09-27_waggle_annotations.csv",-0.419777506360433,0.907627040779315,277.129197091515,287.691344243974,"ok",707,835,"",-21.27,"solar","20250128/2025-01-28 15-09-27.mkv",20250128,"95r_2025-01-28 15-09-27_16:08:00_20250128","95r",2025-01-28 15:08:00,2025-01-28 17:08:00,259.373339976328,20.9273428297045,168.780313186263,-1.2620241206338,-72.308655756026,287.691344243974,118.911031057711,2.07538900889829
"dome","16:08:00",NA,10,"95r_2025-01-28 15-09-27_waggle_annotations.csv",-0.877613577385118,-0.479368760756577,277.129197091515,21.5149858074679,"ok",735,835,"",-21.27,"solar","20250128/2025-01-28 15-09-27.mkv",20250128,"95r_2025-01-28 15-09-27_16:08:00_20250128","95r",2025-01-28 15:08:00,2025-01-28 17:08:00,259.373339976328,20.9273428297045,168.780313186263,0.375507340860166,21.5149858074679,21.5149858074679,147.265327378795,-2.57026483678733
"dome","16:08:00",NA,11,"95r_2025-01-28 15-09-27_waggle_annotations.csv",-0.223692410718881,0.974659789560837,277.129197091515,275.796802033191,"ok",720,850,"",-21.27,"solar","20250128/2025-01-28 15-09-27.mkv",20250128,"95r_2025-01-28 15-09-27_16:08:00_20250128","95r",2025-01-28 15:08:00,2025-01-28 17:08:00,259.373339976328,20.9273428297045,168.780313186263,-1.46962304522941,-84.2031979668091,275.796802033191,107.016488846928,1.86779008430268
"dome","16:08:00",NA,12,"95r_2025-01-28 15-09-27_waggle_annotations.csv",-0.801433113275891,0.598084412892456,277.129197091515,316.137976243996,"ok",723,832,"",-21.27,"solar","20250128/2025-01-28 15-09-27.mkv",20250128,"95r_2025-01-28 15-09-27_16:08:00_20250128","95r",2025-01-28 15:08:00,2025-01-28 17:08:00,259.373339976328,20.9273428297045,168.780313186263,-0.76553673113024,-43.862023756004,316.137976243996,147.357663057733,2.57187639840185
"dome","16:08:00",NA,13,"95r_2025-01-28 15-09-27_waggle_annotations.csv",-0.932174412802328,0.362009480699933,277.129197091515,331.647146405719,"ok",703,829,"",-21.27,"solar","20250128/2025-01-28 15-09-27.mkv",20250128,"95r_2025-01-28 15-09-27_16:08:00_20250128","95r",2025-01-28 15:08:00,2025-01-28 17:08:00,259.373339976328,20.9273428297045,168.780313186263,-0.494850647556112,-28.352853594281,331.647146405719,162.866833219456,2.84256248197598
"dome","16:08:00",NA,14,"95r_2025-01-28 15-09-27_waggle_annotations.csv",-0.0499376169438922,0.998752338877845,277.129197091515,265.733208134597,"ok",724,827,"",-21.27,"solar","20250128/2025-01-28 15-09-27.mkv",20250128,"95r_2025-01-28 15-09-27_16:08:00_20250128","95r",2025-01-28 15:08:00,2025-01-28 17:08:00,259.373339976328,20.9273428297045,168.780313186263,-1.64526589334349,-94.266791865403,265.733208134597,96.9528949483337,1.6921472361886
"dome","16:08:00",NA,15,"95r_2025-01-28 15-09-27_waggle_annotations.csv",-0.999969955082842,-0.0077517050781615,277.129197091515,353.314947341597,"ok",761,804,"",-21.27,"solar","20250128/2025-01-28 15-09-27.mkv",20250128,"95r_2025-01-28 15-09-27_16:08:00_20250128","95r",2025-01-28 15:08:00,2025-01-28 17:08:00,259.373339976328,20.9273428297045,168.780313186263,-0.116676179558332,-6.68505265840299,353.314947341597,175.465365844666,-3.06244835720583
"dome","11:37:17",NA,1,"62b_antisolar_2025-01-21 11-37-17_waggle_annotations.csv",-0.653412383349002,-0.757002151440917,34.0877028518079,285.112919352828,"",661,856,"",-21.27,"antisolar","20250121/2025-01-21 11-37-17.mkv",20250121,"62b_antisolar_2025-01-21 11-37-17_11:37:17_20250121","62b",2025-01-21 10:37:17,2025-01-21 12:37:17,307.730463647222,80.8734869340568,120.42318951537,-1.30702612449968,-74.887080647172,285.112919352828,164.689729837458,2.87437802988359
"dome","11:37:17",NA,2,"62b_antisolar_2025-01-21 11-37-17_waggle_annotations.csv",-0.616308261658111,-0.787505001007586,34.0877028518079,287.865254616366,"",642,852,"",-21.27,"antisolar","20250121/2025-01-21 11-37-17.mkv",20250121,"62b_antisolar_2025-01-21 11-37-17_11:37:17_20250121","62b",2025-01-21 10:37:17,2025-01-21 12:37:17,307.730463647222,80.8734869340568,120.42318951537,-1.25898881203219,-72.134745383634,287.865254616366,167.442065100996,2.92241534235107
"dome","11:37:17",NA,3,"62b_antisolar_2025-01-21 11-37-17_waggle_annotations.csv",0.718067675246442,-0.695973285238859,34.0877028518079,11.8074708584031,"",503,677,"",-21.27,"antisolar","20250121/2025-01-21 11-37-17.mkv",20250121,"62b_antisolar_2025-01-21 11-37-17_11:37:17_20250121","62b",2025-01-21 10:37:17,2025-01-21 12:37:17,307.730463647222,80.8734869340568,120.42318951537,0.206079242812415,11.8074708584031,11.8074708584031,108.615718656967,-1.8957019099839
"dome","11:37:17",NA,4,"62b_antisolar_2025-01-21 11-37-17_waggle_annotations.csv",0.975536138250287,-0.219839129746544,34.0877028518079,43.2127126585947,"",482,614,"",-21.27,"antisolar","20250121/2025-01-21 11-37-17.mkv",20250121,"62b_antisolar_2025-01-21 11-37-17_11:37:17_20250121","62b",2025-01-21 10:37:17,2025-01-21 12:37:17,307.730463647222,80.8734869340568,120.42318951537,0.75420411461071,43.2127126585947,43.2127126585947,77.2104768567752,-1.34757703818561
"dome","11:37:17",NA,5,"62b_antisolar_2025-01-21 11-37-17_waggle_annotations.csv",-0.0178542964168829,-0.999840599345445,34.0877028518079,324.889266959524,"",488,496,"",-21.27,"antisolar","20250121/2025-01-21 11-37-17.mkv",20250121,"62b_antisolar_2025-01-21 11-37-17_11:37:17_20250121","62b",2025-01-21 10:37:17,2025-01-21 12:37:17,307.730463647222,80.8734869340568,120.42318951537,-0.612797894345066,-35.110733040476,324.889266959524,155.533922555846,-2.71457904714139
"dome","11:37:17",NA,6,"62b_antisolar_2025-01-21 11-37-17_waggle_annotations.csv",0.0238027779462889,-0.999716673744136,34.0877028518079,327.276224679795,"",503,739,"",-21.27,"antisolar","20250121/2025-01-21 11-37-17.mkv",20250121,"62b_antisolar_2025-01-21 11-37-17_11:37:17_20250121","62b",2025-01-21 10:37:17,2025-01-21 12:37:17,307.730463647222,80.8734869340568,120.42318951537,-0.571137623020439,-32.723775320205,327.276224679795,153.146964835575,-2.67291877581676
"dome","11:37:17",NA,7,"62b_antisolar_2025-01-21 11-37-17_waggle_annotations.csv",-0.342630345100702,-0.93947030108257,34.0877028518079,305.875086978999,"",511,751,"",-21.27,"antisolar","20250121/2025-01-21 11-37-17.mkv",20250121,"62b_antisolar_2025-01-21 11-37-17_11:37:17_20250121","62b",2025-01-21 10:37:17,2025-01-21 12:37:17,307.730463647222,80.8734869340568,120.42318951537,-0.944657939572019,-54.124913021001,305.875086978999,174.548102536371,-3.04643909236834
"dome","11:37:17",NA,8,"62b_antisolar_2025-01-21 11-37-17_waggle_annotations.csv",0.0665190105237739,-0.997785157856609,34.0877028518079,329.726371982482,"",501,773,"",-21.27,"antisolar","20250121/2025-01-21 11-37-17.mkv",20250121,"62b_antisolar_2025-01-21 11-37-17_11:37:17_20250121","62b",2025-01-21 10:37:17,2025-01-21 12:37:17,307.730463647222,80.8734869340568,120.42318951537,-0.528374485429692,-30.2736280175179,329.726371982482,150.696817532888,-2.63015563822601
"dome","11:37:17",NA,9,"62b_antisolar_2025-01-21 11-37-17_waggle_annotations.csv",-0.996815278536125,0.07974522228289,34.0877028518079,231.338375888291,"",557,825,"",-21.27,"antisolar","20250121/2025-01-21 11-37-17.mkv",20250121,"62b_antisolar_2025-01-21 11-37-17_11:37:17_20250121","62b",2025-01-21 10:37:17,2025-01-21 12:37:17,307.730463647222,80.8734869340568,120.42318951537,-2.24556896171265,-128.661624111709,231.338375888291,110.915186372921,1.93583519267062
"dome","11:38:00",NA,1,"62b_antisolar_2025-01-21 11-38-00_waggle_annotations.csv",-0.623077006527499,-0.782160497555797,34.3000448389394,287.158771539779,"",819,797,"",-21.27,"antisolar","20250121/2025-01-21 11-38-00.mkv",20250121,"62b_antisolar_2025-01-21 11-38-00_11:38:00_20250121","62b",2025-01-21 10:38:00,2025-01-21 12:38:00,307.047424241251,80.7450639972042,121.106228921341,-1.27131926782825,-72.8412284602209,287.158771539779,166.052542618438,2.89816359999995
"dome","11:38:00",NA,2,"62b_antisolar_2025-01-21 11-38-00_waggle_annotations.csv",-0.870824309096318,-0.491594368038244,34.3000448389394,265.145383890986,"",780,798,"",-21.27,"antisolar","20250121/2025-01-21 11-38-00.mkv",20250121,"62b_antisolar_2025-01-21 11-38-00_11:38:00_20250121","62b",2025-01-21 10:38:00,2025-01-21 12:38:00,307.047424241251,80.7450639972042,121.106228921341,-1.65552536181755,-94.854616109014,265.145383890986,144.039154969645,2.51395750601065
"dome","11:38:00",NA,3,"62b_antisolar_2025-01-21 11-38-00_waggle_annotations.csv",-0.505179201568937,0.863014469346935,34.3000448389394,176.0432040453,"",792,791,"",-21.27,"antisolar","20250121/2025-01-21 11-38-00.mkv",20250121,"62b_antisolar_2025-01-21 11-38-00_11:38:00_20250121","62b",2025-01-21 10:38:00,2025-01-21 12:38:00,307.047424241251,80.7450639972042,121.106228921341,3.07253353635069,176.0432040453,176.0432040453,54.9369751239588,0.9588310969993
"dome","11:38:00",NA,4,"62b_antisolar_2025-01-21 11-38-00_waggle_annotations.csv",0.23162052730604,0.972806214685367,34.3000448389394,132.30745740731,"",772,877,"",-21.27,"antisolar","20250121/2025-01-21 11-38-00.mkv",20250121,"62b_antisolar_2025-01-21 11-38-00_11:38:00_20250121","62b",2025-01-21 10:38:00,2025-01-21 12:38:00,307.047424241251,80.7450639972042,121.106228921341,2.30920075669972,132.30745740731,132.30745740731,11.2012284859688,0.195498317348335
"dome","11:38:00",NA,5,"62b_antisolar_2025-01-21 11-38-00_waggle_annotations.csv",-0.839570157152151,-0.543251278157274,34.3000448389394,268.605198084049,"",767,814,"",-21.27,"antisolar","20250121/2025-01-21 11-38-00.mkv",20250121,"62b_antisolar_2025-01-21 11-38-00_11:38:00_20250121","62b",2025-01-21 10:38:00,2025-01-21 12:38:00,307.047424241251,80.7450639972042,121.106228921341,-1.59514021264137,-91.394801915951,268.605198084049,147.498969162708,2.57434265518683
"dome","11:38:00",NA,6,"62b_antisolar_2025-01-21 11-38-00_waggle_annotations.csv",0.116092796665443,0.993238371471016,34.3000448389394,139.033295270159,"",696,838,"",-21.27,"antisolar","20250121/2025-01-21 11-38-00.mkv",20250121,"62b_antisolar_2025-01-21 11-38-00_11:38:00_20250121","62b",2025-01-21 10:38:00,2025-01-21 12:38:00,307.047424241251,80.7450639972042,121.106228921341,2.42658877236173,139.033295270159,139.033295270159,17.9270663488177,0.312886333010348
"dome","11:38:00",NA,7,"62b_antisolar_2025-01-21 11-38-00_waggle_annotations.csv",-0.222824801502141,0.974858506571867,34.3000448389394,158.574956720673,"",772,846,"",-21.27,"antisolar","20250121/2025-01-21 11-38-00.mkv",20250121,"62b_antisolar_2025-01-21 11-38-00_11:38:00_20250121","62b",2025-01-21 10:38:00,2025-01-21 12:38:00,307.047424241251,80.7450639972042,121.106228921341,2.76765510598325,158.574956720673,158.574956720673,37.4687277993317,0.653952666631868
"dome","11:38:00",NA,8,"62b_antisolar_2025-01-21 11-38-00_waggle_annotations.csv",-0.483562711771505,-0.875309718776268,34.3000448389394,296.781607117874,"",808,747,"",-21.27,"antisolar","20250121/2025-01-21 11-38-00.mkv",20250121,"62b_antisolar_2025-01-21 11-38-00_11:38:00_20250121","62b",2025-01-21 10:38:00,2025-01-21 12:38:00,307.047424241251,80.7450639972042,121.106228921341,-1.10336910361245,-63.218392882126,296.781607117874,175.675378196533,3.06611376421575
"dome","11:38:00",NA,9,"62b_antisolar_2025-01-21 11-38-00_waggle_annotations.csv",0.137568371274688,-0.990492273177752,34.3000448389394,333.607117864019,"",871,747,"",-21.27,"antisolar","20250121/2025-01-21 11-38-00.mkv",20250121,"62b_antisolar_2025-01-21 11-38-00_11:38:00_20250121","62b",2025-01-21 10:38:00,2025-01-21 12:38:00,307.047424241251,80.7450639972042,121.106228921341,-0.460642692363662,-26.392882135981,333.607117864019,147.499111057322,-2.57434513171505
"dome","11:47:07",NA,1,"22b_antisolar_2025-01-21 11-47-07_waggle_annotations.csv",0.191775405246661,0.981438838615264,32.8225694929385,136.121017526813,"",747,703,"",-21.27,"antisolar","20250121/2025-01-21 11-47-07.mkv",20250121,"22b_antisolar_2025-01-21 11-47-07_11:47:07_20250121","22b",2025-01-21 10:47:07,2025-01-21 12:47:07,299.727359246536,79.0257412626876,128.426293916056,2.3757599370078,136.121017526813,136.121017526813,7.69472361075739,0.134298262038663
"dome","11:47:07",NA,2,"22b_antisolar_2025-01-21 11-47-07_waggle_annotations.csv",0.0475651494154494,-0.998868137724438,32.8225694929385,329.903741500968,"",800,698,"",-21.27,"antisolar","20250121/2025-01-21 11-47-07.mkv",20250121,"22b_antisolar_2025-01-21 11-47-07_11:47:07_20250121","22b",2025-01-21 10:47:07,2025-01-21 12:47:07,299.727359246536,79.0257412626876,128.426293916056,-0.525278803339435,-30.096258499032,329.903741500968,158.522552415088,-2.76674047830857
"dome","11:47:07",NA,3,"22b_antisolar_2025-01-21 11-47-07_waggle_annotations.csv",-0.518301716093344,0.855197831554018,32.8225694929385,178.395833271408,"",732,678,"",-21.27,"antisolar","20250121/2025-01-21 11-47-07.mkv",20250121,"22b_antisolar_2025-01-21 11-47-07_11:47:07_20250121","22b",2025-01-21 10:47:07,2025-01-21 12:47:07,299.727359246536,79.0257412626876,128.426293916056,3.11359466242492,178.395833271408,178.395833271408,49.9695393553524,0.872132987455784
"dome","11:47:07",NA,4,"22b_antisolar_2025-01-21 11-47-07_waggle_annotations.csv",-0.540757591313499,0.841178475376554,32.8225694929385,179.912656779169,"",596,718,"",-21.27,"antisolar","20250121/2025-01-21 11-47-07.mkv",20250121,"22b_antisolar_2025-01-21 11-47-07_11:47:07_20250121","22b",2025-01-21 10:47:07,2025-01-21 12:47:07,299.727359246536,79.0257412626876,128.426293916056,3.140068226807,179.912656779169,179.912656779169,51.4863628631134,0.898606551837863
"dome","11:47:07",NA,5,"22b_antisolar_2025-01-21 11-47-07_waggle_annotations.csv",0.0475651494154494,-0.998868137724438,32.8225694929385,329.903741500968,"",686,812,"",-21.27,"antisolar","20250121/2025-01-21 11-47-07.mkv",20250121,"22b_antisolar_2025-01-21 11-47-07_11:47:07_20250121","22b",2025-01-21 10:47:07,2025-01-21 12:47:07,299.727359246536,79.0257412626876,128.426293916056,-0.525278803339435,-30.096258499032,329.903741500968,158.522552415088,-2.76674047830857
"dome","11:47:07",NA,6,"22b_antisolar_2025-01-21 11-47-07_waggle_annotations.csv",-0.476763040377887,-0.879031855696728,32.8225694929385,298.703226896987,"",687,784,"",-21.27,"antisolar","20250121/2025-01-21 11-47-07.mkv",20250121,"22b_antisolar_2025-01-21 11-47-07_11:47:07_20250121","22b",2025-01-21 10:47:07,2025-01-21 12:47:07,299.727359246536,79.0257412626876,128.426293916056,-1.06983051149548,-61.296773103013,298.703226896987,170.276932980931,2.97189312071498
"dome","11:47:07",NA,7,"22b_antisolar_2025-01-21 11-47-07_waggle_annotations.csv",0.999800059980007,-0.0199960011996001,32.8225694929385,56.0316676688864,"",681,757,"",-21.27,"antisolar","20250121/2025-01-21 11-47-07.mkv",20250121,"22b_antisolar_2025-01-21 11-47-07_11:47:07_20250121","22b",2025-01-21 10:47:07,2025-01-21 12:47:07,299.727359246536,79.0257412626876,128.426293916056,0.977937086205323,56.0316676688864,56.0316676688864,72.3946262471692,-1.26352458876381
"dome","11:47:07",NA,8,"22b_antisolar_2025-01-21 11-47-07_waggle_annotations.csv",-0.936329177569044,0.351123441588392,32.8225694929385,216.621385287478,"",698,732,"",-21.27,"antisolar","20250121/2025-01-21 11-47-07.mkv",20250121,"22b_antisolar_2025-01-21 11-47-07_11:47:07_20250121","22b",2025-01-21 10:47:07,2025-01-21 12:47:07,299.727359246536,79.0257412626876,128.426293916056,-2.50242890368189,-143.378614712522,216.621385287478,88.1950913714224,1.53929472852856
"dome","11:47:07",NA,9,"22b_antisolar_2025-01-21 11-47-07_waggle_annotations.csv",-0.198846786199029,-0.980030589123787,32.8225694929385,315.707900174195,"",717,699,"",-21.27,"antisolar","20250121/2025-01-21 11-47-07.mkv",20250121,"22b_antisolar_2025-01-21 11-47-07_11:47:07_20250121","22b",2025-01-21 10:47:07,2025-01-21 12:47:07,299.727359246536,79.0257412626876,128.426293916056,-0.773042974582304,-44.292099825805,315.707900174195,172.718393741861,-3.01450464955144
"dome","11:47:07",NA,10,"22b_antisolar_2025-01-21 11-47-07_waggle_annotations.csv",0.23162052730604,0.972806214685367,32.8225694929385,133.78493275331,"",700,723,"",-21.27,"antisolar","20250121/2025-01-21 11-47-07.mkv",20250121,"22b_antisolar_2025-01-21 11-47-07_11:47:07_20250121","22b",2025-01-21 10:47:07,2025-01-21 12:47:07,299.727359246536,79.0257412626876,128.426293916056,2.33498756610446,133.78493275331,133.78493275331,5.35863883725438,0.0935258911353294
"dome","11:47:07",NA,11,"22b_antisolar_2025-01-21 11-47-07_waggle_annotations.csv",-0.989949493661166,0.14142135623731,32.8225694929385,229.047328152906,"",783,688,"",-21.27,"antisolar","20250121/2025-01-21 11-47-07.mkv",20250121,"22b_antisolar_2025-01-21 11-47-07_11:47:07_20250121","22b",2025-01-21 10:47:07,2025-01-21 12:47:07,299.727359246536,79.0257412626876,128.426293916056,-2.28555528801547,-130.952671847094,229.047328152906,100.62103423685,1.75616834419498
"dome","11:47:07",NA,12,"22b_antisolar_2025-01-21 11-47-07_waggle_annotations.csv",-0.489141638229514,-0.87220436696347,32.8225694929385,297.893250958518,"",704,506,"",-21.27,"antisolar","20250121/2025-01-21 11-47-07.mkv",20250121,"22b_antisolar_2025-01-21 11-47-07_11:47:07_20250121","22b",2025-01-21 10:47:07,2025-01-21 12:47:07,299.727359246536,79.0257412626876,128.426293916056,-1.08396725848369,-62.106749041482,297.893250958518,169.466957042462,2.95775637372676
"dome","15:10:42",NA,1,"22b_2025-01-22 15-10-42_waggle_annotations.csv",0.999687646408123,0.024992191160203,118.985726920517,332.446369263648,"",599,693,"",-21.27,"antisolar","20250122/2025-01-22 15-10-42.mkv",20250122,"22b_2025-01-22 15-10-42_15:10:42_20250122","22b",2025-01-22 14:10:42,2025-01-22 16:10:42,262.809778825459,33.8870483643941,165.343874337133,-0.480901577228052,-27.553630736352,332.446369263648,167.102494926515,2.91648872476481
"dome","15:10:42",NA,2,"22b_2025-01-22 15-10-42_waggle_annotations.csv",0.997054485501582,-0.076696498884737,118.985726920517,326.615567724488,"",627,729,"",-21.27,"antisolar","20250122/2025-01-22 15-10-42.mkv",20250122,"22b_2025-01-22 15-10-42_15:10:42_20250122","22b",2025-01-22 14:10:42,2025-01-22 16:10:42,262.809778825459,33.8870483643941,165.343874337133,-0.582668262116747,-33.384432275512,326.615567724488,161.271693387355,2.81472203987611
"dome","15:10:42",NA,3,"22b_2025-01-22 15-10-42_waggle_annotations.csv",-0.132163720091018,-0.991227900682635,118.985726920517,233.419629710892,"",623,719,"",-21.27,"antisolar","20250122/2025-01-22 15-10-42.mkv",20250122,"22b_2025-01-22 15-10-42_15:10:42_20250122","22b",2025-01-22 14:10:42,2025-01-22 16:10:42,262.809778825459,33.8870483643941,165.343874337133,-2.20924422993854,-126.580370289108,233.419629710892,68.0757553737591,1.18814607205432
"dome","15:10:42",NA,4,"22b_2025-01-22 15-10-42_waggle_annotations.csv",0.220825652597795,0.975313298973595,118.985726920517,48.2567409186067,"",665,724,"",-21.27,"antisolar","20250122/2025-01-22 15-10-42.mkv",20250122,"22b_2025-01-22 15-10-42_15:10:42_20250122","22b",2025-01-22 14:10:42,2025-01-22 16:10:42,262.809778825459,33.8870483643941,165.343874337133,0.84223901531156,48.2567409186067,48.2567409186067,117.087133418526,-2.04355598987517
"dome","15:10:42",NA,5,"22b_2025-01-22 15-10-42_waggle_annotations.csv",0.0491209591997934,0.998792837062467,118.985726920517,58.1987163952721,"",629,819,"",-21.27,"antisolar","20250122/2025-01-22 15-10-42.mkv",20250122,"22b_2025-01-22 15-10-42_15:10:42_20250122","22b",2025-01-22 14:10:42,2025-01-22 16:10:42,262.809778825459,33.8870483643941,165.343874337133,1.0157592215319,58.1987163952721,58.1987163952721,107.145157941861,-1.87003578365482
"dome","15:10:42",NA,6,"22b_2025-01-22 15-10-42_waggle_annotations.csv",0.86478894661009,0.502135517386504,118.985726920517,1.15565863155872,"",687,816,"",-21.27,"antisolar","20250122/2025-01-22 15-10-42.mkv",20250122,"22b_2025-01-22 15-10-42_15:10:42_20250122","22b",2025-01-22 14:10:42,2025-01-22 16:10:42,262.809778825459,33.8870483643941,165.343874337133,0.0201700481497917,1.15565863155872,1.15565863155872,164.188215705574,-2.86562495703693
"dome","15:10:42",NA,7,"22b_2025-01-22 15-10-42_waggle_annotations.csv",0.588171697675046,0.808736084303189,118.985726920517,24.9868996943798,"",692,855,"",-21.27,"antisolar","20250122/2025-01-22 15-10-42.mkv",20250122,"22b_2025-01-22 15-10-42_15:10:42_20250122","22b",2025-01-22 14:10:42,2025-01-22 16:10:42,262.809778825459,33.8870483643941,165.343874337133,0.436103669532492,24.9868996943798,24.9868996943798,140.356974642753,-2.44969133565423
"dome","15:10:42",NA,1,"73b_2025-01-22 15-10-42_waggle_annotations.csv",0.994144463069457,0.108059180768419,118.985726920517,337.217720981175,"",577,769,"",-21.27,"antisolar","20250122/2025-01-22 15-10-42.mkv",20250122,"73b_2025-01-22 15-10-42_15:10:42_20250122","73b",2025-01-22 14:10:42,2025-01-22 16:10:42,262.809778825459,33.8870483643941,165.343874337133,-0.397625779986521,-22.7822790188251,337.217720981175,171.873846644042,2.99976452200634
"dome","15:10:42",NA,2,"73b_2025-01-22 15-10-42_waggle_annotations.csv",0.69810013612954,0.716000139620041,118.985726920517,16.7394973785426,"",623,791,"",-21.27,"antisolar","20250122/2025-01-22 15-10-42.mkv",20250122,"73b_2025-01-22 15-10-42_15:10:42_20250122","73b",2025-01-22 14:10:42,2025-01-22 16:10:42,262.809778825459,33.8870483643941,165.343874337133,0.292159344384528,16.7394973785426,16.7394973785426,148.60437695859,-2.5936356608022
"dome","15:10:42",NA,3,"73b_2025-01-22 15-10-42_waggle_annotations.csv",0.477946829714394,0.878388768123751,118.985726920517,32.4628812065232,"",608,788,"",-21.27,"antisolar","20250122/2025-01-22 15-10-42.mkv",20250122,"73b_2025-01-22 15-10-42_15:10:42_20250122","73b",2025-01-22 14:10:42,2025-01-22 16:10:42,262.809778825459,33.8870483643941,165.343874337133,0.566584161737619,32.4628812065232,32.4628812065232,132.88099313061,-2.31921084344911
"dome","15:10:42",NA,4,"73b_2025-01-22 15-10-42_waggle_annotations.csv",0.483077342911335,0.875577684026794,118.985726920517,32.1276913125727,"",635,815,"",-21.27,"antisolar","20250122/2025-01-22 15-10-42.mkv",20250122,"73b_2025-01-22 15-10-42_15:10:42_20250122","73b",2025-01-22 14:10:42,2025-01-22 16:10:42,262.809778825459,33.8870483643941,165.343874337133,0.560733994468772,32.1276913125727,32.1276913125727,133.21618302456,-2.32506101071795
"dome","15:21:33",NA,1,"22b_2025-01-22 15-21-33_waggle_annotations.csv",-0.175033334717495,0.984562507785907,317.285788216364,232.794809771179,"",711,729,"",-21.27,"solar","20250122/2025-01-22 15-21-33.mkv",20250122,"22b_2025-01-22 15-21-33_15:21:33_20250122","22b",2025-01-22 14:21:33,2025-01-22 16:21:33,261.850213370589,31.4643699537935,166.303439792002,-2.22014939511865,-127.205190228821,232.794809771179,66.4913699791765,1.16049333029834
"dome","15:21:33",NA,2,"22b_2025-01-22 15-21-33_waggle_annotations.csv",0.132163720091018,0.991227900682635,317.285788216364,215.119568415045,"",653,740,"",-21.27,"solar","20250122/2025-01-22 15-21-33.mkv",20250122,"22b_2025-01-22 15-21-33_15:21:33_20250122","22b",2025-01-22 14:21:33,2025-01-22 16:21:33,261.850213370589,31.4643699537935,166.303439792002,-2.52864055286785,-144.880431584955,215.119568415045,48.8161286230425,0.852002172549138
"dome","15:21:33",NA,3,"22b_2025-01-22 15-21-33_waggle_annotations.csv",-0.998233151734817,-0.0594186399842153,317.285788216364,316.120655538631,"",680,784,"",-21.27,"solar","20250122/2025-01-22 15-21-33.mkv",20250122,"22b_2025-01-22 15-21-33_15:21:33_20250122","22b",2025-01-22 14:21:33,2025-01-22 16:21:33,261.850213370589,31.4643699537935,166.303439792002,-0.765839034467627,-43.879344461369,316.120655538631,149.817215746629,2.61480369094936
"dome","15:21:33",NA,4,"22b_2025-01-22 15-21-33_waggle_annotations.csv",-0.278810194863955,0.960346226753624,317.285788216364,238.903418040663,"",596,752,"",-21.27,"solar","20250122/2025-01-22 15-21-33.mkv",20250122,"22b_2025-01-22 15-21-33_15:21:33_20250122","22b",2025-01-22 14:21:33,2025-01-22 16:21:33,261.850213370589,31.4643699537935,166.303439792002,-2.1135340681016,-121.096581959337,238.903418040663,72.5999782486605,1.26710865731539
"dome","15:21:33",NA,5,"22b_2025-01-22 15-21-33_waggle_annotations.csv",0.308504698037437,0.951222818948763,317.285788216364,204.745072043479,"",699,751,"",-21.27,"solar","20250122/2025-01-22 15-21-33.mkv",20250122,"22b_2025-01-22 15-21-33_15:21:33_20250122","22b",2025-01-22 14:21:33,2025-01-22 16:21:33,261.850213370589,31.4643699537935,166.303439792002,-2.70970967278788,-155.254927956521,204.745072043479,38.4416322514765,0.670933052629106
"dome","15:21:33",NA,6,"22b_2025-01-22 15-21-33_waggle_annotations.csv",0.476283148540753,-0.879291966536774,317.285788216364,71.1571404079995,"",588,720,"",-21.27,"solar","20250122/2025-01-22 15-21-33.mkv",20250122,"22b_2025-01-22 15-21-33_15:21:33_20250122","22b",2025-01-22 14:21:33,2025-01-22 16:21:33,261.850213370589,31.4643699537935,166.303439792002,1.24192638642349,71.1571404079995,71.1571404079995,95.146299384003,-1.6606161953391
"dome","15:21:33",NA,7,"22b_2025-01-22 15-21-33_waggle_annotations.csv",-0.496138938356834,0.868243142124459,317.285788216364,252.459093080578,"",578,702,"",-21.27,"solar","20250122/2025-01-22 15-21-33.mkv",20250122,"22b_2025-01-22 15-21-33_15:21:33_20250122","22b",2025-01-22 14:21:33,2025-01-22 16:21:33,261.850213370589,31.4643699537935,166.303439792002,-1.87694290632467,-107.540906919422,252.459093080578,86.1556532885755,1.50369981909232
"dome","15:21:33",NA,8,"22b_2025-01-22 15-21-33_waggle_annotations.csv",-0.707106781186548,-0.707106781186548,317.285788216364,357.714211783636,"",595,764,"",-21.27,"solar","20250122/2025-01-22 15-21-33.mkv",20250122,"22b_2025-01-22 15-21-33_15:21:33_20250122","22b",2025-01-22 14:21:33,2025-01-22 16:21:33,261.850213370589,31.4643699537935,166.303439792002,-0.0398945303788401,-2.28578821636399,357.714211783636,168.589228008366,-2.94243711214144
"dome","15:21:33",NA,1,"26y_2025-01-22 15-21-33_waggle_annotations.csv",-0.0327692768207616,-0.999462943033229,317.285788216364,40.8363343363508,"",583,705,"",-21.27,"solar","20250122/2025-01-22 15-21-33.mkv",20250122,"26y_2025-01-22 15-21-33_15:21:33_20250122","26y",2025-01-22 14:21:33,2025-01-22 16:21:33,261.850213370589,31.4643699537935,166.303439792002,0.712728488614535,40.8363343363508,40.8363343363508,125.467105455652,-2.18981409314806
"dome","15:21:33",NA,2,"26y_2025-01-22 15-21-33_waggle_annotations.csv",0.164398987305357,-0.986393923832144,317.285788216364,52.1765339916618,"",635,700,"",-21.27,"solar","20250122/2025-01-22 15-21-33.mkv",20250122,"26y_2025-01-22 15-21-33_15:21:33_20250122","26y",2025-01-22 14:21:33,2025-01-22 16:21:33,261.850213370589,31.4643699537935,166.303439792002,0.910652310433238,52.1765339916618,52.1765339916618,114.126905800341,-1.99189027132936
"dome","15:21:33",NA,3,"26y_2025-01-22 15-21-33_waggle_annotations.csv",0.231072430795896,-0.972936550719561,317.285788216364,56.0744302284007,"",653,728,"",-21.27,"solar","20250122/2025-01-22 15-21-33.mkv",20250122,"26y_2025-01-22 15-21-33_15:21:33_20250122","26y",2025-01-22 14:21:33,2025-01-22 16:21:33,261.850213370589,31.4643699537935,166.303439792002,0.978683433665428,56.0744302284007,56.0744302284007,110.229009563602,-1.92385914809717
"dome","15:21:33",NA,4,"26y_2025-01-22 15-21-33_waggle_annotations.csv",-0.51107539287715,-0.859535888020661,317.285788216364,11.9787240817161,"",558,718,"",-21.27,"solar","20250122/2025-01-22 15-21-33.mkv",20250122,"26y_2025-01-22 15-21-33_15:21:33_20250122","26y",2025-01-22 14:21:33,2025-01-22 16:21:33,261.850213370589,31.4643699537935,166.303439792002,0.20906817541388,11.9787240817161,11.9787240817161,154.324715710286,-2.69347440634872
"dome","15:21:33",NA,5,"26y_2025-01-22 15-21-33_waggle_annotations.csv",-0.595227550625738,-0.803557193344746,317.285788216364,6.18535641665102,"",566,656,"",-21.27,"solar","20250122/2025-01-22 15-21-33.mkv",20250122,"26y_2025-01-22 15-21-33_15:21:33_20250122","26y",2025-01-22 14:21:33,2025-01-22 16:21:33,261.850213370589,31.4643699537935,166.303439792002,0.107954834879918,6.18535641665102,6.18535641665102,160.118083375351,-2.79458774688268
"dome","15:21:33",NA,6,"26y_2025-01-22 15-21-33_waggle_annotations.csv",-0.157308764874374,-0.987549468378014,317.285788216364,33.6634901064525,"",586,607,"",-21.27,"solar","20250122/2025-01-22 15-21-33.mkv",20250122,"26y_2025-01-22 15-21-33_15:21:33_20250122","26y",2025-01-22 14:21:33,2025-01-22 16:21:33,261.850213370589,31.4643699537935,166.303439792002,0.587538740070133,33.6634901064525,33.6634901064525,132.63994968555,-2.31500384169246
"dome","15:21:33",NA,7,"26y_2025-01-22 15-21-33_waggle_annotations.csv",-0.514495755427527,0.857492925712544,317.285788216364,253.67796831571,"",591,635,"",-21.27,"solar","20250122/2025-01-22 15-21-33.mkv",20250122,"26y_2025-01-22 15-21-33_15:21:33_20250122","26y",2025-01-22 14:21:33,2025-01-22 16:21:33,261.850213370589,31.4643699537935,166.303439792002,-1.85566952030059,-106.32203168429,253.67796831571,87.3745285237075,1.5249732051164
"dome","15:21:33",NA,8,"26y_2025-01-22 15-21-33_waggle_annotations.csv",-0.952215316531975,0.305427554359313,317.285788216364,294.930323340944,"",686,670,"",-21.27,"solar","20250122/2025-01-22 15-21-33.mkv",20250122,"26y_2025-01-22 15-21-33_15:21:33_20250122","26y",2025-01-22 14:21:33,2025-01-22 16:21:33,261.850213370589,31.4643699537935,166.303439792002,-1.13568010090863,-65.069676659056,294.930323340944,128.626883548942,2.24496262450836
"dome","15:21:33",NA,9,"26y_2025-01-22 15-21-33_waggle_annotations.csv",-0.783110847498294,0.621882143601586,317.285788216364,274.26050256693,"",612,694,"",-21.27,"solar","20250122/2025-01-22 15-21-33.mkv",20250122,"26y_2025-01-22 15-21-33_15:21:33_20250122","26y",2025-01-22 14:21:33,2025-01-22 16:21:33,261.850213370589,31.4643699537935,166.303439792002,-1.4964365292123,-85.73949743307,274.26050256693,107.957062774927,1.88420619620469
"dome","17:34:18",NA,1,"90r_2025-01-22 17-34-18_waggle_annotations.csv",0.658504607868518,-0.752576694706878,142.749287212794,258.436637952915,"",674,800,"",-21.27,"zenith","20250122/2025-01-22 17-34-18.mkv",20250122,"90r_2025-01-22 17-34-18_17:34:18_20250122","90r",2025-01-22 16:34:18,2025-01-22 18:34:18,249.517537024112,2.72603003326257,178.63611613848,-1.77261506711668,-101.563362047085,258.436637952915,79.8005218144349,1.39278185047145
"dome","17:34:18",NA,2,"90r_2025-01-22 17-34-18_waggle_annotations.csv",0.784045824461761,-0.620702944365561,142.749287212794,268.883227402344,"",751,827,"",-21.27,"zenith","20250122/2025-01-22 17-34-18.mkv",20250122,"90r_2025-01-22 17-34-18_17:34:18_20250122","90r",2025-01-22 16:34:18,2025-01-22 18:34:18,249.517537024112,2.72603003326257,178.63611613848,-1.59028768562004,-91.116772597656,268.883227402344,90.2471112638639,1.57510923196809
"dome","17:34:18",NA,3,"90r_2025-01-22 17-34-18_waggle_annotations.csv",-0.481258812192718,-0.876578550779594,142.749287212794,188.483063448362,"",749,830,"",-21.27,"zenith","20250122/2025-01-22 17-34-18.mkv",20250122,"90r_2025-01-22 17-34-18_17:34:18_20250122","90r",2025-01-22 16:34:18,2025-01-22 18:34:18,249.517537024112,2.72603003326257,178.63611613848,-2.99353526576029,-171.516936551638,188.483063448362,9.84694730988193,0.171861651827838
"dome","17:34:18",NA,4,"90r_2025-01-22 17-34-18_waggle_annotations.csv",0.992795613009968,0.119820160190858,142.749287212794,314.132436417843,"",770,847,"",-21.27,"zenith","20250122/2025-01-22 17-34-18.mkv",20250122,"90r_2025-01-22 17-34-18_17:34:18_20250122","90r",2025-01-22 16:34:18,2025-01-22 18:34:18,249.517537024112,2.72603003326257,178.63611613848,-0.800540004376484,-45.867563582157,314.132436417843,135.496320279363,2.36485691321165
"dome","17:34:18",NA,5,"90r_2025-01-22 17-34-18_waggle_annotations.csv",1,0,142.749287212794,307.250712787206,"",788,880,"",-21.27,"zenith","20250122/2025-01-22 17-34-18.mkv",20250122,"90r_2025-01-22 17-34-18_17:34:18_20250122","90r",2025-01-22 16:34:18,2025-01-22 18:34:18,249.517537024112,2.72603003326257,178.63611613848,-0.920648739943398,-52.749287212794,307.250712787206,128.614596648726,2.24474817764473
"dome","17:34:18",NA,6,"90r_2025-01-22 17-34-18_waggle_annotations.csv",0.768221279597376,-0.64018439966448,142.749287212794,267.44514169494,"",803,865,"",-21.27,"zenith","20250122/2025-01-22 17-34-18.mkv",20250122,"90r_2025-01-22 17-34-18_17:34:18_20250122","90r",2025-01-22 16:34:18,2025-01-22 18:34:18,249.517537024112,2.72603003326257,178.63611613848,-1.61538701614012,-92.55485830506,267.44514169494,88.8090255564599,1.55000990144801
"dome","17:34:18",NA,7,"90r_2025-01-22 17-34-18_waggle_annotations.csv",0.894427190999916,0.447213595499958,142.749287212794,333.815763964284,"",829,886,"",-21.27,"zenith","20250122/2025-01-22 17-34-18.mkv",20250122,"90r_2025-01-22 17-34-18_17:34:18_20250122","90r",2025-01-22 16:34:18,2025-01-22 18:34:18,249.517537024112,2.72603003326257,178.63611613848,-0.457001130942592,-26.184236035716,333.815763964284,155.179647825804,2.70839578664554
"dome","17:35:10",NA,1,"73b_2025-01-22 17-35-10_waggle_annotations.csv",-0.0575965350966697,-0.998339941675609,144.097506228328,212.600628097237,"",673,685,"",-21.27,"zenith","20250122/2025-01-22 17-35-10.mkv",20250122,"73b_2025-01-22 17-35-10_17:35:10_20250122","73b",2025-01-22 16:35:10,2025-01-22 18:35:10,249.426992691907,2.55505906600521,178.726660470685,-2.57260435507483,-147.399371902763,212.600628097237,33.873967626552,0.591212265797301
"dome","17:35:10",NA,2,"73b_2025-01-22 17-35-10_waggle_annotations.csv",0.0391855666953546,0.999231950731542,144.097506228328,33.6567512057773,"",652,711,"",-21.27,"zenith","20250122/2025-01-22 17-35-10.mkv",20250122,"73b_2025-01-22 17-35-10_17:35:10_20250122","73b",2025-01-22 16:35:10,2025-01-22 18:35:10,249.426992691907,2.55505906600521,178.726660470685,0.587421124065385,33.6567512057773,33.6567512057773,145.069909264908,-2.53194756224207
"dome","17:35:10",NA,3,"73b_2025-01-22 17-35-10_waggle_annotations.csv",0.0270171613479149,-0.999634969872854,144.097506228328,217.45065147065,"",655,670,"",-21.27,"zenith","20250122/2025-01-22 17-35-10.mkv",20250122,"73b_2025-01-22 17-35-10_17:35:10_20250122","73b",2025-01-22 16:35:10,2025-01-22 18:35:10,249.426992691907,2.55505906600521,178.726660470685,-2.48795547841009,-142.54934852935,217.45065147065,38.723990999965,0.675861142462041
"dome","17:35:10",NA,4,"73b_2025-01-22 17-35-10_waggle_annotations.csv",0.01612693471826,-0.999869952532124,144.097506228328,216.826539124445,"",628,710,"",-21.27,"zenith","20250122/2025-01-22 17-35-10.mkv",20250122,"73b_2025-01-22 17-35-10_17:35:10_20250122","73b",2025-01-22 16:35:10,2025-01-22 18:35:10,249.426992691907,2.55505906600521,178.726660470685,-2.49884829375372,-143.173460875555,216.826539124445,38.09987865376,0.664968327118416
"dome","17:35:10",NA,5,"73b_2025-01-22 17-35-10_waggle_annotations.csv",-0.0302891266407691,0.999541179145381,144.097506228328,37.6381983606008,"",658,674,"",-21.27,"zenith","20250122/2025-01-22 17-35-10.mkv",20250122,"73b_2025-01-22 17-35-10_17:35:10_20250122","73b",2025-01-22 16:35:10,2025-01-22 18:35:10,249.426992691907,2.55505906600521,178.726660470685,0.656910485911216,37.6381983606008,37.6381983606008,141.088462110084,-2.46245820039624
"dome","17:35:10",NA,6,"73b_2025-01-22 17-35-10_waggle_annotations.csv",-0.631672951162236,-0.775234985517289,144.097506228328,176.728835801228,"",667,692,"",-21.27,"zenith","20250122/2025-01-22 17-35-10.mkv",20250122,"73b_2025-01-22 17-35-10_17:35:10_20250122","73b",2025-01-22 16:35:10,2025-01-22 18:35:10,249.426992691907,2.55505906600521,178.726660470685,3.08450006794786,176.728835801228,176.728835801228,1.997824669457,-0.0348686183595921
"dome","17:35:10",NA,7,"73b_2025-01-22 17-35-10_waggle_annotations.csv",0.0499376169438922,-0.998752338877845,144.097506228328,218.764898997784,"",668,732,"",-21.27,"zenith","20250122/2025-01-22 17-35-10.mkv",20250122,"73b_2025-01-22 17-35-10_17:35:10_20250122","73b",2025-01-22 16:35:10,2025-01-22 18:35:10,249.426992691907,2.55505906600521,178.726660470685,-2.46501753187541,-141.235101002216,218.764898997784,40.038238527099,0.698799088996722
"dome","17:35:10",NA,8,"73b_2025-01-22 17-35-10_waggle_annotations.csv",0.916539378369633,-0.39994445601584,144.097506228328,282.32778756976,"",673,710,"",-21.27,"zenith","20250122/2025-01-22 17-35-10.mkv",20250122,"73b_2025-01-22 17-35-10_17:35:10_20250122","73b",2025-01-22 16:35:10,2025-01-22 18:35:10,249.426992691907,2.55505906600521,178.726660470685,-1.35563584421615,-77.67221243024,282.32778756976,103.601127099075,1.80818077665598
"dome","17:35:10",NA,9,"73b_2025-01-22 17-35-10_waggle_annotations.csv",0.21486178267512,0.97664446670509,144.097506228328,23.4950752442717,"",629,740,"",-21.27,"zenith","20250122/2025-01-22 17-35-10.mkv",20250122,"73b_2025-01-22 17-35-10_17:35:10_20250122","73b",2025-01-22 16:35:10,2025-01-22 18:35:10,249.426992691907,2.55505906600521,178.726660470685,0.410066421016352,23.4950752442717,23.4950752442717,155.231585226413,-2.7093022652911
"dome","17:35:10",NA,10,"73b_2025-01-22 17-35-10_waggle_annotations.csv",-0.0830454798537399,-0.99654575824488,144.097506228328,211.138852080946,"",686,744,"",-21.27,"zenith","20250122/2025-01-22 17-35-10.mkv",20250122,"73b_2025-01-22 17-35-10_17:35:10_20250122","73b",2025-01-22 16:35:10,2025-01-22 18:35:10,249.426992691907,2.55505906600521,178.726660470685,-2.5981171594858,-148.861147919054,211.138852080946,32.412191610261,0.565699461386337
"dome","17:35:10",NA,11,"73b_2025-01-22 17-35-10_waggle_annotations.csv",-0.08038418992031,-0.996763955011845,144.097506228328,211.291844453012,"",627,726,"",-21.27,"zenith","20250122/2025-01-22 17-35-10.mkv",20250122,"73b_2025-01-22 17-35-10_17:35:10_20250122","73b",2025-01-22 16:35:10,2025-01-22 18:35:10,249.426992691907,2.55505906600521,178.726660470685,-2.59544693886281,-148.708155546988,211.291844453012,32.565183982327,0.568369682009325
"dome","17:35:10",NA,12,"73b_2025-01-22 17-35-10_waggle_annotations.csv",-0.0813620094549067,-0.996684615822608,144.097506228328,211.235635400233,"",672,702,"",-21.27,"zenith","20250122/2025-01-22 17-35-10.mkv",20250122,"73b_2025-01-22 17-35-10_17:35:10_20250122","73b",2025-01-22 16:35:10,2025-01-22 18:35:10,249.426992691907,2.55505906600521,178.726660470685,-2.59642797190323,-148.764364599767,211.235635400233,32.508974929548,0.567388648968904
"dome","17:35:10",NA,13,"73b_2025-01-22 17-35-10_waggle_annotations.csv",-0.113546591160732,0.993532672656404,144.097506228328,42.4222955233294,"",697,696,"",-21.27,"zenith","20250122/2025-01-22 17-35-10.mkv",20250122,"73b_2025-01-22 17-35-10_17:35:10_20250122","73b",2025-01-22 16:35:10,2025-01-22 18:35:10,249.426992691907,2.55505906600521,178.726660470685,0.740408733136149,42.4222955233294,42.4222955233294,136.304364947356,-2.3789599531713
"dome","11:42:17",NA,1,"87r_2025-01-23 11-42-17_waggle_annotations.csv",0.998233151734817,-0.0594186399842153,162.065373927095,284.52818231791,"",726,734,"",-21.27,"antisolar","20250123/2025-01-23 11-42-17.mkv",20250123,"87r_2025-01-23 11-42-17_11:42:17_20250123","87r",2025-01-23 10:42:17,2025-01-23 12:42:17,305.823943088059,79.7676003922086,122.329710074533,-1.31723171101735,-75.47181768209,284.52818231791,162.198472243377,2.83089738235156
"dome","11:42:17",NA,2,"87r_2025-01-23 11-42-17_waggle_annotations.csv",0.997458699830735,-0.0712470499879096,162.065373927095,283.84900929293,"",783,885,"",-21.27,"antisolar","20250123/2025-01-23 11-42-17.mkv",20250123,"87r_2025-01-23 11-42-17_11:42:17_20250123","87r",2025-01-23 10:42:17,2025-01-23 12:42:17,305.823943088059,79.7676003922086,122.329710074533,-1.32908551649398,-76.15099070707,283.84900929293,161.519299218397,2.81904357687493
"dome","11:42:17",NA,3,"87r_2025-01-23 11-42-17_waggle_annotations.csv",0.997458699830735,-0.0712470499879096,162.065373927095,283.84900929293,"",783,845,"",-21.27,"antisolar","20250123/2025-01-23 11-42-17.mkv",20250123,"87r_2025-01-23 11-42-17_11:42:17_20250123","87r",2025-01-23 10:42:17,2025-01-23 12:42:17,305.823943088059,79.7676003922086,122.329710074533,-1.32908551649398,-76.15099070707,283.84900929293,161.519299218397,2.81904357687493
"dome","11:19:00",NA,1,"11r_2025-01-26 11-19-00_waggle_annotations.csv",-0.133132598713698,0.991098234868642,309.546728298152,238.103922657207,"",630,721,"",-21.27,"antisolar","20250126/2025-01-26 11-19-00.mkv",20250126,"11r_2025-01-26 11-19-00_11:19:00_20250126","11r",2025-01-26 10:19:00,2025-01-26 12:19:00,339.137394629161,82.5594048684725,89.0162585334306,-2.1274878948974,-121.896077342793,238.103922657207,149.087664123776,2.60207061306733
"dome","11:19:00",NA,2,"11r_2025-01-26 11-19-00_waggle_annotations.csv",-0.522562057929287,0.852601252410943,309.546728298152,261.957538421052,"",648,698,"",-21.27,"antisolar","20250126/2025-01-26 11-19-00.mkv",20250126,"11r_2025-01-26 11-19-00_11:19:00_20250126","11r",2025-01-26 10:19:00,2025-01-26 12:19:00,339.137394629161,82.5594048684725,89.0162585334306,-1.71116376131268,-98.042461578948,261.957538421052,172.941279887621,3.01839474665204
"dome","11:19:00",NA,3,"11r_2025-01-26 11-19-00_waggle_annotations.csv",-0.9989685402103,-0.0454076609186499,309.546728298152,323.055833904348,"",650,772,"",-21.27,"antisolar","20250126/2025-01-26 11-19-00.mkv",20250126,"11r_2025-01-26 11-19-00_11:19:00_20250126","11r",2025-01-26 10:19:00,2025-01-26 12:19:00,339.137394629161,82.5594048684725,89.0162585334306,-0.644797337772786,-36.944166095652,323.055833904348,125.960424629083,-2.19842413698765
"dome","11:19:00",NA,4,"11r_2025-01-26 11-19-00_waggle_annotations.csv",-0.997267754456709,-0.0738716855153117,309.546728298152,324.689666500907,"",652,860,"",-21.27,"antisolar","20250126/2025-01-26 11-19-00.mkv",20250126,"11r_2025-01-26 11-19-00_11:19:00_20250126","11r",2025-01-26 10:19:00,2025-01-26 12:19:00,339.137394629161,82.5594048684725,89.0162585334306,-0.616281579536423,-35.310333499093,324.689666500907,124.326592032524,-2.16990837875129
"dome","11:19:00",NA,5,"11r_2025-01-26 11-19-00_waggle_annotations.csv",-0.0507818526799149,0.99870976937166,309.546728298152,233.364109528015,"",584,711,"",-21.27,"antisolar","20250126/2025-01-26 11-19-00.mkv",20250126,"11r_2025-01-26 11-19-00_11:19:00_20250126","11r",2025-01-26 10:19:00,2025-01-26 12:19:00,339.137394629161,82.5594048684725,89.0162585334306,-2.21021323993105,-126.635890471985,233.364109528015,144.347850994584,2.51934526803367
"dome","11:19:00",NA,6,"11r_2025-01-26 11-19-00_waggle_annotations.csv",-0.568431869955349,0.822730338093269,309.546728298152,265.094219213764,"",593,794,"",-21.27,"antisolar","20250126/2025-01-26 11-19-00.mkv",20250126,"11r_2025-01-26 11-19-00_11:19:00_20250126","11r",2025-01-26 10:19:00,2025-01-26 12:19:00,339.137394629161,82.5594048684725,89.0162585334306,-1.65641835389579,-94.905780786236,265.094219213764,176.077960680333,3.07314015406893
"dome","11:19:00",NA,7,"11r_2025-01-26 11-19-00_waggle_annotations.csv",-0.430472524881646,0.902603681203451,309.546728298152,255.950823195185,"",546,741,"",-21.27,"antisolar","20250126/2025-01-26 11-19-00.mkv",20250126,"11r_2025-01-26 11-19-00_11:19:00_20250126","11r",2025-01-26 10:19:00,2025-01-26 12:19:00,339.137394629161,82.5594048684725,89.0162585334306,-1.81600071923373,-104.049176804815,255.950823195185,166.934564661754,2.91355778873099
"dome","11:19:00",NA,8,"11r_2025-01-26 11-19-00_waggle_annotations.csv",-0.178885438199983,0.983869910099907,309.546728298152,240.758118170614,"",636,736,"",-21.27,"antisolar","20250126/2025-01-26 11-19-00.mkv",20250126,"11r_2025-01-26 11-19-00_11:19:00_20250126","11r",2025-01-26 10:19:00,2025-01-26 12:19:00,339.137394629161,82.5594048684725,89.0162585334306,-2.08116344419679,-119.241881829386,240.758118170614,151.741859637183,2.64839506376794
"dome","11:19:00",NA,9,"11r_2025-01-26 11-19-00_waggle_annotations.csv",-0.0107520666114094,0.999942194861075,309.546728298152,231.069331610247,"",639,774,"",-21.27,"antisolar","20250126/2025-01-26 11-19-00.mkv",20250126,"11r_2025-01-26 11-19-00_11:19:00_20250126","11r",2025-01-26 10:19:00,2025-01-26 12:19:00,339.137394629161,82.5594048684725,89.0162585334306,-2.25026467019817,-128.930668389753,231.069331610247,142.053073076816,2.47929383776656
"dome","11:19:00",NA,10,"11r_2025-01-26 11-19-00_waggle_annotations.csv",-1,0,309.546728298152,320.453271701848,"",709,761,"",-21.27,"antisolar","20250126/2025-01-26 11-19-00.mkv",20250126,"11r_2025-01-26 11-19-00_11:19:00_20250126","11r",2025-01-26 10:19:00,2025-01-26 12:19:00,339.137394629161,82.5594048684725,89.0162585334306,-0.690220617194367,-39.546728298152,320.453271701848,128.562986831583,-2.24384741640923
"dome","11:19:00",NA,11,"11r_2025-01-26 11-19-00_waggle_annotations.csv",-0.224041299098726,0.974579651079456,309.546728298152,243.399781217485,"",652,699,"",-21.27,"antisolar","20250126/2025-01-26 11-19-00.mkv",20250126,"11r_2025-01-26 11-19-00_11:19:00_20250126","11r",2025-01-26 10:19:00,2025-01-26 12:19:00,339.137394629161,82.5594048684725,89.0162585334306,-2.03505772630062,-116.600218782515,243.399781217485,154.383522684054,2.6945007816641
"dome","11:19:00",NA,12,"11r_2025-01-26 11-19-00_waggle_annotations.csv",0.997951740916151,0.063971265443343,309.546728298152,144.121059757379,"",621,734,"",-21.27,"antisolar","20250126/2025-01-26 11-19-00.mkv",20250126,"11r_2025-01-26 11-19-00_11:19:00_20250126","11r",2025-01-26 10:19:00,2025-01-26 12:19:00,339.137394629161,82.5594048684725,89.0162585334306,2.51538701422976,144.121059757379,144.121059757379,55.1048012239484,0.961760215014901
"dome","11:19:00",NA,13,"11r_2025-01-26 11-19-00_waggle_annotations.csv",0.633237790257263,-0.773957299203321,309.546728298152,89.742678564348,"",647,742,"",-21.27,"antisolar","20250126/2025-01-26 11-19-00.mkv",20250126,"11r_2025-01-26 11-19-00_11:19:00_20250126","11r",2025-01-26 10:19:00,2025-01-26 12:19:00,339.137394629161,82.5594048684725,89.0162585334306,1.56630522050681,89.742678564348,89.742678564348,0.726420030917438,0.0126784212919483
"dome","11:19:00",NA,14,"11r_2025-01-26 11-19-00_waggle_annotations.csv",-0.832050294337844,0.554700196225229,309.546728298152,286.763204175868,"",620,655,"",-21.27,"antisolar","20250126/2025-01-26 11-19-00.mkv",20250126,"11r_2025-01-26 11-19-00_11:19:00_20250126","11r",2025-01-26 10:19:00,2025-01-26 12:19:00,339.137394629161,82.5594048684725,89.0162585334306,-1.27822322074194,-73.236795824132,286.763204175868,162.253054357563,-2.8318500199568
"dome","11:19:00",NA,15,"11r_2025-01-26 11-19-00_waggle_annotations.csv",0.0363396181071429,0.999339497946432,309.546728298152,228.370706422117,"",598,716,"",-21.27,"antisolar","20250126/2025-01-26 11-19-00.mkv",20250126,"11r_2025-01-26 11-19-00_11:19:00_20250126","11r",2025-01-26 10:19:00,2025-01-26 12:19:00,339.137394629161,82.5594048684725,89.0162585334306,-2.29736456500829,-131.629293577883,228.370706422117,139.354447888686,2.43219394295644
"dome","11:19:00",NA,16,"11r_2025-01-26 11-19-00_waggle_annotations.csv",-0.626033524231732,0.779796144218473,309.546728298152,269.211357354433,"",597,763,"",-21.27,"antisolar","20250126/2025-01-26 11-19-00.mkv",20250126,"11r_2025-01-26 11-19-00_11:19:00_20250126","11r",2025-01-26 10:19:00,2025-01-26 12:19:00,339.137394629161,82.5594048684725,89.0162585334306,-1.58456073758168,-90.788642645567,269.211357354433,179.804901178998,-3.13818753679654
"dome","11:19:00",NA,17,"11r_2025-01-26 11-19-00_waggle_annotations.csv",-0.999815140029847,-0.0192272142313432,309.546728298152,321.554977817054,"",612,778,"",-21.27,"antisolar","20250126/2025-01-26 11-19-00.mkv",20250126,"11r_2025-01-26 11-19-00_11:19:00_20250126","11r",2025-01-26 10:19:00,2025-01-26 12:19:00,339.137394629161,82.5594048684725,89.0162585334306,-0.670992218094665,-38.445022182946,321.554977817054,127.461280716377,-2.22461901730953
"dome","11:19:00",NA,18,"11r_2025-01-26 11-19-00_waggle_annotations.csv",0.0830454798537399,0.99654575824488,309.546728298152,225.689630011122,"",581,791,"",-21.27,"antisolar","20250126/2025-01-26 11-19-00.mkv",20250126,"11r_2025-01-26 11-19-00_11:19:00_20250126","11r",2025-01-26 10:19:00,2025-01-26 12:19:00,339.137394629161,82.5594048684725,89.0162585334306,-2.3441581758777,-134.310369988878,225.689630011122,136.673371477691,2.38540033208702
"dome","11:19:00",NA,19,"11r_2025-01-26 11-19-00_waggle_annotations.csv",-0.851658316704544,0.524097425664335,309.546728298152,288.845769455599,"",610,755,"",-21.27,"antisolar","20250126/2025-01-26 11-19-00.mkv",20250126,"11r_2025-01-26 11-19-00_11:19:00_20250126","11r",2025-01-26 10:19:00,2025-01-26 12:19:00,339.137394629161,82.5594048684725,89.0162585334306,-1.24187559972291,-71.154230544401,288.845769455599,160.170489077832,-2.79550239893778
"dome","11:19:00",NA,20,"11r_2025-01-26 11-19-00_waggle_annotations.csv",-0.115880699560178,0.993263139087243,309.546728298152,237.107696747854,"",577,775,"",-21.27,"antisolar","20250126/2025-01-26 11-19-00.mkv",20250126,"11r_2025-01-26 11-19-00_11:19:00_20250126","11r",2025-01-26 10:19:00,2025-01-26 12:19:00,339.137394629161,82.5594048684725,89.0162585334306,-2.14487531710928,-122.892303252146,237.107696747854,148.091438214423,2.58468319085544
"dome","11:19:00",NA,21,"11r_2025-01-26 11-19-00_waggle_annotations.csv",-0.999200958721789,-0.0399680383488715,309.546728298152,322.743881744486,"",609,782,"",-21.27,"antisolar","20250126/2025-01-26 11-19-00.mkv",20250126,"11r_2025-01-26 11-19-00_11:19:00_20250126","11r",2025-01-26 10:19:00,2025-01-26 12:19:00,339.137394629161,82.5594048684725,89.0162585334306,-0.650241930071086,-37.256118255514,322.743881744486,126.272376788945,-2.20386872928595
"dome","11:19:00",NA,22,"11r_2025-01-26 11-19-00_waggle_annotations.csv",0.107481842980092,0.994207047565849,309.546728298152,224.283096606818,"",578,770,"",-21.27,"antisolar","20250126/2025-01-26 11-19-00.mkv",20250126,"11r_2025-01-26 11-19-00_11:19:00_20250126","11r",2025-01-26 10:19:00,2025-01-26 12:19:00,339.137394629161,82.5594048684725,89.0162585334306,-2.36870681482209,-135.716903393182,224.283096606818,135.266838073387,2.36085169314263
"dome","11:19:00",NA,23,"11r_2025-01-26 11-19-00_waggle_annotations.csv",-0.453246676376341,0.891385130206804,309.546728298152,257.405450633077,"",641,838,"",-21.27,"antisolar","20250126/2025-01-26 11-19-00.mkv",20250126,"11r_2025-01-26 11-19-00_11:19:00_20250126","11r",2025-01-26 10:19:00,2025-01-26 12:19:00,339.137394629161,82.5594048684725,89.0162585334306,-1.79061268105267,-102.594549366923,257.405450633077,168.389192099646,2.93894582691205
"dome","11:19:00",NA,24,"11r_2025-01-26 11-19-00_waggle_annotations.csv",0,-1,309.546728298152,50.4532717018477,"",641,788,"",-21.27,"antisolar","20250126/2025-01-26 11-19-00.mkv",20250126,"11r_2025-01-26 11-19-00_11:19:00_20250126","11r",2025-01-26 10:19:00,2025-01-26 12:19:00,339.137394629161,82.5594048684725,89.0162585334306,0.880575709600525,50.4532717018477,50.4532717018477,38.5629868315829,-0.673051089614337
"dome","11:19:00",NA,25,"11r_2025-01-26 11-19-00_waggle_annotations.csv",0.738685363440212,0.674050394139193,309.546728298152,182.833722906453,"",608,743,"",-21.27,"antisolar","20250126/2025-01-26 11-19-00.mkv",20250126,"11r_2025-01-26 11-19-00_11:19:00_20250126","11r",2025-01-26 10:19:00,2025-01-26 12:19:00,339.137394629161,82.5594048684725,89.0162585334306,-3.09213485878301,-177.166277093547,182.833722906453,93.8174643730224,1.63742364918172
"dome","11:21:01",NA,1,"88y_2025-01-26 11-21-01_waggle_annotations.csv",0.998889357484003,0.0471174225228303,308.124446869312,144.576182468083,"",515,826,"",-21.27,"antisolar","20250126/2025-01-26 11-21-01.mkv",20250126,"88y_2025-01-26 11-21-01_11:21:01_20250126","88y",2025-01-26 10:21:01,2025-01-26 12:21:01,335.743657970335,82.3846059975764,92.4099951922566,2.52333040403215,144.576182468083,144.576182468083,52.1661872758264,0.910471726175142
"dome","11:21:01",NA,2,"88y_2025-01-26 11-21-01_waggle_annotations.csv",0.164398987305357,-0.986393923832144,308.124446869312,61.3378753387136,"",539,804,"",-21.27,"antisolar","20250126/2025-01-26 11-21-01.mkv",20250126,"88y_2025-01-26 11-21-01_11:21:01_20250126","88y",2025-01-26 10:21:01,2025-01-26 12:21:01,335.743657970335,82.3846059975764,92.4099951922566,1.07054788083838,61.3378753387136,61.3378753387136,31.072119853543,-0.542310797018624
"dome","11:21:01",NA,3,"88y_2025-01-26 11-21-01_waggle_annotations.csv",-0.435560928104281,-0.900159251415514,308.124446869312,26.0545611564987,"",593,769,"",-21.27,"antisolar","20250126/2025-01-26 11-21-01.mkv",20250126,"88y_2025-01-26 11-21-01_11:21:01_20250126","88y",2025-01-26 10:21:01,2025-01-26 12:21:01,335.743657970335,82.3846059975764,92.4099951922566,0.454737877343124,26.0545611564987,26.0545611564987,66.3554340357579,-1.15812080051388
"dome","11:21:01",NA,4,"88y_2025-01-26 11-21-01_waggle_annotations.csv",0.404926158272049,0.914349389646562,308.124446869312,207.989053209053,"",573,733,"",-21.27,"antisolar","20250126/2025-01-26 11-21-01.mkv",20250126,"88y_2025-01-26 11-21-01_11:21:01_20250126","88y",2025-01-26 10:21:01,2025-01-26 12:21:01,335.743657970335,82.3846059975764,92.4099951922566,-2.65309152057593,-152.010946790947,207.989053209053,115.579058016796,2.01723510874664
"dome","11:21:01",NA,5,"88y_2025-01-26 11-21-01_waggle_annotations.csv",0.0339939468968569,-0.999422038767594,308.124446869312,53.8236381372029,"",611,787,"",-21.27,"antisolar","20250126/2025-01-26 11-21-01.mkv",20250126,"88y_2025-01-26 11-21-01_11:21:01_20250126","88y",2025-01-26 10:21:01,2025-01-26 12:21:01,335.743657970335,82.3846059975764,92.4099951922566,0.939399700896178,53.8236381372029,53.8236381372029,38.5863570550537,-0.67345897696083
"dome","11:21:01",NA,6,"88y_2025-01-26 11-21-01_waggle_annotations.csv",-0.0363396181071429,-0.999339497946432,308.124446869312,49.7929878509571,"",595,839,"",-21.27,"antisolar","20250126/2025-01-26 11-21-01.mkv",20250126,"88y_2025-01-26 11-21-01_11:21:01_20250126","88y",2025-01-26 10:21:01,2025-01-26 12:21:01,335.743657970335,82.3846059975764,92.4099951922566,0.869051582404737,49.7929878509571,49.7929878509571,42.6170073412995,-0.743807095452271
"dome","11:21:01",NA,7,"88y_2025-01-26 11-21-01_waggle_annotations.csv",0.998553440723513,0.0537682621928045,308.124446869312,144.957733955216,"",560,788,"",-21.27,"antisolar","20250126/2025-01-26 11-21-01.mkv",20250126,"88y_2025-01-26 11-21-01_11:21:01_20250126","88y",2025-01-26 10:21:01,2025-01-26 12:21:01,335.743657970335,82.3846059975764,92.4099951922566,2.5299897337485,144.957733955216,144.957733955216,52.5477387629594,0.917131055891494
"dome","11:21:01",NA,8,"88y_2025-01-26 11-21-01_waggle_annotations.csv",0.996088368152386,0.0883626778199697,308.124446869312,146.9449732633,"",597,733,"",-21.27,"antisolar","20250126/2025-01-26 11-21-01.mkv",20250126,"88y_2025-01-26 11-21-01_11:21:01_20250126","88y",2025-01-26 10:21:01,2025-01-26 12:21:01,335.743657970335,82.3846059975764,92.4099951922566,2.56467360269962,146.9449732633,146.9449732633,54.5349780710434,0.951814924842613
"dome","11:21:01",NA,9,"88y_2025-01-26 11-21-01_waggle_annotations.csv",0.562624043306709,0.826712879960879,308.124446869312,197.63809035383,"",626,677,"",-21.27,"antisolar","20250126/2025-01-26 11-21-01.mkv",20250126,"88y_2025-01-26 11-21-01_11:21:01_20250126","88y",2025-01-26 10:21:01,2025-01-26 12:21:01,335.743657970335,82.3846059975764,92.4099951922566,-2.83374990315121,-162.36190964617,197.63809035383,105.228095161573,1.83657672617137
"dome","11:21:01",NA,10,"88y_2025-01-26 11-21-01_waggle_annotations.csv",0.0330398028653003,-0.999454036675335,308.124446869312,53.7689389764342,"",664,671,"",-21.27,"antisolar","20250126/2025-01-26 11-21-01.mkv",20250126,"88y_2025-01-26 11-21-01_11:21:01_20250126","88y",2025-01-26 10:21:01,2025-01-26 12:21:01,335.743657970335,82.3846059975764,92.4099951922566,0.938445020442687,53.7689389764342,53.7689389764342,38.6410562158224,-0.674413657414322
"dome","11:21:01",NA,11,"88y_2025-01-26 11-21-01_waggle_annotations.csv",-0.527362861778143,-0.849640166198119,308.124446869312,20.0481065540149,"",697,639,"",-21.27,"antisolar","20250126/2025-01-26 11-21-01.mkv",20250126,"88y_2025-01-26 11-21-01_11:21:01_20250126","88y",2025-01-26 10:21:01,2025-01-26 12:21:01,335.743657970335,82.3846059975764,92.4099951922566,0.349905468158214,20.0481065540149,20.0481065540149,72.3618886382417,-1.26295320969879
"dome","11:21:01",NA,12,"88y_2025-01-26 11-21-01_waggle_annotations.csv",0.0253083466454832,-0.999679692496588,308.124446869312,53.3257694216214,"",686,640,"",-21.27,"antisolar","20250126/2025-01-26 11-21-01.mkv",20250126,"88y_2025-01-26 11-21-01_11:21:01_20250126","88y",2025-01-26 10:21:01,2025-01-26 12:21:01,335.743657970335,82.3846059975764,92.4099951922566,0.930710252566606,53.3257694216214,53.3257694216214,39.0842257706352,-0.682148425290403
"dome","11:21:01",NA,13,"88y_2025-01-26 11-21-01_waggle_annotations.csv",-0.0539752580150004,0.998542273277508,308.124446869312,234.969611189605,"",630,700,"",-21.27,"antisolar","20250126/2025-01-26 11-21-01.mkv",20250126,"88y_2025-01-26 11-21-01_11:21:01_20250126","88y",2025-01-26 10:21:01,2025-01-26 12:21:01,335.743657970335,82.3846059975764,92.4099951922566,-2.18219194979007,-125.030388810395,234.969611189605,142.559615997348,2.48813467953251
"dome","11:21:01",NA,14,"88y_2025-01-26 11-21-01_waggle_annotations.csv",0.732793491626299,-0.680451099367278,308.124446869312,98.9966495273495,"",615,756,"",-21.27,"antisolar","20250126/2025-01-26 11-21-01.mkv",20250126,"88y_2025-01-26 11-21-01_11:21:01_20250126","88y",2025-01-26 10:21:01,2025-01-26 12:21:01,335.743657970335,82.3846059975764,92.4099951922566,1.72781748269514,98.9966495273495,98.9966495273495,6.58665433509289,0.114958804838129
"dome","11:21:01",NA,15,"88y_2025-01-26 11-21-01_waggle_annotations.csv",0.997606892616086,-0.0691410717654712,308.124446869312,137.910898407832,"",603,760,"",-21.27,"antisolar","20250126/2025-01-26 11-21-01.mkv",20250126,"88y_2025-01-26 11-21-01_11:21:01_20250126","88y",2025-01-26 10:21:01,2025-01-26 12:21:01,335.743657970335,82.3846059975764,92.4099951922566,2.40699925160007,137.910898407832,137.910898407832,45.5009032155754,0.794140573743066
"dome","11:21:01",NA,16,"88y_2025-01-26 11-21-01_waggle_annotations.csv",0,1,308.124446869312,231.875553130688,"",646,738,"",-21.27,"antisolar","20250126/2025-01-26 11-21-01.mkv",20250126,"88y_2025-01-26 11-21-01_11:21:01_20250126","88y",2025-01-26 10:21:01,2025-01-26 12:21:01,335.743657970335,82.3846059975764,92.4099951922566,-2.23619345016604,-128.124446869312,231.875553130688,139.465557938431,2.43413317915654
"dome","11:21:01",NA,17,"88y_2025-01-26 11-21-01_waggle_annotations.csv",-0.880471099922175,-0.474099823035017,308.124446869312,350.176308896694,"",675,726,"",-21.27,"antisolar","20250126/2025-01-26 11-21-01.mkv",20250126,"88y_2025-01-26 11-21-01_11:21:01_20250126","88y",2025-01-26 10:21:01,2025-01-26 12:21:01,335.743657970335,82.3846059975764,92.4099951922566,-0.171455754451565,-9.82369110330602,350.176308896694,102.233686295563,-1.78431443230857
"dome","11:21:01",NA,18,"88y_2025-01-26 11-21-01_waggle_annotations.csv",0.989586439284511,-0.143939845714111,308.124446869312,133.599660303613,"",646,696,"",-21.27,"antisolar","20250126/2025-01-26 11-21-01.mkv",20250126,"88y_2025-01-26 11-21-01_11:21:01_20250126","88y",2025-01-26 10:21:01,2025-01-26 12:21:01,335.743657970335,82.3846059975764,92.4099951922566,2.33175395184401,133.599660303613,133.599660303613,41.1896651113564,0.718895273987006
"dome","11:21:01",NA,19,"88y_2025-01-26 11-21-01_waggle_annotations.csv",0.989949493661166,-0.14142135623731,308.124446869312,133.745450776532,"",641,749,"",-21.27,"antisolar","20250126/2025-01-26 11-21-01.mkv",20250126,"88y_2025-01-26 11-21-01_11:21:01_20250126","88y",2025-01-26 10:21:01,2025-01-26 12:21:01,335.743657970335,82.3846059975764,92.4099951922566,2.33429847561449,133.745450776532,133.745450776532,41.3354555842754,0.721439797757482
"dome","11:25:38",NA,1,"20y_2025-01-26 11-25-38_waggle_annotations.csv",0.966350231258751,-0.257229917673193,356.627306702636,78.4669347738088,"",526,685,"",-21.27,"antisolar","20250126/2025-01-26 11-25-38.mkv",20250126,"20y_2025-01-26 11-25-38_11:25:38_20250126","20y",2025-01-26 10:25:38,2025-01-26 12:25:38,328.577708661248,81.8970557982404,99.5759445013436,1.3695063657506,78.4669347738088,78.4669347738088,21.1090097275348,-0.368421721580993
"dome","11:25:38",NA,2,"20y_2025-01-26 11-25-38_waggle_annotations.csv",0.922312893571006,0.386443949820254,356.627306702636,116.106105024051,"",669,703,"",-21.27,"antisolar","20250126/2025-01-26 11-25-38.mkv",20250126,"20y_2025-01-26 11-25-38_11:25:38_20250126","20y",2025-01-26 10:25:38,2025-01-26 12:25:38,328.577708661248,81.8970557982404,99.5759445013436,2.02643381433602,116.106105024051,116.106105024051,16.5301605227074,0.288505727004432
"dome","11:25:38",NA,3,"20y_2025-01-26 11-25-38_waggle_annotations.csv",0.624695047554424,-0.78086880944303,356.627306702636,42.0325015514538,"",742,628,"",-21.27,"antisolar","20250126/2025-01-26 11-25-38.mkv",20250126,"20y_2025-01-26 11-25-38_11:25:38_20250126","20y",2025-01-26 10:25:38,2025-01-26 12:25:38,328.577708661248,81.8970557982404,99.5759445013436,0.733605544922494,42.0325015514538,42.0325015514538,57.5434429498898,-1.00432254240909
"dome","11:25:38",NA,4,"20y_2025-01-26 11-25-38_waggle_annotations.csv",0.90443159251151,-0.426618675712976,356.627306702636,68.1195299027899,"",721,719,"",-21.27,"antisolar","20250126/2025-01-26 11-25-38.mkv",20250126,"20y_2025-01-26 11-25-38_11:25:38_20250126","20y",2025-01-26 10:25:38,2025-01-26 12:25:38,328.577708661248,81.8970557982404,99.5759445013436,1.18891008171442,68.1195299027899,68.1195299027899,31.4564145985537,-0.549018005617172
"dome","11:45:10",NA,1,"84b_2025-01-26 11-45-10_waggle_annotations.csv",0.138829389726287,0.990316313380844,281.73890671667,250.280979538162,"",479,750,"",-21.27,"solar","20250126/2025-01-26 11-45-10.mkv",20250126,"84b_2025-01-26 11-45-10_11:45:10_20250126","84b",2025-01-26 10:45:10,2025-01-26 12:45:10,307.0935556026,78.8953503044597,121.060097559992,-1.9149581591221,-109.719020461838,250.280979538162,129.22088197817,2.25532985285007
"dome","11:45:10",NA,2,"84b_2025-01-26 11-45-10_waggle_annotations.csv",-0.162010149383469,0.986789091699308,281.73890671667,267.584685061468,"",508,743,"",-21.27,"solar","20250126/2025-01-26 11-45-10.mkv",20250126,"84b_2025-01-26 11-45-10_11:45:10_20250126","84b",2025-01-26 10:45:10,2025-01-26 12:45:10,307.0935556026,78.8953503044597,121.060097559992,-1.61295152494488,-92.415314938532,267.584685061468,146.524587501476,2.55733648702729
"dome","11:45:10",NA,3,"84b_2025-01-26 11-45-10_waggle_annotations.csv",0.0238027779462889,0.999716673744136,281.73890671667,256.897165751727,"",494,764,"",-21.27,"solar","20250126/2025-01-26 11-45-10.mkv",20250126,"84b_2025-01-26 11-45-10_11:45:10_20250126","84b",2025-01-26 10:45:10,2025-01-26 12:45:10,307.0935556026,78.8953503044597,121.060097559992,-1.79948392577034,-103.102834248273,256.897165751727,135.837068191735,2.37080408620184
"dome","14:34:55",NA,1,"22b_2025-01-26 14-34-55_waggle_annotations.csv",0.149252692330051,-0.988799086686588,107.447988167657,261.135633312457,"",746,732,"",-21.27,"antisolar","20250126/2025-01-26 14-34-55.mkv",20250126,"22b_2025-01-26 14-34-55_14:34:55_20250126","22b",2025-01-26 13:34:55,2025-01-26 15:34:55,267.400659095434,41.8264603609161,160.752994067158,-1.72550871159663,-98.864366687543,261.135633312457,100.382639245299,1.75200756667214
"dome","14:34:55",NA,2,"22b_2025-01-26 14-34-55_waggle_annotations.csv",-0.0447313009438164,-0.998999054411902,107.447988167657,249.988241620878,"",696,743,"",-21.27,"antisolar","20250126/2025-01-26 14-34-55.mkv",20250126,"22b_2025-01-26 14-34-55_14:34:55_20250126","22b",2025-01-26 13:34:55,2025-01-26 15:34:55,267.400659095434,41.8264603609161,160.752994067158,-1.92006739962414,-110.011758379122,249.988241620878,89.2352475537198,1.55744887864463
"dome","14:34:55",NA,3,"22b_2025-01-26 14-34-55_waggle_annotations.csv",0.229039333725547,-0.973417168333576,107.447988167657,265.79253174753,"",750,779,"",-21.27,"antisolar","20250126/2025-01-26 14-34-55.mkv",20250126,"22b_2025-01-26 14-34-55_14:34:55_20250126","22b",2025-01-26 13:34:55,2025-01-26 15:34:55,267.400659095434,41.8264603609161,160.752994067158,-1.64423050097363,-94.20746825247,265.79253174753,105.039537680372,1.83328577729513
"dome","14:36:24",NA,1,"84b_2025-01-26 14-36-24_waggle_annotations.csv",0.998580804677827,-0.0532576429161507,110.578915217679,336.368202267529,"",701,747,"",-21.27,"antisolar","20250126/2025-01-26 14-36-24.mkv",20250126,"84b_2025-01-26 14-36-24_14:36:24_20250126","84b",2025-01-26 13:36:24,2025-01-26 15:36:24,267.254815357409,41.4924920293618,160.898837805183,-0.412452678596949,-23.631797732471,336.368202267529,175.469364462346,3.06251814624986
"dome","14:36:24",NA,2,"84b_2025-01-26 14-36-24_waggle_annotations.csv",0,1,110.578915217679,69.421084782321,"",695,759,"",-21.27,"antisolar","20250126/2025-01-26 14-36-24.mkv",20250126,"84b_2025-01-26 14-36-24_14:36:24_20250126","84b",2025-01-26 13:36:24,2025-01-26 15:36:24,267.254815357409,41.4924920293618,160.898837805183,1.21162649975763,69.421084782321,69.421084782321,91.4777530228622,-1.59658798257514
"dome","14:36:24",NA,3,"84b_2025-01-26 14-36-24_waggle_annotations.csv",0.257662650560332,-0.966234939601246,110.578915217679,264.352501960459,"",715,758,"",-21.27,"antisolar","20250126/2025-01-26 14-36-24.mkv",20250126,"84b_2025-01-26 14-36-24_14:36:24_20250126","84b",2025-01-26 13:36:24,2025-01-26 15:36:24,267.254815357409,41.4924920293618,160.898837805183,-1.66936376208481,-95.647498039541,264.352501960459,103.453664155276,1.805607062762
"dome","14:36:24",NA,4,"84b_2025-01-26 14-36-24_waggle_annotations.csv",-0.754605522163505,-0.656178714924787,110.578915217679,200.430171683891,"",585,759,"",-21.27,"antisolar","20250126/2025-01-26 14-36-24.mkv",20250126,"84b_2025-01-26 14-36-24_14:36:24_20250126","84b",2025-01-26 13:36:24,2025-01-26 15:36:24,267.254815357409,41.4924920293618,160.898837805183,-2.78501889095818,-159.569828316109,200.430171683891,39.5313338787078,0.689951933888632
"dome","14:36:24",NA,5,"84b_2025-01-26 14-36-24_waggle_annotations.csv",0.994743298890183,0.102400045473989,110.578915217679,345.298477388964,"",705,794,"",-21.27,"antisolar","20250126/2025-01-26 14-36-24.mkv",20250126,"84b_2025-01-26 14-36-24_14:36:24_20250126","84b",2025-01-26 13:36:24,2025-01-26 15:36:24,267.254815357409,41.4924920293618,160.898837805183,-0.256589974618972,-14.701522611036,345.298477388964,175.600360416219,-3.06480445695175
"dome","14:36:24",NA,6,"84b_2025-01-26 14-36-24_waggle_annotations.csv",0.032241294010958,0.9994801143397,110.578915217679,67.5734745163264,"",752,756,"",-21.27,"antisolar","20250126/2025-01-26 14-36-24.mkv",20250126,"84b_2025-01-26 14-36-24_14:36:24_20250126","84b",2025-01-26 13:36:24,2025-01-26 15:36:24,267.254815357409,41.4924920293618,160.898837805183,1.17937961732238,67.5734745163264,67.5734745163264,93.3253632888568,-1.6288348650104
"dome","14:36:24",NA,7,"84b_2025-01-26 14-36-24_waggle_annotations.csv",-0.0399680383488715,0.999200958721789,110.578915217679,71.7116948249595,"",736,810,"",-21.27,"antisolar","20250126/2025-01-26 14-36-24.mkv",20250126,"84b_2025-01-26 14-36-24_14:36:24_20250126","84b",2025-01-26 13:36:24,2025-01-26 15:36:24,267.254815357409,41.4924920293618,160.898837805183,1.25160518688092,71.7116948249595,71.7116948249595,89.1871429802237,-1.55660929545185
"dome","14:36:24",NA,8,"84b_2025-01-26 14-36-24_waggle_annotations.csv",0,1,110.578915217679,69.421084782321,"",738,826,"",-21.27,"antisolar","20250126/2025-01-26 14-36-24.mkv",20250126,"84b_2025-01-26 14-36-24_14:36:24_20250126","84b",2025-01-26 13:36:24,2025-01-26 15:36:24,267.254815357409,41.4924920293618,160.898837805183,1.21162649975763,69.421084782321,69.421084782321,91.4777530228622,-1.59658798257514
"dome","14:36:24",NA,9,"84b_2025-01-26 14-36-24_waggle_annotations.csv",-0.371390676354104,0.928476690885259,110.578915217679,91.2224942686728,"",713,769,"",-21.27,"antisolar","20250126/2025-01-26 14-36-24.mkv",20250126,"84b_2025-01-26 14-36-24_14:36:24_20250126","84b",2025-01-26 13:36:24,2025-01-26 15:36:24,267.254815357409,41.4924920293618,160.898837805183,1.59213287687,91.2224942686728,91.2224942686728,69.6763435365104,-1.21608160546278
"dome","14:36:24",NA,10,"84b_2025-01-26 14-36-24_waggle_annotations.csv",-0.360994102557712,0.93256809827409,110.578915217679,90.5823445991493,"",714,766,"",-21.27,"antisolar","20250126/2025-01-26 14-36-24.mkv",20250126,"84b_2025-01-26 14-36-24_14:36:24_20250126","84b",2025-01-26 13:36:24,2025-01-26 15:36:24,267.254815357409,41.4924920293618,160.898837805183,1.58096015743126,90.5823445991493,90.5823445991493,70.3164932060339,-1.22725432490152
"dome","14:36:24",NA,11,"84b_2025-01-26 14-36-24_waggle_annotations.csv",-0.934487734928968,-0.355995327591988,110.578915217679,180.275542821899,"",723,767,"",-21.27,"antisolar","20250126/2025-01-26 14-36-24.mkv",20250126,"84b_2025-01-26 14-36-24_14:36:24_20250126","84b",2025-01-26 13:36:24,2025-01-26 15:36:24,267.254815357409,41.4924920293618,160.898837805183,-3.13678352411742,-179.724457178101,180.275542821899,19.3767050167158,0.338187300729393
"dome","14:36:24",NA,12,"84b_2025-01-26 14-36-24_waggle_annotations.csv",0.076696498884737,0.997054485501582,110.578915217679,65.0223794273255,"",742,726,"",-21.27,"antisolar","20250126/2025-01-26 14-36-24.mkv",20250126,"84b_2025-01-26 14-36-24_14:36:24_20250126","84b",2025-01-26 13:36:24,2025-01-26 15:36:24,267.254815357409,41.4924920293618,160.898837805183,1.13485460848786,65.0223794273255,65.0223794273255,95.8764583778577,-1.67335987384492
"dome","14:38:46",NA,1,"90r_2025-01-26 14-38-46_waggle_annotations.csv",0.840715189857334,0.541477579908113,110.422340307948,12.3619405579214,"",617,779,"",-21.27,"antisolar","20250126/2025-01-26 14-38-46.mkv",20250126,"90r_2025-01-26 14-38-46_14:38:46_20250126","90r",2025-01-26 13:38:46,2025-01-26 15:38:46,267.023318243117,40.9597342942727,161.130334919474,0.215756564671553,12.3619405579214,12.3619405579214,148.768394361553,-2.59649830451447
"dome","14:38:46",NA,2,"90r_2025-01-26 14-38-46_waggle_annotations.csv",0.39054984685617,-0.920581781875257,110.422340307948,272.566376494133,"",743,775,"",-21.27,"antisolar","20250126/2025-01-26 14-38-46.mkv",20250126,"90r_2025-01-26 14-38-46_14:38:46_20250126","90r",2025-01-26 13:38:46,2025-01-26 15:38:46,267.023318243117,40.9597342942727,161.130334919474,-1.52600460712649,-87.433623505867,272.566376494133,111.436041574659,1.94492583086708
"dome","14:38:46",NA,3,"90r_2025-01-26 14-38-46_waggle_annotations.csv",-0.0854011413464358,0.996346649041751,110.422340307948,74.47675214584,"",646,763,"",-21.27,"antisolar","20250126/2025-01-26 14-38-46.mkv",20250126,"90r_2025-01-26 14-38-46_14:38:46_20250126","90r",2025-01-26 13:38:46,2025-01-26 15:38:46,267.023318243117,40.9597342942727,161.130334919474,1.29986454113666,74.47675214584,74.47675214584,86.6535827736344,-1.51239032804936
"dome","14:38:46",NA,4,"90r_2025-01-26 14-38-46_waggle_annotations.csv",0.974924232936238,0.222537053170228,110.422340307948,352.43574986505,"",729,792,"",-21.27,"antisolar","20250126/2025-01-26 14-38-46.mkv",20250126,"90r_2025-01-26 14-38-46_14:38:46_20250126","90r",2025-01-26 13:38:46,2025-01-26 15:38:46,267.023318243117,40.9597342942727,161.130334919474,-0.132021070299303,-7.56425013495003,352.43574986505,168.694585054424,-2.94427593948532
"dome","14:38:46",NA,5,"90r_2025-01-26 14-38-46_waggle_annotations.csv",0.329372156318294,-0.944200181445776,110.422340307948,268.808332067714,"",717,741,"",-21.27,"antisolar","20250126/2025-01-26 14-38-46.mkv",20250126,"90r_2025-01-26 14-38-46_14:38:46_20250126","90r",2025-01-26 13:38:46,2025-01-26 15:38:46,267.023318243117,40.9597342942727,161.130334919474,-1.59159485580372,-91.1916679322861,268.808332067714,107.67799714824,1.87933558218984
"dome","14:38:46",NA,6,"90r_2025-01-26 14-38-46_waggle_annotations.csv",-0.0565133120226557,0.998401845733585,110.422340307948,72.8173599881544,"",729,806,"",-21.27,"antisolar","20250126/2025-01-26 14-38-46.mkv",20250126,"90r_2025-01-26 14-38-46_14:38:46_20250126","90r",2025-01-26 13:38:46,2025-01-26 15:38:46,267.023318243117,40.9597342942727,161.130334919474,1.27090268440327,72.8173599881544,72.8173599881544,88.31297493132,-1.54135218478275
"dome","14:38:46",NA,7,"90r_2025-01-26 14-38-46_waggle_annotations.csv",0,1,110.422340307948,69.5776596920523,"",713,773,"",-21.27,"antisolar","20250126/2025-01-26 14-38-46.mkv",20250126,"90r_2025-01-26 14-38-46_14:38:46_20250126","90r",2025-01-26 13:38:46,2025-01-26 15:38:46,267.023318243117,40.9597342942727,161.130334919474,1.21435924745846,69.5776596920523,69.5776596920523,91.5526752274221,-1.59789562172756
"dome","14:38:46",NA,8,"90r_2025-01-26 14-38-46_waggle_annotations.csv",0.586509812151843,0.809942121543021,110.422340307948,33.6679366128746,"",658,750,"",-21.27,"antisolar","20250126/2025-01-26 14-38-46.mkv",20250126,"90r_2025-01-26 14-38-46_14:38:46_20250126","90r",2025-01-26 13:38:46,2025-01-26 15:38:46,267.023318243117,40.9597342942727,161.130334919474,0.587616346247409,33.6679366128746,33.6679366128746,127.4623983066,-2.22463852293861
"dome","14:38:46",NA,9,"90r_2025-01-26 14-38-46_waggle_annotations.csv",0.267643863786095,0.96351790962994,110.422340307948,54.0535486952981,"",690,756,"",-21.27,"antisolar","20250126/2025-01-26 14-38-46.mkv",20250126,"90r_2025-01-26 14-38-46_14:38:46_20250126","90r",2025-01-26 13:38:46,2025-01-26 15:38:46,267.023318243117,40.9597342942727,161.130334919474,0.943412397120037,54.0535486952981,54.0535486952981,107.076786224176,-1.86884247206598
"dome","15:07:34",NA,1,"73b_2025-01-26 15-07-34_waggle_annotations.csv",0.912113164785755,-0.409938501027306,225.93101913125,199.868009277592,"",670,300,"",-21.27,"antisolar","20250126/2025-01-26 15-07-34.mkv",20250126,"73b_2025-01-26 15-07-34_15:07:34_20250126","73b",2025-01-26 14:07:34,2025-01-26 16:07:34,264.298896279486,34.4884873560837,163.854756883106,-2.79483047587903,-160.131990722408,199.868009277592,36.013252394486,0.628549828635513
"dome","15:07:34",NA,2,"73b_2025-01-26 15-07-34_waggle_annotations.csv",-0.8,0.6,225.93101913125,7.19908322290615,"",666,361,"",-21.27,"antisolar","20250126/2025-01-26 15-07-34.mkv",20250126,"73b_2025-01-26 15-07-34_15:07:34_20250126","73b",2025-01-26 14:07:34,2025-01-26 16:07:34,264.298896279486,34.4884873560837,163.854756883106,0.125647705364797,7.19908322290615,7.19908322290615,156.6556736602,-2.73415729730024
"dome","15:07:34",NA,3,"73b_2025-01-26 15-07-34_waggle_annotations.csv",0.152057184253941,0.988371697650617,225.93101913125,305.322818606195,"",614,461,"",-21.27,"antisolar","20250126/2025-01-26 15-07-34.mkv",20250126,"73b_2025-01-26 15-07-34_15:07:34_20250126","73b",2025-01-26 14:07:34,2025-01-26 16:07:34,264.298896279486,34.4884873560837,163.854756883106,-0.954296841032079,-54.677181393805,305.322818606195,141.468061723089,2.46908346348247
"dome","15:07:34",NA,4,"73b_2025-01-26 15-07-34_waggle_annotations.csv",0.256212647338981,-0.96662044223343,225.93101913125,148.914432950834,"",682,395,"",-21.27,"antisolar","20250126/2025-01-26 15-07-34.mkv",20250126,"73b_2025-01-26 15-07-34_15:07:34_20250126","73b",2025-01-26 14:07:34,2025-01-26 16:07:34,264.298896279486,34.4884873560837,163.854756883106,2.59904715873239,148.914432950834,148.914432950834,14.940323932272,-0.260757843932652
"dome","15:07:34",NA,5,"73b_2025-01-26 15-07-34_waggle_annotations.csv",0.712740828094453,-0.701427481616763,225.93101913125,179.527337326751,"",642,334,"",-21.27,"antisolar","20250126/2025-01-26 15-07-34.mkv",20250126,"73b_2025-01-26 15-07-34_15:07:34_20250126","73b",2025-01-26 14:07:34,2025-01-26 16:07:34,264.298896279486,34.4884873560837,163.854756883106,3.13334313369032,179.527337326751,179.527337326751,15.672580443645,0.273538131025279
"dome","15:07:34",NA,6,"73b_2025-01-26 15-07-34_waggle_annotations.csv",-0.521450009453975,0.853281833651959,225.93101913125,345.498546483589,"",657,308,"",-21.27,"antisolar","20250126/2025-01-26 15-07-34.mkv",20250126,"73b_2025-01-26 15-07-34_15:07:34_20250126","73b",2025-01-26 14:07:34,2025-01-26 16:07:34,264.298896279486,34.4884873560837,163.854756883106,-0.253098110186282,-14.501453516411,345.498546483589,178.356210399517,-3.11290311285132
"dome","15:07:34",NA,7,"73b_2025-01-26 15-07-34_waggle_annotations.csv",0.0123447382816693,0.999923800815221,225.93101913125,313.361661500206,"",669,272,"",-21.27,"antisolar","20250126/2025-01-26 15-07-34.mkv",20250126,"73b_2025-01-26 15-07-34_15:07:34_20250126","73b",2025-01-26 14:07:34,2025-01-26 16:07:34,264.298896279486,34.4884873560837,163.854756883106,-0.813992564481038,-46.638338499794,313.361661500206,149.5069046171,2.60938774003351
"dome","15:07:34",NA,8,"73b_2025-01-26 15-07-34_waggle_annotations.csv",0.127971337630197,0.991777866634025,225.93101913125,306.716601508858,"",638,353,"",-21.27,"antisolar","20250126/2025-01-26 15-07-34.mkv",20250126,"73b_2025-01-26 15-07-34_15:07:34_20250126","73b",2025-01-26 14:07:34,2025-01-26 16:07:34,264.298896279486,34.4884873560837,163.854756883106,-0.929970740322607,-53.283398491142,306.716601508858,142.861844625752,2.49340956419194
"dome","15:07:34",NA,9,"73b_2025-01-26 15-07-34_waggle_annotations.csv",-0.865426285481126,0.501036270541705,225.93101913125,14.0003980468877,"",641,377,"",-21.27,"antisolar","20250126/2025-01-26 15-07-34.mkv",20250126,"73b_2025-01-26 15-07-34_15:07:34_20250126","73b",2025-01-26 14:07:34,2025-01-26 16:07:34,264.298896279486,34.4884873560837,163.854756883106,0.244353042507974,14.0003980468877,14.0003980468877,149.854358836218,-2.61545196015707
"dome","15:07:34",NA,10,"73b_2025-01-26 15-07-34_waggle_annotations.csv",-0.28,-0.96,225.93101913125,117.808776160438,"",614,320,"",-21.27,"antisolar","20250126/2025-01-26 15-07-34.mkv",20250126,"73b_2025-01-26 15-07-34_15:07:34_20250126","73b",2025-01-26 14:07:34,2025-01-26 16:07:34,264.298896279486,34.4884873560837,163.854756883106,2.05615103174465,117.808776160438,117.808776160438,46.045980722668,-0.803653970920394
"dome","15:07:34",NA,11,"73b_2025-01-26 15-07-34_waggle_annotations.csv",0.274721127897378,0.961523947640823,225.93101913125,298.123584967827,"",581,334,"",-21.27,"antisolar","20250126/2025-01-26 15-07-34.mkv",20250126,"73b_2025-01-26 15-07-34_15:07:34_20250126","73b",2025-01-26 14:07:34,2025-01-26 16:07:34,264.298896279486,34.4884873560837,163.854756883106,-1.07994717164193,-61.876415032173,298.123584967827,134.268828084721,2.34343313287261
"dome","15:07:34",NA,12,"73b_2025-01-26 15-07-34_waggle_annotations.csv",-0.0854011413464358,0.996346649041751,225.93101913125,318.968073322538,"",680,329,"",-21.27,"antisolar","20250126/2025-01-26 15-07-34.mkv",20250126,"73b_2025-01-26 15-07-34_15:07:34_20250126","73b",2025-01-26 14:07:34,2025-01-26 16:07:34,264.298896279486,34.4884873560837,163.854756883106,-0.71614221895861,-41.0319266774621,318.968073322538,155.113316439432,2.70723808555594
"dome","15:07:34",NA,13,"73b_2025-01-26 15-07-34_waggle_annotations.csv",-0.0315632133997018,-0.999501757657226,225.93101913125,132.260241546258,"",647,327,"",-21.27,"antisolar","20250126/2025-01-26 15-07-34.mkv",20250126,"73b_2025-01-26 15-07-34_15:07:34_20250126","73b",2025-01-26 14:07:34,2025-01-26 16:07:34,264.298896279486,34.4884873560837,163.854756883106,2.3083766844652,132.260241546258,132.260241546258,31.594515336848,-0.551428318199843
"dome","15:07:34",NA,14,"73b_2025-01-26 15-07-34_waggle_annotations.csv",0.757768802353406,0.652523135359877,225.93101913125,264.801087568459,"",695,375,"",-21.27,"antisolar","20250126/2025-01-26 15-07-34.mkv",20250126,"73b_2025-01-26 15-07-34_15:07:34_20250126","73b",2025-01-26 14:07:34,2025-01-26 16:07:34,264.298896279486,34.4884873560837,163.854756883106,-1.66153446624815,-95.198912431541,264.801087568459,100.946330685353,1.76184583826639
"dome","15:07:34",NA,15,"73b_2025-01-26 15-07-34_waggle_annotations.csv",-0.109100928001624,-0.994030677348131,225.93101913125,127.805490254416,"",703,416,"",-21.27,"antisolar","20250126/2025-01-26 15-07-34.mkv",20250126,"73b_2025-01-26 15-07-34_15:07:34_20250126","73b",2025-01-26 14:07:34,2025-01-26 16:07:34,264.298896279486,34.4884873560837,163.854756883106,2.23062660706508,127.805490254416,127.805490254416,36.04926662869,-0.629178395599956
"dome","15:07:34",NA,16,"73b_2025-01-26 15-07-34_waggle_annotations.csv",0.0878938102963571,0.996129850025381,225.93101913125,309.026529799579,"",705,548,"",-21.27,"antisolar","20250126/2025-01-26 15-07-34.mkv",20250126,"73b_2025-01-26 15-07-34_15:07:34_20250126","73b",2025-01-26 14:07:34,2025-01-26 16:07:34,264.298896279486,34.4884873560837,163.854756883106,-0.88965488616456,-50.973470200421,309.026529799579,145.171772916473,2.53372541834999
"dome","15:07:34",NA,17,"73b_2025-01-26 15-07-34_waggle_annotations.csv",0.0370116605098802,-0.999314833766767,225.93101913125,136.190077265412,"",664,333,"",-21.27,"antisolar","20250126/2025-01-26 15-07-34.mkv",20250126,"73b_2025-01-26 15-07-34_15:07:34_20250126","73b",2025-01-26 14:07:34,2025-01-26 16:07:34,264.298896279486,34.4884873560837,163.854756883106,2.37696525682691,136.190077265412,136.190077265412,27.664679617694,-0.482839745838126
"dome","15:07:34",NA,18,"73b_2025-01-26 15-07-34_waggle_annotations.csv",0.164398987305357,-0.986393923832144,225.93101913125,143.531303076776,"",742,229,"",-21.27,"antisolar","20250126/2025-01-26 15-07-34.mkv",20250126,"73b_2025-01-26 15-07-34_15:07:34_20250126","73b",2025-01-26 14:07:34,2025-01-26 16:07:34,264.298896279486,34.4884873560837,163.854756883106,2.50509381836761,143.531303076776,143.531303076776,20.32345380633,-0.354711184297432
"dome","15:07:34",NA,19,"73b_2025-01-26 15-07-34_waggle_annotations.csv",0.299826596740395,-0.953993716901256,225.93101913125,151.516169292032,"",694,358,"",-21.27,"antisolar","20250126/2025-01-26 15-07-34.mkv",20250126,"73b_2025-01-26 15-07-34_15:07:34_20250126","73b",2025-01-26 14:07:34,2025-01-26 16:07:34,264.298896279486,34.4884873560837,163.854756883106,2.64445602415508,151.516169292032,151.516169292032,12.338587591074,-0.215348978509957
"dome","15:07:34",NA,20,"73b_2025-01-26 15-07-34_waggle_annotations.csv",0.539666114720432,-0.841879138963874,225.93101913125,166.729893590424,"",702,397,"",-21.27,"antisolar","20250126/2025-01-26 15-07-34.mkv",20250126,"73b_2025-01-26 15-07-34_15:07:34_20250126","73b",2025-01-26 14:07:34,2025-01-26 16:07:34,264.298896279486,34.4884873560837,163.854756883106,2.90998560465269,166.729893590424,166.729893590424,2.87513670731803,0.0501806019876482
"dome","15:07:34",NA,21,"73b_2025-01-26 15-07-34_waggle_annotations.csv",0.0459284933311599,-0.998944729952728,225.93101913125,136.701415737737,"",683,394,"",-21.27,"antisolar","20250126/2025-01-26 15-07-34.mkv",20250126,"73b_2025-01-26 15-07-34_15:07:34_20250126","73b",2025-01-26 14:07:34,2025-01-26 16:07:34,264.298896279486,34.4884873560837,163.854756883106,2.3858897967611,136.701415737737,136.701415737737,27.153341145369,-0.473915205903937
"dome","15:07:34",NA,22,"73b_2025-01-26 15-07-34_waggle_annotations.csv",-0.171341174751248,0.985211754819674,225.93101913125,323.934787811835,"",676,378,"",-21.27,"antisolar","20250126/2025-01-26 15-07-34.mkv",20250126,"73b_2025-01-26 15-07-34_15:07:34_20250126","73b",2025-01-26 14:07:34,2025-01-26 16:07:34,264.298896279486,34.4884873560837,163.854756883106,-0.629456698113868,-36.065212188165,323.934787811835,160.080030928729,2.79392360640068
"dome","15:07:34",NA,23,"73b_2025-01-26 15-07-34_waggle_annotations.csv",-0.175790638483658,0.984427575508482,225.93101913125,324.193652524148,"",656,308,"",-21.27,"antisolar","20250126/2025-01-26 15-07-34.mkv",20250126,"73b_2025-01-26 15-07-34_15:07:34_20250126","73b",2025-01-26 14:07:34,2025-01-26 16:07:34,264.298896279486,34.4884873560837,163.854756883106,-0.624938656566778,-35.806347475852,324.193652524148,160.338895641042,2.79844164794777
"dome","15:08:46",NA,1,"90r_2025-01-26 15-08-46_waggle_annotations.csv",0.514495755427527,-0.857492925712544,224.872297221642,166.091459310432,"",732,236,"",-21.27,"antisolar","20250126/2025-01-26 15-08-46.mkv",20250126,"90r_2025-01-26 15-08-46_15:08:46_20250126","90r",2025-01-26 14:08:46,2025-01-26 16:08:46,264.188201380191,34.2194434256655,163.965451782401,2.89884282440923,166.091459310432,166.091459310432,2.12600752803075,0.0371058312863223
"dome","15:08:46",NA,2,"90r_2025-01-26 15-08-46_waggle_annotations.csv",0.883115719457411,-0.469155225961749,224.872297221642,197.148228389878,"",745,306,"",-21.27,"antisolar","20250126/2025-01-26 15-08-46.mkv",20250126,"90r_2025-01-26 15-08-46_15:08:46_20250126","90r",2025-01-26 14:08:46,2025-01-26 16:08:46,264.188201380191,34.2194434256655,163.965451782401,-2.84229960730246,-162.851771610122,197.148228389878,33.1827766074768,0.579148706754224
"dome","15:08:46",NA,3,"90r_2025-01-26 15-08-46_waggle_annotations.csv",-0.0676413357367916,0.997709702117676,224.872297221642,319.006227281206,"",713,311,"",-21.27,"antisolar","20250126/2025-01-26 15-08-46.mkv",20250126,"90r_2025-01-26 15-08-46_15:08:46_20250126","90r",2025-01-26 14:08:46,2025-01-26 16:08:46,264.188201380191,34.2194434256655,163.965451782401,-0.715476306757183,-40.993772718794,319.006227281206,155.040775498805,2.7059720072995
"dome","15:08:46",NA,4,"90r_2025-01-26 15-08-46_waggle_annotations.csv",0.672672793996313,0.739940073395944,224.872297221642,272.854013772264,"",731,308,"",-21.27,"antisolar","20250126/2025-01-26 15-08-46.mkv",20250126,"90r_2025-01-26 15-08-46_15:08:46_20250126","90r",2025-01-26 14:08:46,2025-01-26 16:08:46,264.188201380191,34.2194434256655,163.965451782401,-1.52098438957163,-87.145986227736,272.854013772264,108.888561989863,1.90046392448505
"dome","15:08:46",NA,5,"90r_2025-01-26 15-08-46_waggle_annotations.csv",-0.419058177461747,0.907959384500452,224.872297221642,339.90284334719,"",696,329,"",-21.27,"antisolar","20250126/2025-01-26 15-08-46.mkv",20250126,"90r_2025-01-26 15-08-46_15:08:46_20250126","90r",2025-01-26 14:08:46,2025-01-26 16:08:46,264.188201380191,34.2194434256655,163.965451782401,-0.350761553880617,-20.09715665281,339.90284334719,175.937391564789,3.07068676017606
"dome","15:08:46",NA,6,"90r_2025-01-26 15-08-46_waggle_annotations.csv",0.0611100632795032,-0.99813103356522,224.872297221642,138.631234423143,"",768,364,"",-21.27,"antisolar","20250126/2025-01-26 15-08-46.mkv",20250126,"90r_2025-01-26 15-08-46_15:08:46_20250126","90r",2025-01-26 14:08:46,2025-01-26 16:08:46,264.188201380191,34.2194434256655,163.965451782401,2.41957148678795,138.631234423143,138.631234423143,25.3342173592582,-0.442165506334959
"dome","15:08:46",NA,7,"90r_2025-01-26 15-08-46_waggle_annotations.csv",-0.393919298579168,0.919145030018058,224.872297221642,338.326293292006,"",664,272,"",-21.27,"antisolar","20250126/2025-01-26 15-08-46.mkv",20250126,"90r_2025-01-26 15-08-46_15:08:46_20250126","90r",2025-01-26 14:08:46,2025-01-26 16:08:46,264.188201380191,34.2194434256655,163.965451782401,-0.378277543166077,-21.673706707994,338.326293292006,174.360841509605,3.0431707708906
"dome","15:08:46",NA,8,"90r_2025-01-26 15-08-46_waggle_annotations.csv",0.08038418992031,-0.996763955011845,224.872297221642,139.738352097019,"",639,296,"",-21.27,"antisolar","20250126/2025-01-26 15-08-46.mkv",20250126,"90r_2025-01-26 15-08-46_15:08:46_20250126","90r",2025-01-26 14:08:46,2025-01-26 16:08:46,264.188201380191,34.2194434256655,163.965451782401,2.4388943354041,139.738352097019,139.738352097019,24.2270996853822,-0.422842657718802
"dome","15:08:46",NA,9,"90r_2025-01-26 15-08-46_waggle_annotations.csv",0.853281833651959,0.521450009453975,224.872297221642,256.557268393197,"",698,362,"",-21.27,"antisolar","20250126/2025-01-26 15-08-46.mkv",20250126,"90r_2025-01-26 15-08-46_15:08:46_20250126","90r",2025-01-26 14:08:46,2025-01-26 16:08:46,264.188201380191,34.2194434256655,163.965451782401,-1.80541625379552,-103.442731606803,256.557268393197,92.5918166107957,1.61603206026116
"dome","15:08:46",NA,10,"90r_2025-01-26 15-08-46_waggle_annotations.csv",0.228628241900009,-0.973513804219391,224.872297221642,148.344026842149,"",756,345,"",-21.27,"antisolar","20250126/2025-01-26 15-08-46.mkv",20250126,"90r_2025-01-26 15-08-46_15:08:46_20250126","90r",2025-01-26 14:08:46,2025-01-26 16:08:46,264.188201380191,34.2194434256655,163.965451782401,2.58909169406235,148.344026842149,148.344026842149,15.6214249402522,-0.27264529906056
"dome","15:08:46",NA,11,"90r_2025-01-26 15-08-46_waggle_annotations.csv",0.0905357460425185,0.995893206467704,224.872297221642,309.933273870623,"",693,364,"",-21.27,"antisolar","20250126/2025-01-26 15-08-46.mkv",20250126,"90r_2025-01-26 15-08-46_15:08:46_20250126","90r",2025-01-26 14:08:46,2025-01-26 16:08:46,264.188201380191,34.2194434256655,163.965451782401,-0.873829216651905,-50.066726129377,309.933273870623,145.967822088222,2.54761909740477
"dome","15:08:46",NA,12,"90r_2025-01-26 15-08-46_waggle_annotations.csv",0.0208288136818356,-0.999783056728112,224.872297221642,136.32119220234,"",761,418,"",-21.27,"antisolar","20250126/2025-01-26 15-08-46.mkv",20250126,"90r_2025-01-26 15-08-46_15:08:46_20250126","90r",2025-01-26 14:08:46,2025-01-26 16:08:46,264.188201380191,34.2194434256655,163.965451782401,2.37925364417485,136.32119220234,136.32119220234,27.6442595800612,-0.482483348948054
"dome","15:08:46",NA,13,"90r_2025-01-26 15-08-46_waggle_annotations.csv",0.592076433960692,-0.805881812890942,224.872297221642,171.432199900933,"",718,422,"",-21.27,"antisolar","20250126/2025-01-26 15-08-46.mkv",20250126,"90r_2025-01-26 15-08-46_15:08:46_20250126","90r",2025-01-26 14:08:46,2025-01-26 16:08:46,264.188201380191,34.2194434256655,163.965451782401,2.99205633220838,171.432199900933,171.432199900933,7.46674811853177,0.130319339085471
"dome","15:08:46",NA,14,"90r_2025-01-26 15-08-46_waggle_annotations.csv",0.373466870857975,-0.92764351793755,224.872297221642,157.057290528533,"",761,377,"",-21.27,"antisolar","20250126/2025-01-26 15-08-46.mkv",20250126,"90r_2025-01-26 15-08-46_15:08:46_20250126","90r",2025-01-26 14:08:46,2025-01-26 16:08:46,264.188201380191,34.2194434256655,163.965451782401,2.74116683398421,157.057290528533,157.057290528533,6.90816125386823,-0.1205701591387
"dome","15:08:46",NA,15,"90r_2025-01-26 15-08-46_waggle_annotations.csv",0.653126848084046,-0.757248519517734,224.872297221642,175.905472572215,"",704,393,"",-21.27,"antisolar","20250126/2025-01-26 15-08-46.mkv",20250126,"90r_2025-01-26 15-08-46_15:08:46_20250126","90r",2025-01-26 14:08:46,2025-01-26 16:08:46,264.188201380191,34.2194434256655,163.965451782401,3.07012966866173,175.905472572215,175.905472572215,11.9400207898138,0.208392675538824
"dome","15:08:46",NA,16,"90r_2025-01-26 15-08-46_waggle_annotations.csv",0.52999894000318,-0.847998304005088,224.872297221642,167.133085986442,"",734,382,"",-21.27,"antisolar","20250126/2025-01-26 15-08-46.mkv",20250126,"90r_2025-01-26 15-08-46_15:08:46_20250126","90r",2025-01-26 14:08:46,2025-01-26 16:08:46,264.188201380191,34.2194434256655,163.965451782401,2.91702263948221,167.133085986442,167.133085986442,3.16763420404078,0.0552856463593015
"dome","15:08:46",NA,17,"90r_2025-01-26 15-08-46_waggle_annotations.csv",0.412730377109292,-0.9108532460343,224.872297221642,159.504171395033,"",748,404,"",-21.27,"antisolar","20250126/2025-01-26 15-08-46.mkv",20250126,"90r_2025-01-26 15-08-46_15:08:46_20250126","90r",2025-01-26 14:08:46,2025-01-26 16:08:46,264.188201380191,34.2194434256655,163.965451782401,2.78387296150868,159.504171395033,159.504171395033,4.46128038736822,-0.0778640316142235
"dome","15:08:46",NA,18,"90r_2025-01-26 15-08-46_waggle_annotations.csv",0.531491071063936,-0.847063894508148,224.872297221642,167.233958733476,"",713,342,"",-21.27,"antisolar","20250126/2025-01-26 15-08-46.mkv",20250126,"90r_2025-01-26 15-08-46_15:08:46_20250126","90r",2025-01-26 14:08:46,2025-01-26 16:08:46,264.188201380191,34.2194434256655,163.965451782401,2.91878320104348,167.233958733476,167.233958733476,3.26850695107476,0.0570462079205757
"dome","15:28:44",NA,1,"20y_2025-01-26 15-28-44_waggle_annotations.csv",-0.0391855666953546,0.999231950731542,230.151691960887,312.094050605008,"",673,389,"",-21.27,"antisolar","20250126/2025-01-26 15-28-44.mkv",20250126,"20y_2025-01-26 15-28-44_15:28:44_20250126","20y",2025-01-26 14:28:44,2025-01-26 16:28:44,262.365737500593,29.7518385353848,165.787915661999,-0.836116548236396,-47.905949394992,312.094050605008,146.306134943009,2.55352377062264
"dome","15:28:44",NA,2,"20y_2025-01-26 15-28-44_waggle_annotations.csv",0.0623782861551805,-0.998052578482888,230.151691960887,133.42464241411,"",731,390,"",-21.27,"antisolar","20250126/2025-01-26 15-28-44.mkv",20250126,"20y_2025-01-26 15-28-44_15:28:44_20250126","20y",2025-01-26 14:28:44,2025-01-26 16:28:44,262.365737500593,29.7518385353848,165.787915661999,2.3286993134223,133.42464241411,133.42464241411,32.3632732478887,-0.564845674898258
"dome","15:28:44",NA,3,"20y_2025-01-26 15-28-44_waggle_annotations.csv",-0.239019047122404,-0.971014878934766,230.151691960887,116.019657066832,"",720,348,"",-21.27,"antisolar","20250126/2025-01-26 15-28-44.mkv",20250126,"20y_2025-01-26 15-28-44_15:28:44_20250126","20y",2025-01-26 14:28:44,2025-01-26 16:28:44,262.365737500593,29.7518385353848,165.787915661999,2.02492501285092,116.019657066832,116.019657066832,49.7682585951667,-0.868619975469627
"dome","15:28:44",NA,4,"20y_2025-01-26 15-28-44_waggle_annotations.csv",0,1,230.151691960887,309.848308039113,"",723,380,"",-21.27,"antisolar","20250126/2025-01-26 15-28-44.mkv",20250126,"20y_2025-01-26 15-28-44_15:28:44_20250126","20y",2025-01-26 14:28:44,2025-01-26 16:28:44,262.365737500593,29.7518385353848,165.787915661999,-0.875312150163449,-50.151691960887,309.848308039113,144.060392377114,2.51432816869558
"dome","15:28:44",NA,5,"20y_2025-01-26 15-28-44_waggle_annotations.csv",-0.0135122797970263,0.999908704979953,230.151691960887,310.622528204041,"",724,434,"",-21.27,"antisolar","20250126/2025-01-26 15-28-44.mkv",20250126,"20y_2025-01-26 15-28-44_15:28:44_20250126","20y",2025-01-26 14:28:44,2025-01-26 16:28:44,262.365737500593,29.7518385353848,165.787915661999,-0.861799459150123,-49.3774717959591,310.622528204041,144.834612542042,2.52784085970891
"dome","15:28:44",NA,6,"20y_2025-01-26 15-28-44_waggle_annotations.csv",0.0391855666953546,-0.999231950731542,230.151691960887,132.094050605008,"",679,425,"",-21.27,"antisolar","20250126/2025-01-26 15-28-44.mkv",20250126,"20y_2025-01-26 15-28-44_15:28:44_20250126","20y",2025-01-26 14:28:44,2025-01-26 16:28:44,262.365737500593,29.7518385353848,165.787915661999,2.3054761053534,132.094050605008,132.094050605008,33.6938650569907,-0.588068882967155
"dome","15:28:44",NA,7,"20y_2025-01-26 15-28-44_waggle_annotations.csv",0.15437688027361,0.988012033751102,230.151691960887,300.967648888592,"",768,462,"",-21.27,"antisolar","20250126/2025-01-26 15-28-44.mkv",20250126,"20y_2025-01-26 15-28-44_15:28:44_20250126","20y",2025-01-26 14:28:44,2025-01-26 16:28:44,262.365737500593,29.7518385353848,165.787915661999,-1.0303088920874,-59.032351111408,300.967648888592,135.179733226593,2.35933142677163
"dome","15:28:44",NA,8,"20y_2025-01-26 15-28-44_waggle_annotations.csv",0.274721127897378,0.961523947640823,230.151691960887,293.90291213819,"",749,586,"",-21.27,"antisolar","20250126/2025-01-26 15-28-44.mkv",20250126,"20y_2025-01-26 15-28-44_15:28:44_20250126","20y",2025-01-26 14:28:44,2025-01-26 16:28:44,262.365737500593,29.7518385353848,165.787915661999,-1.15361180916856,-66.09708786181,293.90291213819,128.114996476191,2.23602850969047
"dome","15:28:44",NA,9,"20y_2025-01-26 15-28-44_waggle_annotations.csv",0.594391061083806,-0.804176141466326,230.151691960887,166.317542429165,"",774,443,"",-21.27,"antisolar","20250126/2025-01-26 15-28-44.mkv",20250126,"20y_2025-01-26 15-28-44_15:28:44_20250126","20y",2025-01-26 14:28:44,2025-01-26 16:28:44,262.365737500593,29.7518385353848,165.787915661999,2.9027887192143,166.317542429165,166.317542429165,0.529626767166263,0.00924373089374469
"dome","15:28:44",NA,10,"20y_2025-01-26 15-28-44_waggle_annotations.csv",0.997969082863627,-0.0637001542253378,230.151691960887,216.196085258806,"",770,466,"",-21.27,"antisolar","20250126/2025-01-26 15-28-44.mkv",20250126,"20y_2025-01-26 15-28-44_15:28:44_20250126","20y",2025-01-26 14:28:44,2025-01-26 16:28:44,262.365737500593,29.7518385353848,165.787915661999,-2.50985178949105,-143.803914741194,216.196085258806,50.4081695968073,0.879788529367989
"dome","15:28:44",NA,11,"20y_2025-01-26 15-28-44_waggle_annotations.csv",0.103339855073382,0.994646105081306,230.151691960887,303.916781114193,"",774,421,"",-21.27,"antisolar","20250126/2025-01-26 15-28-44.mkv",20250126,"20y_2025-01-26 15-28-44_15:28:44_20250126","20y",2025-01-26 14:28:44,2025-01-26 16:28:44,262.365737500593,29.7518385353848,165.787915661999,-0.978836824673998,-56.083218885807,303.916781114193,138.128865452194,2.41080349418504
"dome","15:28:44",NA,12,"20y_2025-01-26 15-28-44_waggle_annotations.csv",-0.0665190105237739,-0.997785157856609,230.151691960887,126.034233204822,"",786,446,"",-21.27,"antisolar","20250126/2025-01-26 15-28-44.mkv",20250126,"20y_2025-01-26 15-28-44_15:28:44_20250126","20y",2025-01-26 14:28:44,2025-01-26 16:28:44,262.365737500593,29.7518385353848,165.787915661999,2.19971233965051,126.034233204822,126.034233204822,39.7536824571767,-0.693832648670044
"dome","15:28:44",NA,13,"20y_2025-01-26 15-28-44_waggle_annotations.csv",-0.588171697675046,0.808736084303188,230.151691960887,345.875681424216,"",699,431,"",-21.27,"antisolar","20250126/2025-01-26 15-28-44.mkv",20250126,"20y_2025-01-26 15-28-44_15:28:44_20250126","20y",2025-01-26 14:28:44,2025-01-26 16:28:44,262.365737500593,29.7518385353848,165.787915661999,-0.246515863748028,-14.124318575784,345.875681424216,179.912234237783,-3.14006085206858
"dome","15:28:44",NA,14,"20y_2025-01-26 15-28-44_waggle_annotations.csv",0.734376708125109,-0.678742109024722,230.151691960887,177.102883005048,"",738,452,"",-21.27,"antisolar","20250126/2025-01-26 15-28-44.mkv",20250126,"20y_2025-01-26 15-28-44_15:28:44_20250126","20y",2025-01-26 14:28:44,2025-01-26 16:28:44,262.365737500593,29.7518385353848,165.787915661999,3.0910284232124,177.102883005048,177.102883005048,11.3149673430493,0.197483434891844
"dome","15:28:44",NA,15,"20y_2025-01-26 15-28-44_waggle_annotations.csv",0,-1,230.151691960887,129.848308039113,"",727,425,"",-21.27,"antisolar","20250126/2025-01-26 15-28-44.mkv",20250126,"20y_2025-01-26 15-28-44_15:28:44_20250126","20y",2025-01-26 14:28:44,2025-01-26 16:28:44,262.365737500593,29.7518385353848,165.787915661999,2.26628050342634,129.848308039113,129.848308039113,35.9396076228857,-0.627264484894209
"dome","15:28:44",NA,16,"20y_2025-01-26 15-28-44_waggle_annotations.csv",-0.0534947213716118,-0.998568132270089,230.151691960887,126.781822537987,"",764,444,"",-21.27,"antisolar","20250126/2025-01-26 15-28-44.mkv",20250126,"20y_2025-01-26 15-28-44_15:28:44_20250126","20y",2025-01-26 14:28:44,2025-01-26 16:28:44,262.365737500593,29.7518385353848,165.787915661999,2.21276023496703,126.781822537987,126.781822537987,39.0060931240117,-0.680784753353526
"dome","15:28:44",NA,17,"20y_2025-01-26 15-28-44_waggle_annotations.csv",0.0475651494154494,0.998868137724438,230.151691960887,307.121997045206,"",743,472,"",-21.27,"antisolar","20250126/2025-01-26 15-28-44.mkv",20250126,"20y_2025-01-26 15-28-44_15:28:44_20250126","20y",2025-01-26 14:28:44,2025-01-26 16:28:44,262.365737500593,29.7518385353848,165.787915661999,-0.922895253440446,-52.878002954794,307.121997045206,141.334081383207,2.46674506541859
"dome","15:28:44",NA,18,"20y_2025-01-26 15-28-44_waggle_annotations.csv",0,-1,230.151691960887,129.848308039113,"",723,466,"",-21.27,"antisolar","20250126/2025-01-26 15-28-44.mkv",20250126,"20y_2025-01-26 15-28-44_15:28:44_20250126","20y",2025-01-26 14:28:44,2025-01-26 16:28:44,262.365737500593,29.7518385353848,165.787915661999,2.26628050342634,129.848308039113,129.848308039113,35.9396076228857,-0.627264484894209
"dome","15:21:13",NA,1,"20y_2025-01-27 15-21-13_waggle_annotations.csv",-0.995701215992102,-0.0926233689294978,301.98822808169,333.326317588255,"",297,684,"",-21.27,"solar","20250127/2025-01-27 15-21-13.mkv",20250127,"20y_2025-01-27 15-21-13_15:21:13_20250127","20y",2025-01-27 14:21:13,2025-01-27 16:21:13,263.352841951932,31.391402625638,164.80081121066,-0.465543581716253,-26.673682411745,333.326317588255,168.525506377595,2.94132495987973
"dome","15:21:13",NA,2,"20y_2025-01-27 15-21-13_waggle_annotations.csv",-0.835170864819878,0.54999056951553,301.98822808169,294.64540591725,"",620,656,"",-21.27,"solar","20250127/2025-01-27 15-21-13.mkv",20250127,"20y_2025-01-27 15-21-13_15:21:13_20250127","20y",2025-01-27 14:21:13,2025-01-27 16:21:13,263.352841951932,31.391402625638,164.80081121066,-1.14065284804839,-65.35459408275,294.64540591725,129.84459470659,2.26621569354759
"dome","15:21:13",NA,3,"20y_2025-01-27 15-21-13_waggle_annotations.csv",-0.228567461420557,0.973528076420892,301.98822808169,251.224518796645,"",653,677,"",-21.27,"solar","20250127/2025-01-27 15-21-13.mkv",20250127,"20y_2025-01-27 15-21-13_15:21:13_20250127","20y",2025-01-27 14:21:13,2025-01-27 16:21:13,263.352841951932,31.391402625638,164.80081121066,-1.89849029243975,-108.775481203355,251.224518796645,86.4237075859849,1.50837824915624
"dome","15:21:13",NA,4,"20y_2025-01-27 15-21-13_waggle_annotations.csv",-0.682883878064605,0.730526939324927,301.98822808169,281.081184477143,"",606,667,"",-21.27,"solar","20250127/2025-01-27 15-21-13.mkv",20250127,"20y_2025-01-27 15-21-13_15:21:13_20250127","20y",2025-01-27 14:21:13,2025-01-27 16:21:13,263.352841951932,31.391402625638,164.80081121066,-1.37739317264787,-78.918815522857,281.081184477143,116.280373266483,2.02947536894812
"dome","15:21:13",NA,5,"20y_2025-01-27 15-21-13_waggle_annotations.csv",-0.528301886792453,0.849056603773585,301.98822808169,269.902563720155,"",642,667,"",-21.27,"solar","20250127/2025-01-27 15-21-13.mkv",20250127,"20y_2025-01-27 15-21-13_15:21:13_20250127","20y",2025-01-27 14:21:13,2025-01-27 16:21:13,263.352841951932,31.391402625638,164.80081121066,-1.57249691068909,-90.097436279845,269.902563720155,105.101752509495,1.8343716309069
"dome","15:21:13",NA,6,"20y_2025-01-27 15-21-13_waggle_annotations.csv",-0.841879138963874,0.539666114720432,301.98822808169,295.350859196636,"",623,705,"",-21.27,"solar","20250127/2025-01-27 15-21-13.mkv",20250127,"20y_2025-01-27 15-21-13_15:21:13_20250127","20y",2025-01-27 14:21:13,2025-01-27 16:21:13,263.352841951932,31.391402625638,164.80081121066,-1.12834036560411,-64.649140803364,295.350859196636,130.550047985976,2.27852817599187
"dome","15:21:13",NA,7,"20y_2025-01-27 15-21-13_waggle_annotations.csv",-0.889567018143538,0.456804684992628,301.98822808169,300.830660832832,"",628,686,"",-21.27,"solar","20250127/2025-01-27 15-21-13.mkv",20250127,"20y_2025-01-27 15-21-13_15:21:13_20250127","20y",2025-01-27 14:21:13,2025-01-27 16:21:13,263.352841951932,31.391402625638,164.80081121066,-1.03269978469632,-59.169339167168,300.830660832832,136.029849622172,2.37416875689966
"dome","15:21:13",NA,8,"20y_2025-01-27 15-21-13_waggle_annotations.csv",-0.348733712021418,0.937221851057562,301.98822808169,258.421654752114,"",635,694,"",-21.27,"solar","20250127/2025-01-27 15-21-13.mkv",20250127,"20y_2025-01-27 15-21-13_15:21:13_20250127","20y",2025-01-27 14:21:13,2025-01-27 16:21:13,263.352841951932,31.391402625638,164.80081121066,-1.77287657330315,-101.578345247886,258.421654752114,93.620843541454,1.63399196829284
"dome","15:21:13",NA,9,"20y_2025-01-27 15-21-13_waggle_annotations.csv",-0.924261426490025,0.381760154419793,301.98822808169,305.569018553015,"",638,697,"",-21.27,"solar","20250127/2025-01-27 15-21-13.mkv",20250127,"20y_2025-01-27 15-21-13_15:21:13_20250127","20y",2025-01-27 14:21:13,2025-01-27 16:21:13,263.352841951932,31.391402625638,164.80081121066,-0.949999841341836,-54.4309814469851,305.569018553015,140.768207342355,2.45686870025415
"dome","15:21:13",NA,10,"20y_2025-01-27 15-21-13_waggle_annotations.csv",-0.634739423360014,0.772726254525234,301.98822808169,277.412432581789,"",628,747,"",-21.27,"solar","20250127/2025-01-27 15-21-13.mkv",20250127,"20y_2025-01-27 15-21-13_15:21:13_20250127","20y",2025-01-27 14:21:13,2025-01-27 16:21:13,263.352841951932,31.391402625638,164.80081121066,-1.44142497266058,-82.587567418211,277.412432581789,112.611621371129,1.96544356893541
"dome","15:21:13",NA,11,"20y_2025-01-27 15-21-13_waggle_annotations.csv",-0.763386285369115,0.645942241466174,301.98822808169,287.775413609036,"",652,727,"",-21.27,"solar","20250127/2025-01-27 15-21-13.mkv",20250127,"20y_2025-01-27 15-21-13_15:21:13_20250127","20y",2025-01-27 14:21:13,2025-01-27 16:21:13,263.352841951932,31.391402625638,164.80081121066,-1.26055683341341,-72.224586390964,287.775413609036,122.974602398376,2.14631170818258
"dome","15:21:13",NA,12,"20y_2025-01-27 15-21-13_waggle_annotations.csv",-0.970142500145332,0.242535625036333,301.98822808169,313.975528450383,"",659,864,"",-21.27,"solar","20250127/2025-01-27 15-21-13.mkv",20250127,"20y_2025-01-27 15-21-13_15:21:13_20250127","20y",2025-01-27 14:21:13,2025-01-27 16:21:13,263.352841951932,31.391402625638,164.80081121066,-0.803278565031273,-46.024471549617,313.975528450383,149.174717239723,2.60358997656471
"dome","15:21:13",NA,13,"20y_2025-01-27 15-21-13_waggle_annotations.csv",-0.987052734623943,0.160396069376391,301.98822808169,318.781885674582,"",620,743,"",-21.27,"solar","20250127/2025-01-27 15-21-13.mkv",20250127,"20y_2025-01-27 15-21-13_15:21:13_20250127","20y",2025-01-27 14:21:13,2025-01-27 16:21:13,263.352841951932,31.391402625638,164.80081121066,-0.719391806441986,-41.218114325418,318.781885674582,153.981074463922,2.687476735154
"dome","15:21:13",NA,1,"95r_2025-01-27 15-21-13_waggle_annotations.csv",-0.404506014777703,0.914535337758285,301.98822808169,261.871947109652,"",660,884,"",-21.27,"solar","20250127/2025-01-27 15-21-13.mkv",20250127,"95r_2025-01-27 15-21-13_15:21:13_20250127","95r",2025-01-27 14:21:13,2025-01-27 16:21:13,263.352841951932,31.391402625638,164.80081121066,-1.71265761150771,-98.128052890348,261.871947109652,97.0711358989919,1.69421093008828
"dome","15:21:13",NA,2,"95r_2025-01-27 15-21-13_waggle_annotations.csv",-0.242535625036333,-0.970142500145332,301.98822808169,43.9755284503833,"",677,863,"",-21.27,"solar","20250127/2025-01-27 15-21-13.mkv",20250127,"95r_2025-01-27 15-21-13_15:21:13_20250127","95r",2025-01-27 14:21:13,2025-01-27 16:21:13,263.352841951932,31.391402625638,164.80081121066,0.767517761763628,43.9755284503833,43.9755284503833,120.825282760277,-2.10879900381997
"dome","15:21:13",NA,3,"95r_2025-01-27 15-21-13_waggle_annotations.csv",-0.114624107985131,-0.993408935871131,301.98822808169,51.4298272631317,"",683,870,"",-21.27,"solar","20250127/2025-01-27 15-21-13.mkv",20250127,"95r_2025-01-27 15-21-13_15:21:13_20250127","95r",2025-01-27 14:21:13,2025-01-27 16:21:13,263.352841951932,31.391402625638,164.80081121066,0.897619819473592,51.4298272631317,51.4298272631317,113.370983947528,-1.97869694611001
"dome","15:21:13",NA,4,"95r_2025-01-27 15-21-13_waggle_annotations.csv",-0.441507651219311,-0.897257484736019,301.98822808169,31.8116570769624,"",725,817,"",-21.27,"solar","20250127/2025-01-27 15-21-13.mkv",20250127,"95r_2025-01-27 15-21-13_15:21:13_20250127","95r",2025-01-27 14:21:13,2025-01-27 16:21:13,263.352841951932,31.391402625638,164.80081121066,0.555218156508349,31.8116570769624,31.8116570769624,132.989154133698,-2.32109860907525
"dome","15:21:13",NA,5,"95r_2025-01-27 15-21-13_waggle_annotations.csv",0.308177010852454,-0.951329033501052,301.98822808169,75.9611749112236,"",640,838,"",-21.27,"solar","20250127/2025-01-27 15-21-13.mkv",20250127,"95r_2025-01-27 15-21-13_15:21:13_20250127","95r",2025-01-27 14:21:13,2025-01-27 16:21:13,263.352841951932,31.391402625638,164.80081121066,1.32577260588416,75.9611749112236,75.9611749112236,88.8396362994365,-1.55054415969944
"dome","15:21:13",NA,6,"95r_2025-01-27 15-21-13_waggle_annotations.csv",0.910366477462605,-0.413802944301184,301.98822808169,123.567817137893,"",616,806,"",-21.27,"solar","20250127/2025-01-27 15-21-13.mkv",20250127,"95r_2025-01-27 15-21-13_15:21:13_20250127","95r",2025-01-27 14:21:13,2025-01-27 16:21:13,263.352841951932,31.391402625638,164.80081121066,2.15666525855851,123.567817137893,123.567817137893,41.2329940727671,-0.719651507025092
"dome","15:21:13",NA,7,"95r_2025-01-27 15-21-13_waggle_annotations.csv",0.0374736605890942,-0.999297615709181,301.98822808169,60.1593573466082,"",677,793,"",-21.27,"solar","20250127/2025-01-27 15-21-13.mkv",20250127,"95r_2025-01-27 15-21-13_15:21:13_20250127","95r",2025-01-27 14:21:13,2025-01-27 16:21:13,263.352841951932,31.391402625638,164.80081121066,1.04997886158215,60.1593573466082,60.1593573466082,104.641453864052,-1.82633790400145
"dome","15:21:13",NA,8,"95r_2025-01-27 15-21-13_waggle_annotations.csv",0.032591372612208,0.999468760107715,301.98822808169,236.144093078876,"",667,841,"",-21.27,"solar","20250127/2025-01-27 15-21-13.mkv",20250127,"95r_2025-01-27 15-21-13_15:21:13_20250127","95r",2025-01-27 14:21:13,2025-01-27 16:21:13,263.352841951932,31.391402625638,164.80081121066,-2.16169337381725,-123.855906921124,236.144093078876,71.3432818682159,1.24517516777874
"dome","15:21:13",NA,9,"95r_2025-01-27 15-21-13_waggle_annotations.csv",0,-1,301.98822808169,58.0117719183097,"",680,806,"",-21.27,"solar","20250127/2025-01-27 15-21-13.mkv",20250127,"95r_2025-01-27 15-21-13_15:21:13_20250127","95r",2025-01-27 14:21:13,2025-01-27 16:21:13,263.352841951932,31.391402625638,164.80081121066,1.01249642489049,58.0117719183097,58.0117719183097,106.78903929235,-1.86382034069311
"dome","15:21:13",NA,10,"95r_2025-01-27 15-21-13_waggle_annotations.csv",-0.570081548206294,-0.821588113591424,301.98822808169,23.2558593647684,"",598,843,"",-21.27,"solar","20250127/2025-01-27 15-21-13.mkv",20250127,"95r_2025-01-27 15-21-13_15:21:13_20250127","95r",2025-01-27 14:21:13,2025-01-27 16:21:13,263.352841951932,31.391402625638,164.80081121066,0.405891316295966,23.2558593647684,23.2558593647684,141.544951845892,-2.47042544928763
"dome","15:21:13",NA,11,"95r_2025-01-27 15-21-13_waggle_annotations.csv",0.14142135623731,-0.989949493661166,301.98822808169,66.1418742724657,"",609,834,"",-21.27,"solar","20250127/2025-01-27 15-21-13.mkv",20250127,"95r_2025-01-27 15-21-13_15:21:13_20250127","95r",2025-01-27 14:21:13,2025-01-27 16:21:13,263.352841951932,31.391402625638,164.80081121066,1.15439347949466,66.1418742724657,66.1418742724657,98.6589369381944,-1.72192328608895
"dome","15:21:13",NA,12,"95r_2025-01-27 15-21-13_waggle_annotations.csv",-0.6,0.8,301.98822808169,274.881669564154,"",660,774,"",-21.27,"solar","20250127/2025-01-27 15-21-13.mkv",20250127,"95r_2025-01-27 15-21-13_15:21:13_20250127","95r",2025-01-27 14:21:13,2025-01-27 16:21:13,263.352841951932,31.391402625638,164.80081121066,-1.48559511990601,-85.118330435846,274.881669564154,110.080858353494,1.92127342168997
"dome","15:21:13",NA,13,"95r_2025-01-27 15-21-13_waggle_annotations.csv",0.371390676354104,-0.928476690885259,301.98822808169,79.8131814046615,"",684,757,"",-21.27,"solar","20250127/2025-01-27 15-21-13.mkv",20250127,"95r_2025-01-27 15-21-13_15:21:13_20250127","95r",2025-01-27 14:21:13,2025-01-27 16:21:13,263.352841951932,31.391402625638,164.80081121066,1.39300280200286,79.8131814046615,79.8131814046615,84.9876298059986,-1.48331396358074
"dome","15:25:31",NA,1,"95r_2025-01-27 15-25-31_waggle_annotations.csv",-0.325512939396517,0.945537585866072,288.512337287826,270.484316867662,"",492,563,"",-21.27,"solar","20250127/2025-01-27 15-25-31.mkv",20250127,"95r_2025-01-27 15-25-31_15:25:31_20250127","95r",2025-01-27 14:25:31,2025-01-27 16:25:31,262.958847310281,30.4295006845657,165.194805852311,-1.56234340283125,-89.515683132338,270.484316867662,105.289511015351,1.83764863503272
"dome","15:25:31",NA,2,"95r_2025-01-27 15-25-31_waggle_annotations.csv",-0.638335869594524,0.769757960393397,288.512337287826,291.155503830514,"",553,677,"",-21.27,"solar","20250127/2025-01-27 15-25-31.mkv",20250127,"95r_2025-01-27 15-25-31_15:25:31_20250127","95r",2025-01-27 14:25:31,2025-01-27 16:25:31,262.958847310281,30.4295006845657,165.194805852311,-1.20156313003415,-68.844496169486,291.155503830514,125.960697978203,2.19842890782981
"dome","15:25:31",NA,3,"95r_2025-01-27 15-25-31_waggle_annotations.csv",-0.588171697675046,0.808736084303188,288.512337287826,287.515036097277,"",615,693,"",-21.27,"solar","20250127/2025-01-27 15-25-31.mkv",20250127,"95r_2025-01-27 15-25-31_15:25:31_20250127","95r",2025-01-27 14:25:31,2025-01-27 16:25:31,262.958847310281,30.4295006845657,165.194805852311,-1.26510127829175,-72.484963902723,287.515036097277,122.320230244966,2.13489075957221
"dome","15:25:31",NA,4,"95r_2025-01-27 15-25-31_waggle_annotations.csv",0.07974522228289,0.996815278536125,288.512337287826,246.913741452273,"",654,706,"",-21.27,"solar","20250127/2025-01-27 15-25-31.mkv",20250127,"95r_2025-01-27 15-25-31_15:25:31_20250127","95r",2025-01-27 14:25:31,2025-01-27 16:25:31,262.958847310281,30.4295006845657,165.194805852311,-1.97372755041942,-113.086258547727,246.913741452273,81.7189355999624,1.42626448744455
"dome","15:25:31",NA,5,"95r_2025-01-27 15-25-31_waggle_annotations.csv",-0.183806003236847,-0.982962539049224,288.512337287826,60.8961349642024,"",659,691,"",-21.27,"solar","20250127/2025-01-27 15-25-31.mkv",20250127,"95r_2025-01-27 15-25-31_15:25:31_20250127","95r",2025-01-27 14:25:31,2025-01-27 16:25:31,262.958847310281,30.4295006845657,165.194805852311,1.06283805686417,60.8961349642024,60.8961349642024,104.298670888108,-1.82035521245145
"dome","15:25:31",NA,6,"95r_2025-01-27 15-25-31_waggle_annotations.csv",-0.470588235294118,0.882352941176471,288.512337287826,279.560149648027,"",609,723,"",-21.27,"solar","20250127/2025-01-27 15-25-31.mkv",20250127,"95r_2025-01-27 15-25-31_15:25:31_20250127","95r",2025-01-27 14:25:31,2025-01-27 16:25:31,262.958847310281,30.4295006845657,165.194805852311,-1.40394023845345,-80.439850351973,279.560149648027,114.365343795716,1.99605179941052
"dome","15:25:31",NA,7,"95r_2025-01-27 15-25-31_waggle_annotations.csv",-0.132163720091018,0.991227900682635,288.512337287826,259.082306080765,"",647,689,"",-21.27,"solar","20250127/2025-01-27 15-25-31.mkv",20250127,"95r_2025-01-27 15-25-31_15:25:31_20250127","95r",2025-01-27 14:25:31,2025-01-27 16:25:31,262.958847310281,30.4295006845657,165.194805852311,-1.76134603241051,-100.917693919235,259.082306080765,93.8875002284544,1.63864600545346
"dome","15:25:31",NA,8,"95r_2025-01-27 15-25-31_waggle_annotations.csv",-0.431455497304005,0.902134221635646,288.512337287826,277.047627883998,"",685,672,"",-21.27,"solar","20250127/2025-01-27 15-25-31.mkv",20250127,"95r_2025-01-27 15-25-31_15:25:31_20250127","95r",2025-01-27 14:25:31,2025-01-27 16:25:31,262.958847310281,30.4295006845657,165.194805852311,-1.44779201576377,-82.952372116002,277.047627883998,111.852822031687,1.9522000221002
"dome","15:25:31",NA,9,"95r_2025-01-27 15-25-31_waggle_annotations.csv",-0.707106781186548,0.707106781186548,288.512337287826,296.487662712174,"",651,689,"",-21.27,"solar","20250127/2025-01-27 15-25-31.mkv",20250127,"95r_2025-01-27 15-25-31_15:25:31_20250127","95r",2025-01-27 14:25:31,2025-01-27 16:25:31,262.958847310281,30.4295006845657,165.194805852311,-1.10849940130973,-63.512337287826,296.487662712174,131.292856859863,2.29149263655424
"dome","15:25:31",NA,10,"95r_2025-01-27 15-25-31_waggle_annotations.csv",-0.826227342807548,0.56333682464151,288.512337287826,307.200785734965,"",664,708,"",-21.27,"solar","20250127/2025-01-27 15-25-31.mkv",20250127,"95r_2025-01-27 15-25-31_15:25:31_20250127","95r",2025-01-27 14:25:31,2025-01-27 16:25:31,262.958847310281,30.4295006845657,165.194805852311,-0.921520131390819,-52.799214265035,307.200785734965,142.005979882654,2.47847190647315
"dome","15:25:31",NA,11,"95r_2025-01-27 15-25-31_waggle_annotations.csv",-0.888217643155949,-0.459422918873767,288.512337287826,8.83753849224365,"",669,770,"",-21.27,"solar","20250127/2025-01-27 15-25-31.mkv",20250127,"95r_2025-01-27 15-25-31_15:25:31_20250127","95r",2025-01-27 14:25:31,2025-01-27 16:25:31,262.958847310281,30.4295006845657,165.194805852311,0.154244144461387,8.83753849224365,8.83753849224365,156.357267360067,-2.72894912485423
"dome","15:25:31",NA,12,"95r_2025-01-27 15-25-31_waggle_annotations.csv",-0.453049848125789,-0.891485185021714,288.512337287826,44.548134648373,"",707,764,"",-21.27,"solar","20250127/2025-01-27 15-25-31.mkv",20250127,"95r_2025-01-27 15-25-31_15:25:31_20250127","95r",2025-01-27 14:25:31,2025-01-27 16:25:31,262.958847310281,30.4295006845657,165.194805852311,0.777511625235875,44.548134648373,44.548134648373,120.646671203938,-2.10568164407974
"dome","15:25:31",NA,13,"95r_2025-01-27 15-25-31_waggle_annotations.csv",0.907310606533781,0.420461012783947,288.512337287826,186.351359283926,"",695,745,"",-21.27,"solar","20250127/2025-01-27 15-25-31.mkv",20250127,"95r_2025-01-27 15-25-31_15:25:31_20250127","95r",2025-01-27 14:25:31,2025-01-27 16:25:31,262.958847310281,30.4295006845657,165.194805852311,-3.03074052210818,-173.648640716074,186.351359283926,21.1565534316154,0.369251515755793
"dome","15:25:31",NA,14,"95r_2025-01-27 15-25-31_waggle_annotations.csv",-0.894427190999916,-0.447213595499958,288.512337287826,8.05271388925178,"",743,751,"",-21.27,"solar","20250127/2025-01-27 15-25-31.mkv",20250127,"95r_2025-01-27 15-25-31_15:25:31_20250127","95r",2025-01-27 14:25:31,2025-01-27 16:25:31,262.958847310281,30.4295006845657,165.194805852311,0.140546371088522,8.05271388925178,8.05271388925178,157.142091963059,-2.7426468982271
"dome","15:25:31",NA,15,"95r_2025-01-27 15-25-31_waggle_annotations.csv",0.393919298579168,0.919145030018058,288.512337287826,228.289072198526,"",694,758,"",-21.27,"solar","20250127/2025-01-27 15-25-31.mkv",20250127,"95r_2025-01-27 15-25-31_15:25:31_20250127","95r",2025-01-27 14:25:31,2025-01-27 16:25:31,262.958847310281,30.4295006845657,165.194805852311,-2.29878935099226,-131.710927801474,228.289072198526,63.0942663462154,1.10120268687171
"dome","15:25:31",NA,16,"95r_2025-01-27 15-25-31_waggle_annotations.csv",-0.481918749772156,0.876215908676647,288.512337287826,280.298456455147,"",673,780,"",-21.27,"solar","20250127/2025-01-27 15-25-31.mkv",20250127,"95r_2025-01-27 15-25-31_15:25:31_20250127","95r",2025-01-27 14:25:31,2025-01-27 16:25:31,262.958847310281,30.4295006845657,165.194805852311,-1.39105435377932,-79.701543544853,280.298456455147,115.103650602836,2.00893768408465
"dome","15:25:31",NA,17,"95r_2025-01-27 15-25-31_waggle_annotations.csv",-0.872943482137265,0.487821357664942,288.512337287826,312.290176666109,"",720,788,"",-21.27,"solar","20250127/2025-01-27 15-25-31.mkv",20250127,"95r_2025-01-27 15-25-31_15:25:31_20250127","95r",2025-01-27 14:25:31,2025-01-27 16:25:31,262.958847310281,30.4295006845657,165.194805852311,-0.832693502721216,-47.709823333891,312.290176666109,147.095370813798,2.56729853514275
"dome","15:25:31",NA,18,"95r_2025-01-27 15-25-31_waggle_annotations.csv",0.126631886757938,0.991949779603849,288.512337287826,244.212657754285,"",671,775,"",-21.27,"solar","20250127/2025-01-27 15-25-31.mkv",20250127,"95r_2025-01-27 15-25-31_15:25:31_20250127","95r",2025-01-27 14:25:31,2025-01-27 16:25:31,262.958847310281,30.4295006845657,165.194805852311,-2.02087035432125,-115.787342245715,244.212657754285,79.0178519019744,1.37912168354272
"dome","15:25:31",NA,19,"95r_2025-01-27 15-25-31_waggle_annotations.csv",-0.514495755427527,0.857492925712544,288.512337287826,282.451419244247,"",651,744,"",-21.27,"solar","20250127/2025-01-27 15-25-31.mkv",20250127,"95r_2025-01-27 15-25-31_15:25:31_20250127","95r",2025-01-27 14:25:31,2025-01-27 16:25:31,262.958847310281,30.4295006845657,165.194805852311,-1.3534780644366,-77.548580755753,282.451419244247,117.256613391936,2.04651397342737
"dome","15:25:31",NA,20,"95r_2025-01-27 15-25-31_waggle_annotations.csv",-0.563961646157533,-0.82580098187353,288.512337287826,37.1574455166705,"",686,721,"",-21.27,"solar","20250127/2025-01-27 15-25-31.mkv",20250127,"95r_2025-01-27 15-25-31_15:25:31_20250127","95r",2025-01-27 14:25:31,2025-01-27 16:25:31,262.958847310281,30.4295006845657,165.194805852311,0.648519765896306,37.1574455166705,37.1574455166705,128.03736033564,-2.23467350341931
"dome","15:25:31",NA,21,"95r_2025-01-27 15-25-31_waggle_annotations.csv",-0.413802944301184,0.910366477462605,288.512337287826,275.93161749259,"",642,724,"",-21.27,"solar","20250127/2025-01-27 15-25-31.mkv",20250127,"95r_2025-01-27 15-25-31_15:25:31_20250127","95r",2025-01-27 14:25:31,2025-01-27 16:25:31,262.958847310281,30.4295006845657,165.194805852311,-1.46727007158031,-84.06838250741,275.93161749259,110.736811640279,1.93272196628366
"dome","15:25:31",NA,22,"95r_2025-01-27 15-25-31_waggle_annotations.csv",0.064382277997965,0.997925308968458,288.512337287826,247.796276725723,"",662,721,"",-21.27,"solar","20250127/2025-01-27 15-25-31.mkv",20250127,"95r_2025-01-27 15-25-31_15:25:31_20250127","95r",2025-01-27 14:25:31,2025-01-27 16:25:31,262.958847310281,30.4295006845657,165.194805852311,-1.95832440413273,-112.203723274277,247.796276725723,82.6014708734124,1.44166763373124
"dome","15:25:31",NA,23,"95r_2025-01-27 15-25-31_waggle_annotations.csv",0.301131367937097,0.953582665134142,288.512337287826,233.962094338451,"",692,780,"",-21.27,"solar","20250127/2025-01-27 15-25-31.mkv",20250127,"95r_2025-01-27 15-25-31_15:25:31_20250127","95r",2025-01-27 14:25:31,2025-01-27 16:25:31,262.958847310281,30.4295006845657,165.194805852311,-2.19977643611203,-126.037905661549,233.962094338451,68.7672884861404,1.20021560175194
"dome","15:25:31",NA,24,"95r_2025-01-27 15-25-31_waggle_annotations.csv",0.371390676354104,0.928476690885259,288.512337287826,229.686253225822,"",684,753,"",-21.27,"solar","20250127/2025-01-27 15-25-31.mkv",20250127,"95r_2025-01-27 15-25-31_15:25:31_20250127","95r",2025-01-27 14:25:31,2025-01-27 16:25:31,262.958847310281,30.4295006845657,165.194805852311,-2.27440394181955,-130.313746774178,229.686253225822,64.4914473735114,1.12558809604442
"dome","17:25:25",NA,1,"85r_2025-01-27 17-25-25_waggle_annotations.csv",-0.246398779091599,0.969168531093622,135.828955799608,58.4355564984722,"",869,790,"",-21.27,"zenith","20250127/2025-01-27 17-25-25.mkv",20250127,"85r_2025-01-27 17-25-25_17:25:25_20250127","85r",2025-01-27 16:25:25,2025-01-27 18:25:25,251.670507014675,4.2391842884147,176.483146147917,1.01989286113351,58.4355564984722,58.4355564984722,118.047589649445,-2.06031911342599
"dome","17:25:25",NA,2,"85r_2025-01-27 17-25-25_waggle_annotations.csv",-0.568431869955349,0.822730338093269,135.828955799608,78.8119917123085,"",802,745,"",-21.27,"zenith","20250127/2025-01-27 17-25-25.mkv",20250127,"85r_2025-01-27 17-25-25_17:25:25_20250127","85r",2025-01-27 16:25:25,2025-01-27 18:25:25,251.670507014675,4.2391842884147,176.483146147917,1.37552874543427,78.8119917123085,78.8119917123085,97.6711544356083,-1.70468322912523
"dome","17:25:25",NA,3,"85r_2025-01-27 17-25-25_waggle_annotations.csv",0.0119039184030139,0.999929145853172,135.828955799608,43.4889838072196,"",818,745,"",-21.27,"zenith","20250127/2025-01-27 17-25-25.mkv",20250127,"85r_2025-01-27 17-25-25_17:25:25_20250127","85r",2025-01-27 16:25:25,2025-01-27 18:25:25,251.670507014675,4.2391842884147,176.483146147917,0.759025955782481,43.4889838072196,43.4889838072196,132.994162340697,-2.32118601877702
"dome","17:25:25",NA,4,"85r_2025-01-27 17-25-25_waggle_annotations.csv",0.865031189261803,0.501718089771846,135.828955799608,344.284777351375,"",819,734,"",-21.27,"zenith","20250127/2025-01-27 17-25-25.mkv",20250127,"85r_2025-01-27 17-25-25_17:25:25_20250127","85r",2025-01-27 16:25:25,2025-01-27 18:25:25,251.670507014675,4.2391842884147,176.483146147917,-0.27428237790249,-15.715222648625,344.284777351375,167.801631203458,2.9286909547176
"dome","17:25:25",NA,1,"95r_2025-01-27 17-25-25_waggle_annotations.csv",0.840864304793109,-0.541245989292116,135.828955799608,281.402545121622,"",794,678,"",-21.27,"zenith","20250127/2025-01-27 17-25-25.mkv",20250127,"95r_2025-01-27 17-25-25_17:25:25_20250127","95r",2025-01-27 16:25:25,2025-01-27 18:25:25,251.670507014675,4.2391842884147,176.483146147917,-1.37178437131538,-78.597454878378,281.402545121622,104.919398973705,1.83118896130471
"dome","17:25:25",NA,2,"95r_2025-01-27 17-25-25_waggle_annotations.csv",0.212429644331044,-0.977176363922801,135.828955799608,236.435817928285,"",784,660,"",-21.27,"zenith","20250127/2025-01-27 17-25-25.mkv",20250127,"95r_2025-01-27 17-25-25_17:25:25_20250127","95r",2025-01-27 16:25:25,2025-01-27 18:25:25,251.670507014675,4.2391842884147,176.483146147917,-2.15660181468517,-123.564182071715,236.435817928285,59.9526717803682,1.04637151793491
"dome","17:25:25",NA,3,"95r_2025-01-27 17-25-25_waggle_annotations.csv",-0.051878099986412,0.998653424738432,135.828955799608,47.1447752828724,"",737,662,"",-21.27,"zenith","20250127/2025-01-27 17-25-25.mkv",20250127,"95r_2025-01-27 17-25-25_17:25:25_20250127","95r",2025-01-27 16:25:25,2025-01-27 18:25:25,251.670507014675,4.2391842884147,176.483146147917,0.822831553798964,47.1447752828724,47.1447752828724,129.338370865044,-2.25738042076053
"dome","17:25:25",NA,4,"95r_2025-01-27 17-25-25_waggle_annotations.csv",-0.0573765865921368,0.99835260670318,135.828955799608,47.4602868788841,"",762,642,"",-21.27,"zenith","20250127/2025-01-27 17-25-25.mkv",20250127,"95r_2025-01-27 17-25-25_17:25:25_20250127","95r",2025-01-27 16:25:25,2025-01-27 18:25:25,251.670507014675,4.2391842884147,176.483146147917,0.828338269977591,47.4602868788841,47.4602868788841,129.022859269033,-2.25187370458191
"dome","17:25:25",NA,5,"95r_2025-01-27 17-25-25_waggle_annotations.csv",-0.0483305514233225,0.998831396082,135.828955799608,46.9412599975925,"",724,605,"",-21.27,"zenith","20250127/2025-01-27 17-25-25.mkv",20250127,"95r_2025-01-27 17-25-25_17:25:25_20250127","95r",2025-01-27 16:25:25,2025-01-27 18:25:25,251.670507014675,4.2391842884147,176.483146147917,0.819279541992695,46.9412599975925,46.9412599975925,129.541886150324,-2.2609324325668
"dome","17:25:25",NA,6,"95r_2025-01-27 17-25-25_waggle_annotations.csv",-0.0461047666084008,0.998936609848686,135.828955799608,46.813589494457,"",760,612,"",-21.27,"zenith","20250127/2025-01-27 17-25-25.mkv",20250127,"95r_2025-01-27 17-25-25_17:25:25_20250127","95r",2025-01-27 16:25:25,2025-01-27 18:25:25,251.670507014675,4.2391842884147,176.483146147917,0.817051271355302,46.813589494457,46.813589494457,129.66955665346,-2.26316070320419
"dome","17:25:25",NA,7,"95r_2025-01-27 17-25-25_waggle_annotations.csv",-0.0158710166267237,0.999874047483599,135.828955799608,45.0804246495914,"",728,639,"",-21.27,"zenith","20250127/2025-01-27 17-25-25.mkv",20250127,"95r_2025-01-27 17-25-25_17:25:25_20250127","95r",2025-01-27 16:25:25,2025-01-27 18:25:25,251.670507014675,4.2391842884147,176.483146147917,0.786801838332581,45.0804246495914,45.0804246495914,131.402721498325,-2.29341013622692
"dome","17:25:25",NA,8,"95r_2025-01-27 17-25-25_waggle_annotations.csv",0.0291138670348014,0.999576101528183,135.828955799608,42.502706752099,"",743,642,"",-21.27,"zenith","20250127/2025-01-27 17-25-25.mkv",20250127,"95r_2025-01-27 17-25-25_17:25:25_20250127","95r",2025-01-27 16:25:25,2025-01-27 18:25:25,251.670507014675,4.2391842884147,176.483146147917,0.741812173833753,42.502706752099,42.502706752099,133.980439395818,-2.33839980072574
"dome","17:25:25",NA,9,"95r_2025-01-27 17-25-25_waggle_annotations.csv",0.0142842567828501,0.99989797479951,135.828955799608,43.3525887387036,"",722,688,"",-21.27,"zenith","20250127/2025-01-27 17-25-25.mkv",20250127,"95r_2025-01-27 17-25-25_17:25:25_20250127","95r",2025-01-27 16:25:25,2025-01-27 18:25:25,251.670507014675,4.2391842884147,176.483146147917,0.756645412753393,43.3525887387036,43.3525887387036,133.130557409213,-2.3235665618061
"dome","17:32:37",NA,1,"95r_2025-01-27 17-32-37_waggle_annotations.csv",0.18777580730125,0.98221191511423,194.789518625013,334.38747014878,"",694,808,"",-21.27,"antisolar","20250127/2025-01-27 17-32-37.mkv",20250127,"95r_2025-01-27 17-32-37_17:32:37_20250127","95r",2025-01-27 16:32:37,2025-01-27 18:32:37,250.924625317966,2.77321498233175,177.229027844626,-0.447022975669123,-25.61252985122,334.38747014878,157.158442304154,2.74293226551303
"dome","17:32:37",NA,2,"95r_2025-01-27 17-32-37_waggle_annotations.csv",0.376798129201933,0.926295400954751,194.789518625013,323.074989496887,"",695,785,"",-21.27,"antisolar","20250127/2025-01-27 17-32-37.mkv",20250127,"95r_2025-01-27 17-32-37_17:32:37_20250127","95r",2025-01-27 16:32:37,2025-01-27 18:32:37,250.924625317966,2.77321498233175,177.229027844626,-0.64446300961281,-36.925010503113,323.074989496887,145.845961652261,2.54549223156934
"dome","17:32:37",NA,3,"95r_2025-01-27 17-32-37_waggle_annotations.csv",0.586967571460931,0.809610443394388,194.789518625013,309.268369503605,"",655,775,"",-21.27,"antisolar","20250127/2025-01-27 17-32-37.mkv",20250127,"95r_2025-01-27 17-32-37_17:32:37_20250127","95r",2025-01-27 16:32:37,2025-01-27 18:32:37,250.924625317966,2.77321498233175,177.229027844626,-0.885433987067258,-50.731630496395,309.268369503605,132.039341658979,2.3045212541149
"dome","17:32:37",NA,4,"95r_2025-01-27 17-32-37_waggle_annotations.csv",-0.832050294337844,-0.554700196225229,194.789518625013,108.900548900967,"",746,750,"",-21.27,"antisolar","20250127/2025-01-27 17-32-37.mkv",20250127,"95r_2025-01-27 17-32-37_17:32:37_20250127","95r",2025-01-27 16:32:37,2025-01-27 18:32:37,250.924625317966,2.77321498233175,177.229027844626,1.90067313555097,108.900548900967,108.900548900967,68.328478943659,-1.19255693044647
"dome","17:32:37",NA,5,"95r_2025-01-27 17-32-37_waggle_annotations.csv",0.156767544200708,0.987635528464463,194.789518625013,336.191158943606,"",722,778,"",-21.27,"antisolar","20250127/2025-01-27 17-32-37.mkv",20250127,"95r_2025-01-27 17-32-37_17:32:37_20250127","95r",2025-01-27 16:32:37,2025-01-27 18:32:37,250.924625317966,2.77321498233175,177.229027844626,-0.41554266751808,-23.808841056394,336.191158943606,158.96213109898,2.77441257366407
"dome","17:32:37",NA,6,"95r_2025-01-27 17-32-37_waggle_annotations.csv",0.155962573473011,-0.987762965329069,194.789518625013,174.183107989884,"",757,778,"",-21.27,"antisolar","20250127/2025-01-27 17-32-37.mkv",20250127,"95r_2025-01-27 17-32-37_17:32:37_20250127","95r",2025-01-27 16:32:37,2025-01-27 18:32:37,250.924625317966,2.77321498233175,177.229027844626,3.04006873578032,174.183107989884,174.183107989884,3.04591985474198,-0.053161330217115
"dome","17:32:37",NA,7,"95r_2025-01-27 17-32-37_waggle_annotations.csv",0.278396048140466,0.960466366084608,194.789518625013,329.04598222273,"",675,741,"",-21.27,"antisolar","20250127/2025-01-27 17-32-37.mkv",20250127,"95r_2025-01-27 17-32-37_17:32:37_20250127","95r",2025-01-27 16:32:37,2025-01-27 18:32:37,250.924625317966,2.77321498233175,177.229027844626,-0.540249526934219,-30.9540177772701,329.04598222273,151.816954378104,2.64970571424794
"dome","17:38:46",NA,1,"95r_2025-01-27 17-38-46_waggle_annotations.csv",0.139643843046825,0.990201796150216,189.536386782949,342.436375706619,"",740,832,"",-21.27,"antisolar","20250127/2025-01-27 17-38-46.mkv",20250127,"95r_2025-01-27 17-38-46_17:38:46_20250127","95r",2025-01-27 16:38:46,2025-01-27 18:38:46,250.276971327781,1.5747990998448,177.87668183481,-0.306543072502761,-17.563624293381,342.436375706619,164.559693871809,2.872108474137
"dome","17:38:46",NA,2,"95r_2025-01-27 17-38-46_waggle_annotations.csv",0.108447510175418,0.994102176607995,189.536386782949,344.237784152625,"",720,863,"",-21.27,"antisolar","20250127/2025-01-27 17-38-46.mkv",20250127,"95r_2025-01-27 17-38-46_17:38:46_20250127","95r",2025-01-27 16:38:46,2025-01-27 18:38:46,250.276971327781,1.5747990998448,177.87668183481,-0.275102563946722,-15.762215847375,344.237784152625,166.361102317815,2.90354898269303
"dome","17:38:46",NA,3,"95r_2025-01-27 17-38-46_waggle_annotations.csv",0.944496796706159,-0.328520624941273,189.536386782949,241.28460519124,"",730,796,"",-21.27,"antisolar","20250127/2025-01-27 17-38-46.mkv",20250127,"95r_2025-01-27 17-38-46_17:38:46_20250127","95r",2025-01-27 16:38:46,2025-01-27 18:38:46,250.276971327781,1.5747990998448,177.87668183481,-2.07197451221785,-118.71539480876,241.28460519124,63.4079233564296,1.10667703442191
"dome","17:38:46",NA,4,"95r_2025-01-27 17-38-46_waggle_annotations.csv",0.712566819448411,0.701604252995359,189.536386782949,305.019468783939,"",735,789,"",-21.27,"antisolar","20250127/2025-01-27 17-38-46.mkv",20250127,"95r_2025-01-27 17-38-46_17:38:46_20250127","95r",2025-01-27 16:38:46,2025-01-27 18:38:46,250.276971327781,1.5747990998448,177.87668183481,-0.959591294215787,-54.980531216061,305.019468783939,127.142786949129,2.21906025242397
"dome","17:38:46",NA,5,"95r_2025-01-27 17-38-46_waggle_annotations.csv",0.339106795406577,0.940747884031148,189.536386782949,330.641148646685,"",690,832,"",-21.27,"antisolar","20250127/2025-01-27 17-38-46.mkv",20250127,"95r_2025-01-27 17-38-46_17:38:46_20250127","95r",2025-01-27 16:38:46,2025-01-27 18:38:46,250.276971327781,1.5747990998448,177.87668183481,-0.512408620718939,-29.358851353315,330.641148646685,152.764466811875,2.66624292592082
"dome","17:38:46",NA,6,"95r_2025-01-27 17-38-46_waggle_annotations.csv",0.25912856608735,0.965842837234668,189.536386782949,335.4452525859,"",678,810,"",-21.27,"antisolar","20250127/2025-01-27 17-38-46.mkv",20250127,"95r_2025-01-27 17-38-46_17:38:46_20250127","95r",2025-01-27 16:38:46,2025-01-27 18:38:46,250.276971327781,1.5747990998448,177.87668183481,-0.428561189371609,-24.5547474141,335.4452525859,157.56857075109,2.75009035726815
"dome","17:38:46",NA,7,"95r_2025-01-27 17-38-46_waggle_annotations.csv",-0.346374082759159,0.938096474139388,189.536386782949,10.7293106879981,"",648,847,"",-21.27,"antisolar","20250127/2025-01-27 17-38-46.mkv",20250127,"95r_2025-01-27 17-38-46_17:38:46_20250127","95r",2025-01-27 16:38:46,2025-01-27 18:38:46,250.276971327781,1.5747990998448,177.87668183481,0.187261797974985,10.7293106879981,10.7293106879981,167.147371146812,-2.91727196256485
"dome","17:38:46",NA,8,"95r_2025-01-27 17-38-46_waggle_annotations.csv",-0.464006994670558,0.885831535280155,189.536386782949,18.1095885807893,"",692,844,"",-21.27,"antisolar","20250127/2025-01-27 17-38-46.mkv",20250127,"95r_2025-01-27 17-38-46_17:38:46_20250127","95r",2025-01-27 16:38:46,2025-01-27 18:38:46,250.276971327781,1.5747990998448,177.87668183481,0.31607194691634,18.1095885807893,18.1095885807893,159.767093254021,-2.78846181362349
"dome","17:38:46",NA,9,"95r_2025-01-27 17-38-46_waggle_annotations.csv",0.0633644731827819,0.997990452628816,189.536386782949,346.830662477562,"",698,836,"",-21.27,"antisolar","20250127/2025-01-27 17-38-46.mkv",20250127,"95r_2025-01-27 17-38-46_17:38:46_20250127","95r",2025-01-27 16:38:46,2025-01-27 18:38:46,250.276971327781,1.5747990998448,177.87668183481,-0.229848300072976,-13.169337522438,346.830662477562,168.953980642752,2.94880324656678
"dome","17:38:46",NA,10,"95r_2025-01-27 17-38-46_waggle_annotations.csv",-0.977414165439867,-0.211332792527539,189.536386782949,92.6640819444314,"",687,786,"",-21.27,"antisolar","20250127/2025-01-27 17-38-46.mkv",20250127,"95r_2025-01-27 17-38-46_17:38:46_20250127","95r",2025-01-27 16:38:46,2025-01-27 18:38:46,250.276971327781,1.5747990998448,177.87668183481,1.61729332826816,92.6640819444314,92.6640819444314,85.212599890379,-1.48724043227167
"dome","17:38:46",NA,11,"95r_2025-01-27 17-38-46_waggle_annotations.csv",0,1,189.536386782949,350.463613217051,"",656,818,"",-21.27,"antisolar","20250127/2025-01-27 17-38-46.mkv",20250127,"95r_2025-01-27 17-38-46_17:38:46_20250127","95r",2025-01-27 16:38:46,2025-01-27 18:38:46,250.276971327781,1.5747990998448,177.87668183481,-0.16644134810613,-9.53638678294899,350.463613217051,172.586931382241,3.01221019853363
"dome","17:38:46",NA,12,"95r_2025-01-27 17-38-46_waggle_annotations.csv",0.0080642538981924,-0.999967483375867,189.536386782949,170.925665938481,"",670,824,"",-21.27,"antisolar","20250127/2025-01-27 17-38-46.mkv",20250127,"95r_2025-01-27 17-38-46_17:38:46_20250127","95r",2025-01-27 16:38:46,2025-01-27 18:38:46,250.276971327781,1.5747990998448,177.87668183481,2.98321564679042,170.925665938481,170.925665938481,6.95101589632944,-0.121318113749414
"dome","17:38:46",NA,13,"95r_2025-01-27 17-38-46_waggle_annotations.csv",0.788943565965972,0.614465661954267,189.536386782949,298.376717806977,"",722,783,"",-21.27,"antisolar","20250127/2025-01-27 17-38-46.mkv",20250127,"95r_2025-01-27 17-38-46_17:38:46_20250127","95r",2025-01-27 16:38:46,2025-01-27 18:38:46,250.276971327781,1.5747990998448,177.87668183481,-1.07552917015384,-61.623282193023,298.376717806977,120.500035972167,2.10312237648591
"dome","17:38:46",NA,14,"95r_2025-01-27 17-38-46_waggle_annotations.csv",-0.04420453547656,0.999022501770256,189.536386782949,352.997172105445,"",733,808,"",-21.27,"antisolar","20250127/2025-01-27 17-38-46.mkv",20250127,"95r_2025-01-27 17-38-46_17:38:46_20250127","95r",2025-01-27 16:38:46,2025-01-27 18:38:46,250.276971327781,1.5747990998448,177.87668183481,-0.122222403710488,-7.00282789455507,352.997172105445,175.120490270635,3.05642914292927
"dome","17:38:46",NA,15,"95r_2025-01-27 17-38-46_waggle_annotations.csv",-0.206958591044391,0.978349703118941,189.536386782949,2.40779040549697,"",729,820,"",-21.27,"antisolar","20250127/2025-01-27 17-38-46.mkv",20250127,"95r_2025-01-27 17-38-46_17:38:46_20250127","95r",2025-01-27 16:38:46,2025-01-27 18:38:46,250.276971327781,1.5747990998448,177.87668183481,0.0420238702738515,2.40779040549697,2.40779040549697,175.468891429313,-3.06250989026598
"dome","17:38:46",NA,16,"95r_2025-01-27 17-38-46_waggle_annotations.csv",0,1,189.536386782949,350.463613217051,"",716,836,"",-21.27,"antisolar","20250127/2025-01-27 17-38-46.mkv",20250127,"95r_2025-01-27 17-38-46_17:38:46_20250127","95r",2025-01-27 16:38:46,2025-01-27 18:38:46,250.276971327781,1.5747990998448,177.87668183481,-0.16644134810613,-9.53638678294899,350.463613217051,172.586931382241,3.01221019853363
"dome","17:38:46",NA,17,"95r_2025-01-27 17-38-46_waggle_annotations.csv",-0.628722149442037,0.777630026941466,189.536386782949,29.4195210548095,"",753,840,"",-21.27,"antisolar","20250127/2025-01-27 17-38-46.mkv",20250127,"95r_2025-01-27 17-38-46_17:38:46_20250127","95r",2025-01-27 16:38:46,2025-01-27 18:38:46,250.276971327781,1.5747990998448,177.87668183481,0.513467506766221,29.4195210548095,29.4195210548095,148.457160780001,-2.59106625377361
"dome","17:38:46",NA,18,"95r_2025-01-27 17-38-46_waggle_annotations.csv",0.0448984968094592,0.998991554010469,189.536386782949,347.890253753874,"",717,869,"",-21.27,"antisolar","20250127/2025-01-27 17-38-46.mkv",20250127,"95r_2025-01-27 17-38-46_17:38:46_20250127","95r",2025-01-27 16:38:46,2025-01-27 18:38:46,250.276971327781,1.5747990998448,177.87668183481,-0.211354943575922,-12.109746246126,347.890253753874,170.013571919064,2.96729660306383
"dome","17:38:46",NA,19,"95r_2025-01-27 17-38-46_waggle_annotations.csv",0.316227766016838,0.948683298050514,189.536386782949,332.028664394129,"",744,884,"",-21.27,"antisolar","20250127/2025-01-27 17-38-46.mkv",20250127,"95r_2025-01-27 17-38-46_17:38:46_20250127","95r",2025-01-27 16:38:46,2025-01-27 18:38:46,250.276971327781,1.5747990998448,177.87668183481,-0.488191902502772,-27.971335605871,332.028664394129,154.151982559319,2.69045964413698
"dome","17:38:46",NA,20,"95r_2025-01-27 17-38-46_waggle_annotations.csv",0.161488568110541,0.98687458289775,189.536386782949,341.170304617654,"",727,895,"",-21.27,"antisolar","20250127/2025-01-27 17-38-46.mkv",20250127,"95r_2025-01-27 17-38-46_17:38:46_20250127","95r",2025-01-27 16:38:46,2025-01-27 18:38:46,250.276971327781,1.5747990998448,177.87668183481,-0.328640181569511,-18.829695382346,341.170304617654,163.293622782844,2.85001136507025
"dome","17:38:46",NA,21,"95r_2025-01-27 17-38-46_waggle_annotations.csv",0.0721010121751331,0.997397335089342,189.536386782949,346.328941843314,"",769,866,"",-21.27,"antisolar","20250127/2025-01-27 17-38-46.mkv",20250127,"95r_2025-01-27 17-38-46_17:38:46_20250127","95r",2025-01-27 16:38:46,2025-01-27 18:38:46,250.276971327781,1.5747990998448,177.87668183481,-0.238604977065798,-13.671058156686,346.328941843314,168.452260008504,2.94004656957396
"dome","17:38:46",NA,22,"95r_2025-01-27 17-38-46_waggle_annotations.csv",0.0475651494154494,0.998868137724438,189.536386782949,347.737302223144,"",724,951,"",-21.27,"antisolar","20250127/2025-01-27 17-38-46.mkv",20250127,"95r_2025-01-27 17-38-46_17:38:46_20250127","95r",2025-01-27 16:38:46,2025-01-27 18:38:46,250.276971327781,1.5747990998448,177.87668183481,-0.214024451383126,-12.262697776856,347.737302223144,169.860620388334,2.96462709525663
"dome","17:38:46",NA,23,"95r_2025-01-27 17-38-46_waggle_annotations.csv",0.14142135623731,0.989949493661166,189.536386782949,342.333510862895,"",706,866,"",-21.27,"antisolar","20250127/2025-01-27 17-38-46.mkv",20250127,"95r_2025-01-27 17-38-46_17:38:46_20250127","95r",2025-01-27 16:38:46,2025-01-27 18:38:46,250.276971327781,1.5747990998448,177.87668183481,-0.308338402710294,-17.666489137105,342.333510862895,164.456829028085,2.87031314392946
"dome","17:38:46",NA,24,"95r_2025-01-27 17-38-46_waggle_annotations.csv",-0.302579132426839,0.953124267144543,189.536386782949,8.07619105997446,"",764,833,"",-21.27,"antisolar","20250127/2025-01-27 17-38-46.mkv",20250127,"95r_2025-01-27 17-38-46_17:38:46_20250127","95r",2025-01-27 16:38:46,2025-01-27 18:38:46,250.276971327781,1.5747990998448,177.87668183481,0.140956125016685,8.07619105997446,8.07619105997446,169.800490774836,-2.96357763552314
"dome","17:38:46",NA,25,"95r_2025-01-27 17-38-46_waggle_annotations.csv",0.702701259061168,0.711485024799433,189.536386782949,305.819483047673,"",766,876,"",-21.27,"antisolar","20250127/2025-01-27 17-38-46.mkv",20250127,"95r_2025-01-27 17-38-46_17:38:46_20250127","95r",2025-01-27 16:38:46,2025-01-27 18:38:46,250.276971327781,1.5747990998448,177.87668183481,-0.94562841125071,-54.180516952327,305.819483047673,127.942801212863,2.23302313538905
"dome","17:38:46",NA,26,"95r_2025-01-27 17-38-46_waggle_annotations.csv",0.182712342635632,0.983166415134589,189.536386782949,339.935827097087,"",810,855,"",-21.27,"antisolar","20250127/2025-01-27 17-38-46.mkv",20250127,"95r_2025-01-27 17-38-46_17:38:46_20250127","95r",2025-01-27 16:38:46,2025-01-27 18:38:46,250.276971327781,1.5747990998448,177.87668183481,-0.350185878845261,-20.0641729029131,339.935827097087,162.059145262277,2.8284656677945
"dome","17:38:46",NA,27,"95r_2025-01-27 17-38-46_waggle_annotations.csv",0.6357072528611,0.77193023561705,189.536386782949,310.991153368707,"",696,810,"",-21.27,"antisolar","20250127/2025-01-27 17-38-46.mkv",20250127,"95r_2025-01-27 17-38-46_17:38:46_20250127","95r",2025-01-27 16:38:46,2025-01-27 18:38:46,250.276971327781,1.5747990998448,177.87668183481,-0.855365736320995,-49.008846631293,310.991153368707,133.114471533897,2.32328581031876
"dome","17:43:50",NA,1,"95r_2025-01-27 17-43-50_waggle_annotations.csv",-0.208107644464859,0.978105928984836,186.882485997963,5.12899238840262,"",715,799,"",-21.27,"antisolar","20250127/2025-01-27 17-43-50.mkv",20250127,"95r_2025-01-27 17-43-50_17:43:50_20250127","95r",2025-01-27 16:43:50,2025-01-27 18:43:50,249.735643676345,0.662776800210627,178.418009486247,0.0895178044873535,5.12899238840262,5.12899238840262,173.289017097844,-3.02446390590213
"dome","17:43:50",NA,2,"95r_2025-01-27 17-43-50_waggle_annotations.csv",-0.219374821818561,0.975640654929916,186.882485997963,5.78982993836075,"",719,763,"",-21.27,"antisolar","20250127/2025-01-27 17-43-50.mkv",20250127,"95r_2025-01-27 17-43-50_17:43:50_20250127","95r",2025-01-27 16:43:50,2025-01-27 18:43:50,249.735643676345,0.662776800210627,178.418009486247,0.101051595554935,5.78982993836075,5.78982993836075,172.628179547886,-3.01293011483455
"dome","17:43:50",NA,3,"95r_2025-01-27 17-43-50_waggle_annotations.csv",0.307564372052616,0.951527276037781,186.882485997963,335.205004616074,"",693,783,"",-21.27,"antisolar","20250127/2025-01-27 17-43-50.mkv",20250127,"95r_2025-01-27 17-43-50_17:43:50_20250127","95r",2025-01-27 16:43:50,2025-01-27 18:43:50,249.735643676345,0.662776800210627,178.418009486247,-0.432754307466304,-24.794995383926,335.205004616074,156.786995129827,2.7364492893238
"dome","17:43:50",NA,4,"95r_2025-01-27 17-43-50_waggle_annotations.csv",0.064382277997965,0.997925308968458,186.882485997963,349.426128015586,"",697,767,"",-21.27,"antisolar","20250127/2025-01-27 17-43-50.mkv",20250127,"95r_2025-01-27 17-43-50_17:43:50_20250127","95r",2025-01-27 16:43:50,2025-01-27 18:43:50,249.735643676345,0.662776800210627,178.418009486247,-0.184548880812411,-10.573871984414,349.426128015586,171.008118529339,2.98465471597769
"dome","17:43:50",NA,5,"95r_2025-01-27 17-43-50_waggle_annotations.csv",-0.266335379439762,0.963880420829616,186.882485997963,8.56383036972974,"",707,721,"",-21.27,"antisolar","20250127/2025-01-27 17-43-50.mkv",20250127,"95r_2025-01-27 17-43-50_17:43:50_20250127","95r",2025-01-27 16:43:50,2025-01-27 18:43:50,249.735643676345,0.662776800210627,178.418009486247,0.149467036534067,8.56383036972974,8.56383036972974,169.854179116517,-2.96451467385542
"dome","17:43:50",NA,6,"95r_2025-01-27 17-43-50_waggle_annotations.csv",0.530835797152561,0.847474693699703,186.882485997963,321.055570319224,"",663,791,"",-21.27,"antisolar","20250127/2025-01-27 17-43-50.mkv",20250127,"95r_2025-01-27 17-43-50_17:43:50_20250127","95r",2025-01-27 16:43:50,2025-01-27 18:43:50,249.735643676345,0.662776800210627,178.418009486247,-0.679708523240946,-38.944429680776,321.055570319224,142.637560832977,2.48949507354915
"dome","17:43:50",NA,7,"95r_2025-01-27 17-43-50_waggle_annotations.csv",-0.412887794593934,0.91078189983956,186.882485997963,17.5038851038386,"",770,786,"",-21.27,"antisolar","20250127/2025-01-27 17-43-50.mkv",20250127,"95r_2025-01-27 17-43-50_17:43:50_20250127","95r",2025-01-27 16:43:50,2025-01-27 18:43:50,249.735643676345,0.662776800210627,178.418009486247,0.305500426952773,17.5038851038386,17.5038851038386,160.914124382408,-2.80848128343671
"dome","17:43:50",NA,8,"95r_2025-01-27 17-43-50_waggle_annotations.csv",0.351123441588392,0.936329177569044,186.882485997963,332.561468782454,"",707,776,"",-21.27,"antisolar","20250127/2025-01-27 17-43-50.mkv",20250127,"95r_2025-01-27 17-43-50_17:43:50_20250127","95r",2025-01-27 16:43:50,2025-01-27 18:43:50,249.735643676345,0.662776800210627,178.418009486247,-0.478892711657427,-27.438531217546,332.561468782454,154.143459296207,2.69031088513267
"dome","17:43:50",NA,9,"95r_2025-01-27 17-43-50_waggle_annotations.csv",0.189286162263998,0.98192196674449,186.882485997963,342.206385617754,"",767,791,"",-21.27,"antisolar","20250127/2025-01-27 17-43-50.mkv",20250127,"95r_2025-01-27 17-43-50_17:43:50_20250127","95r",2025-01-27 16:43:50,2025-01-27 18:43:50,249.735643676345,0.662776800210627,178.418009486247,-0.31055715680041,-17.7936143822461,342.206385617754,163.788376131507,2.85864643998969
"dome","10:12:07",NA,1,"66b_2025-01-28 10-12-07_waggle_annotations.csv",-0.957826285221151,-0.287347885566345,96.9675273440876,189.731716889906,"",714,779,"",-21.27,"solar","20250128/2025-01-28 10-12-07.mkv",20250128,"66b_2025-01-28 10-12-07_10:12:07_20250128","66b",2025-01-28 09:12:07,2025-01-28 11:12:07,62.862470207564,74.9984262313558,5.29118295502777,-2.97174215198899,-170.268283110094,189.731716889906,175.559466065122,-3.06409071587963
"dome","10:12:07",NA,2,"66b_2025-01-28 10-12-07_waggle_annotations.csv",-0.502620457374531,0.864507186684193,96.9675273440876,113.205992685557,"",659,767,"",-21.27,"solar","20250128/2025-01-28 10-12-07.mkv",20250128,"66b_2025-01-28 10-12-07_10:12:07_20250128","66b",2025-01-28 09:12:07,2025-01-28 11:12:07,62.862470207564,74.9984262313558,5.29118295502777,1.97581730535159,113.205992685557,113.205992685557,107.914809730529,1.88346874146095
"dome","10:12:07",NA,3,"66b_2025-01-28 10-12-07_waggle_annotations.csv",-0.134191872744621,-0.990955367960279,96.9675273440876,255.320580243254,"",674,772,"",-21.27,"solar","20250128/2025-01-28 10-12-07.mkv",20250128,"66b_2025-01-28 10-12-07_10:12:07_20250128","66b",2025-01-28 09:12:07,2025-01-28 11:12:07,62.862470207564,74.9984262313558,5.29118295502777,-1.82700053383242,-104.679419756746,255.320580243254,109.970602711774,-1.91934909772306
"dome","10:12:07",NA,4,"66b_2025-01-28 10-12-07_waggle_annotations.csv",0.196116135138184,-0.98058067569092,96.9675273440876,274.342405129933,"",737,661,"",-21.27,"solar","20250128/2025-01-28 10-12-07.mkv",20250128,"66b_2025-01-28 10-12-07_10:12:07_20250128","66b",2025-01-28 09:12:07,2025-01-28 11:12:07,62.862470207564,74.9984262313558,5.29118295502777,-1.49500705982207,-85.657594870067,274.342405129933,90.9487778250948,-1.58735562371271
"dome","10:12:07",NA,5,"66b_2025-01-28 10-12-07_waggle_annotations.csv",-0.861538461538462,0.507692307692308,96.9675273440876,142.522235249797,"",696,819,"",-21.27,"solar","20250128/2025-01-28 10-12-07.mkv",20250128,"66b_2025-01-28 10-12-07_10:12:07_20250128","66b",2025-01-28 09:12:07,2025-01-28 11:12:07,62.862470207564,74.9984262313558,5.29118295502777,2.48748226241088,142.522235249797,142.522235249797,137.231052294769,2.39513369852024
"dome","10:12:07",NA,6,"66b_2025-01-28 10-12-07_waggle_annotations.csv",-0.309086072337558,-0.951034068730948,96.9675273440876,245.028311049999,"",639,871,"",-21.27,"solar","20250128/2025-01-28 10-12-07.mkv",20250128,"66b_2025-01-28 10-12-07_10:12:07_20250128","66b",2025-01-28 09:12:07,2025-01-28 11:12:07,62.862470207564,74.9984262313558,5.29118295502777,-2.0066345187563,-114.971688950001,245.028311049999,120.262871905029,-2.09898308264694
"dome","10:14:52",NA,1,"9b_2025-01-28 10-14-52_waggle_annotations.csv",0.697864726910429,0.716229588144914,93.8500222653222,41.8940369375665,"",790,920,"",-21.27,"solar","20250128/2025-01-28 10-14-52.mkv",20250128,"9b_2025-01-28 10-14-52_10:14:52_20250128","9b",2025-01-28 09:14:52,2025-01-28 11:14:52,61.4628303435787,75.5463334861579,6.69082281901304,0.731188881512657,41.8940369375665,41.8940369375665,35.2032141185535,0.614411993653311
"dome","10:14:52",NA,2,"9b_2025-01-28 10-14-52_waggle_annotations.csv",0.929960720173932,-0.367658889371089,93.8500222653222,334.578670543423,"",892,841,"",-21.27,"solar","20250128/2025-01-28 10-14-52.mkv",20250128,"9b_2025-01-28 10-14-52_10:14:52_20250128","9b",2025-01-28 09:14:52,2025-01-28 11:14:52,61.4628303435787,75.5463334861579,6.69082281901304,-0.44368589925149,-25.421329456577,334.578670543423,32.11215227559,-0.560462787110836
"dome","10:14:52",NA,3,"9b_2025-01-28 10-14-52_waggle_annotations.csv",-0.613940613514921,-0.789352217376326,93.8500222653222,228.27499408358,"",937,753,"",-21.27,"solar","20250128/2025-01-28 10-14-52.mkv",20250128,"9b_2025-01-28 10-14-52_10:14:52_20250128","9b",2025-01-28 09:14:52,2025-01-28 11:14:52,61.4628303435787,75.5463334861579,6.69082281901304,-2.29903506045054,-131.72500591642,228.27499408358,138.415828735433,-2.41581194830989
"dome","10:14:52",NA,4,"9b_2025-01-28 10-14-52_waggle_annotations.csv",0.997226992609779,-0.0744199248216252,93.8500222653222,351.882084434387,"",827,751,"",-21.27,"solar","20250128/2025-01-28 10-14-52.mkv",20250128,"9b_2025-01-28 10-14-52_10:14:52_20250128","9b",2025-01-28 09:14:52,2025-01-28 11:14:52,61.4628303435787,75.5463334861579,6.69082281901304,-0.141684355018844,-8.11791556561299,351.882084434387,14.808738384626,-0.25846124287819
"dome","10:14:52",NA,5,"9b_2025-01-28 10-14-52_waggle_annotations.csv",0,-1,93.8500222653222,266.149977734678,"",848,740,"",-21.27,"solar","20250128/2025-01-28 10-14-52.mkv",20250128,"9b_2025-01-28 10-14-52_10:14:52_20250128","9b",2025-01-28 09:14:52,2025-01-28 11:14:52,61.4628303435787,75.5463334861579,6.69082281901304,-1.63799189159986,-93.850022265322,266.149977734678,100.540845084335,-1.7547687794592
"dome","10:14:52",NA,6,"9b_2025-01-28 10-14-52_waggle_annotations.csv",-0.0374736605890942,-0.999297615709181,93.8500222653222,264.002392306379,"",838,778,"",-21.27,"solar","20250128/2025-01-28 10-14-52.mkv",20250128,"9b_2025-01-28 10-14-52_10:14:52_20250128","9b",2025-01-28 09:14:52,2025-01-28 11:14:52,61.4628303435787,75.5463334861579,6.69082281901304,-1.67547432829153,-95.997607693621,264.002392306379,102.688430512634,-1.79225121615087
"dome","10:14:52",NA,7,"9b_2025-01-28 10-14-52_waggle_annotations.csv",0.999150833091733,-0.0412020962099683,93.8500222653222,353.788603076502,"",902,800,"",-21.27,"solar","20250128/2025-01-28 10-14-52.mkv",20250128,"9b_2025-01-28 10-14-52_10:14:52_20250128","9b",2025-01-28 09:14:52,2025-01-28 11:14:52,61.4628303435787,75.5463334861579,6.69082281901304,-0.108409327463287,-6.21139692349803,353.788603076502,12.902219742511,-0.225186215322632
"dome","10:15:52",NA,1,"66b_2025-01-28 10-15-52_waggle_annotations.csv",-0.99242260474407,-0.122871370111171,98.7239905499117,178.333856099969,"",833,884,"",-21.27,"solar","20250128/2025-01-28 10-15-52.mkv",20250128,"66b_2025-01-28 10-15-52_10:15:52_20250128","66b",2025-01-28 09:15:52,2025-01-28 11:15:52,60.929930621268,75.7437590773219,7.22372254132374,3.11251295672223,178.333856099969,178.333856099969,171.110133558645,2.9864352141256
"dome","10:15:52",NA,2,"66b_2025-01-28 10-15-52_waggle_annotations.csv",-0.998389744857247,0.0567266900487071,98.7239905499117,168.024063849724,"",878,776,"",-21.27,"solar","20250128/2025-01-28 10-15-52.mkv",20250128,"66b_2025-01-28 10-15-52_10:15:52_20250128","66b",2025-01-28 09:15:52,2025-01-28 11:15:52,60.929930621268,75.7437590773219,7.22372254132374,2.93257313675886,168.024063849724,168.024063849724,160.8003413084,2.80649539416223
"dome","10:15:52",NA,3,"66b_2025-01-28 10-15-52_waggle_annotations.csv",0.246153846153846,-0.969230769230769,98.7239905499117,275.526042147892,"",847,789,"",-21.27,"solar","20250128/2025-01-28 10-15-52.mkv",20250128,"66b_2025-01-28 10-15-52_10:15:52_20250128","66b",2025-01-28 09:15:52,2025-01-28 11:15:52,60.929930621268,75.7437590773219,7.22372254132374,-1.4743486967102,-84.473957852108,275.526042147892,91.6976803934318,-1.60042643930683
"dome","10:15:52",NA,4,"66b_2025-01-28 10-15-52_waggle_annotations.csv",0.0791163009981219,-0.996865392576337,98.7239905499117,265.813781957995,"",878,824,"",-21.27,"solar","20250128/2025-01-28 10-15-52.mkv",20250128,"66b_2025-01-28 10-15-52_10:15:52_20250128","66b",2025-01-28 09:15:52,2025-01-28 11:15:52,60.929930621268,75.7437590773219,7.22372254132374,-1.64385961483427,-94.186218042005,265.813781957995,101.409940583329,-1.76993735743091
"dome","10:15:52",NA,5,"66b_2025-01-28 10-15-52_waggle_annotations.csv",0.110431526074847,-0.993883734673619,98.7239905499117,267.616201195998,"",881,826,"",-21.27,"solar","20250128/2025-01-28 10-15-52.mkv",20250128,"66b_2025-01-28 10-15-52_10:15:52_20250128","66b",2025-01-28 09:15:52,2025-01-28 11:15:52,60.929930621268,75.7437590773219,7.22372254132374,-1.61240146462983,-92.383798804002,267.616201195998,99.6075213453258,-1.73847920722647
"dome","10:15:52",NA,6,"66b_2025-01-28 10-15-52_waggle_annotations.csv",0.354357485864212,-0.93511003214167,98.7239905499117,282.030080768888,"",825,775,"",-21.27,"solar","20250128/2025-01-28 10-15-52.mkv",20250128,"66b_2025-01-28 10-15-52_10:15:52_20250128","66b",2025-01-28 09:15:52,2025-01-28 11:15:52,60.929930621268,75.7437590773219,7.22372254132374,-1.36083180809695,-77.969919231112,282.030080768888,85.1936417724358,-1.48690955069358
"dome","10:16:41",NA,1,"66b_2_2025-01-28 10-16-41_waggle_annotations.csv",-0.222038341650928,-0.975037935075813,100.045820451487,247.125396677057,"",938,747,"",-21.27,"solar","20250128/2025-01-28 10-16-41.mkv",20250128,"66b_2_2025-01-28 10-16-41_10:16:41_20250128","66b",2025-01-28 09:16:41,2025-01-28 11:16:41,60.4847250203622,75.9042258949347,7.6689281422296,-1.97003346986789,-112.874603322943,247.125396677057,120.543531465173,-2.10388151604865
"dome","10:16:41",NA,2,"66b_2_2025-01-28 10-16-41_waggle_annotations.csv",0.899734217802279,-0.436438239978718,100.045820451487,324.077332864474,"",816,772,"",-21.27,"solar","20250128/2025-01-28 10-16-41.mkv",20250128,"66b_2_2025-01-28 10-16-41_10:16:41_20250128","66b",2025-01-28 09:16:41,2025-01-28 11:16:41,60.4847250203622,75.9042258949347,7.6689281422296,-0.626968817612889,-35.922667135526,324.077332864474,43.5915952777557,-0.760816863793649
"dome","10:16:41",NA,3,"66b_2_2025-01-28 10-16-41_waggle_annotations.csv",-0.0366725627644501,-0.999327335331266,100.045820451487,257.852525220841,"",837,818,"",-21.27,"solar","20250128/2025-01-28 10-16-41.mkv",20250128,"66b_2_2025-01-28 10-16-41_10:16:41_20250128","66b",2025-01-28 09:16:41,2025-01-28 11:16:41,60.4847250203622,75.9042258949347,7.6689281422296,-1.78280975749419,-102.147474779159,257.852525220841,109.816402921389,-1.91665780367495
"dome","10:16:41",NA,4,"66b_2_2025-01-28 10-16-41_waggle_annotations.csv",0.426775498080064,-0.904357603074422,100.045820451487,285.217278053012,"",816,752,"",-21.27,"solar","20250128/2025-01-28 10-16-41.mkv",20250128,"66b_2_2025-01-28 10-16-41_10:16:41_20250128","66b",2025-01-28 09:16:41,2025-01-28 11:16:41,60.4847250203622,75.9042258949347,7.6689281422296,-1.30520472157837,-74.782721946988,285.217278053012,82.4516500892176,-1.43905276775912
"dome","10:16:41",NA,5,"66b_2_2025-01-28 10-16-41_waggle_annotations.csv",0.712034174065174,-0.702144810536491,100.045820451487,305.354842804305,"",824,732,"",-21.27,"solar","20250128/2025-01-28 10-16-41.mkv",20250128,"66b_2_2025-01-28 10-16-41_10:16:41_20250128","66b",2025-01-28 09:16:41,2025-01-28 11:16:41,60.4847250203622,75.9042258949347,7.6689281422296,-0.95373791333475,-54.645157195695,305.354842804305,62.3140853379246,-1.08758595951551
"dome","10:16:41",NA,6,"66b_2_2025-01-28 10-16-41_waggle_annotations.csv",0.739940073395944,-0.672672793996313,100.045820451487,307.680490542419,"",881,753,"",-21.27,"solar","20250128/2025-01-28 10-16-41.mkv",20250128,"66b_2_2025-01-28 10-16-41_10:16:41_20250128","66b",2025-01-28 09:16:41,2025-01-28 11:16:41,60.4847250203622,75.9042258949347,7.6689281422296,-0.913147703063101,-52.319509457581,307.680490542419,59.9884375998106,-1.04699574924386
"dome","10:16:41",NA,7,"66b_2_2025-01-28 10-16-41_waggle_annotations.csv",0.976484527684887,-0.215587493125235,100.045820451487,337.504183040706,"",865,796,"",-21.27,"solar","20250128/2025-01-28 10-16-41.mkv",20250128,"66b_2_2025-01-28 10-16-41_10:16:41_20250128","66b",2025-01-28 09:16:41,2025-01-28 11:16:41,60.4847250203622,75.9042258949347,7.6689281422296,-0.39262607386566,-22.4958169592941,337.504183040706,30.1647451015236,-0.526474120046419
"dome","10:16:41",NA,8,"66b_2_2025-01-28 10-16-41_waggle_annotations.csv",0.0563618777559932,-0.998410405963308,100.045820451487,263.185189448881,"",899,820,"",-21.27,"solar","20250128/2025-01-28 10-16-41.mkv",20250128,"66b_2_2025-01-28 10-16-41_10:16:41_20250128","66b",2025-01-28 09:16:41,2025-01-28 11:16:41,60.4847250203622,75.9042258949347,7.6689281422296,-1.68973720881157,-96.814810551119,263.185189448881,104.483738693349,-1.82358525499233
"dome","10:16:41",NA,9,"66b_2_2025-01-28 10-16-41_waggle_annotations.csv",0.999709808467482,0.02408939297512,100.045820451487,351.334533621957,"",882,804,"",-21.27,"solar","20250128/2025-01-28 10-16-41.mkv",20250128,"66b_2_2025-01-28 10-16-41_10:16:41_20250128","66b",2025-01-28 09:16:41,2025-01-28 11:16:41,60.4847250203622,75.9042258949347,7.6689281422296,-0.151240919517718,-8.66546637804299,351.334533621957,16.3343945202726,-0.285088965698477
"dome","10:16:41",NA,10,"66b_2_2025-01-28 10-16-41_waggle_annotations.csv",0.297840119412411,-0.954615767347471,100.045820451487,277.282101325754,"",865,838,"",-21.27,"solar","20250128/2025-01-28 10-16-41.mkv",20250128,"66b_2_2025-01-28 10-16-41_10:16:41_20250128","66b",2025-01-28 09:16:41,2025-01-28 11:16:41,60.4847250203622,75.9042258949347,7.6689281422296,-1.44369968219664,-82.717898674246,277.282101325754,90.3868268164756,-1.5775477283774
"dome","10:16:41",NA,11,"66b_2_2025-01-28 10-16-41_waggle_annotations.csv",-0.0103087305528397,0.999946863625457,100.045820451487,80.5448367631593,"",887,843,"",-21.27,"solar","20250128/2025-01-28 10-16-41.mkv",20250128,"66b_2_2025-01-28 10-16-41_10:16:41_20250128","66b",2025-01-28 09:16:41,2025-01-28 11:16:41,60.4847250203622,75.9042258949347,7.6689281422296,1.4057725969985,80.5448367631593,80.5448367631593,72.8759086209297,1.27192455081774
"dome","10:16:41",NA,12,"66b_2_2025-01-28 10-16-41_waggle_annotations.csv",-0.245282919865257,-0.969451540419826,100.045820451487,245.755625524649,"",933,887,"",-21.27,"solar","20250128/2025-01-28 10-16-41.mkv",20250128,"66b_2_2025-01-28 10-16-41_10:16:41_20250128","66b",2025-01-28 09:16:41,2025-01-28 11:16:41,60.4847250203622,75.9042258949347,7.6689281422296,-1.99394048647624,-114.244374475351,245.755625524649,121.913302617581,-2.127788532657
"dome","10:16:41",NA,13,"66b_2_2025-01-28 10-16-41_waggle_annotations.csv",0.572708438792208,-0.819759137879043,100.045820451487,294.89348975319,"",854,866,"",-21.27,"solar","20250128/2025-01-28 10-16-41.mkv",20250128,"66b_2_2025-01-28 10-16-41_10:16:41_20250128","66b",2025-01-28 09:16:41,2025-01-28 11:16:41,60.4847250203622,75.9042258949347,7.6689281422296,-1.13632296829026,-65.10651024681,294.89348975319,72.7754383890396,-1.27017101447102
"dome","10:16:41",NA,14,"66b_2_2025-01-28 10-16-41_waggle_annotations.csv",0.99943743737039,-0.0335381690392748,100.045820451487,348.032223589581,"",848,846,"",-21.27,"solar","20250128/2025-01-28 10-16-41.mkv",20250128,"66b_2_2025-01-28 10-16-41_10:16:41_20250128","66b",2025-01-28 09:16:41,2025-01-28 11:16:41,60.4847250203622,75.9042258949347,7.6689281422296,-0.20887710250432,-11.967776410419,348.032223589581,19.6367045526487,-0.342725148685079
"dome","10:16:41",NA,15,"66b_2_2025-01-28 10-16-41_waggle_annotations.csv",0.985821169784127,-0.167799348048362,100.045820451487,340.29428647007,"",866,802,"",-21.27,"solar","20250128/2025-01-28 10-16-41.mkv",20250128,"66b_2_2025-01-28 10-16-41_10:16:41_20250128","66b",2025-01-28 09:16:41,2025-01-28 11:16:41,60.4847250203622,75.9042258949347,7.6689281422296,-0.343929582552073,-19.70571352993,340.29428647007,27.3746416721596,-0.477777628732832
"dome","10:16:41",NA,16,"66b_2_2025-01-28 10-16-41_waggle_annotations.csv",0,-1,100.045820451487,259.954179548513,"",864,798,"",-21.27,"solar","20250128/2025-01-28 10-16-41.mkv",20250128,"66b_2_2025-01-28 10-16-41_10:16:41_20250128","66b",2025-01-28 09:16:41,2025-01-28 11:16:41,60.4847250203622,75.9042258949347,7.6689281422296,-1.74612896973753,-100.045820451487,259.954179548513,107.714748593717,-1.87997701591829
"dome","10:16:41",NA,17,"66b_2_2025-01-28 10-16-41_waggle_annotations.csv",0.8661855860486,-0.499722453489577,100.045820451487,319.972540179663,"",916,781,"",-21.27,"solar","20250128/2025-01-28 10-16-41.mkv",20250128,"66b_2_2025-01-28 10-16-41_10:16:41_20250128","66b",2025-01-28 09:16:41,2025-01-28 11:16:41,60.4847250203622,75.9042258949347,7.6689281422296,-0.698610965074619,-40.027459820337,319.972540179663,47.6963879625667,-0.832459011255378
"dome","10:16:41",NA,18,"66b_2_2025-01-28 10-16-41_waggle_annotations.csv",-0.479736416718015,-0.87741265689216,100.045820451487,231.285991156981,"",924,826,"",-21.27,"solar","20250128/2025-01-28 10-16-41.mkv",20250128,"66b_2_2025-01-28 10-16-41_10:16:41_20250128","66b",2025-01-28 09:16:41,2025-01-28 11:16:41,60.4847250203622,75.9042258949347,7.6689281422296,-2.24648324775178,-128.714008843019,231.285991156981,136.382936985249,-2.38033129393254
"dome","10:16:41",NA,19,"66b_2_2025-01-28 10-16-41_waggle_annotations.csv",0.257662650560332,-0.966234939601246,100.045820451487,274.88559672665,"",927,830,"",-21.27,"solar","20250128/2025-01-28 10-16-41.mkv",20250128,"66b_2_2025-01-28 10-16-41_10:16:41_20250128","66b",2025-01-28 09:16:41,2025-01-28 11:16:41,60.4847250203622,75.9042258949347,7.6689281422296,-1.4855265779902,-85.11440327335,274.88559672665,92.7833314155796,-1.61937462417096
"dome","10:16:41",NA,1,"95r_2025-01-28 10-16-41_waggle_annotations.csv",0.208107644464859,-0.978105928984836,100.045820451487,271.965657934878,"",802,765,"",-21.27,"solar","20250128/2025-01-28 10-16-41.mkv",20250128,"95r_2025-01-28 10-16-41_10:16:41_20250128","95r",2025-01-28 09:16:41,2025-01-28 11:16:41,60.4847250203622,75.9042258949347,7.6689281422296,-1.53648912386332,-88.034342065122,271.965657934878,95.7032702073516,-1.67033717004408
"dome","10:16:41",NA,2,"95r_2025-01-28 10-16-41_waggle_annotations.csv",-0.154967768845212,-0.987919526388226,100.045820451487,251.039252591365,"",853,786,"",-21.27,"solar","20250128/2025-01-28 10-16-41.mkv",20250128,"95r_2025-01-28 10-16-41_10:16:41_20250128","95r",2025-01-28 09:16:41,2025-01-28 11:16:41,60.4847250203622,75.9042258949347,7.6689281422296,-1.90172379771456,-108.960747408635,251.039252591365,116.629675550865,-2.03557184389532
"dome","10:16:41",NA,3,"95r_2025-01-28 10-16-41_waggle_annotations.csv",0.242535625036333,-0.970142500145332,100.045820451487,273.990423016439,"",821,800,"",-21.27,"solar","20250128/2025-01-28 10-16-41.mkv",20250128,"95r_2025-01-28 10-16-41_10:16:41_20250128","95r",2025-01-28 09:16:41,2025-01-28 11:16:41,60.4847250203622,75.9042258949347,7.6689281422296,-1.50115030661067,-86.009576983561,273.990423016439,93.6785051257906,-1.63499835279143
"dome","10:16:41",NA,4,"95r_2025-01-28 10-16-41_waggle_annotations.csv",0.0838161784977728,-0.996481233251299,100.045820451487,264.762133511543,"",906,829,"",-21.27,"solar","20250128/2025-01-28 10-16-41.mkv",20250128,"95r_2025-01-28 10-16-41_10:16:41_20250128","95r",2025-01-28 09:16:41,2025-01-28 11:16:41,60.4847250203622,75.9042258949347,7.6689281422296,-1.66221434279834,-95.237866488457,264.762133511543,102.906794630687,-1.7960623889791
"dome","10:16:41",NA,5,"95r_2025-01-28 10-16-41_waggle_annotations.csv",0.934001750310155,-0.357268429080387,100.045820451487,329.02164418341,"",883,813,"",-21.27,"solar","20250128/2025-01-28 10-16-41.mkv",20250128,"95r_2025-01-28 10-16-41_10:16:41_20250128","95r",2025-01-28 09:16:41,2025-01-28 11:16:41,60.4847250203622,75.9042258949347,7.6689281422296,-0.540674305853832,-30.97835581659,329.02164418341,38.6472839588196,-0.674522352034592
"dome","10:16:41",NA,6,"95r_2025-01-28 10-16-41_waggle_annotations.csv",0.897302982150508,-0.441415176703073,100.045820451487,323.759969662263,"",887,751,"",-21.27,"solar","20250128/2025-01-28 10-16-41.mkv",20250128,"95r_2025-01-28 10-16-41_10:16:41_20250128","95r",2025-01-28 09:16:41,2025-01-28 11:16:41,60.4847250203622,75.9042258949347,7.6689281422296,-0.632507850416143,-36.240030337737,323.759969662263,43.9089584799666,-0.766355896596903
"dome","10:16:41",NA,7,"95r_2025-01-28 10-16-41_waggle_annotations.csv",0.75985224655562,-0.650095810942031,100.045820451487,309.405353551399,"",899,789,"",-21.27,"solar","20250128/2025-01-28 10-16-41.mkv",20250128,"95r_2025-01-28 10-16-41_10:16:41_20250128","95r",2025-01-28 09:16:41,2025-01-28 11:16:41,60.4847250203622,75.9042258949347,7.6689281422296,-0.883043164410544,-50.594646448601,309.405353551399,58.2635745908306,-1.0168912105913
"dome","10:16:41",NA,8,"95r_2025-01-28 10-16-41_waggle_annotations.csv",0.654063989530235,-0.756439222674098,100.045820451487,300.802894282091,"",888,817,"",-21.27,"solar","20250128/2025-01-28 10-16-41.mkv",20250128,"95r_2025-01-28 10-16-41_10:16:41_20250128","95r",2025-01-28 09:16:41,2025-01-28 11:16:41,60.4847250203622,75.9042258949347,7.6689281422296,-1.03318440242867,-59.197105717909,300.802894282091,66.8660338601386,-1.16703244860943
"dome","10:16:41",NA,9,"95r_2025-01-28 10-16-41_waggle_annotations.csv",0.201652920670487,-0.979457043256652,100.045820451487,271.587813547453,"",918,820,"",-21.27,"solar","20250128/2025-01-28 10-16-41.mkv",20250128,"95r_2025-01-28 10-16-41_10:16:41_20250128","95r",2025-01-28 09:16:41,2025-01-28 11:16:41,60.4847250203622,75.9042258949347,7.6689281422296,-1.54308375248407,-88.412186452547,271.587813547453,96.0811145947767,-1.67693179866483
"dome","10:16:41",NA,10,"95r_2025-01-28 10-16-41_waggle_annotations.csv",0.117241379310345,-0.993103448275862,100.045820451487,266.687100875372,"",922,803,"",-21.27,"solar","20250128/2025-01-28 10-16-41.mkv",20250128,"95r_2025-01-28 10-16-41_10:16:41_20250128","95r",2025-01-28 09:16:41,2025-01-28 11:16:41,60.4847250203622,75.9042258949347,7.6689281422296,-1.62861732430609,-93.312899124628,266.687100875372,100.981827266858,-1.76246537048685
"dome","10:16:41",NA,11,"95r_2025-01-28 10-16-41_waggle_annotations.csv",0.0539752580150004,-0.998542273277508,100.045820451487,263.04823760743,"",948,829,"",-21.27,"solar","20250128/2025-01-28 10-16-41.mkv",20250128,"95r_2025-01-28 10-16-41_10:16:41_20250128","95r",2025-01-28 09:16:41,2025-01-28 11:16:41,60.4847250203622,75.9042258949347,7.6689281422296,-1.69212746936156,-96.95176239257,263.04823760743,104.6206905348,-1.82597551554232
"dome","10:53:54",NA,1,"22b_2025-01-28 10-53-54_waggle_annotations.csv",0.996448291857375,-0.0842068979034401,107.418500987393,337.751079054317,"",776,812,"",-21.27,"solar","20250128/2025-01-28 10-53-54.mkv",20250128,"22b_2025-01-28 10-53-54_10:53:54_20250128","22b",2025-01-28 09:53:54,2025-01-28 11:53:54,24.6155771304269,81.8023237469079,43.5380760321649,-0.388316925518099,-22.248920945683,337.751079054317,65.7869969778478,-1.148199702263
"dome","10:53:54",NA,2,"22b_2025-01-28 10-53-54_waggle_annotations.csv",-0.552537162786636,0.833488262508654,107.418500987393,106.12274666673,"",769,779,"",-21.27,"solar","20250128/2025-01-28 10-53-54.mkv",20250128,"22b_2025-01-28 10-53-54_10:53:54_20250128","22b",2025-01-28 09:53:54,2025-01-28 11:53:54,24.6155771304269,81.8023237469079,43.5380760321649,1.85219134059428,106.12274666673,106.12274666673,62.5846706345651,1.09230856384937
"dome","10:53:54",NA,3,"22b_2025-01-28 10-53-54_waggle_annotations.csv",-0.3823517927263,0.924016832421891,107.418500987393,95.0609334097101,"",726,794,"",-21.27,"solar","20250128/2025-01-28 10-53-54.mkv",20250128,"22b_2025-01-28 10-53-54_10:53:54_20250128","22b",2025-01-28 09:53:54,2025-01-28 11:53:54,24.6155771304269,81.8023237469079,43.5380760321649,1.65912627801852,95.0609334097101,95.0609334097101,51.5228573775452,0.899243501273616
"dome","10:53:54",NA,4,"22b_2025-01-28 10-53-54_waggle_annotations.csv",-0.615772523004787,-0.787923981049136,107.418500987393,214.573424359275,"",739,813,"",-21.27,"solar","20250128/2025-01-28 10-53-54.mkv",20250128,"22b_2025-01-28 10-53-54_10:53:54_20250128","22b",2025-01-28 09:53:54,2025-01-28 11:53:54,24.6155771304269,81.8023237469079,43.5380760321649,-2.53817256483123,-145.426575640725,214.573424359275,171.03534832711,2.98512996560345
"dome","10:53:54",NA,5,"22b_2025-01-28 10-53-54_waggle_annotations.csv",0.778413039475329,-0.627752451189782,107.418500987393,303.697002578892,"",745,820,"",-21.27,"solar","20250128/2025-01-28 10-53-54.mkv",20250128,"22b_2025-01-28 10-53-54_10:53:54_20250128","22b",2025-01-28 09:53:54,2025-01-28 11:53:54,24.6155771304269,81.8023237469079,43.5380760321649,-0.982672683740211,-56.302997421108,303.697002578892,99.8410734532729,-1.74255546048512
"dome","10:53:54",NA,6,"22b_2025-01-28 10-53-54_waggle_annotations.csv",0.803557193344746,-0.595227550625738,107.418500987393,306.052643645622,"",731,825,"",-21.27,"solar","20250128/2025-01-28 10-53-54.mkv",20250128,"22b_2025-01-28 10-53-54_10:53:54_20250128","22b",2025-01-28 09:53:54,2025-01-28 11:53:54,24.6155771304269,81.8023237469079,43.5380760321649,-0.941558991130581,-53.947356354378,306.052643645622,97.4854323865428,-1.70144176787549
"dome","10:53:54",NA,7,"22b_2025-01-28 10-53-54_waggle_annotations.csv",0.989758258921878,-0.142753595036809,107.418500987393,334.374282600689,"",758,843,"",-21.27,"solar","20250128/2025-01-28 10-53-54.mkv",20250128,"22b_2025-01-28 10-53-54_10:53:54_20250128","22b",2025-01-28 09:53:54,2025-01-28 11:53:54,24.6155771304269,81.8023237469079,43.5380760321649,-0.447253141803575,-25.625717399311,334.374282600689,69.1637934314758,-1.20713591854848
"dome","10:53:54",NA,8,"22b_2025-01-28 10-53-54_waggle_annotations.csv",0.832050294337844,-0.554700196225229,107.418500987393,308.891431486627,"",791,881,"",-21.27,"solar","20250128/2025-01-28 10-53-54.mkv",20250128,"22b_2025-01-28 10-53-54_10:53:54_20250128","22b",2025-01-28 09:53:54,2025-01-28 11:53:54,24.6155771304269,81.8023237469079,43.5380760321649,-0.892012796539463,-51.108568513373,308.891431486627,94.6466445455378,-1.65189557328437
"dome","10:53:54",NA,9,"22b_2025-01-28 10-53-54_waggle_annotations.csv",0.984957024646314,0.172799478008125,107.418500987393,352.532125700559,"",783,866,"",-21.27,"solar","20250128/2025-01-28 10-53-54.mkv",20250128,"22b_2025-01-28 10-53-54_10:53:54_20250128","22b",2025-01-28 09:53:54,2025-01-28 11:53:54,24.6155771304269,81.8023237469079,43.5380760321649,-0.13033899465031,-7.46787429944098,352.532125700559,51.0059503316059,-0.890221771395216
"dome","10:53:54",NA,10,"22b_2025-01-28 10-53-54_waggle_annotations.csv",0.822730338093269,-0.568431869955349,107.418500987393,307.940551500691,"",817,911,"",-21.27,"solar","20250128/2025-01-28 10-53-54.mkv",20250128,"22b_2025-01-28 10-53-54_10:53:54_20250128","22b",2025-01-28 09:53:54,2025-01-28 11:53:54,24.6155771304269,81.8023237469079,43.5380760321649,-0.908608783085363,-52.059448499309,307.940551500691,95.5975245314739,-1.66849155983027
"dome","10:53:54",NA,11,"22b_2025-01-28 10-53-54_waggle_annotations.csv",0.778753909083283,-0.627329537872645,107.418500987393,303.728124672254,"",872,877,"",-21.27,"solar","20250128/2025-01-28 10-53-54.mkv",20250128,"22b_2025-01-28 10-53-54_10:53:54_20250128","22b",2025-01-28 09:53:54,2025-01-28 11:53:54,24.6155771304269,81.8023237469079,43.5380760321649,-0.982129500740931,-56.271875327746,303.728124672254,99.8099513599109,-1.74201227748584
"dome","10:53:54",NA,1,"90r_2025-01-28 10-53-54_waggle_annotations.csv",0.0830454798537399,-0.99654575824488,107.418500987393,257.345140703333,"",747,810,"",-21.27,"solar","20250128/2025-01-28 10-53-54.mkv",20250128,"90r_2025-01-28 10-53-54_10:53:54_20250128","90r",2025-01-28 09:53:54,2025-01-28 11:53:54,24.6155771304269,81.8023237469079,43.5380760321649,-1.79166528789835,-102.654859296667,257.345140703333,146.192935328832,-2.55154806464326
"dome","10:53:54",NA,2,"90r_2025-01-28 10-53-54_waggle_annotations.csv",0.442780312454624,-0.896630132720614,107.418500987393,278.862910033927,"",795,773,"",-21.27,"solar","20250128/2025-01-28 10-53-54.mkv",20250128,"90r_2025-01-28 10-53-54_10:53:54_20250128","90r",2025-01-28 09:53:54,2025-01-28 11:53:54,24.6155771304269,81.8023237469079,43.5380760321649,-1.41610936539483,-81.137089966073,278.862910033927,124.675165998238,-2.17599214213973
"dome","10:53:54",NA,3,"90r_2025-01-28 10-53-54_waggle_annotations.csv",-0.956054208195736,-0.293189957180026,107.418500987393,179.630529984717,"",827,752,"",-21.27,"solar","20250128/2025-01-28 10-53-54.mkv",20250128,"90r_2025-01-28 10-53-54_10:53:54_20250128","90r",2025-01-28 09:53:54,2025-01-28 11:53:54,24.6155771304269,81.8023237469079,43.5380760321649,3.13514418533571,179.630529984717,179.630529984717,136.092453952552,2.37526140859081
"dome","10:53:54",NA,4,"90r_2025-01-28 10-53-54_waggle_annotations.csv",-0.617286862497789,-0.786738158085418,107.418500987393,214.463222643244,"",759,779,"",-21.27,"solar","20250128/2025-01-28 10-53-54.mkv",20250128,"90r_2025-01-28 10-53-54_10:53:54_20250128","90r",2025-01-28 09:53:54,2025-01-28 11:53:54,24.6155771304269,81.8023237469079,43.5380760321649,-2.54009594761732,-145.536777356756,214.463222643244,170.925146611079,2.98320658281736
"dome","10:53:54",NA,5,"90r_2025-01-28 10-53-54_waggle_annotations.csv",0.832050294337844,-0.554700196225229,107.418500987393,308.891431486627,"",755,798,"",-21.27,"solar","20250128/2025-01-28 10-53-54.mkv",20250128,"90r_2025-01-28 10-53-54_10:53:54_20250128","90r",2025-01-28 09:53:54,2025-01-28 11:53:54,24.6155771304269,81.8023237469079,43.5380760321649,-0.892012796539463,-51.108568513373,308.891431486627,94.6466445455378,-1.65189557328437
"dome","10:53:54",NA,6,"90r_2025-01-28 10-53-54_waggle_annotations.csv",0.991600411186222,0.129339184067768,107.418500987393,350.01290698378,"",736,818,"",-21.27,"solar","20250128/2025-01-28 10-53-54.mkv",20250128,"90r_2025-01-28 10-53-54_10:53:54_20250128","90r",2025-01-28 09:53:54,2025-01-28 11:53:54,24.6155771304269,81.8023237469079,43.5380760321649,-0.17430765583597,-9.98709301622,350.01290698378,53.5251690483848,-0.934190432580875
"dome","10:53:54",NA,7,"90r_2025-01-28 10-53-54_waggle_annotations.csv",0.116841247567397,-0.993150604322876,107.418500987393,259.291335820364,"",804,824,"",-21.27,"solar","20250128/2025-01-28 10-53-54.mkv",20250128,"90r_2025-01-28 10-53-54_10:53:54_20250128","90r",2025-01-28 09:53:54,2025-01-28 11:53:54,24.6155771304269,81.8023237469079,43.5380760321649,-1.75769777521992,-100.708664179636,259.291335820364,144.246740211801,-2.51758055196483
"dome","10:53:54",NA,8,"90r_2025-01-28 10-53-54_waggle_annotations.csv",1,0,107.418500987393,342.581499012607,"",788,788,"",-21.27,"solar","20250128/2025-01-28 10-53-54.mkv",20250128,"90r_2025-01-28 10-53-54_10:53:54_20250128","90r",2025-01-28 09:53:54,2025-01-28 11:53:54,24.6155771304269,81.8023237469079,43.5380760321649,-0.304010192991891,-17.418500987393,342.581499012607,60.9565770195578,-1.0638929697368
"dome","10:53:54",NA,9,"90r_2025-01-28 10-53-54_waggle_annotations.csv",-0.999221823409015,0.0394429667135137,107.418500987393,160.320997101466,"",748,698,"",-21.27,"solar","20250128/2025-01-28 10-53-54.mkv",20250128,"90r_2025-01-28 10-53-54_10:53:54_20250128","90r",2025-01-28 09:53:54,2025-01-28 11:53:54,24.6155771304269,81.8023237469079,43.5380760321649,2.79812925950087,160.320997101466,160.320997101466,116.782921069301,2.03824648275596
"dome","10:53:54",NA,1,"95r_2025-01-28 10-53-54_waggle_annotations.csv",-0.458891606151581,0.888492258719018,107.418500987393,99.8971069860492,"",819,756,"",-21.27,"solar","20250128/2025-01-28 10-53-54.mkv",20250128,"95r_2025-01-28 10-53-54_10:53:54_20250128","95r",2025-01-28 09:53:54,2025-01-28 11:53:54,24.6155771304269,81.8023237469079,43.5380760321649,1.74353343012359,99.8971069860492,99.8971069860492,56.3590309538843,0.983650653378682
"dome","10:53:54",NA,2,"95r_2025-01-28 10-53-54_waggle_annotations.csv",1,0,107.418500987393,342.581499012607,"",765,839,"",-21.27,"solar","20250128/2025-01-28 10-53-54.mkv",20250128,"95r_2025-01-28 10-53-54_10:53:54_20250128","95r",2025-01-28 09:53:54,2025-01-28 11:53:54,24.6155771304269,81.8023237469079,43.5380760321649,-0.304010192991891,-17.418500987393,342.581499012607,60.9565770195578,-1.0638929697368
"dome","10:53:54",NA,3,"95r_2025-01-28 10-53-54_waggle_annotations.csv",0.654633790246055,0.75594616254604,107.418500987393,31.6896111897428,"",782,813,"",-21.27,"solar","20250128/2025-01-28 10-53-54.mkv",20250128,"95r_2025-01-28 10-53-54_10:53:54_20250128","95r",2025-01-28 09:53:54,2025-01-28 11:53:54,24.6155771304269,81.8023237469079,43.5380760321649,0.553088053937849,31.6896111897428,31.6896111897428,11.8484648424221,-0.206794722807056
"dome","10:53:54",NA,4,"95r_2025-01-28 10-53-54_waggle_annotations.csv",0.557997589719759,-0.829842569326821,107.418500987393,286.498929549577,"",823,849,"",-21.27,"solar","20250128/2025-01-28 10-53-54.mkv",20250128,"95r_2025-01-28 10-53-54_10:53:54_20250128","95r",2025-01-28 09:53:54,2025-01-28 11:53:54,24.6155771304269,81.8023237469079,43.5380760321649,-1.28283568310019,-73.5010704504231,286.498929549577,117.039146482588,-2.0427184598451
"dome","10:53:54",NA,5,"95r_2025-01-28 10-53-54_waggle_annotations.csv",0.410364677328798,-0.911921505175106,107.418500987393,276.809244330561,"",811,867,"",-21.27,"solar","20250128/2025-01-28 10-53-54.mkv",20250128,"95r_2025-01-28 10-53-54_10:53:54_20250128","95r",2025-01-28 09:53:54,2025-01-28 11:53:54,24.6155771304269,81.8023237469079,43.5380760321649,-1.45195259365385,-83.190755669439,276.809244330561,126.728831701604,-2.21183537039876
"dome","10:53:54",NA,6,"95r_2025-01-28 10-53-54_waggle_annotations.csv",0.801627475093059,0.597823879730417,107.418500987393,19.2957019886532,"",787,803,"",-21.27,"solar","20250128/2025-01-28 10-53-54.mkv",20250128,"95r_2025-01-28 10-53-54_10:53:54_20250128","95r",2025-01-28 09:53:54,2025-01-28 11:53:54,24.6155771304269,81.8023237469079,43.5380760321649,0.336773531185616,19.2957019886532,19.2957019886532,24.2423740435117,-0.42310924555929
"dome","17:43:10",NA,1,"95r_2025-01-28 17-43-10_waggle_annotations.csv",0.554700196225229,0.832050294337844,122.970447687789,23.339484786231,"",720,813,"",-21.27,"antisolar","20250128/2025-01-28 17-43-10.mkv",20250128,"95r_2025-01-28 17-43-10_17:43:10_20250128","95r",2025-01-28 16:43:10,2025-01-28 18:43:10,250.063416639781,0.711587485711477,178.090236522811,0.407350855238856,23.339484786231,23.339484786231,154.75075173658,-2.70091013773965
"dome","17:43:10",NA,2,"95r_2025-01-28 17-43-10_waggle_annotations.csv",0.281473567950709,0.959568981650146,122.970447687789,40.6813807648595,"",736,791,"",-21.27,"antisolar","20250128/2025-01-28 17-43-10.mkv",20250128,"95r_2025-01-28 17-43-10_17:43:10_20250128","95r",2025-01-28 16:43:10,2025-01-28 18:43:10,250.063416639781,0.711587485711477,178.090236522811,0.710024038604287,40.6813807648595,40.6813807648595,137.408855757951,-2.39823695437422
"dome","17:43:10",NA,3,"95r_2025-01-28 17-43-10_waggle_annotations.csv",0.55106153474171,0.834464609751732,122.970447687789,23.5896831064285,"",740,842,"",-21.27,"antisolar","20250128/2025-01-28 17-43-10.mkv",20250128,"95r_2025-01-28 17-43-10_17:43:10_20250128","95r",2025-01-28 16:43:10,2025-01-28 18:43:10,250.063416639781,0.711587485711477,178.090236522811,0.411717639709261,23.5896831064285,23.5896831064285,154.500553416382,-2.69654335326925
"dome","17:43:10",NA,4,"95r_2025-01-28 17-43-10_waggle_annotations.csv",0.0192272142313432,-0.999815140029847,122.970447687789,238.131258427417,"",727,762,"",-21.27,"antisolar","20250128/2025-01-28 17-43-10.mkv",20250128,"95r_2025-01-28 17-43-10_17:43:10_20250128","95r",2025-01-28 16:43:10,2025-01-28 18:43:10,250.063416639781,0.711587485711477,178.090236522811,-2.12701079570367,-121.868741572583,238.131258427417,60.0410219046061,1.04791351849741
"dome","17:43:10",NA,5,"95r_2025-01-28 17-43-10_waggle_annotations.csv",0.959568981650146,0.281473567950709,122.970447687789,343.377723859562,"",756,815,"",-21.27,"antisolar","20250128/2025-01-28 17-43-10.mkv",20250128,"95r_2025-01-28 17-43-10_17:43:10_20250128","95r",2025-01-28 16:43:10,2025-01-28 18:43:10,250.063416639781,0.711587485711477,178.090236522811,-0.290113447826338,-16.622276140438,343.377723859562,165.287487336751,2.88481086637474
