dancer_id,source_batch,dance_key,dance_id,waggle_run,stimulus,waggle_directions,start_x,start_y,start_xy,notes,csv_file,time,date,direction_u,direction_v,video_angle_deg,start_frame,video_name,annotation_session,,orientation_method,calibration_file,calibration_id,calibration_video_name,calibration_n_annotations,calibration_mean_north_deg,calibration_circular_sd_deg,calibration_R,declination_deg,true_north_video_deg,calibration_notes,waggle_true_bearing_deg
66b,2025-01-22,2025-01-22__66b_00043,66b_00043,1,,"(-0.9061831399952655, 0.42288546533112387)",563,823,"(563, 823)",,66b_00043_waggle_annotations.csv,,,-0.906183139995266,0.422885465331124,244.9831065219,692,/media/geko/VERBATIM HD/SA2025_dances/George/mp4/20250122/00043.mp4,1,,,22_00037_waggle_annotations.csv,22_00037,C:\Users\frida\Documents\PhD\Waggle_dance\wd_SA2025\wd_annotator\mp4\George\mp4\20250122\00037.mp4,10,183.323,1.582,0.9996,-21.27,204.593,,40.3901065219
66b,2025-01-22,2025-01-22__66b_00043,66b_00043,2,,"(-0.9723873019805175, 0.2333729524753242)",567,852,"(567, 852)",,66b_00043_waggle_annotations.csv,,,-0.972387301980518,0.233372952475324,256.504266719204,739,/media/geko/VERBATIM HD/SA2025_dances/George/mp4/20250122/00043.mp4,1,,,22_00037_waggle_annotations.csv,22_00037,C:\Users\frida\Documents\PhD\Waggle_dance\wd_SA2025\wd_annotator\mp4\George\mp4\20250122\00037.mp4,10,183.323,1.582,0.9996,-21.27,204.593,,51.911266719204
66b,2025-01-22,2025-01-22__66b_00043,66b_00043,3,,"(-1.0, 0.0)",584,841,"(584, 841)",,66b_00043_waggle_annotations.csv,,,-1,0,270,783,/media/geko/VERBATIM HD/SA2025_dances/George/mp4/20250122/00043.mp4,1,,,22_00037_waggle_annotations.csv,22_00037,C:\Users\frida\Documents\PhD\Waggle_dance\wd_SA2025\wd_annotator\mp4\George\mp4\20250122\00037.mp4,10,183.323,1.582,0.9996,-21.27,204.593,,65.407
66b,2025-01-22,2025-01-22__66b_00043,66b_00043,4,,"(-0.9805806756909202, 0.19611613513818404)",615,863,"(615, 863)",,66b_00043_waggle_annotations.csv,,,-0.98058067569092,0.196116135138184,258.69006752598,822,/media/geko/VERBATIM HD/SA2025_dances/George/mp4/20250122/00043.mp4,1,,,22_00037_waggle_annotations.csv,22_00037,C:\Users\frida\Documents\PhD\Waggle_dance\wd_SA2025\wd_annotator\mp4\George\mp4\20250122\00037.mp4,10,183.323,1.582,0.9996,-21.27,204.593,,54.09706752598
66b,2025-01-22,2025-01-22__66b_00049,66b_00049,1,,"(-0.2731522098761525, 0.9619708260855807)",834,924,"(834, 924)",,66b_00049_waggle_annotations.csv,,,-0.273152209876153,0.961970826085581,195.851928154287,10,/media/geko/VERBATIM HD/SA2025_dances/George/mp4/20250122/00049.mp4,1,,,,,,,,,,,,,
66b,2025-01-22,2025-01-22__66b_00049,66b_00049,2,,"(-0.2233761563293962, 0.9747323185282742)",813,911,"(813, 911)",,66b_00049_waggle_annotations.csv,,,-0.223376156329396,0.974732318528274,192.907408671266,61,/media/geko/VERBATIM HD/SA2025_dances/George/mp4/20250122/00049.mp4,1,,,,,,,,,,,,,
66b,2025-01-22,2025-01-22__66b_00049,66b_00049,3,,"(-0.02082881368183567, 0.9997830567281121)",826,921,"(826, 921)",,66b_00049_waggle_annotations.csv,,,-0.0208288136818357,0.999783056728112,181.193489423982,113,/media/geko/VERBATIM HD/SA2025_dances/George/mp4/20250122/00049.mp4,1,,,,,,,,,,,,,
66b,2025-01-22,2025-01-22__66b_00049,66b_00049,4,,"(-0.4016614950850655, 0.9157882087939493)",804,860,"(804, 860)",,66b_00049_waggle_annotations.csv,,,-0.401661495085066,0.915788208793949,203.682087724538,161,/media/geko/VERBATIM HD/SA2025_dances/George/mp4/20250122/00049.mp4,1,,,,,,,,,,,,,
66b,2025-01-26,2025-01-26__66b_00021,66b_00021,1,,"(0.10468478451804275, 0.9945054529214061)",1409,764,"(1409, 764)",,66b_00021_waggle_annotations.csv,,,0.104684784518043,0.994505452921406,173.990994042505,2090,E:\2026Trackathon\James\mp4\20250126\00021.mp4,1,,,,,,,,,,,,,
66b,2025-01-26,2025-01-26__66b_00021,66b_00021,2,,"(0.1168412475673972, 0.9931506043228762)",1420,819,"(1420, 819)",,66b_00021_waggle_annotations.csv,,,0.116841247567397,0.993150604322876,173.290163192243,2134,E:\2026Trackathon\James\mp4\20250126\00021.mp4,1,,,,,,,,,,,,,
66b,2025-01-26,2025-01-26__66b_00021,66b_00021,3,,"(-0.06651901052377393, 0.9977851578566089)",1423,867,"(1423, 867)",,66b_00021_waggle_annotations.csv,,,-0.0665190105237739,0.997785157856609,183.81407483429,2180,E:\2026Trackathon\James\mp4\20250126\00021.mp4,1,,,,,,,,,,,,,
66b,2025-01-26,2025-01-26__66b_00021,66b_00021,4,,"(-0.21693045781865616, 0.9761870601839528)",1390,900,"(1390, 900)",,66b_00021_waggle_annotations.csv,,,-0.216930457818656,0.976187060183953,192.528807709152,2222,E:\2026Trackathon\James\mp4\20250126\00021.mp4,1,,,,,,,,,,,,,
66b,2025-01-26,2025-01-26__66b_00024,66b_00024,1,,"(-0.9954954725939521, 0.09480909262799544)",1365,857,"(1365, 857)",,66b_00024_waggle_annotations.csv,,,-0.995495472593952,0.0948090926279954,264.559667968995,1208,E:\2026Trackathon\James\mp4\20250126\00024.mp4,1,,,26_00024_waggle_annotations.csv,26_00024,C:\Users\frida\Documents\PhD\Waggle_dance\wd_SA2025\wd_annotator\mp4\Fereshteh\20250126\00024.mp4,10,229.459,1.904,0.9994,-21.27,250.729,,13.8306679689945
66b,2025-01-26,2025-01-26__66b_00024,66b_00024,2,,"(-0.9847835588179369, 0.17378533390904768)",1327,837,"(1327, 837)",,66b_00024_waggle_annotations.csv,,,-0.984783558817937,0.173785333909048,259.992020198559,1245,E:\2026Trackathon\James\mp4\20250126\00024.mp4,1,,,26_00024_waggle_annotations.csv,26_00024,C:\Users\frida\Documents\PhD\Waggle_dance\wd_SA2025\wd_annotator\mp4\Fereshteh\20250126\00024.mp4,10,229.459,1.904,0.9994,-21.27,250.729,,9.26302019855862
66b,2025-01-26,2025-01-26__66b_00024,66b_00024,3,,"(-0.9922778767136677, -0.12403473458920847)",1357,914,"(1357, 914)",,66b_00024_waggle_annotations.csv,,,-0.992277876713668,-0.124034734589208,277.125016348902,1300,E:\2026Trackathon\James\mp4\20250126\00024.mp4,1,,,26_00024_waggle_annotations.csv,26_00024,C:\Users\frida\Documents\PhD\Waggle_dance\wd_SA2025\wd_annotator\mp4\Fereshteh\20250126\00024.mp4,10,229.459,1.904,0.9994,-21.27,250.729,,26.3960163489018
66b,2025-01-26,2025-01-26__66b_00024,66b_00024,4,,"(-0.999133073092352, -0.04163054471218133)",1341,883,"(1341, 883)",,66b_00024_waggle_annotations.csv,,,-0.999133073092352,-0.0416305447121813,272.385944030389,1332,E:\2026Trackathon\James\mp4\20250126\00024.mp4,1,,,26_00024_waggle_annotations.csv,26_00024,C:\Users\frida\Documents\PhD\Waggle_dance\wd_SA2025\wd_annotator\mp4\Fereshteh\20250126\00024.mp4,10,229.459,1.904,0.9994,-21.27,250.729,,21.6569440303888
66b,2025-01-26,2025-01-26__66b_00024,66b_00024,5,,"(-0.9899494936611665, 0.1414213562373095)",1379,894,"(1379, 894)",,66b_00024_waggle_annotations.csv,,,-0.989949493661166,0.14142135623731,261.869897645844,1377,E:\2026Trackathon\James\mp4\20250126\00024.mp4,1,,,26_00024_waggle_annotations.csv,26_00024,C:\Users\frida\Documents\PhD\Waggle_dance\wd_SA2025\wd_annotator\mp4\Fereshteh\20250126\00024.mp4,10,229.459,1.904,0.9994,-21.27,250.729,,11.140897645844
66b,2025-01-26,2025-01-26__66b_00024,66b_00024,6,,"(-0.9938837346736188, 0.11043152607484653)",1379,866,"(1379, 866)",,66b_00024_waggle_annotations.csv,,,-0.993883734673619,0.110431526074847,263.65980825409,1415,E:\2026Trackathon\James\mp4\20250126\00024.mp4,1,,,26_00024_waggle_annotations.csv,26_00024,C:\Users\frida\Documents\PhD\Waggle_dance\wd_SA2025\wd_annotator\mp4\Fereshteh\20250126\00024.mp4,10,229.459,1.904,0.9994,-21.27,250.729,,12.9308082540901
66b,2025-01-26,2025-01-26__66b_00024,66b_00024,7,,"(-0.9982743731749958, 0.058722021951470346)",1357,832,"(1357, 832)",,66b_00024_waggle_annotations.csv,,,-0.998274373174996,0.0587220219514703,266.63353933657,1474,E:\2026Trackathon\James\mp4\20250126\00024.mp4,1,,,26_00024_waggle_annotations.csv,26_00024,C:\Users\frida\Documents\PhD\Waggle_dance\wd_SA2025\wd_annotator\mp4\Fereshteh\20250126\00024.mp4,10,229.459,1.904,0.9994,-21.27,250.729,,15.9045393365702
66b,2025-01-26,2025-01-26__66b_00024,66b_00024,8,,"(-1.0, 0.0)",1401,867,"(1401, 867)",,66b_00024_waggle_annotations.csv,,,-1,0,270,1522,E:\2026Trackathon\James\mp4\20250126\00024.mp4,1,,,26_00024_waggle_annotations.csv,26_00024,C:\Users\frida\Documents\PhD\Waggle_dance\wd_SA2025\wd_annotator\mp4\Fereshteh\20250126\00024.mp4,10,229.459,1.904,0.9994,-21.27,250.729,,19.271
66b,2025-01-26,2025-01-26__66b_00024,66b_00024,9,,"(-0.9938837346736189, 0.11043152607484655)",1396,886,"(1396, 886)",,66b_00024_waggle_annotations.csv,,,-0.993883734673619,0.110431526074847,263.65980825409,1576,E:\2026Trackathon\James\mp4\20250126\00024.mp4,1,,,26_00024_waggle_annotations.csv,26_00024,C:\Users\frida\Documents\PhD\Waggle_dance\wd_SA2025\wd_annotator\mp4\Fereshteh\20250126\00024.mp4,10,229.459,1.904,0.9994,-21.27,250.729,,12.9308082540901
66b,2025-01-26,2025-01-26__66b_00024,66b_00024,10,,"(-0.999133073092352, -0.04163054471218133)",1349,886,"(1349, 886)",,66b_00024_waggle_annotations.csv,,,-0.999133073092352,-0.0416305447121813,272.385944030389,1618,E:\2026Trackathon\James\mp4\20250126\00024.mp4,1,,,26_00024_waggle_annotations.csv,26_00024,C:\Users\frida\Documents\PhD\Waggle_dance\wd_SA2025\wd_annotator\mp4\Fereshteh\20250126\00024.mp4,10,229.459,1.904,0.9994,-21.27,250.729,,21.6569440303888
66b,2025-01-26,2025-01-26__66b_00024,66b_00024,11,,"(-0.9615239476408232, 0.27472112789737807)",1425,897,"(1425, 897)",,66b_00024_waggle_annotations.csv,,,-0.961523947640823,0.274721127897378,254.054604099077,1668,E:\2026Trackathon\James\mp4\20250126\00024.mp4,1,,,26_00024_waggle_annotations.csv,26_00024,C:\Users\frida\Documents\PhD\Waggle_dance\wd_SA2025\wd_annotator\mp4\Fereshteh\20250126\00024.mp4,10,229.459,1.904,0.9994,-21.27,250.729,,3.32560409907714
66b,2025-01-26,2025-01-26__66b_00025,66b_00025,1,,"(-0.9883716976506172, -0.1520571842539411)",931,793,"(931, 793)",,66b_00025_waggle_annotations.csv,,,-0.988371697650617,-0.152057184253941,278.746162262555,30,E:\2026Trackathon\James\mp4\20250126\00025.mp4,1,,,26_00024_waggle_annotations.csv,26_00024,C:\Users\frida\Documents\PhD\Waggle_dance\wd_SA2025\wd_annotator\mp4\Fereshteh\20250126\00024.mp4,10,229.459,1.904,0.9994,-21.27,250.729,,28.0171622625552
66b,2025-01-26,2025-01-26__66b_00028,66b_00028,1,,"(-0.9264665771223092, 0.3763770469559381)",958,902,"(958, 902)",,66b_00028_waggle_annotations.csv,,,-0.926466577122309,0.376377046955938,247.890551656248,3083,E:\2026Trackathon\James\mp4\20250126\00028.mp4,1,,,26_00024_waggle_annotations.csv,26_00024,C:\Users\frida\Documents\PhD\Waggle_dance\wd_SA2025\wd_annotator\mp4\Fereshteh\20250126\00024.mp4,10,229.459,1.904,0.9994,-21.27,250.729,,357.161551656248
66b,2025-01-26,2025-01-26__66b_00028,66b_00028,2,,"(-0.5812381937190965, 0.813733471206735)",978,910,"(978, 910)",,66b_00028_waggle_annotations.csv,,,-0.581238193719097,0.813733471206735,215.537677791974,3214,E:\2026Trackathon\James\mp4\20250126\00028.mp4,1,,,26_00024_waggle_annotations.csv,26_00024,C:\Users\frida\Documents\PhD\Waggle_dance\wd_SA2025\wd_annotator\mp4\Fereshteh\20250126\00024.mp4,10,229.459,1.904,0.9994,-21.27,250.729,,324.808677791974
66b,2025-01-26,2025-01-26__66b_00028,66b_00028,3,,"(-0.996815278536125, 0.07974522228289)",975,851,"(975, 851)",,66b_00028_waggle_annotations.csv,,,-0.996815278536125,0.07974522228289,265.426078740099,3247,E:\2026Trackathon\James\mp4\20250126\00028.mp4,1,,,26_00024_waggle_annotations.csv,26_00024,C:\Users\frida\Documents\PhD\Waggle_dance\wd_SA2025\wd_annotator\mp4\Fereshteh\20250126\00024.mp4,10,229.459,1.904,0.9994,-21.27,250.729,,14.6970787400991
66b,2025-01-26,2025-01-26__66b_00028,66b_00028,4,,"(-1.0, 0.0)",905,888,"(905, 888)",,66b_00028_waggle_annotations.csv,,,-1,0,270,3494,E:\2026Trackathon\James\mp4\20250126\00028.mp4,1,,,26_00024_waggle_annotations.csv,26_00024,C:\Users\frida\Documents\PhD\Waggle_dance\wd_SA2025\wd_annotator\mp4\Fereshteh\20250126\00024.mp4,10,229.459,1.904,0.9994,-21.27,250.729,,19.271
66b,2025-01-26,2025-01-26__66b_2025-01-26 11-28-07,66b_2025-01-26 11-28-07,1,,"(0.9781059289848355, 0.2081076444648586)",545,704,"(545, 704)",,66b_2025-01-26 11-28-07_waggle_annotations.csv,,,0.978105928984836,0.208107644464859,102.011478386365,9,C:\Users\frida\Documents\PhD\Waggle_dance\wd_SA2025\dome\wrongcameraangle\20250126\2025-01-26 11-28-07.mkv,1,antisolar,direct_compass,26_calibration_11-28-07_waggle_annotations.csv,,,10,325.329925966774,2.10617923812246,0.999324588129619,-21.27,346.599925966774,,110.525090382128
66b,2025-01-26,2025-01-26__66b_2025-01-26 11-28-07,66b_2025-01-26 11-28-07,2,,"(0.9922778767136676, 0.12403473458920845)",568,715,"(568, 715)",,66b_2025-01-26 11-28-07_waggle_annotations.csv,,,0.992277876713668,0.124034734589208,97.1250163489018,78,C:\Users\frida\Documents\PhD\Waggle_dance\wd_SA2025\dome\wrongcameraangle\20250126\2025-01-26 11-28-07.mkv,1,antisolar,direct_compass,26_calibration_11-28-07_waggle_annotations.csv,,,10,325.329925966774,2.10617923812246,0.999324588129619,-21.27,346.599925966774,,33.3038235705342
66b,2025-01-26,2025-01-26__66b_2025-01-26 11-28-07,66b_2025-01-26 11-28-07,3,,"(0.3404410836048503, -0.9402658499562533)",552,715,"(552, 715)",,66b_2025-01-26 11-28-07_waggle_annotations.csv,,,0.34044108360485,-0.940265849956253,19.9037495373078,169,C:\Users\frida\Documents\PhD\Waggle_dance\wd_SA2025\dome\wrongcameraangle\20250126\2025-01-26 11-28-07.mkv,1,antisolar,direct_compass,26_calibration_11-28-07_waggle_annotations.csv,,,10,325.329925966774,2.10617923812246,0.999324588129619,-21.27,346.599925966774,,195.889626955226
66b,2025-01-26,2025-01-26__66b_2025-01-26 11-28-07,66b_2025-01-26 11-28-07,4,,"(-0.04343722427630694, 0.9990561583550596)",556,682,"(556, 682)",,66b_2025-01-26 11-28-07_waggle_annotations.csv,,,-0.0434372242763069,0.99905615835506,182.489552921999,228,C:\Users\frida\Documents\PhD\Waggle_dance\wd_SA2025\dome\wrongcameraangle\20250126\2025-01-26 11-28-07.mkv,1,antisolar,direct_compass,26_calibration_11-28-07_waggle_annotations.csv,,,10,325.329925966774,2.10617923812246,0.999324588129619,-21.27,346.599925966774,,5.26997167907047
66b,2025-01-26,2025-01-26__66b_2025-01-26 11-28-07,66b_2025-01-26 11-28-07,5,,"(-0.1414213562373095, -0.9899494936611665)",557,724,"(557, 724)",,66b_2025-01-26 11-28-07_waggle_annotations.csv,,,-0.14142135623731,-0.989949493661166,351.869897645844,423,C:\Users\frida\Documents\PhD\Waggle_dance\wd_SA2025\dome\wrongcameraangle\20250126\2025-01-26 11-28-07.mkv,1,antisolar,direct_compass,26_calibration_11-28-07_waggle_annotations.csv,,,10,325.329925966774,2.10617923812246,0.999324588129619,-21.27,346.599925966774,,331.615558024975
66b,2025-01-26,2025-01-26__66b_2025-01-26 11-28-07,66b_2025-01-26 11-28-07,6,,"(-0.666330983530245, -0.7456561006171789)",566,658,"(566, 658)",,66b_2025-01-26 11-28-07_waggle_annotations.csv,,,-0.666330983530245,-0.745656100617179,318.215483991748,576,C:\Users\frida\Documents\PhD\Waggle_dance\wd_SA2025\dome\wrongcameraangle\20250126\2025-01-26 11-28-07.mkv,1,antisolar,direct_compass,26_calibration_11-28-07_waggle_annotations.csv,,,10,325.329925966774,2.10617923812246,0.999324588129619,-21.27,346.599925966774,,68.9610847244228
66b,2025-01-26,2025-01-26__66b_2025-01-26 11-28-07,66b_2025-01-26 11-28-07,7,,"(0.8247288518459779, -0.5655283555515277)",541,703,"(541, 703)",,66b_2025-01-26 11-28-07_waggle_annotations.csv,,,0.824728851845978,-0.565528355551528,55.5610106911964,628,C:\Users\frida\Documents\PhD\Waggle_dance\wd_SA2025\dome\wrongcameraangle\20250126\2025-01-26 11-28-07.mkv,1,antisolar,direct_compass,26_calibration_11-28-07_waggle_annotations.csv,,,10,325.329925966774,2.10617923812246,0.999324588129619,-21.27,346.599925966774,,110.799668693114
66b,2025-01-26,2025-01-26__66b_2025-01-26 11-28-07,66b_2025-01-26 11-28-07,8,,"(0.9916720735252417, 0.1287885809773041)",598,693,"(598, 693)",,66b_2025-01-26 11-28-07_waggle_annotations.csv,,,0.991672073525242,0.128788580977304,97.3995946598871,774,C:\Users\frida\Documents\PhD\Waggle_dance\wd_SA2025\dome\wrongcameraangle\20250126\2025-01-26 11-28-07.mkv,1,antisolar,direct_compass,26_calibration_11-28-07_waggle_annotations.csv,,,10,325.329925966774,2.10617923812246,0.999324588129619,-21.27,346.599925966774,,89.3638305653
66b,2025-01-26,2025-01-26__66b_2025-01-26 11-28-07,66b_2025-01-26 11-28-07,9,,"(0.9701425001453319, -0.24253562503633297)",629,707,"(629, 707)",,66b_2025-01-26 11-28-07_waggle_annotations.csv,,,0.970142500145332,-0.242535625036333,75.9637565320735,1235,C:\Users\frida\Documents\PhD\Waggle_dance\wd_SA2025\dome\wrongcameraangle\20250126\2025-01-26 11-28-07.mkv,1,antisolar,direct_compass,26_calibration_11-28-07_waggle_annotations.csv,,,10,325.329925966774,2.10617923812246,0.999324588129619,-21.27,346.599925966774,,106.126385027133
66b,2025-01-26,2025-01-26__66b_2025-01-26 11-28-07,66b_2025-01-26 11-28-07,10,,"(0.9988681377244376, 0.04756514941544941)",634,737,"(634, 737)",,66b_2025-01-26 11-28-07_waggle_annotations.csv,,,0.998868137724438,0.0475651494154494,92.7263109939063,1317,C:\Users\frida\Documents\PhD\Waggle_dance\wd_SA2025\dome\wrongcameraangle\20250126\2025-01-26 11-28-07.mkv,1,antisolar,direct_compass,26_calibration_11-28-07_waggle_annotations.csv,,,10,325.329925966774,2.10617923812246,0.999324588129619,-21.27,346.599925966774,,82.7411639699189
66b,2025-01-26,2025-01-26__66b_2025-01-26 11-28-07,66b_2025-01-26 11-28-07,11,,"(0.935697286393792, -0.3528038948697904)",676,775,"(676, 775)",,66b_2025-01-26 11-28-07_waggle_annotations.csv,,,0.935697286393792,-0.35280389486979,69.3410899366925,1479,C:\Users\frida\Documents\PhD\Waggle_dance\wd_SA2025\dome\wrongcameraangle\20250126\2025-01-26 11-28-07.mkv,1,antisolar,direct_compass,26_calibration_11-28-07_waggle_annotations.csv,,,10,325.329925966774,2.10617923812246,0.999324588129619,-21.27,346.599925966774,,17.2141488675168
66b,2025-01-26,2025-01-26__66b_2025-01-26 11-28-07,66b_2025-01-26 11-28-07,12,,"(0.06651901052377393, -0.9977851578566089)",653,781,"(653, 781)",,66b_2025-01-26 11-28-07_waggle_annotations.csv,,,0.0665190105237739,-0.997785157856609,3.81407483429035,1551,C:\Users\frida\Documents\PhD\Waggle_dance\wd_SA2025\dome\wrongcameraangle\20250126\2025-01-26 11-28-07.mkv,1,antisolar,direct_compass,26_calibration_11-28-07_waggle_annotations.csv,,,10,325.329925966774,2.10617923812246,0.999324588129619,-21.27,346.599925966774,,76.0223712618947
66b,2025-01-26,2025-01-26__66b_2025-01-26 11-28-07,66b_2025-01-26 11-28-07,13,,"(0.8879944092772878, -0.4598542476614526)",707,716,"(707, 716)",,66b_2025-01-26 11-28-07_waggle_annotations.csv,,,0.887994409277288,-0.459854247661453,62.6222972286683,1680,C:\Users\frida\Documents\PhD\Waggle_dance\wd_SA2025\dome\wrongcameraangle\20250126\2025-01-26 11-28-07.mkv,1,,,,,,,,,,,,,
66b,2025-01-27,2025-01-27__66b_00013,66b_00013,1,,"(0.3328201177351375, -0.9429903335828895)",1076,660,"(1076, 660)",,66b_00013_waggle_annotations.csv,,,0.332820117735138,-0.94299033358289,19.4400348281762,45,E:\2026Trackathon\James\mp4\20250127\00013.mp4,1,,,,,,,,,,,,,
66b,2025-01-27,2025-01-27__66b_00013,66b_00013,2,,"(0.2982749931359468, -0.9544799780350297)",1086,612,"(1086, 612)",,66b_00013_waggle_annotations.csv,,,0.298274993135947,-0.95447997803503,17.3540246362613,221,E:\2026Trackathon\James\mp4\20250127\00013.mp4,1,,,,,,,,,,,,,
66b,2025-01-27,2025-01-27__66b_00013,66b_00013,3,,"(0.6246950475544243, -0.7808688094430304)",997,669,"(997, 669)",,66b_00013_waggle_annotations.csv,,,0.624695047554424,-0.78086880944303,38.6598082540901,268,E:\2026Trackathon\James\mp4\20250127\00013.mp4,1,,,,,,,,,,,,,
66b,2025-01-27,2025-01-27__66b_00013,66b_00013,4,,"(-0.06651901052377393, -0.9977851578566089)",970,725,"(970, 725)",,66b_00013_waggle_annotations.csv,,,-0.0665190105237739,-0.997785157856609,356.18592516571,330,E:\2026Trackathon\James\mp4\20250127\00013.mp4,1,,,,,,,,,,,,,
66b,2025-01-27,2025-01-27__66b_00013,66b_00013,5,,"(0.09053574604251853, -0.9958932064677039)",938,739,"(938, 739)",,66b_00013_waggle_annotations.csv,,,0.0905357460425185,-0.995893206467704,5.19442890773481,403,E:\2026Trackathon\James\mp4\20250127\00013.mp4,1,,,,,,,,,,,,,
66b,2025-01-27,2025-01-27__66b_00013,66b_00013,6,,"(0.2544932992796438, -0.9670745372626465)",939,681,"(939, 681)",,66b_00013_waggle_annotations.csv,,,0.254493299279644,-0.967074537262646,14.7435628364707,458,E:\2026Trackathon\James\mp4\20250127\00013.mp4,1,,,,,,,,,,,,,
66b,2025-01-27,2025-01-27__66b_00013,66b_00013,7,,"(0.49026123963255896, -0.8715755371245493)",947,712,"(947, 712)",,66b_00013_waggle_annotations.csv,,,0.490261239632559,-0.871575537124549,29.3577535427913,493,E:\2026Trackathon\James\mp4\20250127\00013.mp4,1,,,,,,,,,,,,,
66b,2025-01-27,2025-01-27__66b_00013,66b_00013,8,,"(0.31622776601683794, -0.9486832980505138)",967,727,"(967, 727)",,66b_00013_waggle_annotations.csv,,,0.316227766016838,-0.948683298050514,18.434948822922,552,E:\2026Trackathon\James\mp4\20250127\00013.mp4,1,,,,,,,,,,,,,
66b,2025-01-27,2025-01-27__66b_00020,66b_00020,1,,"(0.813733471206735, -0.5812381937190965)",986,819,"(986, 819)",,66b_00020_waggle_annotations.csv,,,0.813733471206735,-0.581238193719097,54.4623222080256,44,E:\2026Trackathon\James\mp4\20250127\00020.mp4,1,,,27_00014_waggle_annotations.csv,27_00014,C:\Users\frida\Documents\PhD\Waggle_dance\wd_SA2025\wd_annotator\mp4\James\20250127\00014.mp4,10,184.321,1.451,0.9997,-21.27,205.591,,208.871322208026
66b,2025-01-27,2025-01-27__66b_00020,66b_00020,2,,"(0.8320502943378437, -0.5547001962252291)",1002,853,"(1002, 853)",,66b_00020_waggle_annotations.csv,,,0.832050294337844,-0.554700196225229,56.3099324740202,93,E:\2026Trackathon\James\mp4\20250127\00020.mp4,1,,,27_00014_waggle_annotations.csv,27_00014,C:\Users\frida\Documents\PhD\Waggle_dance\wd_SA2025\wd_annotator\mp4\James\20250127\00014.mp4,10,184.321,1.451,0.9997,-21.27,205.591,,210.71893247402
66b,2025-01-27,2025-01-27__66b_00020,66b_00020,3,,"(0.813733471206735, -0.5812381937190965)",1023,844,"(1023, 844)",,66b_00020_waggle_annotations.csv,,,0.813733471206735,-0.581238193719097,54.4623222080256,145,E:\2026Trackathon\James\mp4\20250127\00020.mp4,1,,,27_00014_waggle_annotations.csv,27_00014,C:\Users\frida\Documents\PhD\Waggle_dance\wd_SA2025\wd_annotator\mp4\James\20250127\00014.mp4,10,184.321,1.451,0.9997,-21.27,205.591,,208.871322208026
66b,2025-01-27,2025-01-27__66b_00020,66b_00020,4,,"(0.7808688094430304, -0.6246950475544243)",1135,799,"(1135, 799)",,66b_00020_waggle_annotations.csv,,,0.78086880944303,-0.624695047554424,51.3401917459099,1065,E:\2026Trackathon\James\mp4\20250127\00020.mp4,1,,,27_00014_waggle_annotations.csv,27_00014,C:\Users\frida\Documents\PhD\Waggle_dance\wd_SA2025\wd_annotator\mp4\James\20250127\00014.mp4,10,184.321,1.451,0.9997,-21.27,205.591,,205.74919174591
66b,2025-01-27,2025-01-27__66b_00021,66b_00021,1,,"(-0.8221921916437787, -0.5692099788303083)",1191,743,"(1191, 743)",,66b_00021_waggle_annotations.csv,,,-0.822192191643779,-0.569209978830308,304.695153531234,1,E:\2026Trackathon\James\mp4\20250127\00021.mp4,1,,,27_00014_waggle_annotations.csv,27_00014,C:\Users\frida\Documents\PhD\Waggle_dance\wd_SA2025\wd_annotator\mp4\James\20250127\00014.mp4,10,184.321,1.451,0.9997,-21.27,205.591,,99.104153531234
66b,2025-01-27,2025-01-27__66b_00021,66b_00021,2,,"(0.2982749931359468, -0.9544799780350297)",1192,846,"(1192, 846)",,66b_00021_waggle_annotations.csv,,,0.298274993135947,-0.95447997803503,17.3540246362613,52,E:\2026Trackathon\James\mp4\20250127\00021.mp4,1,,,27_00014_waggle_annotations.csv,27_00014,C:\Users\frida\Documents\PhD\Waggle_dance\wd_SA2025\wd_annotator\mp4\James\20250127\00014.mp4,10,184.321,1.451,0.9997,-21.27,205.591,,171.763024636261
66b,2025-01-27,2025-01-27__66b_00021,66b_00021,3,,"(0.7808688094430304, -0.6246950475544243)",1218,820,"(1218, 820)",,66b_00021_waggle_annotations.csv,,,0.78086880944303,-0.624695047554424,51.3401917459099,119,E:\2026Trackathon\James\mp4\20250127\00021.mp4,1,,,27_00014_waggle_annotations.csv,27_00014,C:\Users\frida\Documents\PhD\Waggle_dance\wd_SA2025\wd_annotator\mp4\James\20250127\00014.mp4,10,184.321,1.451,0.9997,-21.27,205.591,,205.74919174591
66b,2025-01-27,2025-01-27__66b_00021,66b_00021,4,,"(0.847998304005088, -0.52999894000318)",1234,819,"(1234, 819)",,66b_00021_waggle_annotations.csv,,,0.847998304005088,-0.52999894000318,57.9946167919165,166,E:\2026Trackathon\James\mp4\20250127\00021.mp4,1,,,27_00014_waggle_annotations.csv,27_00014,C:\Users\frida\Documents\PhD\Waggle_dance\wd_SA2025\wd_annotator\mp4\James\20250127\00014.mp4,10,184.321,1.451,0.9997,-21.27,205.591,,212.403616791916
66b,2025-01-27,2025-01-27__66b_00021,66b_00021,5,,"(0.6291982286679645, -0.7772448707074855)",1321,850,"(1321, 850)",,66b_00021_waggle_annotations.csv,,,0.629198228667965,-0.777244870707486,38.9909940425055,223,E:\2026Trackathon\James\mp4\20250127\00021.mp4,1,,,27_00014_waggle_annotations.csv,27_00014,C:\Users\frida\Documents\PhD\Waggle_dance\wd_SA2025\wd_annotator\mp4\James\20250127\00014.mp4,10,184.321,1.451,0.9997,-21.27,205.591,,193.399994042505
66b,2025-01-27,2025-01-27__66b_00021,66b_00021,6,,"(0.8804710999221753, -0.47409982303501746)",1268,847,"(1268, 847)",,66b_00021_waggle_annotations.csv,,,0.880471099922175,-0.474099823035017,61.6992442339936,321,E:\2026Trackathon\James\mp4\20250127\00021.mp4,1,,,27_00014_waggle_annotations.csv,27_00014,C:\Users\frida\Documents\PhD\Waggle_dance\wd_SA2025\wd_annotator\mp4\James\20250127\00014.mp4,10,184.321,1.451,0.9997,-21.27,205.591,,216.108244233994
66b,2025-01-27,2025-01-27__66b_00023,66b_00023,1,,"(-0.4788521306805733, 0.8778955729143844)",964,757,"(964, 757)",,66b_00023_waggle_annotations.csv,,,-0.478852130680573,0.877895572914384,208.610459665965,4,E:\2026Trackathon\James\mp4\20250127\00023.mp4,1,,,27_00014_waggle_annotations.csv,27_00014,C:\Users\frida\Documents\PhD\Waggle_dance\wd_SA2025\wd_annotator\mp4\James\20250127\00014.mp4,10,184.321,1.451,0.9997,-21.27,205.591,,3.0194596659652
66b,2025-01-27,2025-01-27__66b_00023,66b_00023,2,,"(-0.9405538996916954, -0.3396444637775567)",971,755,"(971, 755)",,66b_00023_waggle_annotations.csv,,,-0.940553899691695,-0.339644463777557,289.855214369321,38,E:\2026Trackathon\James\mp4\20250127\00023.mp4,1,,,27_00014_waggle_annotations.csv,27_00014,C:\Users\frida\Documents\PhD\Waggle_dance\wd_SA2025\wd_annotator\mp4\James\20250127\00014.mp4,10,184.321,1.451,0.9997,-21.27,205.591,,84.2642143693211
66b,2025-01-27,2025-01-27__66b_00023,66b_00023,3,,"(-0.8654262854811262, -0.5010362705417046)",987,761,"(987, 761)",,66b_00023_waggle_annotations.csv,,,-0.865426285481126,-0.501036270541705,300.068582821862,129,E:\2026Trackathon\James\mp4\20250127\00023.mp4,1,,,27_00014_waggle_annotations.csv,27_00014,C:\Users\frida\Documents\PhD\Waggle_dance\wd_SA2025\wd_annotator\mp4\James\20250127\00014.mp4,10,184.321,1.451,0.9997,-21.27,205.591,,94.4775828218624
66b,2025-01-27,2025-01-27__66b_00023,66b_00023,4,,"(0.7863183388224225, -0.6178215519319035)",1066,830,"(1066, 830)",,66b_00023_waggle_annotations.csv,,,0.786318338822423,-0.617821551931904,51.8427734126309,267,E:\2026Trackathon\James\mp4\20250127\00023.mp4,1,,,27_00014_waggle_annotations.csv,27_00014,C:\Users\frida\Documents\PhD\Waggle_dance\wd_SA2025\wd_annotator\mp4\James\20250127\00014.mp4,10,184.321,1.451,0.9997,-21.27,205.591,,206.251773412631
66b,2025-01-27,2025-01-27__66b_00023,66b_00023,5,,"(0.8637789008984335, -0.5038710255240862)",1124,846,"(1124, 846)",,66b_00023_waggle_annotations.csv,,,0.863778900898434,-0.503871025524086,59.7435628364707,322,E:\2026Trackathon\James\mp4\20250127\00023.mp4,1,,,27_00014_waggle_annotations.csv,27_00014,C:\Users\frida\Documents\PhD\Waggle_dance\wd_SA2025\wd_annotator\mp4\James\20250127\00014.mp4,10,184.321,1.451,0.9997,-21.27,205.591,,214.152562836471
66b,2025-01-27,2025-01-27__66b_00023,66b_00023,6,,"(1.0, 0.0)",1221,841,"(1221, 841)",,66b_00023_waggle_annotations.csv,,,1,0,90,506,E:\2026Trackathon\James\mp4\20250127\00023.mp4,1,,,27_00014_waggle_annotations.csv,27_00014,C:\Users\frida\Documents\PhD\Waggle_dance\wd_SA2025\wd_annotator\mp4\James\20250127\00014.mp4,10,184.321,1.451,0.9997,-21.27,205.591,,244.409
66b,2025-01-27,2025-01-27__66b_00026,66b_00026,1,,"(0.9956342260592882, -0.09334070869305827)",1206,808,"(1206, 808)",,66b_00026_waggle_annotations.csv,,,0.995634226059288,-0.0933407086930582,84.6441749571448,373,E:\2026Trackathon\James\mp4\20250127\00026.mp4,1,,,27_00014_waggle_annotations.csv,27_00014,C:\Users\frida\Documents\PhD\Waggle_dance\wd_SA2025\wd_annotator\mp4\James\20250127\00014.mp4,10,184.321,1.451,0.9997,-21.27,205.591,,239.053174957145
66b,2025-01-27,2025-01-27__66b_00026,66b_00026,2,,"(-0.962650940153899, -0.2707455769182841)",1259,710,"(1259, 710)",,66b_00026_waggle_annotations.csv,,,-0.962650940153899,-0.270745576918284,285.708637829016,506,E:\2026Trackathon\James\mp4\20250127\00026.mp4,1,,,27_00014_waggle_annotations.csv,27_00014,C:\Users\frida\Documents\PhD\Waggle_dance\wd_SA2025\wd_annotator\mp4\James\20250127\00014.mp4,10,184.321,1.451,0.9997,-21.27,205.591,,80.1176378290157
66b,2025-01-27,2025-01-27__66b_00026,66b_00026,3,,"(0.9593655015712707, 0.28216632399155017)",1234,829,"(1234, 829)",,66b_00026_waggle_annotations.csv,,,0.959365501571271,0.28216632399155,106.389540334035,113,E:\2026Trackathon\James\mp4\20250127\00026.mp4,1,,,27_00014_waggle_annotations.csv,27_00014,C:\Users\frida\Documents\PhD\Waggle_dance\wd_SA2025\wd_annotator\mp4\James\20250127\00014.mp4,10,184.321,1.451,0.9997,-21.27,205.591,,260.798540334035
66b,2025-01-27,2025-01-27__66b_00026,66b_00026,4,,"(0.9153150324227656, -0.40273861426601687)",1226,827,"(1226, 827)",,66b_00026_waggle_annotations.csv,,,0.915315032422766,-0.402738614266017,66.2505055071332,171,E:\2026Trackathon\James\mp4\20250127\00026.mp4,1,,,27_00014_waggle_annotations.csv,27_00014,C:\Users\frida\Documents\PhD\Waggle_dance\wd_SA2025\wd_annotator\mp4\James\20250127\00014.mp4,10,184.321,1.451,0.9997,-21.27,205.591,,220.659505507133
66b,2025-01-27,2025-01-27__66b_00049,66b_00049,1,,"(-0.37729688731351946, 0.9260923597695477)",837,857,"(837, 857)",,66b_00049_waggle_annotations.csv,,,-0.377296887313519,0.926092359769548,202.166345822082,2909,/media/geko/VERBATIM HD/SA2025_dances/George/mp4/20250127/00049.mp4,1,,,,,,,,,,,,,
66b,2025-01-27,2025-01-27__66b_00049,66b_00049,2,,"(0.15711504873513174, 0.9875803063351138)",868,818,"(868, 818)",,66b_00049_waggle_annotations.csv,,,0.157115048735132,0.987580306335114,170.960517196645,2974,/media/geko/VERBATIM HD/SA2025_dances/George/mp4/20250127/00049.mp4,1,,,,,,,,,,,,,
66b,2025-01-27,2025-01-27__66b_00049,66b_00049,3,,"(-0.3011313679370973, 0.9535826651341416)",791,768,"(791, 768)",,66b_00049_waggle_annotations.csv,,,-0.301131367937097,0.953582665134142,197.525568373723,3003,/media/geko/VERBATIM HD/SA2025_dances/George/mp4/20250127/00049.mp4,1,,,,,,,,,,,,,
66b,2025-01-27,2025-01-27__66b_00049,66b_00049,4,,"(-0.11043152607484653, 0.9938837346736188)",823,779,"(823, 779)",,66b_00049_waggle_annotations.csv,,,-0.110431526074847,0.993883734673619,186.34019174591,3048,/media/geko/VERBATIM HD/SA2025_dances/George/mp4/20250127/00049.mp4,1,,,,,,,,,,,,,
66b,2025-01-27,2025-01-27__66b_00049,66b_00049,5,,"(-0.46483389898992034, 0.8853979028379435)",785,748,"(785, 748)",,66b_00049_waggle_annotations.csv,,,-0.46483389898992,0.885397902837944,207.699472808055,3082,/media/geko/VERBATIM HD/SA2025_dances/George/mp4/20250127/00049.mp4,1,,,,,,,,,,,,,
66b,2025-01-27,2025-01-27__66b_00049,66b_00049,6,,"(-0.21693045781865616, 0.9761870601839528)",805,785,"(805, 785)",,66b_00049_waggle_annotations.csv,,,-0.216930457818656,0.976187060183953,192.528807709152,3135,/media/geko/VERBATIM HD/SA2025_dances/George/mp4/20250127/00049.mp4,1,,,,,,,,,,,,,
66b,2025-01-27,2025-01-27__66b_00049,66b_00049,7,,"(0.0, 1.0)",843,779,"(843, 779)",,66b_00049_waggle_annotations.csv,,,0,1,180,3190,/media/geko/VERBATIM HD/SA2025_dances/George/mp4/20250127/00049.mp4,1,,,,,,,,,,,,,
66b,2025-01-27,2025-01-27__66b_2025-01-27 11-44-44,66b_2025-01-27 11-44-44,1,,"(0.8911631156014923, 0.4536830406698506)",580,884,"(580, 884)",,66b_2025-01-27 11-44-44_waggle_annotations.csv,,,0.891163115601492,0.453683040669851,116.980230718223,103,C:\Users\frida\Documents\PhD\Waggle_dance\wd_SA2025\dome\rightcameraangle_probably\20250127\2025-01-27 11-44-44.mkv,1,,direct_compass,27_calibration_11-41-59_waggle_annotations.csv,10,58.7154041413038,1.25697304544686,0.999759384048802,-21.27,79.9854041413038,,36.9948265769191,,
66b,2025-01-27,2025-01-27__66b_2025-01-27 11-44-44,66b_2025-01-27 11-44-44,2,,"(-0.9767443431718839, 0.21440729484260865)",729,953,"(729, 953)",,66b_2025-01-27 11-44-44_waggle_annotations.csv,,,-0.976744343171884,0.214407294842609,257.619243071193,254,C:\Users\frida\Documents\PhD\Waggle_dance\wd_SA2025\dome\rightcameraangle_probably\20250127\2025-01-27 11-44-44.mkv,1,,direct_compass,27_calibration_11-41-59_waggle_annotations.csv,10,58.7154041413038,1.25697304544686,0.999759384048802,-21.27,79.9854041413038,,177.633838929889,,
66b,2025-01-27,2025-01-27__66b_2025-01-27 11-44-44,66b_2025-01-27 11-44-44,3,,"(0.7739572992033211, 0.6332377902572627)",729,963,"(729, 963)",,66b_2025-01-27 11-44-44_waggle_annotations.csv,,,0.773957299203321,0.633237790257263,129.2894068625,356,C:\Users\frida\Documents\PhD\Waggle_dance\wd_SA2025\dome\rightcameraangle_probably\20250127\2025-01-27 11-44-44.mkv,1,,direct_compass,27_calibration_11-41-59_waggle_annotations.csv,10,58.7154041413038,1.25697304544686,0.999759384048802,-21.27,79.9854041413038,,49.3040027211966,,
66b,2025-01-27,2025-01-27__66b_2025-01-27 11-44-44,66b_2025-01-27 11-44-44,4,,"(-0.06880209161537815, -0.997630328422983)",836,952,"(836, 952)",,66b_2025-01-27 11-44-44_waggle_annotations.csv,,,-0.0688020916153781,-0.997630328422983,356.054813770962,538,C:\Users\frida\Documents\PhD\Waggle_dance\wd_SA2025\dome\rightcameraangle_probably\20250127\2025-01-27 11-44-44.mkv,1,,direct_compass,27_calibration_11-41-59_waggle_annotations.csv,10,58.7154041413038,1.25697304544686,0.999759384048802,-21.27,79.9854041413038,,276.069409629659,,
66b,2025-01-27,2025-01-27__66b_2025-01-27 11-44-44,66b_2025-01-27 11-44-44,5,,"(0.6608803679394093, -0.7504912652871258)",613,760,"(613, 760)",,66b_2025-01-27 11-44-44_waggle_annotations.csv,,,0.660880367939409,-0.750491265287126,41.3670492605118,748,C:\Users\frida\Documents\PhD\Waggle_dance\wd_SA2025\dome\rightcameraangle_probably\20250127\2025-01-27 11-44-44.mkv,1,,direct_compass,27_calibration_11-41-59_waggle_annotations.csv,10,58.7154041413038,1.25697304544686,0.999759384048802,-21.27,79.9854041413038,,321.381645119208,,
66b,2025-01-27,2025-01-27__66b_2025-01-27 11-56-04,66b_2025-01-27 11-56-04,1,,"(0.7795089347933047, 0.6263911083160484)",767,896,"(767, 896)",,66b_2025-01-27 11-56-04_waggle_annotations.csv,,,0.779508934793305,0.626391108316048,128.784364100297,173,C:\Users\frida\Documents\PhD\Waggle_dance\wd_SA2025\dome\rightcameraangle_probably\20250127\2025-01-27 11-56-04.mkv,1,,direct_compass,27_calibration_11-41-59_waggle_annotations.csv,10,58.7154041413038,1.25697304544686,0.999759384048802,-21.27,79.9854041413038,,48.7989599589936,,
66b,2025-01-27,2025-01-27__66b_2025-01-27 11-56-04,66b_2025-01-27 11-56-04,2,,"(0.24880289780899334, 0.9685541378992955)",610,807,"(610, 807)",,66b_2025-01-27 11-56-04_waggle_annotations.csv,,,0.248802897808993,0.968554137899296,165.593314843563,285,C:\Users\frida\Documents\PhD\Waggle_dance\wd_SA2025\dome\rightcameraangle_probably\20250127\2025-01-27 11-56-04.mkv,1,,direct_compass,27_calibration_11-41-59_waggle_annotations.csv,10,58.7154041413038,1.25697304544686,0.999759384048802,-21.27,79.9854041413038,,85.6079107022593,,
66b,2025-01-27,2025-01-27__66b_2025-01-27 11-56-04,66b_2025-01-27 11-56-04,3,,"(0.9950371902099892, -0.09950371902099892)",727,735,"(727, 735)",,66b_2025-01-27 11-56-04_waggle_annotations.csv,,,0.995037190209989,-0.0995037190209989,84.2894068625004,428,C:\Users\frida\Documents\PhD\Waggle_dance\wd_SA2025\dome\rightcameraangle_probably\20250127\2025-01-27 11-56-04.mkv,1,,direct_compass,27_calibration_11-41-59_waggle_annotations.csv,10,58.7154041413038,1.25697304544686,0.999759384048802,-21.27,79.9854041413038,,4.30400272119658,,
66b,2025-01-27,2025-01-27__66b_2025-01-27 11-56-04,66b_2025-01-27 11-56-04,4,,"(0.9453729816262721, -0.32599068331940423)",720,738,"(720, 738)",,66b_2025-01-27 11-56-04_waggle_annotations.csv,,,0.945372981626272,-0.325990683319404,70.9743939624313,528,C:\Users\frida\Documents\PhD\Waggle_dance\wd_SA2025\dome\rightcameraangle_probably\20250127\2025-01-27 11-56-04.mkv,1,,direct_compass,27_calibration_11-41-59_waggle_annotations.csv,10,58.7154041413038,1.25697304544686,0.999759384048802,-21.27,79.9854041413038,,350.988989821128,,
66b,2025-01-27,2025-01-27__66b_2025-01-27 11-56-04,66b_2025-01-27 11-56-04,5,,"(0.9383431168171101, 0.34570535882735637)",695,918,"(695, 918)",,66b_2025-01-27 11-56-04_waggle_annotations.csv,,,0.93834311681711,0.345705358827356,110.224859431168,650,C:\Users\frida\Documents\PhD\Waggle_dance\wd_SA2025\dome\rightcameraangle_probably\20250127\2025-01-27 11-56-04.mkv,1,,direct_compass,27_calibration_11-41-59_waggle_annotations.csv,10,58.7154041413038,1.25697304544686,0.999759384048802,-21.27,79.9854041413038,,30.2394552898643,,
66b,2025-01-27,2025-01-27__66b_2025-01-27 11-56-04,66b_2025-01-27 11-56-04,6,,"(0.8279186904883319, 0.5608481451695152)",695,979,"(695, 979)",,66b_2025-01-27 11-56-04_waggle_annotations.csv,,,0.827918690488332,0.560848145169515,124.114472945341,742,C:\Users\frida\Documents\PhD\Waggle_dance\wd_SA2025\dome\rightcameraangle_probably\20250127\2025-01-27 11-56-04.mkv,1,,direct_compass,27_calibration_11-41-59_waggle_annotations.csv,10,58.7154041413038,1.25697304544686,0.999759384048802,-21.27,79.9854041413038,,44.1290688040375,,
66b,2025-01-27,2025-01-27__66b_2025-01-27 11-56-04,66b_2025-01-27 11-56-04,7,,"(0.773957299203321, 0.6332377902572627)",690,1012,"(690, 1012)",,66b_2025-01-27 11-56-04_waggle_annotations.csv,,,0.773957299203321,0.633237790257263,129.2894068625,835,C:\Users\frida\Documents\PhD\Waggle_dance\wd_SA2025\dome\rightcameraangle_probably\20250127\2025-01-27 11-56-04.mkv,1,,direct_compass,27_calibration_11-41-59_waggle_annotations.csv,10,58.7154041413038,1.25697304544686,0.999759384048802,-21.27,79.9854041413038,,49.3040027211966,,
66b,2025-01-27,2025-01-27__66b_2025-01-27 12-03-34,66b_2025-01-27 12-03-34,1,,"(0.9905293575632534, -0.13730109906817375)",754,838,"(754, 838)",,66b_2025-01-27 12-03-34_waggle_annotations.csv,,,0.990529357563253,-0.137301099068174,82.1082975717643,1273,C:\Users\frida\Documents\PhD\Waggle_dance\wd_SA2025\dome\rightcameraangle_probably\20250127\2025-01-27 12-03-34.mkv,1,,direct_compass,27_calibration_12-03-34_waggle_annotations.csv,10,246.95277812725,1.60274640435257,0.999608826517981,-21.27,268.22277812725,,,,
66b,2025-01-27,2025-01-27__66b_2025-01-27 12-03-34,66b_2025-01-27 12-03-34,2,,"(0.8424492602913455, 0.5387756897212093)",749,878,"(749, 878)",,66b_2025-01-27 12-03-34_waggle_annotations.csv,,,0.842449260291346,0.538775689721209,122.60033357369,1368,C:\Users\frida\Documents\PhD\Waggle_dance\wd_SA2025\dome\rightcameraangle_probably\20250127\2025-01-27 12-03-34.mkv,1,,direct_compass,27_calibration_12-03-34_waggle_annotations.csv,10,246.95277812725,1.60274640435257,0.999608826517981,-21.27,268.22277812725,,,,
66b,2025-01-27,2025-01-27__66b_2025-01-27 12-03-34,66b_2025-01-27 12-03-34,3,,"(-0.3355187862897876, 0.942033515352096)",715,855,"(715, 855)",,66b_2025-01-27 12-03-34_waggle_annotations.csv,,,-0.335518786289788,0.942033515352096,199.604088150829,1473,C:\Users\frida\Documents\PhD\Waggle_dance\wd_SA2025\dome\rightcameraangle_probably\20250127\2025-01-27 12-03-34.mkv,1,,direct_compass,27_calibration_12-03-34_waggle_annotations.csv,10,246.95277812725,1.60274640435257,0.999608826517981,-21.27,268.22277812725,,,,
66b,2025-01-27,2025-01-27__66b_2025-01-27 12-03-34,66b_2025-01-27 12-03-34,4,,"(0.13158907310989346, -0.9913043507611974)",637,853,"(637, 853)",,66b_2025-01-27 12-03-34_waggle_annotations.csv,,,0.131589073109893,-0.991304350761197,7.56142842766696,1666,C:\Users\frida\Documents\PhD\Waggle_dance\wd_SA2025\dome\rightcameraangle_probably\20250127\2025-01-27 12-03-34.mkv,1,,direct_compass,27_calibration_12-03-34_waggle_annotations.csv,10,246.95277812725,1.60274640435257,0.999608826517981,-21.27,268.22277812725,,,,
66b,2025-01-27,2025-01-27__66b_2025-01-27 12-03-34,66b_2025-01-27 12-03-34,5,,"(-0.10546906201345364, 0.9944225846982772)",624,879,"(624, 879)",,66b_2025-01-27 12-03-34_waggle_annotations.csv,,,-0.105469062013454,0.994422584698277,186.054191894115,1845,C:\Users\frida\Documents\PhD\Waggle_dance\wd_SA2025\dome\rightcameraangle_probably\20250127\2025-01-27 12-03-34.mkv,1,,direct_compass,27_calibration_12-03-34_waggle_annotations.csv,10,246.95277812725,1.60274640435257,0.999608826517981,-21.27,268.22277812725,,,,
66b,2025-01-27,2025-01-27__66b_2025-01-27 12-03-34,66b_2025-01-27 12-03-34,6,,"(0.6114475010757654, 0.7912850013921671)",579,845,"(579, 845)",,66b_2025-01-27 12-03-34_waggle_annotations.csv,,,0.611447501075765,0.791285001392167,142.305759533311,1958,C:\Users\frida\Documents\PhD\Waggle_dance\wd_SA2025\dome\rightcameraangle_probably\20250127\2025-01-27 12-03-34.mkv,1,,direct_compass,27_calibration_12-03-34_waggle_annotations.csv,10,246.95277812725,1.60274640435257,0.999608826517981,-21.27,268.22277812725,,,,
66b,2025-01-27,2025-01-27__66b_2025-01-27 12-03-34,66b_2025-01-27 12-03-34,7,,"(0.9936052547897187, 0.11290968804428622)",647,845,"(647, 845)",,66b_2025-01-27 12-03-34_waggle_annotations.csv,,,0.993605254789719,0.112909688044286,96.4830736928972,2084,C:\Users\frida\Documents\PhD\Waggle_dance\wd_SA2025\dome\rightcameraangle_probably\20250127\2025-01-27 12-03-34.mkv,1,,direct_compass,27_calibration_12-03-34_waggle_annotations.csv,10,246.95277812725,1.60274640435257,0.999608826517981,-21.27,268.22277812725,,,,
66b,2025-01-27,2025-01-27__66b_2025-01-27 12-03-34,66b_2025-01-27 12-03-34,8,,"(0.655686655446243, 0.7550331183926435)",490,890,"(490, 890)",,66b_2025-01-27 12-03-34_waggle_annotations.csv,,,0.655686655446243,0.755033118392644,139.028263666485,3580,C:\Users\frida\Documents\PhD\Waggle_dance\wd_SA2025\dome\rightcameraangle_probably\20250127\2025-01-27 12-03-34.mkv,1,,direct_compass,27_calibration_12-03-34_waggle_annotations.csv,10,246.95277812725,1.60274640435257,0.999608826517981,-21.27,268.22277812725,,,,
66b,2025-01-27,2025-01-27__66b_2025-01-27 12-03-34,66b_2025-01-27 12-03-34,9,,"(-0.3683643681089523, 0.929681500465451)",585,882,"(585, 882)",,66b_2025-01-27 12-03-34_waggle_annotations.csv,,,-0.368364368108952,0.929681500465451,201.614778942786,3780,C:\Users\frida\Documents\PhD\Waggle_dance\wd_SA2025\dome\rightcameraangle_probably\20250127\2025-01-27 12-03-34.mkv,1,,direct_compass,27_calibration_12-03-34_waggle_annotations.csv,10,246.95277812725,1.60274640435257,0.999608826517981,-21.27,268.22277812725,,,,
66b,2025-01-27,2025-01-27__66b_2025-01-27 12-03-34,66b_2025-01-27 12-03-34,10,,"(0.2290393337255473, 0.973417168333576)",552,832,"(552, 832)",,66b_2025-01-27 12-03-34_waggle_annotations.csv,,,0.229039333725547,0.973417168333576,166.759480084813,3935,C:\Users\frida\Documents\PhD\Waggle_dance\wd_SA2025\dome\rightcameraangle_probably\20250127\2025-01-27 12-03-34.mkv,1,,direct_compass,27_calibration_12-03-34_waggle_annotations.csv,10,246.95277812725,1.60274640435257,0.999608826517981,-21.27,268.22277812725,,,,
66b,2025-01-27,2025-01-27__66b_2025-01-27 15-01-25,66b_2025-01-27 15-01-25,1,,"(-0.9907115796044094, -0.13598002073001697)",670,743,"(670, 743)",,66b_2025-01-27 15-01-25_waggle_annotations.csv,,,-0.990711579604409,-0.135980020730017,277.815293546767,2571,C:\Users\frida\Documents\PhD\Waggle_dance\wd_SA2025\dome\rightcameraangle_probably\20250127\2025-01-27 15-01-25.mkv,1,,direct_compass,27_calibration_15-00-47_waggle_annotations.csv,10,279.57818676461,2.03265923302168,0.999370903525699,-21.27,300.84818676461,,336.967106782157,,
66b,2025-01-27,2025-01-27__66b_2025-01-27 15-01-25,66b_2025-01-27 15-01-25,2,,"(-0.9401906246577834, -0.3406487770499215)",688,667,"(688, 667)",,66b_2025-01-27 15-01-25_waggle_annotations.csv,,,-0.940190624657783,-0.340648777049922,289.916405993809,2714,C:\Users\frida\Documents\PhD\Waggle_dance\wd_SA2025\dome\rightcameraangle_probably\20250127\2025-01-27 15-01-25.mkv,1,,direct_compass,27_calibration_15-00-47_waggle_annotations.csv,10,279.57818676461,2.03265923302168,0.999370903525699,-21.27,300.84818676461,,349.068219229199,,
66b,2025-01-27,2025-01-27__66b_2025-01-27 15-01-25,66b_2025-01-27 15-01-25,3,,"(-0.07124704998790964, -0.997458699830735)",712,723,"(712, 723)",,66b_2025-01-27 15-01-25_waggle_annotations.csv,,,-0.0712470499879096,-0.997458699830735,355.914383220025,2815,C:\Users\frida\Documents\PhD\Waggle_dance\wd_SA2025\dome\rightcameraangle_probably\20250127\2025-01-27 15-01-25.mkv,1,,direct_compass,27_calibration_15-00-47_waggle_annotations.csv,10,279.57818676461,2.03265923302168,0.999370903525699,-21.27,300.84818676461,,55.0661964554151,,
66b,2025-01-27,2025-01-27__66b_2025-01-27 15-01-25,66b_2025-01-27 15-01-25,4,,"(-0.9808789464894238, -0.1946188385891714)",754,815,"(754, 815)",,66b_2025-01-27 15-01-25_waggle_annotations.csv,,,-0.980878946489424,-0.194618838589171,281.222458069445,3785,C:\Users\frida\Documents\PhD\Waggle_dance\wd_SA2025\dome\rightcameraangle_probably\20250127\2025-01-27 15-01-25.mkv,1,,direct_compass,27_calibration_15-00-47_waggle_annotations.csv,10,279.57818676461,2.03265923302168,0.999370903525699,-21.27,300.84818676461,,340.374271304835,,
66b,2025-01-27,2025-01-27__66b_2025-01-27 15-01-25,66b_2025-01-27 15-01-25,5,,"(-0.720833064901856, 0.6931087162517846)",705,803,"(705, 803)",,66b_2025-01-27 15-01-25_waggle_annotations.csv,,,-0.720833064901856,0.693108716251785,226.123302714075,3886,C:\Users\frida\Documents\PhD\Waggle_dance\wd_SA2025\dome\rightcameraangle_probably\20250127\2025-01-27 15-01-25.mkv,1,,direct_compass,27_calibration_15-00-47_waggle_annotations.csv,10,279.57818676461,2.03265923302168,0.999370903525699,-21.27,300.84818676461,,285.275115949465,,
66b,2025-01-27,2025-01-27__66b_2025-01-27 15-01-25,66b_2025-01-27 15-01-25,6,,"(-0.7568230077691596, 0.6536198703460924)",563,825,"(563, 825)",,66b_2025-01-27 15-01-25_waggle_annotations.csv,,,-0.75682300776916,0.653619870346092,229.184916125118,4420,C:\Users\frida\Documents\PhD\Waggle_dance\wd_SA2025\dome\rightcameraangle_probably\20250127\2025-01-27 15-01-25.mkv,1,,direct_compass,27_calibration_15-00-47_waggle_annotations.csv,10,279.57818676461,2.03265923302168,0.999370903525699,-21.27,300.84818676461,,288.336729360508,,
66b,2025-01-27,2025-01-27__66b_2025-01-27 15-01-25,66b_2025-01-27 15-01-25,7,,"(0.6463445693131511, 0.7630456721058034)",556,849,"(556, 849)",,66b_2025-01-27 15-01-25_waggle_annotations.csv,,,0.646344569313151,0.763045672105803,139.733438330576,4548,C:\Users\frida\Documents\PhD\Waggle_dance\wd_SA2025\dome\rightcameraangle_probably\20250127\2025-01-27 15-01-25.mkv,1,,direct_compass,27_calibration_15-00-47_waggle_annotations.csv,10,279.57818676461,2.03265923302168,0.999370903525699,-21.27,300.84818676461,,198.885251565965,,
66b,2025-01-27,2025-01-27__66b_2025-01-27 15-01-25,66b_2025-01-27 15-01-25,8,,"(-0.7540815958863059, 0.6567807448042019)",574,848,"(574, 848)",,66b_2025-01-27 15-01-25_waggle_annotations.csv,,,-0.754081595886306,0.656780744804202,228.945186229038,4674,C:\Users\frida\Documents\PhD\Waggle_dance\wd_SA2025\dome\rightcameraangle_probably\20250127\2025-01-27 15-01-25.mkv,1,,direct_compass,27_calibration_15-00-47_waggle_annotations.csv,10,279.57818676461,2.03265923302168,0.999370903525699,-21.27,300.84818676461,,288.096999464428,,
66b,2025-01-27,2025-01-27__66b_2025-01-27 15-01-25,66b_2025-01-27 15-01-25,9,,"(-0.8902481629773388, 0.4554758043139873)",579,843,"(579, 843)",,66b_2025-01-27 15-01-25_waggle_annotations.csv,,,-0.890248162977339,0.455475804313987,242.904447506248,4764,C:\Users\frida\Documents\PhD\Waggle_dance\wd_SA2025\dome\rightcameraangle_probably\20250127\2025-01-27 15-01-25.mkv,1,,direct_compass,27_calibration_15-00-47_waggle_annotations.csv,10,279.57818676461,2.03265923302168,0.999370903525699,-21.27,300.84818676461,,302.056260741638,,
66b,2025-01-27,2025-01-27__66b_2025-01-27 15-01-25,66b_2025-01-27 15-01-25,10,,"(-0.25615823848772273, 0.9666348622178217)",592,734,"(592, 734)",,66b_2025-01-27 15-01-25_waggle_annotations.csv,,,-0.256158238487723,0.966634862217822,194.842227057911,5508,C:\Users\frida\Documents\PhD\Waggle_dance\wd_SA2025\dome\rightcameraangle_probably\20250127\2025-01-27 15-01-25.mkv,1,,direct_compass,27_calibration_15-00-47_waggle_annotations.csv,10,279.57818676461,2.03265923302168,0.999370903525699,-21.27,300.84818676461,,253.994040293301,,
66b,2025-01-28,2025-01-28__66b_00023,66b_00023,1,,"(-0.4392101320049426, -0.8983843609192008)",747,866,"(747, 866)",,66b_00023_waggle_annotations.csv,,,-0.439210132004943,-0.898384360919201,333.946504689509,24,E:\2026Trackathon\James\mp4\20250128\00023.mp4,1,,,,,,,,,,,,,
66b,2025-01-28,2025-01-28__66b_00023,66b_00023,2,,"(0.2333729524753242, -0.9723873019805175)",699,845,"(699, 845)",,66b_00023_waggle_annotations.csv,,,0.233372952475324,-0.972387301980518,13.4957332807958,79,E:\2026Trackathon\James\mp4\20250128\00023.mp4,1,,,,,,,,,,,,,
66b,2025-01-28,2025-01-28__66b_00023,66b_00023,3,,"(-0.24253562503633297, 0.9701425001453319)",881,974,"(881, 974)",,66b_00023_waggle_annotations.csv,,,-0.242535625036333,0.970142500145332,194.036243467926,229,E:\2026Trackathon\James\mp4\20250128\00023.mp4,1,,,,,,,,,,,,,
66b,2025-01-28,2025-01-28__66b_00023,66b_00023,4,,"(0.0, -1.0)",897,975,"(897, 975)",,66b_00023_waggle_annotations.csv,,,0,-1,0,248,E:\2026Trackathon\James\mp4\20250128\00023.mp4,1,,,,,,,,,,,,,
66b,2025-01-28,2025-01-28__66b_00023,66b_00023,5,,"(0.04078236951430928, -0.9991680531005774)",884,859,"(884, 859)",,66b_00023_waggle_annotations.csv,,,0.0407823695143092,-0.999168053100577,2.33730585912382,294,E:\2026Trackathon\James\mp4\20250128\00023.mp4,1,,,,,,,,,,,,,
66b,2025-01-28,2025-01-28__66b_00023,66b_00023,6,,"(0.036339618107142986, -0.9993394979464321)",890,788,"(890, 788)",,66b_00023_waggle_annotations.csv,,,0.0363396181071429,-0.999339497946432,2.08256527973089,619,E:\2026Trackathon\James\mp4\20250128\00023.mp4,1,,,,,,,,,,,,,
66b,2025-01-28,2025-01-28__66b_00023,66b_00023,7,,"(0.01999600119960014, -0.9998000599800071)",821,825,"(821, 825)",,66b_00023_waggle_annotations.csv,,,0.0199960011996001,-0.999800059980007,1.1457628381751,681,E:\2026Trackathon\James\mp4\20250128\00023.mp4,1,,,,,,,,,,,,,
66b,2025-01-28,2025-01-28__66b_00023,66b_00023,8,,"(0.06651901052377393, -0.997785157856609)",900,765,"(900, 765)",,66b_00023_waggle_annotations.csv,,,0.0665190105237739,-0.997785157856609,3.81407483429035,749,E:\2026Trackathon\James\mp4\20250128\00023.mp4,1,,,,,,,,,,,,,
66b,2025-01-28,2025-01-28__66b_00024,66b_00024,1,,"(-0.11914522061843064, -0.992876838486922)",1316,783,"(1316, 783)",,66b_00024_waggle_annotations.csv,,,-0.119145220618431,-0.992876838486922,353.157226587369,21,E:\2026Trackathon\James\mp4\20250128\00024.mp4,1,,,,,,,,,,,,,
66b,2025-01-28,2025-01-28__66b_00024,66b_00024,2,,"(0.07124704998790965, -0.997458699830735)",1272,772,"(1272, 772)",,66b_00024_waggle_annotations.csv,,,0.0712470499879096,-0.997458699830735,4.08561677997488,95,E:\2026Trackathon\James\mp4\20250128\00024.mp4,1,,,,,,,,,,,,,
66b,2025-01-28,2025-01-28__66b_00024,66b_00024,3,,"(0.0, -1.0)",1208,719,"(1208, 719)",,66b_00024_waggle_annotations.csv,,,0,-1,0,141,E:\2026Trackathon\James\mp4\20250128\00024.mp4,1,,,,,,,,,,,,,
66b,2025-01-28,2025-01-28__66b_00024,66b_00024,4,,"(0.04163054471218133, -0.999133073092352)",1199,717,"(1199, 717)",,66b_00024_waggle_annotations.csv,,,0.0416305447121813,-0.999133073092352,2.38594403038881,199,E:\2026Trackathon\James\mp4\20250128\00024.mp4,1,,,,,,,,,,,,,
66b,2025-01-28,2025-01-28__66b_00024,66b_00024,5,,"(-0.28216632399155017, -0.9593655015712707)",1204,705,"(1204, 705)",,66b_00024_waggle_annotations.csv,,,-0.28216632399155,-0.959365501571271,343.610459665965,248,E:\2026Trackathon\James\mp4\20250128\00024.mp4,1,,,,,,,,,,,,,
66b,2025-01-28,2025-01-28__66b_00024,66b_00024,6,,"(-0.10578605459352258, -0.9943889131791123)",1164,695,"(1164, 695)",,66b_00024_waggle_annotations.csv,,,-0.105786054593523,-0.994388913179112,353.927543592792,292,E:\2026Trackathon\James\mp4\20250128\00024.mp4,1,,,,,,,,,,,,,
66b,2025-01-28,2025-01-28__66b_00024,66b_00024,7,,"(-0.15496776884521193, -0.9879195263882261)",1155,659,"(1155, 659)",,66b_00024_waggle_annotations.csv,,,-0.154967768845212,-0.987919526388226,351.085073042852,339,E:\2026Trackathon\James\mp4\20250128\00024.mp4,1,,,,,,,,,,,,,
66b,2025-01-28,2025-01-28__66b_00024,66b_00024,8,,"(-0.3744630496012833, -0.9272418371079396)",1182,628,"(1182, 628)",,66b_00024_waggle_annotations.csv,,,-0.374463049601283,-0.92724183710794,338.008870082823,383,E:\2026Trackathon\James\mp4\20250128\00024.mp4,1,,,,,,,,,,,,,
66b,2025-01-28,2025-01-28__66b_00024,66b_00024,9,,"(-0.19274530403092788, -0.9812488205210874)",1196,613,"(1196, 613)",,66b_00024_waggle_annotations.csv,,,-0.192745304030928,-0.981248820521087,348.886959464052,422,E:\2026Trackathon\James\mp4\20250128\00024.mp4,1,,,,,,,,,,,,,
66b,2025-01-28,2025-01-28__66b_00024,66b_00024,10,,"(0.045407660918649985, -0.9989685402102997)",1080,713,"(1080, 713)",,66b_00024_waggle_annotations.csv,,,0.0454076609186499,-0.9989685402103,2.60256220249981,479,E:\2026Trackathon\James\mp4\20250128\00024.mp4,1,,,,,,,,,,,,,
66b,2025-01-28,2025-01-28__66b_00024,66b_00024,11,,"(0.03770900990025203, -0.9992887623566787)",1133,707,"(1133, 707)",,66b_00024_waggle_annotations.csv,,,0.037709009900252,-0.999288762356679,2.16107948822637,527,E:\2026Trackathon\James\mp4\20250128\00024.mp4,1,,,,,,,,,,,,,
66b,2025-01-28,2025-01-28__66b_00024,66b_00024,12,,"(-0.09571240664425779, -0.9954090291002811)",1142,665,"(1142, 665)",,66b_00024_waggle_annotations.csv,,,-0.0957124066442577,-0.995409029100281,354.507675442873,570,E:\2026Trackathon\James\mp4\20250128\00024.mp4,1,,,,,,,,,,,,,
66b,2025-01-28,2025-01-28__66b_00024,66b_00024,13,,"(-0.13003403680018621, -0.9915095306014198)",1139,636,"(1139, 636)",,66b_00024_waggle_annotations.csv,,,-0.130034036800186,-0.99150953060142,352.528440823408,611,E:\2026Trackathon\James\mp4\20250128\00024.mp4,1,,,,,,,,,,,,,
66b,2025-01-28,2025-01-28__66b_00024,66b_00024,14,,"(0.03843312210120439, -0.9992611746313143)",1121,635,"(1121, 635)",,66b_00024_waggle_annotations.csv,,,0.0384331221012043,-0.999261174631314,2.20259816176581,651,E:\2026Trackathon\James\mp4\20250128\00024.mp4,1,,,,,,,,,,,,,
66b,2025-01-28,2025-01-28__66b_00024,66b_00024,15,,"(-0.08893193797450552, -0.9960377053144619)",1114,637,"(1114, 637)",,66b_00024_waggle_annotations.csv,,,-0.0889319379745055,-0.996037705314462,354.897834747642,691,E:\2026Trackathon\James\mp4\20250128\00024.mp4,1,,,,,,,,,,,,,
66b,2025-01-28,2025-01-28__66b_00024,66b_00024,16,,"(0.10360608425945601, -0.9946184088907778)",1145,662,"(1145, 662)",,66b_00024_waggle_annotations.csv,,,0.103606084259456,-0.994618408890778,5.9468630539735,743,E:\2026Trackathon\James\mp4\20250128\00024.mp4,1,,,,,,,,,,,,,
66b,2025-01-28,2025-01-28__66b_00024,66b_00024,17,,"(-0.08853979028379436, -0.9960726406926864)",1168,656,"(1168, 656)",,66b_00024_waggle_annotations.csv,,,-0.0885397902837943,-0.996072640692686,354.920392139985,786,E:\2026Trackathon\James\mp4\20250128\00024.mp4,1,,,,,,,,,,,,,
66b,2025-01-28,2025-01-28__66b_00024,66b_00024,18,,"(-0.23257321322170788, -0.9725788916544148)",1045,728,"(1045, 728)",,66b_00024_waggle_annotations.csv,,,-0.232573213221708,-0.972578891654415,346.551384948314,849,E:\2026Trackathon\James\mp4\20250128\00024.mp4,1,,,,,,,,,,,,,
66b,2025-01-28,2025-01-28__66b_00024,66b_00024,19,,"(-0.05547001962252291, -0.9984603532054125)",1076,735,"(1076, 735)",,66b_00024_waggle_annotations.csv,,,-0.0554700196225229,-0.998460353205412,356.820169880136,894,E:\2026Trackathon\James\mp4\20250128\00024.mp4,1,,,,,,,,,,,,,
66b,2025-01-28,2025-01-28__66b_00024,66b_00024,20,,"(-0.20395425411200105, -0.9789804197376051)",1073,748,"(1073, 748)",,66b_00024_waggle_annotations.csv,,,-0.203954254112001,-0.978980419737605,348.231711067979,942,E:\2026Trackathon\James\mp4\20250128\00024.mp4,1,,,,,,,,,,,,,
66b,2025-01-28,2025-01-28__66b_00024,66b_00024,21,,"(-0.039185566695354605, -0.9992319507315425)",1044,699,"(1044, 699)",,66b_00024_waggle_annotations.csv,,,-0.0391855666953546,-0.999231950731542,357.754257434105,1515,E:\2026Trackathon\James\mp4\20250128\00024.mp4,1,,,,,,,,,,,,,
66b,2025-01-28,2025-01-28__66b_00024,66b_00024,22,,"(-0.09219821056073614, -0.9957406740559502)",970,880,"(970, 880)",,66b_00024_waggle_annotations.csv,,,-0.0921982105607361,-0.99574067405595,354.709918794629,1810,E:\2026Trackathon\James\mp4\20250128\00024.mp4,1,,,,,,,,,,,,,
66b,2025-01-28,2025-01-28__66b_00024,66b_00024,23,,"(-0.11588069956017834, -0.993263139087243)",1021,949,"(1021, 949)",,66b_00024_waggle_annotations.csv,,,-0.115880699560178,-0.993263139087243,353.345574953993,1858,E:\2026Trackathon\James\mp4\20250128\00024.mp4,1,,,,,,,,,,,,,
66b,2025-01-28,2025-01-28__66b_00024,66b_00024,24,,"(-0.04833055142332259, -0.9988313960820002)",1077,962,"(1077, 962)",,66b_00024_waggle_annotations.csv,,,-0.0483305514233225,-0.998831396082,357.2297842028,1896,E:\2026Trackathon\James\mp4\20250128\00024.mp4,1,,,,,,,,,,,,,
66b,2025-01-28,2025-01-28__66b_00024,66b_00024,25,,"(0.018515344006020947, -0.9998285763251312)",1059,944,"(1059, 944)",,66b_00024_waggle_annotations.csv,,,0.0185153440060209,-0.999828576325131,1.06091169026423,1933,E:\2026Trackathon\James\mp4\20250128\00024.mp4,1,,,,,,,,,,,,,
66b,2025-01-28,2025-01-28__66b_00024,66b_00024,26,,"(-0.052558833122763673, -0.9986178293325098)",1082,954,"(1082, 954)",,66b_00024_waggle_annotations.csv,,,-0.0525588331227636,-0.99861782933251,356.987212495817,1973,E:\2026Trackathon\James\mp4\20250128\00024.mp4,1,,,,,,,,,,,,,
66b,2025-01-28,2025-01-28__66b_00024,66b_00024,27,,"(-0.16710823010753623, -0.9859385576344637)",1123,926,"(1123, 926)",,66b_00024_waggle_annotations.csv,,,-0.167108230107536,-0.985938557634464,350.380272200301,2020,E:\2026Trackathon\James\mp4\20250128\00024.mp4,1,,,,,,,,,,,,,
66b,2025-01-28,2025-01-28__66b_00024,66b_00024,28,,"(-0.1643989873053573, -0.9863939238321437)",1168,938,"(1168, 938)",,66b_00024_waggle_annotations.csv,,,-0.164398987305357,-0.986393923832144,350.537677791974,2060,E:\2026Trackathon\James\mp4\20250128\00024.mp4,1,,,,,,,,,,,,,
66b,2025-01-28,2025-01-28__66b_00024,66b_00024,29,,"(-0.17279947800812523, -0.9849570246463139)",1172,931,"(1172, 931)",,66b_00024_waggle_annotations.csv,,,-0.172799478008125,-0.984957024646314,350.049373312048,2106,E:\2026Trackathon\James\mp4\20250128\00024.mp4,1,,,,,,,,,,,,,
66b,2025-01-28,2025-01-28__66b_00024,66b_00024,30,,"(0.16741469965597303, -0.98588656464073)",1185,937,"(1185, 937)",,66b_00024_waggle_annotations.csv,,,0.167414699655973,-0.98588656464073,9.63753811293095,2153,E:\2026Trackathon\James\mp4\20250128\00024.mp4,1,,,,,,,,,,,,,
66b,2025-01-28,2025-01-28__66b_00024,66b_00024,31,,"(0.09757142403137058, -0.99522852511998)",1130,903,"(1130, 903)",,66b_00024_waggle_annotations.csv,,,0.0975714240313705,-0.99522852511998,5.59933933652057,2197,E:\2026Trackathon\James\mp4\20250128\00024.mp4,1,,,,,,,,,,,,,
66b,2025-01-28,2025-01-28__66b_00024,66b_00024,32,,"(0.10578605459352258, -0.9943889131791123)",1134,885,"(1134, 885)",,66b_00024_waggle_annotations.csv,,,0.105786054593523,-0.994388913179112,6.0724564072077,2236,E:\2026Trackathon\James\mp4\20250128\00024.mp4,1,,,,,,,,,,,,,
66b,2025-01-28,2025-01-28__66b_00024,66b_00024,33,,"(-0.13341201214153917, -0.9910606616228624)",1153,882,"(1153, 882)",,66b_00024_waggle_annotations.csv,,,-0.133412012141539,-0.991060661622862,352.333195738186,2284,E:\2026Trackathon\James\mp4\20250128\00024.mp4,1,,,,,,,,,,,,,
66b,2025-01-28,2025-01-28__66b_00024,66b_00024,34,,"(0.19611613513818404, -0.9805806756909202)",1155,873,"(1155, 873)",,66b_00024_waggle_annotations.csv,,,0.196116135138184,-0.98058067569092,11.3099324740202,2321,E:\2026Trackathon\James\mp4\20250128\00024.mp4,1,,,,,,,,,,,,,
66b,2025-01-28,2025-01-28__66b_00024,66b_00024,35,,"(0.14925269233005106, -0.9887990866865883)",1149,851,"(1149, 851)",,66b_00024_waggle_annotations.csv,,,0.149252692330051,-0.988799086686588,8.58362148011395,2361,E:\2026Trackathon\James\mp4\20250128\00024.mp4,1,,,,,,,,,,,,,
66b,2025-01-28,2025-01-28__66b_00024,66b_00024,36,,"(-0.3285206249412727, -0.944496796706159)",1167,827,"(1167, 827)",,66b_00024_waggle_annotations.csv,,,-0.328520624941273,-0.944496796706159,340.820991974189,2401,E:\2026Trackathon\James\mp4\20250128\00024.mp4,1,,,,,,,,,,,,,
66b,2025-01-28,2025-01-28__66b_00024,66b_00024,37,,"(-0.18884739365012448, -0.9820064469806473)",1114,801,"(1114, 801)",,66b_00024_waggle_annotations.csv,,,-0.188847393650124,-0.982006446980647,349.114472945341,2442,E:\2026Trackathon\James\mp4\20250128\00024.mp4,1,,,,,,,,,,,,,
66b,2025-01-28,2025-01-28__66b_00024,66b_00024,38,,"(0.13819603191146362, -0.9904048953654893)",1126,793,"(1126, 793)",,66b_00024_waggle_annotations.csv,,,0.138196031911464,-0.990404895365489,7.94347181059041,2480,E:\2026Trackathon\James\mp4\20250128\00024.mp4,1,,,,,,,,,,,,,
66b,2025-01-28,2025-01-28__66b_00027,66b_00027,1,,"(-0.9434601396511317, 0.3314859950125598)",1143,600,"(1143, 600)",,66b_00027_waggle_annotations.csv,,,-0.943460139651132,0.33148599501256,250.641005824305,68,E:\2026Trackathon\James\mp4\20250128\00027.mp4,1,,,,,,,,,,,,,
66b,2025-01-28,2025-01-28__66b_00027,66b_00027,2,,"(-0.8232127859153064, -0.5677329558036596)",1118,624,"(1118, 624)",,66b_00027_waggle_annotations.csv,,,-0.823212785915306,-0.56773295580366,304.59228868751,117,E:\2026Trackathon\James\mp4\20250128\00027.mp4,1,,,,,,,,,,,,,
66b,2025-01-28,2025-01-28__66b_00027,66b_00027,3,,"(-0.8598547438407345, 0.5105387541554361)",1024,774,"(1024, 774)",,66b_00027_waggle_annotations.csv,,,-0.859854743840735,0.510538754155436,239.300277449186,210,E:\2026Trackathon\James\mp4\20250128\00027.mp4,1,,,,,,,,,,,,,
66b,2025-01-28,2025-01-28__66b_00027,66b_00027,4,,"(-0.751164898449876, -0.6601146077286788)",967,774,"(967, 774)",,66b_00027_waggle_annotations.csv,,,-0.751164898449876,-0.660114607728679,311.308614013549,261,E:\2026Trackathon\James\mp4\20250128\00027.mp4,1,,,,,,,,,,,,,
66b,2025-01-28,2025-01-28__66b_00027,66b_00027,5,,"(-0.6401843996644799, -0.7682212795973759)",894,788,"(894, 788)",,66b_00027_waggle_annotations.csv,,,-0.64018439966448,-0.768221279597376,320.194428907735,384,E:\2026Trackathon\James\mp4\20250128\00027.mp4,1,,,,,,,,,,,,,
66b,2025-01-28,2025-01-28__66b_00027,66b_00027,6,,"(-0.4788521306805733, -0.8778955729143844)",1186,725,"(1186, 725)",,66b_00027_waggle_annotations.csv,,,-0.478852130680573,-0.877895572914384,331.389540334035,756,E:\2026Trackathon\James\mp4\20250128\00027.mp4,1,,,,,,,,,,,,,
66b,2025-01-28,2025-01-28__66b_00027,66b_00027,7,,"(-0.956351571051339, 0.2922185355990202)",1168,676,"(1168, 676)",,66b_00027_waggle_annotations.csv,,,-0.956351571051339,0.29221853559902,253.009176708014,793,E:\2026Trackathon\James\mp4\20250128\00027.mp4,1,,,,,,,,,,,,,
66b,2025-01-28,2025-01-28__66b_00027,66b_00027,8,,"(-0.9647638212377321, -0.26311740579210874)",1168,705,"(1168, 705)",,66b_00027_waggle_annotations.csv,,,-0.964763821237732,-0.263117405792109,285.255118703058,836,E:\2026Trackathon\James\mp4\20250128\00027.mp4,1,,,,,,,,,,,,,
66b,2025-01-28,2025-01-28__66b_00027,66b_00027,9,,"(-0.9996349698728535, 0.02701716134791496)",1128,712,"(1128, 712)",,66b_00027_waggle_annotations.csv,,,-0.999634969872854,0.0270171613479149,268.451842301022,887,E:\2026Trackathon\James\mp4\20250128\00027.mp4,1,,,,,,,,,,,,,
66b,2025-01-28,2025-01-28__66b_00027,66b_00027,10,,"(-0.421111306454629, -0.9070089677484316)",1165,723,"(1165, 723)",,66b_00027_waggle_annotations.csv,,,-0.421111306454629,-0.907008967748432,335.095231191905,927,E:\2026Trackathon\James\mp4\20250128\00027.mp4,1,,,,,,,,,,,,,
66b,2025-01-28,2025-01-28__66b_00027,66b_00027,11,,"(-0.862697970097658, -0.5057194997124201)",1225,715,"(1225, 715)",,66b_00027_waggle_annotations.csv,,,-0.862697970097658,-0.50571949971242,300.379126011368,1003,E:\2026Trackathon\James\mp4\20250128\00027.mp4,1,,,,,,,,,,,,,
66b,2025-01-28,2025-01-28__66b_00027,66b_00027,12,,"(-0.8507979973592923, -0.5254928807219158)",1183,724,"(1183, 724)",,66b_00027_waggle_annotations.csv,,,-0.850797997359292,-0.525492880721916,301.701429669506,1044,E:\2026Trackathon\James\mp4\20250128\00027.mp4,1,,,,,,,,,,,,,
66b,2025-01-28,2025-01-28__66b_00027,66b_00027,13,,"(0.22485950669875843, -0.9743911956946198)",1167,763,"(1167, 763)",,66b_00027_waggle_annotations.csv,,,0.224859506698758,-0.97439119569462,12.9946167919165,1082,E:\2026Trackathon\James\mp4\20250128\00027.mp4,1,,,,,,,,,,,,,
66b,2025-01-28,2025-01-28__66b_00027,66b_00027,14,,"(-0.09950371902099892, -0.9950371902099892)",1177,771,"(1177, 771)",,66b_00027_waggle_annotations.csv,,,-0.0995037190209989,-0.995037190209989,354.2894068625,1125,E:\2026Trackathon\James\mp4\20250128\00027.mp4,1,,,,,,,,,,,,,
66b,2025-01-28,2025-01-28__66b_00027,66b_00027,15,,"(-0.26515648302104233, -0.9642053928037904)",1166,776,"(1166, 776)",,66b_00027_waggle_annotations.csv,,,-0.265156483021042,-0.96420539280379,344.623748751174,1161,E:\2026Trackathon\James\mp4\20250128\00027.mp4,1,,,,,,,,,,,,,
66b,2025-01-28,2025-01-28__66b_00027,66b_00027,16,,"(-0.9216353751380653, -0.38805700005813276)",1053,737,"(1053, 737)",,66b_00027_waggle_annotations.csv,,,-0.921635375138065,-0.388057000058133,292.833654177918,1240,E:\2026Trackathon\James\mp4\20250128\00027.mp4,1,,,,,,,,,,,,,
66b,2025-01-28,2025-01-28__66b_00027,66b_00027,17,,"(-0.052558833122763673, -0.9986178293325098)",991,809,"(991, 809)",,66b_00027_waggle_annotations.csv,,,-0.0525588331227636,-0.99861782933251,356.987212495817,1551,E:\2026Trackathon\James\mp4\20250128\00027.mp4,1,,,,,,,,,,,,,
66b,2025-01-28,2025-01-28__66b_00027,66b_00027,18,,"(-0.3976074376343004, -0.9175556253099241)",967,786,"(967, 786)",,66b_00027_waggle_annotations.csv,,,-0.3976074376343,-0.917555625309924,336.571307191255,1647,E:\2026Trackathon\James\mp4\20250128\00027.mp4,1,,,,,,,,,,,,,
66b,2025-01-28,2025-01-28__66b_00027,66b_00027,19,,"(-0.9544799780350297, -0.2982749931359468)",902,745,"(902, 745)",,66b_00027_waggle_annotations.csv,,,-0.95447997803503,-0.298274993135947,287.354024636261,1688,E:\2026Trackathon\James\mp4\20250128\00027.mp4,1,,,,,,,,,,,,,
66b,2025-01-28,2025-01-28__66b_00027,66b_00027,20,,"(-0.0808158687660548, -0.9967290481146759)",989,795,"(989, 795)",,66b_00027_waggle_annotations.csv,,,-0.0808158687660548,-0.996729048114676,355.364536573097,1916,E:\2026Trackathon\James\mp4\20250128\00027.mp4,1,,,,,,,,,,,,,
66b,2025-01-28,2025-01-28__66b_00027,66b_00027,21,,"(-0.818191696860666, -0.5749455167129004)",1118,774,"(1118, 774)",,66b_00027_waggle_annotations.csv,,,-0.818191696860666,-0.5749455167129,305.095816787026,2143,E:\2026Trackathon\James\mp4\20250128\00027.mp4,1,,,,,,,,,,,,,
66b,2025-01-28,2025-01-28__66b_00027,66b_00027,22,,"(-0.3481865296036271, -0.9374252720097652)",1091,783,"(1091, 783)",,66b_00027_waggle_annotations.csv,,,-0.348186529603627,-0.937425272009765,339.623564786164,2186,E:\2026Trackathon\James\mp4\20250128\00027.mp4,1,,,,,,,,,,,,,
66b,2025-01-28,2025-01-28__66b_00027,66b_00027,23,,"(-0.9747323185282742, -0.2233761563293962)",967,669,"(967, 669)",,66b_00027_waggle_annotations.csv,,,-0.974732318528274,-0.223376156329396,282.907408671266,2251,E:\2026Trackathon\James\mp4\20250128\00027.mp4,1,,,,,,,,,,,,,
66b,2025-01-28,2025-01-28__66b_00027,66b_00027,24,,"(-0.17378533390904768, -0.9847835588179369)",925,759,"(925, 759)",,66b_00027_waggle_annotations.csv,,,-0.173785333909048,-0.984783558817937,349.992020198559,2490,E:\2026Trackathon\James\mp4\20250128\00027.mp4,1,,,,,,,,,,,,,
66b,2025-01-28,2025-01-28__66b_00027,66b_00027,25,,"(-0.5240974256643347, -0.851658316704544)",954,782,"(954, 782)",,66b_00027_waggle_annotations.csv,,,-0.524097425664335,-0.851658316704544,328.392497753751,2560,E:\2026Trackathon\James\mp4\20250128\00027.mp4,1,,,,,,,,,,,,,
66b,2025-01-28,2025-01-28__66b_00027,66b_00027,26,,"(-0.49026123963255896, -0.8715755371245493)",949,729,"(949, 729)",,66b_00027_waggle_annotations.csv,,,-0.490261239632559,-0.871575537124549,330.642246457209,2591,E:\2026Trackathon\James\mp4\20250128\00027.mp4,1,,,,,,,,,,,,,
66b,2025-01-28,2025-01-28__66b_00027,66b_00027,27,,"(-0.5486564414868224, -0.8360479108370626)",970,738,"(970, 738)",,66b_00027_waggle_annotations.csv,,,-0.548656441486822,-0.836047910837063,326.725112015165,2639,E:\2026Trackathon\James\mp4\20250128\00027.mp4,1,,,,,,,,,,,,,
66b,2025-01-28,2025-01-28__66b_00027,66b_00027,28,,"(-0.8715755371245493, -0.49026123963255896)",984,708,"(984, 708)",,66b_00027_waggle_annotations.csv,,,-0.871575537124549,-0.490261239632559,299.357753542791,2675,E:\2026Trackathon\James\mp4\20250128\00027.mp4,1,,,,,,,,,,,,,
66b,2025-01-28,2025-01-28__66b_00027,66b_00027,29,,"(-0.9994801143396995, -0.03224129401095805)",1014,709,"(1014, 709)",,66b_00027_waggle_annotations.csv,,,-0.9994801143397,-0.032241294010958,271.847610265995,2712,E:\2026Trackathon\James\mp4\20250128\00027.mp4,1,,,,,,,,,,,,,
66b,2025-01-28,2025-01-28__66b_00027,66b_00027,30,,"(-0.9912279006826347, -0.13216372009101796)",999,662,"(999, 662)",,66b_00027_waggle_annotations.csv,,,-0.991227900682635,-0.132163720091018,277.594643368591,2752,E:\2026Trackathon\James\mp4\20250128\00027.mp4,1,,,,,,,,,,,,,
66b,2025-01-28,2025-01-28__66b_00027,66b_00027,31,,"(-0.9605642644145616, -0.2780580765410573)",981,665,"(981, 665)",,66b_00027_waggle_annotations.csv,,,-0.960564264414562,-0.278058076541057,286.144338780284,2797,E:\2026Trackathon\James\mp4\20250128\00027.mp4,1,,,,,,,,,,,,,
66b,2025-01-28,2025-01-28__66b_00027,66b_00027,32,,"(-0.9958932064677039, -0.09053574604251853)",1016,639,"(1016, 639)",,66b_00027_waggle_annotations.csv,,,-0.995893206467704,-0.0905357460425185,275.194428907735,2832,E:\2026Trackathon\James\mp4\20250128\00027.mp4,1,,,,,,,,,,,,,
66b,2025-01-28,2025-01-28__66b_00027,66b_00027,33,,"(-0.7834976790895338, -0.6213947110020441)",984,676,"(984, 676)",,66b_00027_waggle_annotations.csv,,,-0.783497679089534,-0.621394711002044,308.418055344822,2869,E:\2026Trackathon\James\mp4\20250128\00027.mp4,1,,,,,,,,,,,,,
66b,2025-01-28,2025-01-28__66b_00027,66b_00027,34,,"(-0.9965457582448796, 0.08304547985373997)",984,617,"(984, 617)",,66b_00027_waggle_annotations.csv,,,-0.99654575824488,0.0830454798537399,265.236358309274,2904,E:\2026Trackathon\James\mp4\20250128\00027.mp4,1,,,,,,,,,,,,,
66b,2025-01-28,2025-01-28__66b_00027,66b_00027,35,,"(-0.9996144206527183, -0.027767067240353285)",979,654,"(979, 654)",,66b_00027_waggle_annotations.csv,,,-0.999614420652718,-0.0277670672403532,271.591140271195,2943,E:\2026Trackathon\James\mp4\20250128\00027.mp4,1,,,,,,,,,,,,,
66b,2025-01-28,2025-01-28__66b_00027,66b_00027,36,,"(-0.8320502943378437, -0.5547001962252291)",977,632,"(977, 632)",,66b_00027_waggle_annotations.csv,,,-0.832050294337844,-0.554700196225229,303.69006752598,2978,E:\2026Trackathon\James\mp4\20250128\00027.mp4,1,,,,,,,,,,,,,
66b,2025-01-28,2025-01-28__66b_00027,66b_00027,37,,"(-0.9209672510685588, -0.389639990836698)",946,699,"(946, 699)",,66b_00027_waggle_annotations.csv,,,-0.920967251068559,-0.389639990836698,292.93210043759,3021,E:\2026Trackathon\James\mp4\20250128\00027.mp4,1,,,,,,,,,,,,,
66b,2025-01-28,2025-01-28__66b_00027,66b_00027,38,,"(-1.0, 0.0)",966,688,"(966, 688)",,66b_00027_waggle_annotations.csv,,,-1,0,270,3060,E:\2026Trackathon\James\mp4\20250128\00027.mp4,1,,,,,,,,,,,,,
66b,2025-01-28,2025-01-28__66b_00027,66b_00027,39,,"(-1.0, 0.0)",962,688,"(962, 688)",,66b_00027_waggle_annotations.csv,,,-1,0,270,3098,E:\2026Trackathon\James\mp4\20250128\00027.mp4,1,,,,,,,,,,,,,
66b,2025-01-28,2025-01-28__66b_00027,66b_00027,40,,"(-0.9349975263177834, -0.35465423412053854)",1006,665,"(1006, 665)",,66b_00027_waggle_annotations.csv,,,-0.934997526317783,-0.354654234120539,290.772254682046,3136,E:\2026Trackathon\James\mp4\20250128\00027.mp4,1,,,,,,,,,,,,,
66b,2025-01-28,2025-01-28__66b_00027,66b_00027,41,,"(-0.9980525784828885, 0.06237828615518053)",1018,694,"(1018, 694)",,66b_00027_waggle_annotations.csv,,,-0.998052578482888,0.0623782861551805,266.423665625003,3178,E:\2026Trackathon\James\mp4\20250128\00027.mp4,1,,,,,,,,,,,,,
66b,2025-01-28,2025-01-28__66b_00027,66b_00027,42,,"(-0.9785497849867489, -0.2060104810498419)",971,677,"(971, 677)",,66b_00027_waggle_annotations.csv,,,-0.978549784986749,-0.206010481049842,281.888658039628,3218,E:\2026Trackathon\James\mp4\20250128\00027.mp4,1,,,,,,,,,,,,,
66b,2025-01-28,2025-01-28__66b_00027,66b_00027,43,,"(-0.8944271909999159, -0.4472135954999579)",980,690,"(980, 690)",,66b_00027_waggle_annotations.csv,,,-0.894427190999916,-0.447213595499958,296.565051177078,3261,E:\2026Trackathon\James\mp4\20250128\00027.mp4,1,,,,,,,,,,,,,
66b,2025-01-28,2025-01-28__66b_00027,66b_00027,44,,"(-0.9856222548132667, -0.1689638151108457)",1018,604,"(1018, 604)",,66b_00027_waggle_annotations.csv,,,-0.985622254813267,-0.168963815110846,279.727578551402,3302,E:\2026Trackathon\James\mp4\20250128\00027.mp4,1,,,,,,,,,,,,,
66b,2025-01-28,2025-01-28__66b_00027,66b_00027,45,,"(-0.9970544855015816, -0.07669649888473705)",986,592,"(986, 592)",,66b_00027_waggle_annotations.csv,,,-0.997054485501582,-0.076696498884737,274.398705354996,3345,E:\2026Trackathon\James\mp4\20250128\00027.mp4,1,,,,,,,,,,,,,
66b,2025-01-28,2025-01-28__66b_00027,66b_00027,46,,"(-0.981490592025699, -0.19151035941964858)",976,614,"(976, 614)",,66b_00027_waggle_annotations.csv,,,-0.981490592025699,-0.191510359419649,281.040940180324,3388,E:\2026Trackathon\James\mp4\20250128\00027.mp4,1,,,,,,,,,,,,,
66b,2025-01-28,2025-01-28__66b_00027,66b_00027,47,,"(-0.9922778767136677, -0.12403473458920847)",1000,682,"(1000, 682)",,66b_00027_waggle_annotations.csv,,,-0.992277876713668,-0.124034734589208,277.125016348902,3429,E:\2026Trackathon\James\mp4\20250128\00027.mp4,1,,,,,,,,,,,,,
66b,2025-01-28,2025-01-28__66b_00027,66b_00027,48,,"(-0.9647638212377321, -0.26311740579210874)",955,659,"(955, 659)",,66b_00027_waggle_annotations.csv,,,-0.964763821237732,-0.263117405792109,285.255118703058,3472,E:\2026Trackathon\James\mp4\20250128\00027.mp4,1,,,,,,,,,,,,,
66b,2025-01-28,2025-01-28__66b_00027,66b_00027,49,,"(-0.8395701571521512, -0.5432512781572743)",963,622,"(963, 622)",,66b_00027_waggle_annotations.csv,,,-0.839570157152151,-0.543251278157274,302.905242922988,3511,E:\2026Trackathon\James\mp4\20250128\00027.mp4,1,,,,,,,,,,,,,
66b,2025-01-28,2025-01-28__66b_00027,66b_00027,50,,"(-0.8155071447352175, -0.578747005941122)",971,647,"(971, 647)",,66b_00027_waggle_annotations.csv,,,-0.815507144735218,-0.578747005941122,305.362461887069,3556,E:\2026Trackathon\James\mp4\20250128\00027.mp4,1,,,,,,,,,,,,,
66b,2025-01-28,2025-01-28__66b_00027,66b_00027,51,,"(-0.6401843996644799, -0.7682212795973759)",972,718,"(972, 718)",,66b_00027_waggle_annotations.csv,,,-0.64018439966448,-0.768221279597376,320.194428907735,3601,E:\2026Trackathon\James\mp4\20250128\00027.mp4,1,,,,,,,,,,,,,
66b,2025-01-28,2025-01-28__66b_00027,66b_00027,52,,"(-0.6625738822030289, -0.7489965624903806)",953,684,"(953, 684)",,66b_00027_waggle_annotations.csv,,,-0.662573882203029,-0.748996562490381,318.503531644784,3646,E:\2026Trackathon\James\mp4\20250128\00027.mp4,1,,,,,,,,,,,,,
66b,2025-01-28,2025-01-28__66b_00027,66b_00027,53,,"(-0.31622776601683794, -0.9486832980505138)",917,686,"(917, 686)",,66b_00027_waggle_annotations.csv,,,-0.316227766016838,-0.948683298050514,341.565051177078,3678,E:\2026Trackathon\James\mp4\20250128\00027.mp4,1,,,,,,,,,,,,,
66b,2025-01-28,2025-01-28__66b_00027,66b_00027,54,,"(-0.9863939238321437, -0.1643989873053573)",928,590,"(928, 590)",,66b_00027_waggle_annotations.csv,,,-0.986393923832144,-0.164398987305357,279.462322208026,3739,E:\2026Trackathon\James\mp4\20250128\00027.mp4,1,,,,,,,,,,,,,
66b,2025-01-28,2025-01-28__66b_00027,66b_00027,55,,"(-1.0, 0.0)",910,610,"(910, 610)",,66b_00027_waggle_annotations.csv,,,-1,0,270,3776,E:\2026Trackathon\James\mp4\20250128\00027.mp4,1,,,,,,,,,,,,,
66b,2025-01-28,2025-01-28__66b_00027,66b_00027,56,,"(-0.9982743731749958, 0.058722021951470346)",867,574,"(867, 574)",,66b_00027_waggle_annotations.csv,,,-0.998274373174996,0.0587220219514703,266.63353933657,3819,E:\2026Trackathon\James\mp4\20250128\00027.mp4,1,,,,,,,,,,,,,
66b,2025-01-28,2025-01-28__66b_00027,66b_00027,57,,"(-0.9983713344239766, -0.057049790538512946)",852,553,"(852, 553)",,66b_00027_waggle_annotations.csv,,,-0.998371334423977,-0.0570497905385129,273.270487923184,3867,E:\2026Trackathon\James\mp4\20250128\00027.mp4,1,,,,,,,,,,,,,
66b,2025-01-28,2025-01-28__66b_00028,66b_00028,1,,"(-0.7748650207718764, -0.6321267274717939)",754,974,"(754, 974)",,66b_00028_waggle_annotations.csv,,,-0.774865020771876,-0.632126727471794,309.207203504968,2913,E:\2026Trackathon\James\mp4\20250128\00028.mp4,1,,,28_00029_waggle_annotations.csv,28_00029,C:\Users\frida\Documents\PhD\Waggle_dance\wd_SA2025\wd_annotator\mp4\James\20250128\00029.mp4,10,220.37,2.388,0.9991,-21.27,241.64,,67.5672035049678
66b,2025-01-28,2025-01-28__66b_00028,66b_00028,2,,"(-0.4551110597891078, -0.8904346821960806)",760,967,"(760, 967)",,66b_00028_waggle_annotations.csv,,,-0.455111059789108,-0.890434682196081,332.927919762007,2954,E:\2026Trackathon\James\mp4\20250128\00028.mp4,1,,,28_00029_waggle_annotations.csv,28_00029,C:\Users\frida\Documents\PhD\Waggle_dance\wd_SA2025\wd_annotator\mp4\James\20250128\00029.mp4,10,220.37,2.388,0.9991,-21.27,241.64,,91.2879197620073
66b,2025-01-28,2025-01-28__66b_00028,66b_00028,3,,"(-0.27472112789737807, -0.9615239476408232)",774,933,"(774, 933)",,66b_00028_waggle_annotations.csv,,,-0.274721127897378,-0.961523947640823,344.054604099077,2989,E:\2026Trackathon\James\mp4\20250128\00028.mp4,1,,,28_00029_waggle_annotations.csv,28_00029,C:\Users\frida\Documents\PhD\Waggle_dance\wd_SA2025\wd_annotator\mp4\James\20250128\00029.mp4,10,220.37,2.388,0.9991,-21.27,241.64,,102.414604099077
66b,2025-01-28,2025-01-28__66b_00028,66b_00028,4,,"(-0.21693045781865616, -0.9761870601839527)",758,949,"(758, 949)",,66b_00028_waggle_annotations.csv,,,-0.216930457818656,-0.976187060183953,347.471192290849,3040,E:\2026Trackathon\James\mp4\20250128\00028.mp4,1,,,28_00029_waggle_annotations.csv,28_00029,C:\Users\frida\Documents\PhD\Waggle_dance\wd_SA2025\wd_annotator\mp4\James\20250128\00029.mp4,10,220.37,2.388,0.9991,-21.27,241.64,,105.831192290848
66b,2025-01-28,2025-01-28__66b_00028,66b_00028,5,,"(-0.7169949188144307, -0.6970783932918077)",767,935,"(767, 935)",,66b_00028_waggle_annotations.csv,,,-0.716994918814431,-0.697078393291808,314.193070544898,3085,E:\2026Trackathon\James\mp4\20250128\00028.mp4,1,,,28_00029_waggle_annotations.csv,28_00029,C:\Users\frida\Documents\PhD\Waggle_dance\wd_SA2025\wd_annotator\mp4\James\20250128\00029.mp4,10,220.37,2.388,0.9991,-21.27,241.64,,72.5530705448977
66b,2025-01-28,2025-01-28__66b_00028,66b_00028,6,,"(-0.818191696860666, -0.5749455167129004)",757,925,"(757, 925)",,66b_00028_waggle_annotations.csv,,,-0.818191696860666,-0.5749455167129,305.095816787026,3126,E:\2026Trackathon\James\mp4\20250128\00028.mp4,1,,,28_00029_waggle_annotations.csv,28_00029,C:\Users\frida\Documents\PhD\Waggle_dance\wd_SA2025\wd_annotator\mp4\James\20250128\00029.mp4,10,220.37,2.388,0.9991,-21.27,241.64,,63.4558167870262
66b,2025-01-28,2025-01-28__66b_00028,66b_00028,7,,"(-0.9997166737441362, 0.023802777946288958)",770,867,"(770, 867)",,66b_00028_waggle_annotations.csv,,,-0.999716673744136,0.0238027779462889,268.636072468397,3174,E:\2026Trackathon\James\mp4\20250128\00028.mp4,1,,,28_00029_waggle_annotations.csv,28_00029,C:\Users\frida\Documents\PhD\Waggle_dance\wd_SA2025\wd_annotator\mp4\James\20250128\00029.mp4,10,220.37,2.388,0.9991,-21.27,241.64,,26.9960724683971
66b,2025-01-28,2025-01-28__66b_00028,66b_00028,8,,"(-0.9713990064967775, -0.23745309047699006)",821,890,"(821, 890)",,66b_00028_waggle_annotations.csv,,,-0.971399006496778,-0.23745309047699,283.736268305623,3222,E:\2026Trackathon\James\mp4\20250128\00028.mp4,1,,,28_00029_waggle_annotations.csv,28_00029,C:\Users\frida\Documents\PhD\Waggle_dance\wd_SA2025\wd_annotator\mp4\James\20250128\00029.mp4,10,220.37,2.388,0.9991,-21.27,241.64,,42.0962683056226
66b,2025-01-28,2025-01-28__66b_00028,66b_00028,9,,"(-0.924261426490025, 0.3817601544197929)",777,824,"(777, 824)",,66b_00028_waggle_annotations.csv,,,-0.924261426490025,0.381760154419793,247.557246634706,3267,E:\2026Trackathon\James\mp4\20250128\00028.mp4,1,,,28_00029_waggle_annotations.csv,28_00029,C:\Users\frida\Documents\PhD\Waggle_dance\wd_SA2025\wd_annotator\mp4\James\20250128\00029.mp4,10,220.37,2.388,0.9991,-21.27,241.64,,5.91724663470566
66b,2025-01-28,2025-01-28__66b_00028,66b_00028,10,,"(-0.7880243737245634, -0.6156440419723151)",777,874,"(777, 874)",,66b_00028_waggle_annotations.csv,,,-0.788024373724563,-0.615644041972315,307.998732442505,3311,E:\2026Trackathon\James\mp4\20250128\00028.mp4,1,,,28_00029_waggle_annotations.csv,28_00029,C:\Users\frida\Documents\PhD\Waggle_dance\wd_SA2025\wd_annotator\mp4\James\20250128\00029.mp4,10,220.37,2.388,0.9991,-21.27,241.64,,66.3587324425047
66b,2025-01-28,2025-01-28__66b_00028,66b_00028,11,,"(-0.9933073803012535, -0.11550085817456437)",756,846,"(756, 846)",,66b_00028_waggle_annotations.csv,,,-0.993307380301254,-0.115500858174564,276.632514615138,3349,E:\2026Trackathon\James\mp4\20250128\00028.mp4,1,,,28_00029_waggle_annotations.csv,28_00029,C:\Users\frida\Documents\PhD\Waggle_dance\wd_SA2025\wd_annotator\mp4\James\20250128\00029.mp4,10,220.37,2.388,0.9991,-21.27,241.64,,34.9925146151385
66b,2025-01-28,2025-01-28__66b_00028,66b_00028,12,,"(-0.9992319507315425, 0.039185566695354605)",721,778,"(721, 778)",,66b_00028_waggle_annotations.csv,,,-0.999231950731542,0.0391855666953546,267.754257434105,3389,E:\2026Trackathon\James\mp4\20250128\00028.mp4,1,,,28_00029_waggle_annotations.csv,28_00029,C:\Users\frida\Documents\PhD\Waggle_dance\wd_SA2025\wd_annotator\mp4\James\20250128\00029.mp4,10,220.37,2.388,0.9991,-21.27,241.64,,26.114257434105
66b,2025-01-28,2025-01-28__66b_00028,66b_00028,13,,"(-0.996240588195683, 0.086629616364842)",753,798,"(753, 798)",,66b_00028_waggle_annotations.csv,,,-0.996240588195683,0.086629616364842,265.03025927189,3432,E:\2026Trackathon\James\mp4\20250128\00028.mp4,1,,,28_00029_waggle_annotations.csv,28_00029,C:\Users\frida\Documents\PhD\Waggle_dance\wd_SA2025\wd_annotator\mp4\James\20250128\00029.mp4,10,220.37,2.388,0.9991,-21.27,241.64,,23.3902592718897
66b,2025-01-28,2025-01-28__66b_00028,66b_00028,14,,"(-0.9529257800132619, -0.303203657276947)",910,644,"(910, 644)",,66b_00028_waggle_annotations.csv,,,-0.952925780013262,-0.303203657276947,287.65012421993,3770,E:\2026Trackathon\James\mp4\20250128\00028.mp4,1,,,28_00029_waggle_annotations.csv,28_00029,C:\Users\frida\Documents\PhD\Waggle_dance\wd_SA2025\wd_annotator\mp4\James\20250128\00029.mp4,10,220.37,2.388,0.9991,-21.27,241.64,,46.0101242199301
66b,2025-01-28,2025-01-28__66b_00028,66b_00028,15,,"(-0.9684929325968497, 0.24904103981061848)",888,739,"(888, 739)",,66b_00028_waggle_annotations.csv,,,-0.96849293259685,0.249041039810618,255.579226872489,3802,E:\2026Trackathon\James\mp4\20250128\00028.mp4,1,,,28_00029_waggle_annotations.csv,28_00029,C:\Users\frida\Documents\PhD\Waggle_dance\wd_SA2025\wd_annotator\mp4\James\20250128\00029.mp4,10,220.37,2.388,0.9991,-21.27,241.64,,13.9392268724891
66b,2025-01-28,2025-01-28__66b_00032,66b_00032,1,,"(-0.8169678632647616, -0.5766831975986553)",849,900,"(849, 900)",,66b_00032_waggle_annotations.csv,,,-0.816967863264762,-0.576683197598655,305.217592968193,590,E:\2026Trackathon\James\mp4\20250128\00032.mp4,1,,,28_00029_waggle_annotations.csv,28_00029,C:\Users\frida\Documents\PhD\Waggle_dance\wd_SA2025\wd_annotator\mp4\James\20250128\00029.mp4,10,220.37,2.388,0.9991,-21.27,241.64,,63.5775929681927
66b,2025-01-28,2025-01-28__66b_00032,66b_00032,2,,"(-0.8106792283998809, -0.5854905538443584)",735,905,"(735, 905)",,66b_00032_waggle_annotations.csv,,,-0.810679228399881,-0.585490553844358,305.837652954278,638,E:\2026Trackathon\James\mp4\20250128\00032.mp4,1,,,28_00029_waggle_annotations.csv,28_00029,C:\Users\frida\Documents\PhD\Waggle_dance\wd_SA2025\wd_annotator\mp4\James\20250128\00029.mp4,10,220.37,2.388,0.9991,-21.27,241.64,,64.1976529542783
66b,2025-01-28,2025-01-28__66b_00032,66b_00032,3,,"(-0.24904103981061848, -0.9684929325968497)",686,913,"(686, 913)",,66b_00032_waggle_annotations.csv,,,-0.249041039810618,-0.96849293259685,345.579226872489,672,E:\2026Trackathon\James\mp4\20250128\00032.mp4,1,,,28_00029_waggle_annotations.csv,28_00029,C:\Users\frida\Documents\PhD\Waggle_dance\wd_SA2025\wd_annotator\mp4\James\20250128\00029.mp4,10,220.37,2.388,0.9991,-21.27,241.64,,103.939226872489
66b,2025-01-28,2025-01-28__66b_00032,66b_00032,4,,"(-0.27232246579934893, -0.9622060458243663)",1095,937,"(1095, 937)",,66b_00032_waggle_annotations.csv,,,-0.272322465799349,-0.962206045824366,344.197486046064,909,E:\2026Trackathon\James\mp4\20250128\00032.mp4,1,,,28_00029_waggle_annotations.csv,28_00029,C:\Users\frida\Documents\PhD\Waggle_dance\wd_SA2025\wd_annotator\mp4\James\20250128\00029.mp4,10,220.37,2.388,0.9991,-21.27,241.64,,102.557486046064
66b,2025-01-28,2025-01-28__66b_2025-01-28 10-12-07,66b_2025-01-28 10-12-07,1,,"(-0.9578262852211513, -0.2873478855663454)",714,779,"(714, 779)",,66b_2025-01-28 10-12-07_waggle_annotations.csv,,,-0.957826285221151,-0.287347885566345,286.699244233994,205,C:\Users\frida\Documents\PhD\Waggle_dance\wd_SA2025\dome\rightcameraangle_probably\20250128\2025-01-28 10-12-07.mkv,1,,,,,,,,,,,,,
66b,2025-01-28,2025-01-28__66b_2025-01-28 10-12-07,66b_2025-01-28 10-12-07,2,,"(-0.5026204573745306, 0.8645071866841928)",659,767,"(659, 767)",,66b_2025-01-28 10-12-07_waggle_annotations.csv,,,-0.502620457374531,0.864507186684193,210.173520029644,310,C:\Users\frida\Documents\PhD\Waggle_dance\wd_SA2025\dome\rightcameraangle_probably\20250128\2025-01-28 10-12-07.mkv,1,,,,,,,,,,,,,
66b,2025-01-28,2025-01-28__66b_2025-01-28 10-12-07,66b_2025-01-28 10-12-07,3,,"(-0.13419187274462108, -0.9909553679602787)",674,772,"(674, 772)",,66b_2025-01-28 10-12-07_waggle_annotations.csv,,,-0.134191872744621,-0.990955367960279,352.288107587341,406,C:\Users\frida\Documents\PhD\Waggle_dance\wd_SA2025\dome\rightcameraangle_probably\20250128\2025-01-28 10-12-07.mkv,1,,,,,,,,,,,,,
66b,2025-01-28,2025-01-28__66b_2025-01-28 10-12-07,66b_2025-01-28 10-12-07,4,,"(0.19611613513818404, -0.9805806756909202)",737,661,"(737, 661)",,66b_2025-01-28 10-12-07_waggle_annotations.csv,,,0.196116135138184,-0.98058067569092,11.3099324740202,503,C:\Users\frida\Documents\PhD\Waggle_dance\wd_SA2025\dome\rightcameraangle_probably\20250128\2025-01-28 10-12-07.mkv,1,,,,,,,,,,,,,
66b,2025-01-28,2025-01-28__66b_2025-01-28 10-12-07,66b_2025-01-28 10-12-07,5,,"(-0.8615384615384616, 0.5076923076923077)",696,819,"(696, 819)",,66b_2025-01-28 10-12-07_waggle_annotations.csv,,,-0.861538461538462,0.507692307692308,239.489762593884,767,C:\Users\frida\Documents\PhD\Waggle_dance\wd_SA2025\dome\rightcameraangle_probably\20250128\2025-01-28 10-12-07.mkv,1,,,,,,,,,,,,,
66b,2025-01-28,2025-01-28__66b_2025-01-28 10-12-07,66b_2025-01-28 10-12-07,6,,"(-0.30908607233755814, -0.9510340687309481)",639,871,"(639, 871)",,66b_2025-01-28 10-12-07_waggle_annotations.csv,,,-0.309086072337558,-0.951034068730948,341.995838394087,890,C:\Users\frida\Documents\PhD\Waggle_dance\wd_SA2025\dome\rightcameraangle_probably\20250128\2025-01-28 10-12-07.mkv,1,,,,,,,,,,,,,
66b,2025-01-28,2025-01-28__66b_2025-01-28 10-15-52,66b_2025-01-28 10-15-52,1,,"(-0.9924226047440696, -0.12287137011117052)",833,884,"(833, 884)",,66b_2025-01-28 10-15-52_waggle_annotations.csv,,,-0.99242260474407,-0.122871370111171,277.057846649881,299,C:\Users\frida\Documents\PhD\Waggle_dance\wd_SA2025\dome\rightcameraangle_probably\20250128\2025-01-28 10-15-52.mkv,1,,,,,,,,,,,,,
66b,2025-01-28,2025-01-28__66b_2025-01-28 10-15-52,66b_2025-01-28 10-15-52,2,,"(-0.9983897448572466, 0.056726690048707194)",878,776,"(878, 776)",,66b_2025-01-28 10-15-52_waggle_annotations.csv,,,-0.998389744857247,0.0567266900487072,266.748054399636,747,C:\Users\frida\Documents\PhD\Waggle_dance\wd_SA2025\dome\rightcameraangle_probably\20250128\2025-01-28 10-15-52.mkv,1,,,,,,,,,,,,,
66b,2025-01-28,2025-01-28__66b_2025-01-28 10-15-52,66b_2025-01-28 10-15-52,3,,"(0.24615384615384617, -0.9692307692307692)",847,789,"(847, 789)",,66b_2025-01-28 10-15-52_waggle_annotations.csv,,,0.246153846153846,-0.969230769230769,14.2500326978036,864,C:\Users\frida\Documents\PhD\Waggle_dance\wd_SA2025\dome\rightcameraangle_probably\20250128\2025-01-28 10-15-52.mkv,1,,,,,,,,,,,,,
66b,2025-01-28,2025-01-28__66b_2025-01-28 10-15-52,66b_2025-01-28 10-15-52,4,,"(0.07911630099812199, -0.996865392576337)",878,824,"(878, 824)",,66b_2025-01-28 10-15-52_waggle_annotations.csv,,,0.079116300998122,-0.996865392576337,4.53777250790665,949,C:\Users\frida\Documents\PhD\Waggle_dance\wd_SA2025\dome\rightcameraangle_probably\20250128\2025-01-28 10-15-52.mkv,1,,,,,,,,,,,,,
66b,2025-01-28,2025-01-28__66b_2025-01-28 10-15-52,66b_2025-01-28 10-15-52,5,,"(0.11043152607484655, -0.9938837346736189)",881,826,"(881, 826)",,66b_2025-01-28 10-15-52_waggle_annotations.csv,,,0.110431526074847,-0.993883734673619,6.34019174590991,1074,C:\Users\frida\Documents\PhD\Waggle_dance\wd_SA2025\dome\rightcameraangle_probably\20250128\2025-01-28 10-15-52.mkv,1,,,,,,,,,,,,,
66b,2025-01-28,2025-01-28__66b_2025-01-28 10-15-52,66b_2025-01-28 10-15-52,6,,"(0.3543574858642118, -0.9351100321416699)",825,775,"(825, 775)",,66b_2025-01-28 10-15-52_waggle_annotations.csv,,,0.354357485864212,-0.93511003214167,20.7540713187994,1394,C:\Users\frida\Documents\PhD\Waggle_dance\wd_SA2025\dome\rightcameraangle_probably\20250128\2025-01-28 10-15-52.mkv,1,,,,,,,,,,,,,
66b,2025-01-28,2025-01-28__66b_2025-01-28 10-27-12,66b_2025-01-28 10-27-12,1,,"(0.9476810187845454, 0.3192188694853205)",614,737,"(614, 737)",,66b_2025-01-28 10-27-12_waggle_annotations.csv,,,0.947681018784545,0.319218869485321,108.615692007331,547,C:\Users\frida\Documents\PhD\Waggle_dance\wd_SA2025\dome\rightcameraangle_probably\20250128\2025-01-28 10-27-12.mkv,1,antisolar,direct_compass,66b_2025-01-28 10-27-12_waggle_annotations.csv,28_calibration_10-28-30,,10,275.762968294793,1.84821259792984,0.999479865547184,-21.27,297.032968294793,,171.582723712538
66b,2025-01-28,2025-01-28__66b_2025-01-28 10-27-12,66b_2025-01-28 10-27-12,2,,"(0.6410720883556017, -0.7674806691581147)",676,814,"(676, 814)",,66b_2025-01-28 10-27-12_waggle_annotations.csv,,,0.641072088355602,-0.767480669158115,39.8718089581472,649,C:\Users\frida\Documents\PhD\Waggle_dance\wd_SA2025\dome\rightcameraangle_probably\20250128\2025-01-28 10-27-12.mkv,1,antisolar,direct_compass,66b_2025-01-28 10-27-12_waggle_annotations.csv,28_calibration_10-28-30,,10,275.762968294793,1.84821259792984,0.999479865547184,-21.27,297.032968294793,,102.838840663354
66b,2025-01-28,2025-01-28__66b_2025-01-28 10-27-12,66b_2025-01-28 10-27-12,3,,"(-0.13288906167668205, -0.991130918338587)",725,827,"(725, 827)",,66b_2025-01-28 10-27-12_waggle_annotations.csv,,,-0.132889061676682,-0.991130918338587,352.363427784511,720,C:\Users\frida\Documents\PhD\Waggle_dance\wd_SA2025\dome\rightcameraangle_probably\20250128\2025-01-28 10-27-12.mkv,1,antisolar,direct_compass,66b_2025-01-28 10-27-12_waggle_annotations.csv,28_calibration_10-28-30,,10,275.762968294793,1.84821259792984,0.999479865547184,-21.27,297.032968294793,,55.3304594897178
66b,2025-01-28,2025-01-28__66b_2025-01-28 10-27-12,66b_2025-01-28 10-27-12,4,,"(0.7043063911248317, -0.7098961243877273)",631,836,"(631, 836)",,66b_2025-01-28 10-27-12_waggle_annotations.csv,,,0.704306391124832,-0.709896124387727,44.7735356476588,861,C:\Users\frida\Documents\PhD\Waggle_dance\wd_SA2025\dome\rightcameraangle_probably\20250128\2025-01-28 10-27-12.mkv,1,antisolar,direct_compass,66b_2025-01-28 10-27-12_waggle_annotations.csv,28_calibration_10-28-30,,10,275.762968294793,1.84821259792984,0.999479865547184,-21.27,297.032968294793,,107.740567352865
66b,2025-01-28,2025-01-28__66b_2025-01-28 10-27-12,66b_2025-01-28 10-27-12,5,,"(0.03770900990025203, -0.9992887623566786)",621,782,"(621, 782)",,66b_2025-01-28 10-27-12_waggle_annotations.csv,,,0.037709009900252,-0.999288762356679,2.16107948822637,986,C:\Users\frida\Documents\PhD\Waggle_dance\wd_SA2025\dome\rightcameraangle_probably\20250128\2025-01-28 10-27-12.mkv,1,antisolar,direct_compass,66b_2025-01-28 10-27-12_waggle_annotations.csv,28_calibration_10-28-30,,10,275.762968294793,1.84821259792984,0.999479865547184,-21.27,297.032968294793,,65.128111193433
66b,2025-01-28,2025-01-28__66b_2025-01-28 10-27-12,66b_2025-01-28 10-27-12,6,,"(0.8237296620805566, -0.5669827544190844)",620,807,"(620, 807)",,66b_2025-01-28 10-27-12_waggle_annotations.csv,,,0.823729662080557,-0.566982754419084,55.4599090929291,1056,C:\Users\frida\Documents\PhD\Waggle_dance\wd_SA2025\dome\rightcameraangle_probably\20250128\2025-01-28 10-27-12.mkv,1,antisolar,direct_compass,66b_2025-01-28 10-27-12_waggle_annotations.csv,28_calibration_10-28-30,,10,275.762968294793,1.84821259792984,0.999479865547184,-21.27,297.032968294793,,118.426940798136
66b,2025-01-28,2025-01-28__66b_2025-01-28 10-27-12,66b_2025-01-28 10-27-12,7,,"(0.21152111502998264, -0.977373428069575)",683,850,"(683, 850)",,66b_2025-01-28 10-27-12_waggle_annotations.csv,,,0.211521115029983,-0.977373428069575,12.211508376476,1180,C:\Users\frida\Documents\PhD\Waggle_dance\wd_SA2025\dome\rightcameraangle_probably\20250128\2025-01-28 10-27-12.mkv,1,antisolar,direct_compass,66b_2025-01-28 10-27-12_waggle_annotations.csv,28_calibration_10-28-30,,10,275.762968294793,1.84821259792984,0.999479865547184,-21.27,297.032968294793,,75.1785400816826
66b,2025-01-28,2025-01-28__66b_2025-01-28 10-27-12,66b_2025-01-28 10-27-12,8,,"(0.6936416870658707, 0.720320213491481)",638,856,"(638, 856)",,66b_2025-01-28 10-27-12_waggle_annotations.csv,,,0.693641687065871,0.720320213491481,136.080924186661,1311,C:\Users\frida\Documents\PhD\Waggle_dance\wd_SA2025\dome\rightcameraangle_probably\20250128\2025-01-28 10-27-12.mkv,1,antisolar,direct_compass,66b_2025-01-28 10-27-12_waggle_annotations.csv,28_calibration_10-28-30,,10,275.762968294793,1.84821259792984,0.999479865547184,-21.27,297.032968294793,,199.047955891867
66b,2025-01-28,2025-01-28__66b_2025-01-28 10-27-12,66b_2025-01-28 10-27-12,9,,"(0.057458870465772964, -0.9983478743428053)",598,838,"(598, 838)",,66b_2025-01-28 10-27-12_waggle_annotations.csv,,,0.057458870465773,-0.998347874342805,3.29396498784511,1430,C:\Users\frida\Documents\PhD\Waggle_dance\wd_SA2025\dome\rightcameraangle_probably\20250128\2025-01-28 10-27-12.mkv,1,antisolar,direct_compass,66b_2025-01-28 10-27-12_waggle_annotations.csv,28_calibration_10-28-30,,10,275.762968294793,1.84821259792984,0.999479865547184,-21.27,297.032968294793,,66.2609966930518
66b,2025-01-28,2025-01-28__66b_2025-01-28 10-27-12,66b_2025-01-28 10-27-12,10,,"(0.10976221921178554, -0.9939578739733913)",573,795,"(573, 795)",,66b_2025-01-28 10-27-12_waggle_annotations.csv,,,0.109762219211786,-0.993957873973391,6.30160873523484,1537,C:\Users\frida\Documents\PhD\Waggle_dance\wd_SA2025\dome\rightcameraangle_probably\20250128\2025-01-28 10-27-12.mkv,1,antisolar,direct_compass,66b_2025-01-28 10-27-12_waggle_annotations.csv,28_calibration_10-28-30,,10,275.762968294793,1.84821259792984,0.999479865547184,-21.27,297.032968294793,,69.2686404404415
66b,2025-01-28,2025-01-28__66b_2025-01-28 10-31-18,66b_2025-01-28 10-31-18,1,,"(-0.9701425001453319, -0.24253562503633297)",642,797,"(642, 797)",,66b_2025-01-28 10-31-18_waggle_annotations.csv,,,-0.970142500145332,-0.242535625036333,284.036243467926,62,C:\Users\frida\Documents\PhD\Waggle_dance\wd_SA2025\dome\rightcameraangle_probably\20250128\2025-01-28 10-31-18.mkv,1,antisolar,direct_compass,28_calibration_10-28-30_waggle_annotations.csv,10,275.762968294793,1.84821259792984,0.999479865547184,-21.27,297.032968294793,,347.003275173133,,
66b,2025-01-28,2025-01-28__66b_2025-01-28 10-31-18,66b_2025-01-28 10-31-18,2,,"(0.023249527748763855, -0.9997296931968458)",640,801,"(640, 801)",,66b_2025-01-28 10-31-18_waggle_annotations.csv,,,0.0232495277487639,-0.999729693196846,1.33221985386964,215,C:\Users\frida\Documents\PhD\Waggle_dance\wd_SA2025\dome\rightcameraangle_probably\20250128\2025-01-28 10-31-18.mkv,1,antisolar,direct_compass,28_calibration_10-28-30_waggle_annotations.csv,10,275.762968294793,1.84821259792984,0.999479865547184,-21.27,297.032968294793,,64.2992515590763,,
66b,2025-01-28,2025-01-28__66b_2025-01-28 10-31-18,66b_2025-01-28 10-31-18,3,,"(0.0305979114578434, -0.9995317742895511)",560,831,"(560, 831)",,66b_2025-01-28 10-31-18_waggle_annotations.csv,,,0.0305979114578434,-0.999531774289551,1.75340486007154,405,C:\Users\frida\Documents\PhD\Waggle_dance\wd_SA2025\dome\rightcameraangle_probably\20250128\2025-01-28 10-31-18.mkv,1,antisolar,direct_compass,28_calibration_10-28-30_waggle_annotations.csv,10,275.762968294793,1.84821259792984,0.999479865547184,-21.27,297.032968294793,,64.7204365652782,,
66b,2025-01-28,2025-01-28__66b_2025-01-28 10-31-18,66b_2025-01-28 10-31-18,4,,"(-0.12467406301131204, -0.992197751465025)",575,801,"(575, 801)",,66b_2025-01-28 10-31-18_waggle_annotations.csv,,,-0.124674063011312,-0.992197751465025,352.8380662725,482,C:\Users\frida\Documents\PhD\Waggle_dance\wd_SA2025\dome\rightcameraangle_probably\20250128\2025-01-28 10-31-18.mkv,1,antisolar,direct_compass,28_calibration_10-28-30_waggle_annotations.csv,10,275.762968294793,1.84821259792984,0.999479865547184,-21.27,297.032968294793,,55.8050979777069,,
66b,2025-01-28,2025-01-28__66b_2025-01-28 10-31-18,66b_2025-01-28 10-31-18,5,,"(-0.04912095919979347, -0.9987928370624672)",613,780,"(613, 780)",,66b_2025-01-28 10-31-18_waggle_annotations.csv,,,-0.0491209591997935,-0.998792837062467,357.184443315789,590,C:\Users\frida\Documents\PhD\Waggle_dance\wd_SA2025\dome\rightcameraangle_probably\20250128\2025-01-28 10-31-18.mkv,1,antisolar,direct_compass,28_calibration_10-28-30_waggle_annotations.csv,10,275.762968294793,1.84821259792984,0.999479865547184,-21.27,297.032968294793,,60.1514750209954,,
66b,2025-01-28,2025-01-28__66b_2025-01-28 10-31-18,66b_2025-01-28 10-31-18,6,,"(-0.035066140133044446, -0.9993849937917667)",667,835,"(667, 835)",,66b_2025-01-28 10-31-18_waggle_annotations.csv,,,-0.0350661401330444,-0.999384993791767,357.990446186979,688,C:\Users\frida\Documents\PhD\Waggle_dance\wd_SA2025\dome\rightcameraangle_probably\20250128\2025-01-28 10-31-18.mkv,1,antisolar,direct_compass,28_calibration_10-28-30_waggle_annotations.csv,10,275.762968294793,1.84821259792984,0.999479865547184,-21.27,297.032968294793,,60.9574778921855,,
66b,2025-01-28,2025-01-28__66b_2025-01-28 10-31-18,66b_2025-01-28 10-31-18,7,,"(0.8720504169402388, -0.48941605032360336)",624,772,"(624, 772)",,66b_2025-01-28 10-31-18_waggle_annotations.csv,,,0.872050416940239,-0.489416050323603,60.6977925178613,879,C:\Users\frida\Documents\PhD\Waggle_dance\wd_SA2025\dome\rightcameraangle_probably\20250128\2025-01-28 10-31-18.mkv,1,antisolar,direct_compass,28_calibration_10-28-30_waggle_annotations.csv,10,275.762968294793,1.84821259792984,0.999479865547184,-21.27,297.032968294793,,123.664824223068,,
66b,2025-01-28,2025-01-28__66b_2025-01-28 10-31-18,66b_2025-01-28 10-31-18,8,,"(-0.25302774439352593, -0.9674590226811285)",727,780,"(727, 780)",,66b_2025-01-28 10-31-18_waggle_annotations.csv,,,-0.253027744393526,-0.967459022681129,345.34324888424,1000,C:\Users\frida\Documents\PhD\Waggle_dance\wd_SA2025\dome\rightcameraangle_probably\20250128\2025-01-28 10-31-18.mkv,1,antisolar,direct_compass,28_calibration_10-28-30_waggle_annotations.csv,10,275.762968294793,1.84821259792984,0.999479865547184,-21.27,297.032968294793,,48.3102805894462,,
66b,2025-01-28,2025-01-28__66b_2025-01-28 10-31-18,66b_2025-01-28 10-31-18,9,,"(0.33357865043885454, 0.9427222729793715)",704,745,"(704, 745)",,66b_2025-01-28 10-31-18_waggle_annotations.csv,,,0.333578650438855,0.942722272979372,160.513870427534,1121,C:\Users\frida\Documents\PhD\Waggle_dance\wd_SA2025\dome\rightcameraangle_probably\20250128\2025-01-28 10-31-18.mkv,1,antisolar,direct_compass,28_calibration_10-28-30_waggle_annotations.csv,10,275.762968294793,1.84821259792984,0.999479865547184,-21.27,297.032968294793,,223.480902132741,,
66b,2025-01-28,2025-01-28__66b_2025-01-28 10-31-18,66b_2025-01-28 10-31-18,10,,"(-0.021047967726081335, -0.9997784669888634)",675,855,"(675, 855)",,66b_2025-01-28 10-31-18_waggle_annotations.csv,,,-0.0210479677260813,-0.999778466988863,358.79395122078,1245,C:\Users\frida\Documents\PhD\Waggle_dance\wd_SA2025\dome\rightcameraangle_probably\20250128\2025-01-28 10-31-18.mkv,1,antisolar,direct_compass,28_calibration_10-28-30_waggle_annotations.csv,10,275.762968294793,1.84821259792984,0.999479865547184,-21.27,297.032968294793,,61.7609829259867,,
66b,2025-01-28,2025-01-28__66b_2025-01-28 10-31-18,66b_2025-01-28 10-31-18,11,,"(-0.18380600323684668, -0.9829625390492235)",695,755,"(695, 755)",,66b_2025-01-28 10-31-18_waggle_annotations.csv,,,-0.183806003236847,-0.982962539049224,349.408472252029,1415,C:\Users\frida\Documents\PhD\Waggle_dance\wd_SA2025\dome\rightcameraangle_probably\20250128\2025-01-28 10-31-18.mkv,1,antisolar,direct_compass,28_calibration_10-28-30_waggle_annotations.csv,10,275.762968294793,1.84821259792984,0.999479865547184,-21.27,297.032968294793,,52.3755039572353,,
66b,2025-01-28,2025-01-28__66b_2025-01-28 10-36-03,66b_2025-01-28 10-36-03,1,,"(0.5784287773079326, -0.8157328910752896)",837,832,"(837, 832)",,66b_2025-01-28 10-36-03_waggle_annotations.csv,,,0.578428777307933,-0.81573289107529,35.3401069215577,762,C:\Users\frida\Documents\PhD\Waggle_dance\wd_SA2025\dome\rightcameraangle_probably\20250128\2025-01-28 10-36-03.mkv,1,solar,direct_compass,28_calibration_10-37-49_waggle_annotations.csv,10,81.5109906734568,1.16343833792967,0.999793857891504,-21.27,102.780990673457,,292.559116248101,,
66b,2025-01-28,2025-01-28__66b_2025-01-28 10-36-03,66b_2025-01-28 10-36-03,2,,"(0.11493571115626228, -0.9933729321362669)",827,852,"(827, 852)",,66b_2025-01-28 10-36-03_waggle_annotations.csv,,,0.114935711156262,-0.993372932136267,6.59991698191387,902,C:\Users\frida\Documents\PhD\Waggle_dance\wd_SA2025\dome\rightcameraangle_probably\20250128\2025-01-28 10-36-03.mkv,1,solar,direct_compass,28_calibration_10-37-49_waggle_annotations.csv,10,81.5109906734568,1.16343833792967,0.999793857891504,-21.27,102.780990673457,,263.818926308457,,
66b,2025-01-28,2025-01-28__66b_2025-01-28 10-36-03,66b_2025-01-28 10-36-03,3,,"(0.6149418343601161, 0.7885724699441489)",813,796,"(813, 796)",,66b_2025-01-28 10-36-03_waggle_annotations.csv,,,0.614941834360116,0.788572469944149,142.052306007841,1006,C:\Users\frida\Documents\PhD\Waggle_dance\wd_SA2025\dome\rightcameraangle_probably\20250128\2025-01-28 10-36-03.mkv,1,solar,direct_compass,28_calibration_10-37-49_waggle_annotations.csv,10,81.5109906734568,1.16343833792967,0.999793857891504,-21.27,102.780990673457,,39.2713153343845,,
66b,2025-01-28,2025-01-28__66b_2025-01-28 10-36-03,66b_2025-01-28 10-36-03,4,,"(0.34570535882735637, -0.9383431168171101)",836,831,"(836, 831)",,66b_2025-01-28 10-36-03_waggle_annotations.csv,,,0.345705358827356,-0.93834311681711,20.2248594311681,1110,C:\Users\frida\Documents\PhD\Waggle_dance\wd_SA2025\dome\rightcameraangle_probably\20250128\2025-01-28 10-36-03.mkv,1,solar,direct_compass,28_calibration_10-37-49_waggle_annotations.csv,10,81.5109906734568,1.16343833792967,0.999793857891504,-21.27,102.780990673457,,277.443868757711,,
66b,2025-01-28,2025-01-28__66b_2025-01-28 10-36-03,66b_2025-01-28 10-36-03,5,,"(0.9642053928037904, 0.26515648302104233)",838,841,"(838, 841)",,66b_2025-01-28 10-36-03_waggle_annotations.csv,,,0.96420539280379,0.265156483021042,105.376251248826,1377,C:\Users\frida\Documents\PhD\Waggle_dance\wd_SA2025\dome\rightcameraangle_probably\20250128\2025-01-28 10-36-03.mkv,1,solar,direct_compass,28_calibration_10-37-49_waggle_annotations.csv,10,81.5109906734568,1.16343833792967,0.999793857891504,-21.27,102.780990673457,,2.59526057536945,,
66b,2025-01-28,2025-01-28__66b_2025-01-28 10-36-03,66b_2025-01-28 10-36-03,6,,"(0.5073720378037236, -0.8617271118253719)",802,851,"(802, 851)",,66b_2025-01-28 10-36-03_waggle_annotations.csv,,,0.507372037803724,-0.861727111825372,30.4889404998309,1505,C:\Users\frida\Documents\PhD\Waggle_dance\wd_SA2025\dome\rightcameraangle_probably\20250128\2025-01-28 10-36-03.mkv,1,solar,direct_compass,28_calibration_10-37-49_waggle_annotations.csv,10,81.5109906734568,1.16343833792967,0.999793857891504,-21.27,102.780990673457,,287.707949826374,,
66b,2025-01-28,2025-01-28__66b_2025-01-28 10-36-03,66b_2025-01-28 10-36-03,7,,"(0.929681500465451, -0.3683643681089523)",794,763,"(794, 763)",,66b_2025-01-28 10-36-03_waggle_annotations.csv,,,0.929681500465451,-0.368364368108952,68.3852210572138,1599,C:\Users\frida\Documents\PhD\Waggle_dance\wd_SA2025\dome\rightcameraangle_probably\20250128\2025-01-28 10-36-03.mkv,1,solar,direct_compass,28_calibration_10-37-49_waggle_annotations.csv,10,81.5109906734568,1.16343833792967,0.999793857891504,-21.27,102.780990673457,,325.604230383757,,
66b,2025-01-28,2025-01-28__66b_2025-01-28 10-36-03,66b_2025-01-28 10-36-03,8,,"(0.057873849514347826, -0.9983239041224999)",861,815,"(861, 815)",,66b_2025-01-28 10-36-03_waggle_annotations.csv,,,0.0578738495143478,-0.9983239041225,3.31778116833484,1699,C:\Users\frida\Documents\PhD\Waggle_dance\wd_SA2025\dome\rightcameraangle_probably\20250128\2025-01-28 10-36-03.mkv,1,solar,direct_compass,28_calibration_10-37-49_waggle_annotations.csv,10,81.5109906734568,1.16343833792967,0.999793857891504,-21.27,102.780990673457,,260.536790494878,,
66b,2025-01-28,2025-01-28__66b_2025-01-28 10-36-03,66b_2025-01-28 10-36-03,9,,"(0.05664648503423241, -0.9983942987283463)",928,811,"(928, 811)",,66b_2025-01-28 10-36-03_waggle_annotations.csv,,,0.0566464850342324,-0.998394298728346,3.24734279032292,1849,C:\Users\frida\Documents\PhD\Waggle_dance\wd_SA2025\dome\rightcameraangle_probably\20250128\2025-01-28 10-36-03.mkv,1,solar,direct_compass,28_calibration_10-37-49_waggle_annotations.csv,10,81.5109906734568,1.16343833792967,0.999793857891504,-21.27,102.780990673457,,260.466352116866,,
66b,2025-01-28,2025-01-28__66b_2025-01-28 10-36-03,66b_2025-01-28 10-36-03,10,,"(-0.27570514309682154, -0.9612422556618914)",838,868,"(838, 868)",,66b_2025-01-28 10-36-03_waggle_annotations.csv,,,-0.275705143096822,-0.961242255661891,343.995959514118,1970,C:\Users\frida\Documents\PhD\Waggle_dance\wd_SA2025\dome\rightcameraangle_probably\20250128\2025-01-28 10-36-03.mkv,1,solar,direct_compass,28_calibration_10-37-49_waggle_annotations.csv,10,81.5109906734568,1.16343833792967,0.999793857891504,-21.27,102.780990673457,,241.214968840662,,
66b,2025-01-28,2025-01-28__66b_2025-01-28 10-36-03,66b_2025-01-28 10-36-03,11,,"(0.9304840855280708, 0.3663323171370358)",807,831,"(807, 831)",,66b_2025-01-28 10-36-03_waggle_annotations.csv,,,0.930484085528071,0.366332317137036,111.489598798599,2085,C:\Users\frida\Documents\PhD\Waggle_dance\wd_SA2025\dome\rightcameraangle_probably\20250128\2025-01-28 10-36-03.mkv,1,solar,direct_compass,28_calibration_10-37-49_waggle_annotations.csv,10,81.5109906734568,1.16343833792967,0.999793857891504,-21.27,102.780990673457,,8.70860812514226,,
66b,2025-01-28,2025-01-28__66b_2025-01-28 10-36-03,66b_2025-01-28 10-36-03,12,,"(-0.9992887623566787, 0.03770900990025203)",878,844,"(878, 844)",,66b_2025-01-28 10-36-03_waggle_annotations.csv,,,-0.999288762356679,0.037709009900252,267.838920511774,2218,C:\Users\frida\Documents\PhD\Waggle_dance\wd_SA2025\dome\rightcameraangle_probably\20250128\2025-01-28 10-36-03.mkv,1,solar,direct_compass,28_calibration_10-37-49_waggle_annotations.csv,10,81.5109906734568,1.16343833792967,0.999793857891504,-21.27,102.780990673457,,165.057929838317,,
66b,2025-01-28,2025-01-28__66b_2025-01-28 10-36-03,66b_2025-01-28 10-36-03,13,,"(0.6734899961837036, -0.7391963372747966)",800,865,"(800, 865)",,66b_2025-01-28 10-36-03_waggle_annotations.csv,,,0.673489996183704,-0.739196337274797,42.3369992339329,2380,C:\Users\frida\Documents\PhD\Waggle_dance\wd_SA2025\dome\rightcameraangle_probably\20250128\2025-01-28 10-36-03.mkv,1,solar,direct_compass,28_calibration_10-37-49_waggle_annotations.csv,10,81.5109906734568,1.16343833792967,0.999793857891504,-21.27,102.780990673457,,299.556008560476,,
66b,2025-01-28,2025-01-28__66b_2025-01-28 10-47-44,66b_2025-01-28 10-47-44,1,,"(0.6603359656979924, -0.7509703139310502)",763,717,"(763, 717)",,66b_2025-01-28 10-47-44_waggle_annotations.csv,,,0.660335965697992,-0.75097031393105,41.3255004791703,114,C:\Users\frida\Documents\PhD\Waggle_dance\wd_SA2025\dome\rightcameraangle_probably\20250128\2025-01-28 10-47-44.mkv,1,solar,direct_compass,28_calibration_10-37-49_waggle_annotations.csv,10,81.5109906734568,1.16343833792967,0.999793857891504,-21.27,102.780990673457,,298.544509805714,,
66b,2025-01-28,2025-01-28__66b_2025-01-28 10-47-44,66b_2025-01-28 10-47-44,2,,"(0.042215852683817515, -0.9991085135170146)",734,606,"(734, 606)",,66b_2025-01-28 10-47-44_waggle_annotations.csv,,,0.0422158526838175,-0.999108513517015,2.41950921665634,319,C:\Users\frida\Documents\PhD\Waggle_dance\wd_SA2025\dome\rightcameraangle_probably\20250128\2025-01-28 10-47-44.mkv,1,solar,direct_compass,28_calibration_10-37-49_waggle_annotations.csv,10,81.5109906734568,1.16343833792967,0.999793857891504,-21.27,102.780990673457,,259.6385185432,,
66b,2025-01-28,2025-01-28__66b_2025-01-28 10-47-44,66b_2025-01-28 10-47-44,3,,"(-0.01492371097349751, -0.9998886352243331)",728,661,"(728, 661)",,66b_2025-01-28 10-47-44_waggle_annotations.csv,,,-0.0149237109734975,-0.999888635224333,359.144902603733,425,C:\Users\frida\Documents\PhD\Waggle_dance\wd_SA2025\dome\rightcameraangle_probably\20250128\2025-01-28 10-47-44.mkv,1,solar,direct_compass,28_calibration_10-37-49_waggle_annotations.csv,10,81.5109906734568,1.16343833792967,0.999793857891504,-21.27,102.780990673457,,256.363911930277,,
66b,2025-01-28,2025-01-28__66b_2025-01-28 10-47-44,66b_2025-01-28 10-47-44,4,,"(-0.9969383778125515, 0.07819124531863149)",743,626,"(743, 626)",,66b_2025-01-28 10-47-44_waggle_annotations.csv,,,-0.996938377812552,0.0781912453186315,265.515393990455,556,C:\Users\frida\Documents\PhD\Waggle_dance\wd_SA2025\dome\rightcameraangle_probably\20250128\2025-01-28 10-47-44.mkv,1,solar,direct_compass,28_calibration_10-37-49_waggle_annotations.csv,10,81.5109906734568,1.16343833792967,0.999793857891504,-21.27,102.780990673457,,162.734403316999,,
66b,2025-01-28,2025-01-28__66b_2025-01-28 10-47-44,66b_2025-01-28 10-47-44,5,,"(-0.07319761150940851, -0.997317456815691)",719,644,"(719, 644)",,66b_2025-01-28 10-47-44_waggle_annotations.csv,,,-0.0731976115094085,-0.997317456815691,355.802331642839,647,C:\Users\frida\Documents\PhD\Waggle_dance\wd_SA2025\dome\rightcameraangle_probably\20250128\2025-01-28 10-47-44.mkv,1,solar,direct_compass,28_calibration_10-37-49_waggle_annotations.csv,10,81.5109906734568,1.16343833792967,0.999793857891504,-21.27,102.780990673457,,253.021340969382,,
66b,2025-01-28,2025-01-28__66b_2025-01-28 10-47-44,66b_2025-01-28 10-47-44,6,,"(0.06237828615518053, -0.9980525784828885)",778,788,"(778, 788)",,66b_2025-01-28 10-47-44_waggle_annotations.csv,,,0.0623782861551805,-0.998052578482889,3.57633437499735,934,C:\Users\frida\Documents\PhD\Waggle_dance\wd_SA2025\dome\rightcameraangle_probably\20250128\2025-01-28 10-47-44.mkv,1,solar,direct_compass,28_calibration_10-37-49_waggle_annotations.csv,10,81.5109906734568,1.16343833792967,0.999793857891504,-21.27,102.780990673457,,260.795343701541,,
66b,2025-01-28,2025-01-28__66b_2_2025-01-28 10-16-41,66b_2_2025-01-28 10-16-41,1,,"(-0.22203834165092776, -0.9750379350758133)",938,747,"(938, 747)",,66b_2_2025-01-28 10-16-41_waggle_annotations.csv,,,-0.222038341650928,-0.975037935075813,347.171217128545,1462,C:\Users\frida\Documents\PhD\Waggle_dance\wd_SA2025\dome\rightcameraangle_probably\20250128\2025-01-28 10-16-41.mkv,1,,,,,,,,,,,,,
66b,2025-01-28,2025-01-28__66b_2_2025-01-28 10-16-41,66b_2_2025-01-28 10-16-41,2,,"(0.8997342178022794, -0.43643823997871756)",816,772,"(816, 772)",,66b_2_2025-01-28 10-16-41_waggle_annotations.csv,,,0.899734217802279,-0.436438239978718,64.1231533159617,1590,C:\Users\frida\Documents\PhD\Waggle_dance\wd_SA2025\dome\rightcameraangle_probably\20250128\2025-01-28 10-16-41.mkv,1,,,,,,,,,,,,,
66b,2025-01-28,2025-01-28__66b_2_2025-01-28 10-16-41,66b_2_2025-01-28 10-16-41,3,,"(-0.03667256276445011, -0.9993273353312655)",837,818,"(837, 818)",,66b_2_2025-01-28 10-16-41_waggle_annotations.csv,,,-0.0366725627644501,-0.999327335331266,357.898345672329,1690,C:\Users\frida\Documents\PhD\Waggle_dance\wd_SA2025\dome\rightcameraangle_probably\20250128\2025-01-28 10-16-41.mkv,1,,,,,,,,,,,,,
66b,2025-01-28,2025-01-28__66b_2_2025-01-28 10-16-41,66b_2_2025-01-28 10-16-41,4,,"(0.42677549808006415, -0.9043576030744216)",816,752,"(816, 752)",,66b_2_2025-01-28 10-16-41_waggle_annotations.csv,,,0.426775498080064,-0.904357603074422,25.2630985044991,1882,C:\Users\frida\Documents\PhD\Waggle_dance\wd_SA2025\dome\rightcameraangle_probably\20250128\2025-01-28 10-16-41.mkv,1,,,,,,,,,,,,,
66b,2025-01-28,2025-01-28__66b_2_2025-01-28 10-16-41,66b_2_2025-01-28 10-16-41,5,,"(0.7120341740651742, -0.7021448105364912)",824,732,"(824, 732)",,66b_2_2025-01-28 10-16-41_waggle_annotations.csv,,,0.712034174065174,-0.702144810536491,45.4006632557922,1979,C:\Users\frida\Documents\PhD\Waggle_dance\wd_SA2025\dome\rightcameraangle_probably\20250128\2025-01-28 10-16-41.mkv,1,,,,,,,,,,,,,
66b,2025-01-28,2025-01-28__66b_2_2025-01-28 10-16-41,66b_2_2025-01-28 10-16-41,6,,"(0.7399400733959437, -0.6726727939963125)",881,753,"(881, 753)",,66b_2_2025-01-28 10-16-41_waggle_annotations.csv,,,0.739940073395944,-0.672672793996313,47.7263109939063,2097,C:\Users\frida\Documents\PhD\Waggle_dance\wd_SA2025\dome\rightcameraangle_probably\20250128\2025-01-28 10-16-41.mkv,1,,,,,,,,,,,,,
66b,2025-01-28,2025-01-28__66b_2_2025-01-28 10-16-41,66b_2_2025-01-28 10-16-41,7,,"(0.976484527684887, -0.2155874931252348)",865,796,"(865, 796)",,66b_2_2025-01-28 10-16-41_waggle_annotations.csv,,,0.976484527684887,-0.215587493125235,77.5500034921934,2226,C:\Users\frida\Documents\PhD\Waggle_dance\wd_SA2025\dome\rightcameraangle_probably\20250128\2025-01-28 10-16-41.mkv,1,,,,,,,,,,,,,
66b,2025-01-28,2025-01-28__66b_2_2025-01-28 10-16-41,66b_2_2025-01-28 10-16-41,8,,"(0.05636187775599322, -0.9984104059633084)",899,820,"(899, 820)",,66b_2_2025-01-28 10-16-41_waggle_annotations.csv,,,0.0563618777559932,-0.998410405963308,3.23100990036821,2319,C:\Users\frida\Documents\PhD\Waggle_dance\wd_SA2025\dome\rightcameraangle_probably\20250128\2025-01-28 10-16-41.mkv,1,,,,,,,,,,,,,
66b,2025-01-28,2025-01-28__66b_2_2025-01-28 10-16-41,66b_2_2025-01-28 10-16-41,9,,"(0.9997098084674824, 0.02408939297512006)",882,804,"(882, 804)",,66b_2_2025-01-28 10-16-41_waggle_annotations.csv,,,0.999709808467482,0.0240893929751201,91.3803540734444,2428,C:\Users\frida\Documents\PhD\Waggle_dance\wd_SA2025\dome\rightcameraangle_probably\20250128\2025-01-28 10-16-41.mkv,1,,,,,,,,,,,,,
66b,2025-01-28,2025-01-28__66b_2_2025-01-28 10-16-41,66b_2_2025-01-28 10-16-41,10,,"(0.29784011941241095, -0.9546157673474709)",865,838,"(865, 838)",,66b_2_2025-01-28 10-16-41_waggle_annotations.csv,,,0.297840119412411,-0.954615767347471,17.3279217772412,2560,C:\Users\frida\Documents\PhD\Waggle_dance\wd_SA2025\dome\rightcameraangle_probably\20250128\2025-01-28 10-16-41.mkv,1,,,,,,,,,,,,,
66b,2025-01-28,2025-01-28__66b_2_2025-01-28 10-16-41,66b_2_2025-01-28 10-16-41,11,,"(-0.010308730552839767, 0.9999468636254574)",887,843,"(887, 843)",,66b_2_2025-01-28 10-16-41_waggle_annotations.csv,,,-0.0103087305528398,0.999946863625457,180.590657214647,2693,C:\Users\frida\Documents\PhD\Waggle_dance\wd_SA2025\dome\rightcameraangle_probably\20250128\2025-01-28 10-16-41.mkv,1,,,,,,,,,,,,,
66b,2025-01-28,2025-01-28__66b_2_2025-01-28 10-16-41,66b_2_2025-01-28 10-16-41,12,,"(-0.24528291986525722, -0.9694515404198261)",933,887,"(933, 887)",,66b_2_2025-01-28 10-16-41_waggle_annotations.csv,,,-0.245282919865257,-0.969451540419826,345.801445976137,2736,C:\Users\frida\Documents\PhD\Waggle_dance\wd_SA2025\dome\rightcameraangle_probably\20250128\2025-01-28 10-16-41.mkv,1,,,,,,,,,,,,,
66b,2025-01-28,2025-01-28__66b_2_2025-01-28 10-16-41,66b_2_2025-01-28 10-16-41,13,,"(0.5727084387922081, -0.819759137879043)",854,866,"(854, 866)",,66b_2_2025-01-28 10-16-41_waggle_annotations.csv,,,0.572708438792208,-0.819759137879043,34.939310204677,2819,C:\Users\frida\Documents\PhD\Waggle_dance\wd_SA2025\dome\rightcameraangle_probably\20250128\2025-01-28 10-16-41.mkv,1,,,,,,,,,,,,,
66b,2025-01-28,2025-01-28__66b_2_2025-01-28 10-16-41,66b_2_2025-01-28 10-16-41,14,,"(0.9994374373703904, -0.03353816903927485)",848,846,"(848, 846)",,66b_2_2025-01-28 10-16-41_waggle_annotations.csv,,,0.99943743737039,-0.0335381690392749,88.0780440410686,2902,C:\Users\frida\Documents\PhD\Waggle_dance\wd_SA2025\dome\rightcameraangle_probably\20250128\2025-01-28 10-16-41.mkv,1,,,,,,,,,,,,,
66b,2025-01-28,2025-01-28__66b_2_2025-01-28 10-16-41,66b_2_2025-01-28 10-16-41,15,,"(0.9858211697841269, -0.16779934804836202)",866,802,"(866, 802)",,66b_2_2025-01-28 10-16-41_waggle_annotations.csv,,,0.985821169784127,-0.167799348048362,80.3401069215577,3019,C:\Users\frida\Documents\PhD\Waggle_dance\wd_SA2025\dome\rightcameraangle_probably\20250128\2025-01-28 10-16-41.mkv,1,,,,,,,,,,,,,
66b,2025-01-28,2025-01-28__66b_2_2025-01-28 10-16-41,66b_2_2025-01-28 10-16-41,16,,"(0.0, -1.0)",864,798,"(864, 798)",,66b_2_2025-01-28 10-16-41_waggle_annotations.csv,,,0,-1,0,3110,C:\Users\frida\Documents\PhD\Waggle_dance\wd_SA2025\dome\rightcameraangle_probably\20250128\2025-01-28 10-16-41.mkv,1,,,,,,,,,,,,,
66b,2025-01-28,2025-01-28__66b_2_2025-01-28 10-16-41,66b_2_2025-01-28 10-16-41,17,,"(0.8661855860486004, -0.49972245348957717)",916,781,"(916, 781)",,66b_2_2025-01-28 10-16-41_waggle_annotations.csv,,,0.8661855860486,-0.499722453489577,60.0183606311507,3389,C:\Users\frida\Documents\PhD\Waggle_dance\wd_SA2025\dome\rightcameraangle_probably\20250128\2025-01-28 10-16-41.mkv,1,,,,,,,,,,,,,
66b,2025-01-28,2025-01-28__66b_2_2025-01-28 10-16-41,66b_2_2025-01-28 10-16-41,18,,"(-0.47973641671801537, -0.8774126568921596)",924,826,"(924, 826)",,66b_2_2025-01-28 10-16-41_waggle_annotations.csv,,,-0.479736416718015,-0.87741265689216,331.331811608468,3512,C:\Users\frida\Documents\PhD\Waggle_dance\wd_SA2025\dome\rightcameraangle_probably\20250128\2025-01-28 10-16-41.mkv,1,,,,,,,,,,,,,
66b,2025-01-28,2025-01-28__66b_2_2025-01-28 10-16-41,66b_2_2025-01-28 10-16-41,19,,"(0.25766265056033233, -0.9662349396012463)",927,830,"(927, 830)",,66b_2_2025-01-28 10-16-41_waggle_annotations.csv,,,0.257662650560332,-0.966234939601246,14.9314171781376,3620,C:\Users\frida\Documents\PhD\Waggle_dance\wd_SA2025\dome\rightcameraangle_probably\20250128\2025-01-28 10-16-41.mkv,1,antisolar,,,,,,,,,,,,
66b,2025-01-28,2025-01-28__66b_2_2025-01-28 10-31-59,66b_2_2025-01-28 10-31-59,1,,"(0.9761870601839528, 0.21693045781865616)",640,859,"(640, 859)",,66b_2_2025-01-28 10-31-59_waggle_annotations.csv,,,0.976187060183953,0.216930457818656,102.528807709152,1229,C:\Users\frida\Documents\PhD\Waggle_dance\wd_SA2025\dome\rightcameraangle_probably\20250128\2025-01-28 10-31-59.mkv,1,antisolar,direct_compass,28_calibration_10-28-30_waggle_annotations.csv,10,275.762968294793,1.84821259792984,0.999479865547184,-21.27,297.032968294793,,165.495839414358,,
66b,2025-01-28,2025-01-28__66b_2_2025-01-28 10-31-59,66b_2_2025-01-28 10-31-59,2,,"(0.972687489876752, -0.23211860553877037)",694,881,"(694, 881)",,66b_2_2025-01-28 10-31-59_waggle_annotations.csv,,,0.972687489876752,-0.23211860553877,76.5781649321138,1350,C:\Users\frida\Documents\PhD\Waggle_dance\wd_SA2025\dome\rightcameraangle_probably\20250128\2025-01-28 10-31-59.mkv,1,antisolar,direct_compass,28_calibration_10-28-30_waggle_annotations.csv,10,275.762968294793,1.84821259792984,0.999479865547184,-21.27,297.032968294793,,139.54519663732,,
66b,2025-01-28,2025-01-28__66b_2_2025-01-28 10-31-59,66b_2_2025-01-28 10-31-59,3,,"(0.9868499204204689, -0.16163921110335266)",690,858,"(690, 858)",,66b_2_2025-01-28 10-31-59_waggle_annotations.csv,,,0.986849920420469,-0.161639211103353,80.6979452887012,1417,C:\Users\frida\Documents\PhD\Waggle_dance\wd_SA2025\dome\rightcameraangle_probably\20250128\2025-01-28 10-31-59.mkv,1,antisolar,direct_compass,28_calibration_10-28-30_waggle_annotations.csv,10,275.762968294793,1.84821259792984,0.999479865547184,-21.27,297.032968294793,,143.664976993908,,
66b,2025-01-28,2025-01-28__66b_2_2025-01-28 10-31-59,66b_2_2025-01-28 10-31-59,4,,"(-0.36354248565270647, -0.9315776194850602)",754,931,"(754, 931)",,66b_2_2025-01-28 10-31-59_waggle_annotations.csv,,,-0.363542485652706,-0.93157761948506,338.682087724538,1509,C:\Users\frida\Documents\PhD\Waggle_dance\wd_SA2025\dome\rightcameraangle_probably\20250128\2025-01-28 10-31-59.mkv,1,antisolar,direct_compass,28_calibration_10-28-30_waggle_annotations.csv,10,275.762968294793,1.84821259792984,0.999479865547184,-21.27,297.032968294793,,41.6491194297451,,
66b,2025-01-28,2025-01-28__66b_2_2025-01-28 10-31-59,66b_2_2025-01-28 10-31-59,5,,"(0.023522901135980056, -0.9997232982791523)",736,910,"(736, 910)",,66b_2_2025-01-28 10-31-59_waggle_annotations.csv,,,0.0235229011359801,-0.999723298279152,1.3478872801986,1737,C:\Users\frida\Documents\PhD\Waggle_dance\wd_SA2025\dome\rightcameraangle_probably\20250128\2025-01-28 10-31-59.mkv,1,antisolar,direct_compass,28_calibration_10-28-30_waggle_annotations.csv,10,275.762968294793,1.84821259792984,0.999479865547184,-21.27,297.032968294793,,64.3149189854053,,
