dancer_id,source_batch,dance_key,dance_id,waggle_run,stimulus,waggle_directions,start_x,start_y,start_xy,notes,csv_file,time,date,direction_u,direction_v,video_angle_deg,start_frame,video_name,annotation_session,calibration_file,calibration_id,calibration_video_name,calibration_n_annotations,calibration_mean_north_deg,calibration_circular_sd_deg,calibration_R,declination_deg,true_north_video_deg,calibration_notes,waggle_true_bearing_deg
66b,2025-01-22,2025-01-22__66b_00043,66b_00043,1,,"(-0.9061831399952655, 0.42288546533112387)",563,823,"(563, 823)",,66b_00043_waggle_annotations.csv,,,-0.906183139995266,0.422885465331124,244.9831065219,692,/media/geko/VERBATIM HD/SA2025_dances/George/mp4/20250122/00043.mp4,1,22_00037_waggle_annotations.csv,22_00037,C:\Users\frida\Documents\PhD\Waggle_dance\wd_SA2025\wd_annotator\mp4\George\mp4\20250122\00037.mp4,10,183.323,1.582,0.9996,-21.27,204.593,,40.39010652190001
66b,2025-01-22,2025-01-22__66b_00043,66b_00043,2,,"(-0.9723873019805175, 0.2333729524753242)",567,852,"(567, 852)",,66b_00043_waggle_annotations.csv,,,-0.972387301980518,0.233372952475324,256.504266719204,739,/media/geko/VERBATIM HD/SA2025_dances/George/mp4/20250122/00043.mp4,1,22_00037_waggle_annotations.csv,22_00037,C:\Users\frida\Documents\PhD\Waggle_dance\wd_SA2025\wd_annotator\mp4\George\mp4\20250122\00037.mp4,10,183.323,1.582,0.9996,-21.27,204.593,,51.91126671920401
66b,2025-01-22,2025-01-22__66b_00043,66b_00043,3,,"(-1.0, 0.0)",584,841,"(584, 841)",,66b_00043_waggle_annotations.csv,,,-1.0,0.0,270.0,783,/media/geko/VERBATIM HD/SA2025_dances/George/mp4/20250122/00043.mp4,1,22_00037_waggle_annotations.csv,22_00037,C:\Users\frida\Documents\PhD\Waggle_dance\wd_SA2025\wd_annotator\mp4\George\mp4\20250122\00037.mp4,10,183.323,1.582,0.9996,-21.27,204.593,,65.40700000000001
66b,2025-01-22,2025-01-22__66b_00043,66b_00043,4,,"(-0.9805806756909202, 0.19611613513818404)",615,863,"(615, 863)",,66b_00043_waggle_annotations.csv,,,-0.98058067569092,0.196116135138184,258.69006752598,822,/media/geko/VERBATIM HD/SA2025_dances/George/mp4/20250122/00043.mp4,1,22_00037_waggle_annotations.csv,22_00037,C:\Users\frida\Documents\PhD\Waggle_dance\wd_SA2025\wd_annotator\mp4\George\mp4\20250122\00037.mp4,10,183.323,1.582,0.9996,-21.27,204.593,,54.09706752598001
66b,2025-01-22,2025-01-22__66b_00049,66b_00049,1,,"(-0.2731522098761525, 0.9619708260855807)",834,924,"(834, 924)",,66b_00049_waggle_annotations.csv,,,-0.273152209876153,0.961970826085581,195.851928154287,10,/media/geko/VERBATIM HD/SA2025_dances/George/mp4/20250122/00049.mp4,1,,,,,,,,,,,
66b,2025-01-22,2025-01-22__66b_00049,66b_00049,2,,"(-0.2233761563293962, 0.9747323185282742)",813,911,"(813, 911)",,66b_00049_waggle_annotations.csv,,,-0.223376156329396,0.974732318528274,192.907408671266,61,/media/geko/VERBATIM HD/SA2025_dances/George/mp4/20250122/00049.mp4,1,,,,,,,,,,,
66b,2025-01-22,2025-01-22__66b_00049,66b_00049,3,,"(-0.02082881368183567, 0.9997830567281121)",826,921,"(826, 921)",,66b_00049_waggle_annotations.csv,,,-0.0208288136818357,0.999783056728112,181.193489423982,113,/media/geko/VERBATIM HD/SA2025_dances/George/mp4/20250122/00049.mp4,1,,,,,,,,,,,
66b,2025-01-22,2025-01-22__66b_00049,66b_00049,4,,"(-0.4016614950850655, 0.9157882087939493)",804,860,"(804, 860)",,66b_00049_waggle_annotations.csv,,,-0.401661495085066,0.915788208793949,203.682087724538,161,/media/geko/VERBATIM HD/SA2025_dances/George/mp4/20250122/00049.mp4,1,,,,,,,,,,,
66b,2025-01-26,2025-01-26__66b_00021,66b_00021,1,,"(0.10468478451804275, 0.9945054529214061)",1409,764,"(1409, 764)",,66b_00021_waggle_annotations.csv,,,0.1046847845180427,0.994505452921406,173.99099404250546,2090,E:\2026Trackathon\James\mp4\20250126\00021.mp4,1,,,,,,,,,,,
66b,2025-01-26,2025-01-26__66b_00021,66b_00021,2,,"(0.1168412475673972, 0.9931506043228762)",1420,819,"(1420, 819)",,66b_00021_waggle_annotations.csv,,,0.1168412475673972,0.9931506043228762,173.29016319224309,2134,E:\2026Trackathon\James\mp4\20250126\00021.mp4,1,,,,,,,,,,,
66b,2025-01-26,2025-01-26__66b_00021,66b_00021,3,,"(-0.06651901052377393, 0.9977851578566089)",1423,867,"(1423, 867)",,66b_00021_waggle_annotations.csv,,,-0.0665190105237739,0.9977851578566088,183.81407483429035,2180,E:\2026Trackathon\James\mp4\20250126\00021.mp4,1,,,,,,,,,,,
66b,2025-01-26,2025-01-26__66b_00021,66b_00021,4,,"(-0.21693045781865616, 0.9761870601839528)",1390,900,"(1390, 900)",,66b_00021_waggle_annotations.csv,,,-0.2169304578186561,0.9761870601839528,192.52880770915152,2222,E:\2026Trackathon\James\mp4\20250126\00021.mp4,1,,,,,,,,,,,
66b,2025-01-26,2025-01-26__66b_00024,66b_00024,1,,"(-0.9954954725939521, 0.09480909262799544)",1365,857,"(1365, 857)",,66b_00024_waggle_annotations.csv,,,-0.995495472593952,0.0948090926279954,264.5596679689945,1208,E:\2026Trackathon\James\mp4\20250126\00024.mp4,1,26_00024_waggle_annotations.csv,26_00024,C:\Users\frida\Documents\PhD\Waggle_dance\wd_SA2025\wd_annotator\mp4\Fereshteh\20250126\00024.mp4,10,229.459,1.904,0.9994,-21.27,250.729,,13.830667968994504
66b,2025-01-26,2025-01-26__66b_00024,66b_00024,2,,"(-0.9847835588179369, 0.17378533390904768)",1327,837,"(1327, 837)",,66b_00024_waggle_annotations.csv,,,-0.9847835588179368,0.1737853339090476,259.99202019855863,1245,E:\2026Trackathon\James\mp4\20250126\00024.mp4,1,26_00024_waggle_annotations.csv,26_00024,C:\Users\frida\Documents\PhD\Waggle_dance\wd_SA2025\wd_annotator\mp4\Fereshteh\20250126\00024.mp4,10,229.459,1.904,0.9994,-21.27,250.729,,9.263020198558621
66b,2025-01-26,2025-01-26__66b_00024,66b_00024,3,,"(-0.9922778767136677, -0.12403473458920847)",1357,914,"(1357, 914)",,66b_00024_waggle_annotations.csv,,,-0.9922778767136676,-0.1240347345892084,277.1250163489018,1300,E:\2026Trackathon\James\mp4\20250126\00024.mp4,1,26_00024_waggle_annotations.csv,26_00024,C:\Users\frida\Documents\PhD\Waggle_dance\wd_SA2025\wd_annotator\mp4\Fereshteh\20250126\00024.mp4,10,229.459,1.904,0.9994,-21.27,250.729,,26.39601634890178
66b,2025-01-26,2025-01-26__66b_00024,66b_00024,4,,"(-0.999133073092352, -0.04163054471218133)",1341,883,"(1341, 883)",,66b_00024_waggle_annotations.csv,,,-0.999133073092352,-0.0416305447121813,272.3859440303888,1332,E:\2026Trackathon\James\mp4\20250126\00024.mp4,1,26_00024_waggle_annotations.csv,26_00024,C:\Users\frida\Documents\PhD\Waggle_dance\wd_SA2025\wd_annotator\mp4\Fereshteh\20250126\00024.mp4,10,229.459,1.904,0.9994,-21.27,250.729,,21.656944030388814
66b,2025-01-26,2025-01-26__66b_00024,66b_00024,5,,"(-0.9899494936611665, 0.1414213562373095)",1379,894,"(1379, 894)",,66b_00024_waggle_annotations.csv,,,-0.9899494936611664,0.1414213562373095,261.86989764584405,1377,E:\2026Trackathon\James\mp4\20250126\00024.mp4,1,26_00024_waggle_annotations.csv,26_00024,C:\Users\frida\Documents\PhD\Waggle_dance\wd_SA2025\wd_annotator\mp4\Fereshteh\20250126\00024.mp4,10,229.459,1.904,0.9994,-21.27,250.729,,11.140897645844035
66b,2025-01-26,2025-01-26__66b_00024,66b_00024,6,,"(-0.9938837346736188, 0.11043152607484653)",1379,866,"(1379, 866)",,66b_00024_waggle_annotations.csv,,,-0.9938837346736188,0.1104315260748465,263.6598082540901,1415,E:\2026Trackathon\James\mp4\20250126\00024.mp4,1,26_00024_waggle_annotations.csv,26_00024,C:\Users\frida\Documents\PhD\Waggle_dance\wd_SA2025\wd_annotator\mp4\Fereshteh\20250126\00024.mp4,10,229.459,1.904,0.9994,-21.27,250.729,,12.930808254090067
66b,2025-01-26,2025-01-26__66b_00024,66b_00024,7,,"(-0.9982743731749958, 0.058722021951470346)",1357,832,"(1357, 832)",,66b_00024_waggle_annotations.csv,,,-0.9982743731749958,0.0587220219514703,266.6335393365702,1474,E:\2026Trackathon\James\mp4\20250126\00024.mp4,1,26_00024_waggle_annotations.csv,26_00024,C:\Users\frida\Documents\PhD\Waggle_dance\wd_SA2025\wd_annotator\mp4\Fereshteh\20250126\00024.mp4,10,229.459,1.904,0.9994,-21.27,250.729,,15.904539336570195
66b,2025-01-26,2025-01-26__66b_00024,66b_00024,8,,"(-1.0, 0.0)",1401,867,"(1401, 867)",,66b_00024_waggle_annotations.csv,,,-1.0,0.0,270.0,1522,E:\2026Trackathon\James\mp4\20250126\00024.mp4,1,26_00024_waggle_annotations.csv,26_00024,C:\Users\frida\Documents\PhD\Waggle_dance\wd_SA2025\wd_annotator\mp4\Fereshteh\20250126\00024.mp4,10,229.459,1.904,0.9994,-21.27,250.729,,19.270999999999987
66b,2025-01-26,2025-01-26__66b_00024,66b_00024,9,,"(-0.9938837346736189, 0.11043152607484655)",1396,886,"(1396, 886)",,66b_00024_waggle_annotations.csv,,,-0.9938837346736188,0.1104315260748465,263.6598082540901,1576,E:\2026Trackathon\James\mp4\20250126\00024.mp4,1,26_00024_waggle_annotations.csv,26_00024,C:\Users\frida\Documents\PhD\Waggle_dance\wd_SA2025\wd_annotator\mp4\Fereshteh\20250126\00024.mp4,10,229.459,1.904,0.9994,-21.27,250.729,,12.930808254090067
66b,2025-01-26,2025-01-26__66b_00024,66b_00024,10,,"(-0.999133073092352, -0.04163054471218133)",1349,886,"(1349, 886)",,66b_00024_waggle_annotations.csv,,,-0.999133073092352,-0.0416305447121813,272.3859440303888,1618,E:\2026Trackathon\James\mp4\20250126\00024.mp4,1,26_00024_waggle_annotations.csv,26_00024,C:\Users\frida\Documents\PhD\Waggle_dance\wd_SA2025\wd_annotator\mp4\Fereshteh\20250126\00024.mp4,10,229.459,1.904,0.9994,-21.27,250.729,,21.656944030388814
66b,2025-01-26,2025-01-26__66b_00024,66b_00024,11,,"(-0.9615239476408232, 0.27472112789737807)",1425,897,"(1425, 897)",,66b_00024_waggle_annotations.csv,,,-0.9615239476408232,0.274721127897378,254.05460409907715,1668,E:\2026Trackathon\James\mp4\20250126\00024.mp4,1,26_00024_waggle_annotations.csv,26_00024,C:\Users\frida\Documents\PhD\Waggle_dance\wd_SA2025\wd_annotator\mp4\Fereshteh\20250126\00024.mp4,10,229.459,1.904,0.9994,-21.27,250.729,,3.3256040990771396
66b,2025-01-26,2025-01-26__66b_00025,66b_00025,1,,"(-0.9883716976506172, -0.1520571842539411)",931,793,"(931, 793)",,66b_00025_waggle_annotations.csv,,,-0.9883716976506172,-0.1520571842539411,278.74616226255523,30,E:\2026Trackathon\James\mp4\20250126\00025.mp4,1,26_00024_waggle_annotations.csv,26_00024,C:\Users\frida\Documents\PhD\Waggle_dance\wd_SA2025\wd_annotator\mp4\Fereshteh\20250126\00024.mp4,10,229.459,1.904,0.9994,-21.27,250.729,,28.017162262555217
66b,2025-01-26,2025-01-26__66b_00028,66b_00028,1,,"(-0.9264665771223092, 0.3763770469559381)",958,902,"(958, 902)",,66b_00028_waggle_annotations.csv,,,-0.9264665771223092,0.3763770469559381,247.8905516562483,3083,E:\2026Trackathon\James\mp4\20250126\00028.mp4,1,26_00024_waggle_annotations.csv,26_00024,C:\Users\frida\Documents\PhD\Waggle_dance\wd_SA2025\wd_annotator\mp4\Fereshteh\20250126\00024.mp4,10,229.459,1.904,0.9994,-21.27,250.729,,357.1615516562483
66b,2025-01-26,2025-01-26__66b_00028,66b_00028,2,,"(-0.5812381937190965, 0.813733471206735)",978,910,"(978, 910)",,66b_00028_waggle_annotations.csv,,,-0.5812381937190965,0.813733471206735,215.5376777919744,3214,E:\2026Trackathon\James\mp4\20250126\00028.mp4,1,26_00024_waggle_annotations.csv,26_00024,C:\Users\frida\Documents\PhD\Waggle_dance\wd_SA2025\wd_annotator\mp4\Fereshteh\20250126\00024.mp4,10,229.459,1.904,0.9994,-21.27,250.729,,324.8086777919744
66b,2025-01-26,2025-01-26__66b_00028,66b_00028,3,,"(-0.996815278536125, 0.07974522228289)",975,851,"(975, 851)",,66b_00028_waggle_annotations.csv,,,-0.996815278536125,0.07974522228289,265.4260787400991,3247,E:\2026Trackathon\James\mp4\20250126\00028.mp4,1,26_00024_waggle_annotations.csv,26_00024,C:\Users\frida\Documents\PhD\Waggle_dance\wd_SA2025\wd_annotator\mp4\Fereshteh\20250126\00024.mp4,10,229.459,1.904,0.9994,-21.27,250.729,,14.697078740099101
66b,2025-01-26,2025-01-26__66b_00028,66b_00028,4,,"(-1.0, 0.0)",905,888,"(905, 888)",,66b_00028_waggle_annotations.csv,,,-1.0,0.0,270.0,3494,E:\2026Trackathon\James\mp4\20250126\00028.mp4,1,26_00024_waggle_annotations.csv,26_00024,C:\Users\frida\Documents\PhD\Waggle_dance\wd_SA2025\wd_annotator\mp4\Fereshteh\20250126\00024.mp4,10,229.459,1.904,0.9994,-21.27,250.729,,19.270999999999987
66b,2025-01-26,2025-01-26__66b_2025-01-26 11-28-07,66b_2025-01-26 11-28-07,1,,"(0.9781059289848355, 0.2081076444648586)",545,704,"(545, 704)",,66b_2025-01-26 11-28-07_waggle_annotations.csv,,,0.9781059289848356,0.2081076444648586,102.01147838636544,9,C:\Users\frida\Documents\PhD\Waggle_dance\wd_SA2025\dome\wrongcameraangle\20250126\2025-01-26 11-28-07.mkv,1,,,,,,,,,,,
66b,2025-01-26,2025-01-26__66b_2025-01-26 11-28-07,66b_2025-01-26 11-28-07,2,,"(0.9922778767136676, 0.12403473458920845)",568,715,"(568, 715)",,66b_2025-01-26 11-28-07_waggle_annotations.csv,,,0.9922778767136676,0.1240347345892084,97.1250163489018,78,C:\Users\frida\Documents\PhD\Waggle_dance\wd_SA2025\dome\wrongcameraangle\20250126\2025-01-26 11-28-07.mkv,1,,,,,,,,,,,
66b,2025-01-26,2025-01-26__66b_2025-01-26 11-28-07,66b_2025-01-26 11-28-07,3,,"(0.3404410836048503, -0.9402658499562533)",552,715,"(552, 715)",,66b_2025-01-26 11-28-07_waggle_annotations.csv,,,0.3404410836048503,-0.9402658499562532,19.903749537307835,169,C:\Users\frida\Documents\PhD\Waggle_dance\wd_SA2025\dome\wrongcameraangle\20250126\2025-01-26 11-28-07.mkv,1,,,,,,,,,,,
66b,2025-01-26,2025-01-26__66b_2025-01-26 11-28-07,66b_2025-01-26 11-28-07,4,,"(-0.04343722427630694, 0.9990561583550596)",556,682,"(556, 682)",,66b_2025-01-26 11-28-07_waggle_annotations.csv,,,-0.0434372242763069,0.9990561583550596,182.48955292199915,228,C:\Users\frida\Documents\PhD\Waggle_dance\wd_SA2025\dome\wrongcameraangle\20250126\2025-01-26 11-28-07.mkv,1,,,,,,,,,,,
66b,2025-01-26,2025-01-26__66b_2025-01-26 11-28-07,66b_2025-01-26 11-28-07,5,,"(-0.1414213562373095, -0.9899494936611665)",557,724,"(557, 724)",,66b_2025-01-26 11-28-07_waggle_annotations.csv,,,-0.1414213562373095,-0.9899494936611664,351.86989764584405,423,C:\Users\frida\Documents\PhD\Waggle_dance\wd_SA2025\dome\wrongcameraangle\20250126\2025-01-26 11-28-07.mkv,1,,,,,,,,,,,
66b,2025-01-26,2025-01-26__66b_2025-01-26 11-28-07,66b_2025-01-26 11-28-07,6,,"(-0.666330983530245, -0.7456561006171789)",566,658,"(566, 658)",,66b_2025-01-26 11-28-07_waggle_annotations.csv,,,-0.666330983530245,-0.7456561006171789,318.2154839917482,576,C:\Users\frida\Documents\PhD\Waggle_dance\wd_SA2025\dome\wrongcameraangle\20250126\2025-01-26 11-28-07.mkv,1,,,,,,,,,,,
66b,2025-01-26,2025-01-26__66b_2025-01-26 11-28-07,66b_2025-01-26 11-28-07,7,,"(0.8247288518459779, -0.5655283555515277)",541,703,"(541, 703)",,66b_2025-01-26 11-28-07_waggle_annotations.csv,,,0.8247288518459779,-0.5655283555515277,55.56101069119639,628,C:\Users\frida\Documents\PhD\Waggle_dance\wd_SA2025\dome\wrongcameraangle\20250126\2025-01-26 11-28-07.mkv,1,,,,,,,,,,,
66b,2025-01-26,2025-01-26__66b_2025-01-26 11-28-07,66b_2025-01-26 11-28-07,8,,"(0.9916720735252417, 0.1287885809773041)",598,693,"(598, 693)",,66b_2025-01-26 11-28-07_waggle_annotations.csv,,,0.9916720735252416,0.1287885809773041,97.39959465988711,774,C:\Users\frida\Documents\PhD\Waggle_dance\wd_SA2025\dome\wrongcameraangle\20250126\2025-01-26 11-28-07.mkv,1,,,,,,,,,,,
66b,2025-01-26,2025-01-26__66b_2025-01-26 11-28-07,66b_2025-01-26 11-28-07,9,,"(0.9701425001453319, -0.24253562503633297)",629,707,"(629, 707)",,66b_2025-01-26 11-28-07_waggle_annotations.csv,,,0.970142500145332,-0.2425356250363329,75.96375653207353,1235,C:\Users\frida\Documents\PhD\Waggle_dance\wd_SA2025\dome\wrongcameraangle\20250126\2025-01-26 11-28-07.mkv,1,,,,,,,,,,,
66b,2025-01-26,2025-01-26__66b_2025-01-26 11-28-07,66b_2025-01-26 11-28-07,10,,"(0.9988681377244376, 0.04756514941544941)",634,737,"(634, 737)",,66b_2025-01-26 11-28-07_waggle_annotations.csv,,,0.9988681377244376,0.0475651494154494,92.72631099390628,1317,C:\Users\frida\Documents\PhD\Waggle_dance\wd_SA2025\dome\wrongcameraangle\20250126\2025-01-26 11-28-07.mkv,1,,,,,,,,,,,
66b,2025-01-26,2025-01-26__66b_2025-01-26 11-28-07,66b_2025-01-26 11-28-07,11,,"(0.935697286393792, -0.3528038948697904)",676,775,"(676, 775)",,66b_2025-01-26 11-28-07_waggle_annotations.csv,,,0.935697286393792,-0.3528038948697904,69.34108993669251,1479,C:\Users\frida\Documents\PhD\Waggle_dance\wd_SA2025\dome\wrongcameraangle\20250126\2025-01-26 11-28-07.mkv,1,,,,,,,,,,,
66b,2025-01-26,2025-01-26__66b_2025-01-26 11-28-07,66b_2025-01-26 11-28-07,12,,"(0.06651901052377393, -0.9977851578566089)",653,781,"(653, 781)",,66b_2025-01-26 11-28-07_waggle_annotations.csv,,,0.0665190105237739,-0.9977851578566088,3.8140748342903534,1551,C:\Users\frida\Documents\PhD\Waggle_dance\wd_SA2025\dome\wrongcameraangle\20250126\2025-01-26 11-28-07.mkv,1,,,,,,,,,,,
66b,2025-01-26,2025-01-26__66b_2025-01-26 11-28-07,66b_2025-01-26 11-28-07,13,,"(0.8879944092772878, -0.4598542476614526)",707,716,"(707, 716)",,66b_2025-01-26 11-28-07_waggle_annotations.csv,,,0.8879944092772878,-0.4598542476614526,62.62229722866828,1680,C:\Users\frida\Documents\PhD\Waggle_dance\wd_SA2025\dome\wrongcameraangle\20250126\2025-01-26 11-28-07.mkv,1,,,,,,,,,,,
66b,2025-01-27,2025-01-27__66b_00013,66b_00013,1,,"(0.3328201177351375, -0.9429903335828895)",1076,660,"(1076, 660)",,66b_00013_waggle_annotations.csv,,,0.3328201177351375,-0.9429903335828896,19.44003482817619,45,E:\2026Trackathon\James\mp4\20250127\00013.mp4,1,,,,,,,,,,,
66b,2025-01-27,2025-01-27__66b_00013,66b_00013,2,,"(0.2982749931359468, -0.9544799780350297)",1086,612,"(1086, 612)",,66b_00013_waggle_annotations.csv,,,0.2982749931359468,-0.9544799780350296,17.35402463626132,221,E:\2026Trackathon\James\mp4\20250127\00013.mp4,1,,,,,,,,,,,
66b,2025-01-27,2025-01-27__66b_00013,66b_00013,3,,"(0.6246950475544243, -0.7808688094430304)",997,669,"(997, 669)",,66b_00013_waggle_annotations.csv,,,0.6246950475544243,-0.7808688094430304,38.65980825409009,268,E:\2026Trackathon\James\mp4\20250127\00013.mp4,1,,,,,,,,,,,
66b,2025-01-27,2025-01-27__66b_00013,66b_00013,4,,"(-0.06651901052377393, -0.9977851578566089)",970,725,"(970, 725)",,66b_00013_waggle_annotations.csv,,,-0.0665190105237739,-0.9977851578566088,356.18592516570965,330,E:\2026Trackathon\James\mp4\20250127\00013.mp4,1,,,,,,,,,,,
66b,2025-01-27,2025-01-27__66b_00013,66b_00013,5,,"(0.09053574604251853, -0.9958932064677039)",938,739,"(938, 739)",,66b_00013_waggle_annotations.csv,,,0.0905357460425185,-0.995893206467704,5.194428907734806,403,E:\2026Trackathon\James\mp4\20250127\00013.mp4,1,,,,,,,,,,,
66b,2025-01-27,2025-01-27__66b_00013,66b_00013,6,,"(0.2544932992796438, -0.9670745372626465)",939,681,"(939, 681)",,66b_00013_waggle_annotations.csv,,,0.2544932992796438,-0.9670745372626464,14.743562836470735,458,E:\2026Trackathon\James\mp4\20250127\00013.mp4,1,,,,,,,,,,,
66b,2025-01-27,2025-01-27__66b_00013,66b_00013,7,,"(0.49026123963255896, -0.8715755371245493)",947,712,"(947, 712)",,66b_00013_waggle_annotations.csv,,,0.4902612396325589,-0.8715755371245493,29.35775354279128,493,E:\2026Trackathon\James\mp4\20250127\00013.mp4,1,,,,,,,,,,,
66b,2025-01-27,2025-01-27__66b_00013,66b_00013,8,,"(0.31622776601683794, -0.9486832980505138)",967,727,"(967, 727)",,66b_00013_waggle_annotations.csv,,,0.3162277660168379,-0.9486832980505138,18.43494882292201,552,E:\2026Trackathon\James\mp4\20250127\00013.mp4,1,,,,,,,,,,,
66b,2025-01-27,2025-01-27__66b_00020,66b_00020,1,,"(0.813733471206735, -0.5812381937190965)",986,819,"(986, 819)",,66b_00020_waggle_annotations.csv,,,0.813733471206735,-0.5812381937190965,54.46232220802562,44,E:\2026Trackathon\James\mp4\20250127\00020.mp4,1,27_00014_waggle_annotations.csv,27_00014,C:\Users\frida\Documents\PhD\Waggle_dance\wd_SA2025\wd_annotator\mp4\James\20250127\00014.mp4,10,184.321,1.451,0.9997,-21.27,205.591,,208.87132220802562
66b,2025-01-27,2025-01-27__66b_00020,66b_00020,2,,"(0.8320502943378437, -0.5547001962252291)",1002,853,"(1002, 853)",,66b_00020_waggle_annotations.csv,,,0.8320502943378437,-0.5547001962252291,56.309932474020215,93,E:\2026Trackathon\James\mp4\20250127\00020.mp4,1,27_00014_waggle_annotations.csv,27_00014,C:\Users\frida\Documents\PhD\Waggle_dance\wd_SA2025\wd_annotator\mp4\James\20250127\00014.mp4,10,184.321,1.451,0.9997,-21.27,205.591,,210.71893247402022
66b,2025-01-27,2025-01-27__66b_00020,66b_00020,3,,"(0.813733471206735, -0.5812381937190965)",1023,844,"(1023, 844)",,66b_00020_waggle_annotations.csv,,,0.813733471206735,-0.5812381937190965,54.46232220802562,145,E:\2026Trackathon\James\mp4\20250127\00020.mp4,1,27_00014_waggle_annotations.csv,27_00014,C:\Users\frida\Documents\PhD\Waggle_dance\wd_SA2025\wd_annotator\mp4\James\20250127\00014.mp4,10,184.321,1.451,0.9997,-21.27,205.591,,208.87132220802562
66b,2025-01-27,2025-01-27__66b_00020,66b_00020,4,,"(0.7808688094430304, -0.6246950475544243)",1135,799,"(1135, 799)",,66b_00020_waggle_annotations.csv,,,0.7808688094430304,-0.6246950475544243,51.34019174590991,1065,E:\2026Trackathon\James\mp4\20250127\00020.mp4,1,27_00014_waggle_annotations.csv,27_00014,C:\Users\frida\Documents\PhD\Waggle_dance\wd_SA2025\wd_annotator\mp4\James\20250127\00014.mp4,10,184.321,1.451,0.9997,-21.27,205.591,,205.7491917459099
66b,2025-01-27,2025-01-27__66b_00021,66b_00021,1,,"(-0.8221921916437787, -0.5692099788303083)",1191,743,"(1191, 743)",,66b_00021_waggle_annotations.csv,,,-0.8221921916437787,-0.5692099788303083,304.695153531234,1,E:\2026Trackathon\James\mp4\20250127\00021.mp4,1,27_00014_waggle_annotations.csv,27_00014,C:\Users\frida\Documents\PhD\Waggle_dance\wd_SA2025\wd_annotator\mp4\James\20250127\00014.mp4,10,184.321,1.451,0.9997,-21.27,205.591,,99.10415353123398
66b,2025-01-27,2025-01-27__66b_00021,66b_00021,2,,"(0.2982749931359468, -0.9544799780350297)",1192,846,"(1192, 846)",,66b_00021_waggle_annotations.csv,,,0.2982749931359468,-0.9544799780350296,17.35402463626132,52,E:\2026Trackathon\James\mp4\20250127\00021.mp4,1,27_00014_waggle_annotations.csv,27_00014,C:\Users\frida\Documents\PhD\Waggle_dance\wd_SA2025\wd_annotator\mp4\James\20250127\00014.mp4,10,184.321,1.451,0.9997,-21.27,205.591,,171.76302463626132
66b,2025-01-27,2025-01-27__66b_00021,66b_00021,3,,"(0.7808688094430304, -0.6246950475544243)",1218,820,"(1218, 820)",,66b_00021_waggle_annotations.csv,,,0.7808688094430304,-0.6246950475544243,51.34019174590991,119,E:\2026Trackathon\James\mp4\20250127\00021.mp4,1,27_00014_waggle_annotations.csv,27_00014,C:\Users\frida\Documents\PhD\Waggle_dance\wd_SA2025\wd_annotator\mp4\James\20250127\00014.mp4,10,184.321,1.451,0.9997,-21.27,205.591,,205.7491917459099
66b,2025-01-27,2025-01-27__66b_00021,66b_00021,4,,"(0.847998304005088, -0.52999894000318)",1234,819,"(1234, 819)",,66b_00021_waggle_annotations.csv,,,0.847998304005088,-0.52999894000318,57.9946167919165,166,E:\2026Trackathon\James\mp4\20250127\00021.mp4,1,27_00014_waggle_annotations.csv,27_00014,C:\Users\frida\Documents\PhD\Waggle_dance\wd_SA2025\wd_annotator\mp4\James\20250127\00014.mp4,10,184.321,1.451,0.9997,-21.27,205.591,,212.40361679191648
66b,2025-01-27,2025-01-27__66b_00021,66b_00021,5,,"(0.6291982286679645, -0.7772448707074855)",1321,850,"(1321, 850)",,66b_00021_waggle_annotations.csv,,,0.6291982286679645,-0.7772448707074855,38.99099404250548,223,E:\2026Trackathon\James\mp4\20250127\00021.mp4,1,27_00014_waggle_annotations.csv,27_00014,C:\Users\frida\Documents\PhD\Waggle_dance\wd_SA2025\wd_annotator\mp4\James\20250127\00014.mp4,10,184.321,1.451,0.9997,-21.27,205.591,,193.39999404250545
66b,2025-01-27,2025-01-27__66b_00021,66b_00021,6,,"(0.8804710999221753, -0.47409982303501746)",1268,847,"(1268, 847)",,66b_00021_waggle_annotations.csv,,,0.8804710999221753,-0.4740998230350174,61.69924423399363,321,E:\2026Trackathon\James\mp4\20250127\00021.mp4,1,27_00014_waggle_annotations.csv,27_00014,C:\Users\frida\Documents\PhD\Waggle_dance\wd_SA2025\wd_annotator\mp4\James\20250127\00014.mp4,10,184.321,1.451,0.9997,-21.27,205.591,,216.10824423399362
66b,2025-01-27,2025-01-27__66b_00023,66b_00023,1,,"(-0.4788521306805733, 0.8778955729143844)",964,757,"(964, 757)",,66b_00023_waggle_annotations.csv,,,-0.4788521306805733,0.8778955729143844,208.6104596659652,4,E:\2026Trackathon\James\mp4\20250127\00023.mp4,1,27_00014_waggle_annotations.csv,27_00014,C:\Users\frida\Documents\PhD\Waggle_dance\wd_SA2025\wd_annotator\mp4\James\20250127\00014.mp4,10,184.321,1.451,0.9997,-21.27,205.591,,3.0194596659652007
66b,2025-01-27,2025-01-27__66b_00023,66b_00023,2,,"(-0.9405538996916954, -0.3396444637775567)",971,755,"(971, 755)",,66b_00023_waggle_annotations.csv,,,-0.9405538996916954,-0.3396444637775567,289.85521436932106,38,E:\2026Trackathon\James\mp4\20250127\00023.mp4,1,27_00014_waggle_annotations.csv,27_00014,C:\Users\frida\Documents\PhD\Waggle_dance\wd_SA2025\wd_annotator\mp4\James\20250127\00014.mp4,10,184.321,1.451,0.9997,-21.27,205.591,,84.26421436932105
66b,2025-01-27,2025-01-27__66b_00023,66b_00023,3,,"(-0.8654262854811262, -0.5010362705417046)",987,761,"(987, 761)",,66b_00023_waggle_annotations.csv,,,-0.8654262854811262,-0.5010362705417046,300.06858282186244,129,E:\2026Trackathon\James\mp4\20250127\00023.mp4,1,27_00014_waggle_annotations.csv,27_00014,C:\Users\frida\Documents\PhD\Waggle_dance\wd_SA2025\wd_annotator\mp4\James\20250127\00014.mp4,10,184.321,1.451,0.9997,-21.27,205.591,,94.47758282186243
66b,2025-01-27,2025-01-27__66b_00023,66b_00023,4,,"(0.7863183388224225, -0.6178215519319035)",1066,830,"(1066, 830)",,66b_00023_waggle_annotations.csv,,,0.7863183388224225,-0.6178215519319035,51.84277341263094,267,E:\2026Trackathon\James\mp4\20250127\00023.mp4,1,27_00014_waggle_annotations.csv,27_00014,C:\Users\frida\Documents\PhD\Waggle_dance\wd_SA2025\wd_annotator\mp4\James\20250127\00014.mp4,10,184.321,1.451,0.9997,-21.27,205.591,,206.25177341263094
66b,2025-01-27,2025-01-27__66b_00023,66b_00023,5,,"(0.8637789008984335, -0.5038710255240862)",1124,846,"(1124, 846)",,66b_00023_waggle_annotations.csv,,,0.8637789008984335,-0.5038710255240862,59.74356283647073,322,E:\2026Trackathon\James\mp4\20250127\00023.mp4,1,27_00014_waggle_annotations.csv,27_00014,C:\Users\frida\Documents\PhD\Waggle_dance\wd_SA2025\wd_annotator\mp4\James\20250127\00014.mp4,10,184.321,1.451,0.9997,-21.27,205.591,,214.15256283647074
66b,2025-01-27,2025-01-27__66b_00023,66b_00023,6,,"(1.0, 0.0)",1221,841,"(1221, 841)",,66b_00023_waggle_annotations.csv,,,1.0,0.0,90.0,506,E:\2026Trackathon\James\mp4\20250127\00023.mp4,1,27_00014_waggle_annotations.csv,27_00014,C:\Users\frida\Documents\PhD\Waggle_dance\wd_SA2025\wd_annotator\mp4\James\20250127\00014.mp4,10,184.321,1.451,0.9997,-21.27,205.591,,244.409
66b,2025-01-27,2025-01-27__66b_00026,66b_00026,1,,"(0.9956342260592882, -0.09334070869305827)",1206,808,"(1206, 808)",,66b_00026_waggle_annotations.csv,,,0.9956342260592882,-0.0933407086930582,84.64417495714481,373,E:\2026Trackathon\James\mp4\20250127\00026.mp4,1,27_00014_waggle_annotations.csv,27_00014,C:\Users\frida\Documents\PhD\Waggle_dance\wd_SA2025\wd_annotator\mp4\James\20250127\00014.mp4,10,184.321,1.451,0.9997,-21.27,205.591,,239.0531749571448
66b,2025-01-27,2025-01-27__66b_00026,66b_00026,2,,"(-0.962650940153899, -0.2707455769182841)",1259,710,"(1259, 710)",,66b_00026_waggle_annotations.csv,,,-0.962650940153899,-0.2707455769182841,285.70863782901574,506,E:\2026Trackathon\James\mp4\20250127\00026.mp4,1,27_00014_waggle_annotations.csv,27_00014,C:\Users\frida\Documents\PhD\Waggle_dance\wd_SA2025\wd_annotator\mp4\James\20250127\00014.mp4,10,184.321,1.451,0.9997,-21.27,205.591,,80.11763782901573
66b,2025-01-27,2025-01-27__66b_00026,66b_00026,3,,"(0.9593655015712707, 0.28216632399155017)",1234,829,"(1234, 829)",,66b_00026_waggle_annotations.csv,,,0.9593655015712708,0.2821663239915501,106.3895403340348,113,E:\2026Trackathon\James\mp4\20250127\00026.mp4,1,27_00014_waggle_annotations.csv,27_00014,C:\Users\frida\Documents\PhD\Waggle_dance\wd_SA2025\wd_annotator\mp4\James\20250127\00014.mp4,10,184.321,1.451,0.9997,-21.27,205.591,,260.7985403340348
66b,2025-01-27,2025-01-27__66b_00026,66b_00026,4,,"(0.9153150324227656, -0.40273861426601687)",1226,827,"(1226, 827)",,66b_00026_waggle_annotations.csv,,,0.9153150324227656,-0.4027386142660168,66.25050550713324,171,E:\2026Trackathon\James\mp4\20250127\00026.mp4,1,27_00014_waggle_annotations.csv,27_00014,C:\Users\frida\Documents\PhD\Waggle_dance\wd_SA2025\wd_annotator\mp4\James\20250127\00014.mp4,10,184.321,1.451,0.9997,-21.27,205.591,,220.65950550713325
66b,2025-01-27,2025-01-27__66b_00049,66b_00049,1,,"(-0.37729688731351946, 0.9260923597695477)",837,857,"(837, 857)",,66b_00049_waggle_annotations.csv,,,-0.3772968873135194,0.9260923597695476,202.16634582208243,2909,/media/geko/VERBATIM HD/SA2025_dances/George/mp4/20250127/00049.mp4,1,,,,,,,,,,,
66b,2025-01-27,2025-01-27__66b_00049,66b_00049,2,,"(0.15711504873513174, 0.9875803063351138)",868,818,"(868, 818)",,66b_00049_waggle_annotations.csv,,,0.1571150487351317,0.9875803063351138,170.96051719664487,2974,/media/geko/VERBATIM HD/SA2025_dances/George/mp4/20250127/00049.mp4,1,,,,,,,,,,,
66b,2025-01-27,2025-01-27__66b_00049,66b_00049,3,,"(-0.3011313679370973, 0.9535826651341416)",791,768,"(791, 768)",,66b_00049_waggle_annotations.csv,,,-0.3011313679370973,0.9535826651341416,197.52556837372288,3003,/media/geko/VERBATIM HD/SA2025_dances/George/mp4/20250127/00049.mp4,1,,,,,,,,,,,
66b,2025-01-27,2025-01-27__66b_00049,66b_00049,4,,"(-0.11043152607484653, 0.9938837346736188)",823,779,"(823, 779)",,66b_00049_waggle_annotations.csv,,,-0.1104315260748465,0.9938837346736188,186.3401917459099,3048,/media/geko/VERBATIM HD/SA2025_dances/George/mp4/20250127/00049.mp4,1,,,,,,,,,,,
66b,2025-01-27,2025-01-27__66b_00049,66b_00049,5,,"(-0.46483389898992034, 0.8853979028379435)",785,748,"(785, 748)",,66b_00049_waggle_annotations.csv,,,-0.4648338989899203,0.8853979028379435,207.699472808055,3082,/media/geko/VERBATIM HD/SA2025_dances/George/mp4/20250127/00049.mp4,1,,,,,,,,,,,
66b,2025-01-27,2025-01-27__66b_00049,66b_00049,6,,"(-0.21693045781865616, 0.9761870601839528)",805,785,"(805, 785)",,66b_00049_waggle_annotations.csv,,,-0.2169304578186561,0.9761870601839528,192.52880770915152,3135,/media/geko/VERBATIM HD/SA2025_dances/George/mp4/20250127/00049.mp4,1,,,,,,,,,,,
66b,2025-01-27,2025-01-27__66b_00049,66b_00049,7,,"(0.0, 1.0)",843,779,"(843, 779)",,66b_00049_waggle_annotations.csv,,,0.0,1.0,180.0,3190,/media/geko/VERBATIM HD/SA2025_dances/George/mp4/20250127/00049.mp4,1,,,,,,,,,,,
66b,2025-01-27,2025-01-27__66b_2025-01-27 11-44-44,66b_2025-01-27 11-44-44,1,,"(0.8911631156014923, 0.4536830406698506)",580,884,"(580, 884)",,66b_2025-01-27 11-44-44_waggle_annotations.csv,,,0.8911631156014923,0.4536830406698506,116.98023071822286,103,C:\Users\frida\Documents\PhD\Waggle_dance\wd_SA2025\dome\rightcameraangle_probably\20250127\2025-01-27 11-44-44.mkv,1,,,,,,,,,,,
66b,2025-01-27,2025-01-27__66b_2025-01-27 11-44-44,66b_2025-01-27 11-44-44,2,,"(-0.9767443431718839, 0.21440729484260865)",729,953,"(729, 953)",,66b_2025-01-27 11-44-44_waggle_annotations.csv,,,-0.976744343171884,0.2144072948426086,257.61924307119284,254,C:\Users\frida\Documents\PhD\Waggle_dance\wd_SA2025\dome\rightcameraangle_probably\20250127\2025-01-27 11-44-44.mkv,1,,,,,,,,,,,
66b,2025-01-27,2025-01-27__66b_2025-01-27 11-44-44,66b_2025-01-27 11-44-44,3,,"(0.7739572992033211, 0.6332377902572627)",729,963,"(729, 963)",,66b_2025-01-27 11-44-44_waggle_annotations.csv,,,0.7739572992033211,0.6332377902572627,129.28940686250036,356,C:\Users\frida\Documents\PhD\Waggle_dance\wd_SA2025\dome\rightcameraangle_probably\20250127\2025-01-27 11-44-44.mkv,1,,,,,,,,,,,
66b,2025-01-27,2025-01-27__66b_2025-01-27 11-44-44,66b_2025-01-27 11-44-44,4,,"(-0.06880209161537815, -0.997630328422983)",836,952,"(836, 952)",,66b_2025-01-27 11-44-44_waggle_annotations.csv,,,-0.0688020916153781,-0.997630328422983,356.0548137709624,538,C:\Users\frida\Documents\PhD\Waggle_dance\wd_SA2025\dome\rightcameraangle_probably\20250127\2025-01-27 11-44-44.mkv,1,,,,,,,,,,,
66b,2025-01-27,2025-01-27__66b_2025-01-27 11-44-44,66b_2025-01-27 11-44-44,5,,"(0.6608803679394093, -0.7504912652871258)",613,760,"(613, 760)",,66b_2025-01-27 11-44-44_waggle_annotations.csv,,,0.6608803679394093,-0.7504912652871258,41.36704926051179,748,C:\Users\frida\Documents\PhD\Waggle_dance\wd_SA2025\dome\rightcameraangle_probably\20250127\2025-01-27 11-44-44.mkv,1,,,,,,,,,,,
66b,2025-01-27,2025-01-27__66b_2025-01-27 11-56-04,66b_2025-01-27 11-56-04,1,,"(0.7795089347933047, 0.6263911083160484)",767,896,"(767, 896)",,66b_2025-01-27 11-56-04_waggle_annotations.csv,,,0.7795089347933047,0.6263911083160484,128.78436410029735,173,C:\Users\frida\Documents\PhD\Waggle_dance\wd_SA2025\dome\rightcameraangle_probably\20250127\2025-01-27 11-56-04.mkv,1,,,,,,,,,,,
66b,2025-01-27,2025-01-27__66b_2025-01-27 11-56-04,66b_2025-01-27 11-56-04,2,,"(0.24880289780899334, 0.9685541378992955)",610,807,"(610, 807)",,66b_2025-01-27 11-56-04_waggle_annotations.csv,,,0.2488028978089933,0.9685541378992956,165.59331484356312,285,C:\Users\frida\Documents\PhD\Waggle_dance\wd_SA2025\dome\rightcameraangle_probably\20250127\2025-01-27 11-56-04.mkv,1,,,,,,,,,,,
66b,2025-01-27,2025-01-27__66b_2025-01-27 11-56-04,66b_2025-01-27 11-56-04,3,,"(0.9950371902099892, -0.09950371902099892)",727,735,"(727, 735)",,66b_2025-01-27 11-56-04_waggle_annotations.csv,,,0.9950371902099892,-0.0995037190209989,84.28940686250037,428,C:\Users\frida\Documents\PhD\Waggle_dance\wd_SA2025\dome\rightcameraangle_probably\20250127\2025-01-27 11-56-04.mkv,1,,,,,,,,,,,
66b,2025-01-27,2025-01-27__66b_2025-01-27 11-56-04,66b_2025-01-27 11-56-04,4,,"(0.9453729816262721, -0.32599068331940423)",720,738,"(720, 738)",,66b_2025-01-27 11-56-04_waggle_annotations.csv,,,0.945372981626272,-0.3259906833194042,70.97439396243132,528,C:\Users\frida\Documents\PhD\Waggle_dance\wd_SA2025\dome\rightcameraangle_probably\20250127\2025-01-27 11-56-04.mkv,1,,,,,,,,,,,
66b,2025-01-27,2025-01-27__66b_2025-01-27 11-56-04,66b_2025-01-27 11-56-04,5,,"(0.9383431168171101, 0.34570535882735637)",695,918,"(695, 918)",,66b_2025-01-27 11-56-04_waggle_annotations.csv,,,0.93834311681711,0.3457053588273563,110.22485943116808,650,C:\Users\frida\Documents\PhD\Waggle_dance\wd_SA2025\dome\rightcameraangle_probably\20250127\2025-01-27 11-56-04.mkv,1,,,,,,,,,,,
66b,2025-01-27,2025-01-27__66b_2025-01-27 11-56-04,66b_2025-01-27 11-56-04,6,,"(0.8279186904883319, 0.5608481451695152)",695,979,"(695, 979)",,66b_2025-01-27 11-56-04_waggle_annotations.csv,,,0.8279186904883319,0.5608481451695152,124.11447294534128,742,C:\Users\frida\Documents\PhD\Waggle_dance\wd_SA2025\dome\rightcameraangle_probably\20250127\2025-01-27 11-56-04.mkv,1,,,,,,,,,,,
66b,2025-01-27,2025-01-27__66b_2025-01-27 11-56-04,66b_2025-01-27 11-56-04,7,,"(0.773957299203321, 0.6332377902572627)",690,1012,"(690, 1012)",,66b_2025-01-27 11-56-04_waggle_annotations.csv,,,0.773957299203321,0.6332377902572627,129.28940686250036,835,C:\Users\frida\Documents\PhD\Waggle_dance\wd_SA2025\dome\rightcameraangle_probably\20250127\2025-01-27 11-56-04.mkv,1,,,,,,,,,,,
66b,2025-01-27,2025-01-27__66b_2025-01-27 12-03-34,66b_2025-01-27 12-03-34,1,,"(0.9905293575632534, -0.13730109906817375)",754,838,"(754, 838)",,66b_2025-01-27 12-03-34_waggle_annotations.csv,,,0.9905293575632534,-0.1373010990681737,82.1082975717643,1273,C:\Users\frida\Documents\PhD\Waggle_dance\wd_SA2025\dome\rightcameraangle_probably\20250127\2025-01-27 12-03-34.mkv,1,,,,,,,,,,,
66b,2025-01-27,2025-01-27__66b_2025-01-27 12-03-34,66b_2025-01-27 12-03-34,2,,"(0.8424492602913455, 0.5387756897212093)",749,878,"(749, 878)",,66b_2025-01-27 12-03-34_waggle_annotations.csv,,,0.8424492602913455,0.5387756897212093,122.60033357369024,1368,C:\Users\frida\Documents\PhD\Waggle_dance\wd_SA2025\dome\rightcameraangle_probably\20250127\2025-01-27 12-03-34.mkv,1,,,,,,,,,,,
66b,2025-01-27,2025-01-27__66b_2025-01-27 12-03-34,66b_2025-01-27 12-03-34,3,,"(-0.3355187862897876, 0.942033515352096)",715,855,"(715, 855)",,66b_2025-01-27 12-03-34_waggle_annotations.csv,,,-0.3355187862897876,0.942033515352096,199.60408815082943,1473,C:\Users\frida\Documents\PhD\Waggle_dance\wd_SA2025\dome\rightcameraangle_probably\20250127\2025-01-27 12-03-34.mkv,1,,,,,,,,,,,
66b,2025-01-27,2025-01-27__66b_2025-01-27 12-03-34,66b_2025-01-27 12-03-34,4,,"(0.13158907310989346, -0.9913043507611974)",637,853,"(637, 853)",,66b_2025-01-27 12-03-34_waggle_annotations.csv,,,0.1315890731098934,-0.9913043507611974,7.561428427666961,1666,C:\Users\frida\Documents\PhD\Waggle_dance\wd_SA2025\dome\rightcameraangle_probably\20250127\2025-01-27 12-03-34.mkv,1,,,,,,,,,,,
66b,2025-01-27,2025-01-27__66b_2025-01-27 12-03-34,66b_2025-01-27 12-03-34,5,,"(-0.10546906201345364, 0.9944225846982772)",624,879,"(624, 879)",,66b_2025-01-27 12-03-34_waggle_annotations.csv,,,-0.1054690620134536,0.9944225846982772,186.05419189411484,1845,C:\Users\frida\Documents\PhD\Waggle_dance\wd_SA2025\dome\rightcameraangle_probably\20250127\2025-01-27 12-03-34.mkv,1,,,,,,,,,,,
66b,2025-01-27,2025-01-27__66b_2025-01-27 12-03-34,66b_2025-01-27 12-03-34,6,,"(0.6114475010757654, 0.7912850013921671)",579,845,"(579, 845)",,66b_2025-01-27 12-03-34_waggle_annotations.csv,,,0.6114475010757654,0.7912850013921671,142.30575953331083,1958,C:\Users\frida\Documents\PhD\Waggle_dance\wd_SA2025\dome\rightcameraangle_probably\20250127\2025-01-27 12-03-34.mkv,1,,,,,,,,,,,
66b,2025-01-27,2025-01-27__66b_2025-01-27 12-03-34,66b_2025-01-27 12-03-34,7,,"(0.9936052547897187, 0.11290968804428622)",647,845,"(647, 845)",,66b_2025-01-27 12-03-34_waggle_annotations.csv,,,0.9936052547897188,0.1129096880442862,96.48307369289724,2084,C:\Users\frida\Documents\PhD\Waggle_dance\wd_SA2025\dome\rightcameraangle_probably\20250127\2025-01-27 12-03-34.mkv,1,,,,,,,,,,,
66b,2025-01-27,2025-01-27__66b_2025-01-27 12-03-34,66b_2025-01-27 12-03-34,8,,"(0.655686655446243, 0.7550331183926435)",490,890,"(490, 890)",,66b_2025-01-27 12-03-34_waggle_annotations.csv,,,0.655686655446243,0.7550331183926435,139.02826366648517,3580,C:\Users\frida\Documents\PhD\Waggle_dance\wd_SA2025\dome\rightcameraangle_probably\20250127\2025-01-27 12-03-34.mkv,1,,,,,,,,,,,
66b,2025-01-27,2025-01-27__66b_2025-01-27 12-03-34,66b_2025-01-27 12-03-34,9,,"(-0.3683643681089523, 0.929681500465451)",585,882,"(585, 882)",,66b_2025-01-27 12-03-34_waggle_annotations.csv,,,-0.3683643681089523,0.929681500465451,201.61477894278624,3780,C:\Users\frida\Documents\PhD\Waggle_dance\wd_SA2025\dome\rightcameraangle_probably\20250127\2025-01-27 12-03-34.mkv,1,,,,,,,,,,,
66b,2025-01-27,2025-01-27__66b_2025-01-27 12-03-34,66b_2025-01-27 12-03-34,10,,"(0.2290393337255473, 0.973417168333576)",552,832,"(552, 832)",,66b_2025-01-27 12-03-34_waggle_annotations.csv,,,0.2290393337255473,0.973417168333576,166.75948008481282,3935,C:\Users\frida\Documents\PhD\Waggle_dance\wd_SA2025\dome\rightcameraangle_probably\20250127\2025-01-27 12-03-34.mkv,1,,,,,,,,,,,
66b,2025-01-27,2025-01-27__66b_2025-01-27 15-01-25,66b_2025-01-27 15-01-25,1,,"(-0.9907115796044094, -0.13598002073001697)",670,743,"(670, 743)",,66b_2025-01-27 15-01-25_waggle_annotations.csv,,,-0.9907115796044094,-0.1359800207300169,277.8152935467669,2571,C:\Users\frida\Documents\PhD\Waggle_dance\wd_SA2025\dome\rightcameraangle_probably\20250127\2025-01-27 15-01-25.mkv,1,,,,,,,,,,,
66b,2025-01-27,2025-01-27__66b_2025-01-27 15-01-25,66b_2025-01-27 15-01-25,2,,"(-0.9401906246577834, -0.3406487770499215)",688,667,"(688, 667)",,66b_2025-01-27 15-01-25_waggle_annotations.csv,,,-0.9401906246577834,-0.3406487770499215,289.91640599380906,2714,C:\Users\frida\Documents\PhD\Waggle_dance\wd_SA2025\dome\rightcameraangle_probably\20250127\2025-01-27 15-01-25.mkv,1,,,,,,,,,,,
66b,2025-01-27,2025-01-27__66b_2025-01-27 15-01-25,66b_2025-01-27 15-01-25,3,,"(-0.07124704998790964, -0.997458699830735)",712,723,"(712, 723)",,66b_2025-01-27 15-01-25_waggle_annotations.csv,,,-0.0712470499879096,-0.997458699830735,355.9143832200251,2815,C:\Users\frida\Documents\PhD\Waggle_dance\wd_SA2025\dome\rightcameraangle_probably\20250127\2025-01-27 15-01-25.mkv,1,,,,,,,,,,,
66b,2025-01-27,2025-01-27__66b_2025-01-27 15-01-25,66b_2025-01-27 15-01-25,4,,"(-0.9808789464894238, -0.1946188385891714)",754,815,"(754, 815)",,66b_2025-01-27 15-01-25_waggle_annotations.csv,,,-0.9808789464894238,-0.1946188385891714,281.2224580694448,3785,C:\Users\frida\Documents\PhD\Waggle_dance\wd_SA2025\dome\rightcameraangle_probably\20250127\2025-01-27 15-01-25.mkv,1,,,,,,,,,,,
66b,2025-01-27,2025-01-27__66b_2025-01-27 15-01-25,66b_2025-01-27 15-01-25,5,,"(-0.720833064901856, 0.6931087162517846)",705,803,"(705, 803)",,66b_2025-01-27 15-01-25_waggle_annotations.csv,,,-0.720833064901856,0.6931087162517846,226.12330271407544,3886,C:\Users\frida\Documents\PhD\Waggle_dance\wd_SA2025\dome\rightcameraangle_probably\20250127\2025-01-27 15-01-25.mkv,1,,,,,,,,,,,
66b,2025-01-27,2025-01-27__66b_2025-01-27 15-01-25,66b_2025-01-27 15-01-25,6,,"(-0.7568230077691596, 0.6536198703460924)",563,825,"(563, 825)",,66b_2025-01-27 15-01-25_waggle_annotations.csv,,,-0.7568230077691596,0.6536198703460924,229.1849161251184,4420,C:\Users\frida\Documents\PhD\Waggle_dance\wd_SA2025\dome\rightcameraangle_probably\20250127\2025-01-27 15-01-25.mkv,1,,,,,,,,,,,
66b,2025-01-27,2025-01-27__66b_2025-01-27 15-01-25,66b_2025-01-27 15-01-25,7,,"(0.6463445693131511, 0.7630456721058034)",556,849,"(556, 849)",,66b_2025-01-27 15-01-25_waggle_annotations.csv,,,0.6463445693131511,0.7630456721058034,139.7334383305755,4548,C:\Users\frida\Documents\PhD\Waggle_dance\wd_SA2025\dome\rightcameraangle_probably\20250127\2025-01-27 15-01-25.mkv,1,,,,,,,,,,,
66b,2025-01-27,2025-01-27__66b_2025-01-27 15-01-25,66b_2025-01-27 15-01-25,8,,"(-0.7540815958863059, 0.6567807448042019)",574,848,"(574, 848)",,66b_2025-01-27 15-01-25_waggle_annotations.csv,,,-0.7540815958863059,0.6567807448042019,228.94518622903755,4674,C:\Users\frida\Documents\PhD\Waggle_dance\wd_SA2025\dome\rightcameraangle_probably\20250127\2025-01-27 15-01-25.mkv,1,,,,,,,,,,,
66b,2025-01-27,2025-01-27__66b_2025-01-27 15-01-25,66b_2025-01-27 15-01-25,9,,"(-0.8902481629773388, 0.4554758043139873)",579,843,"(579, 843)",,66b_2025-01-27 15-01-25_waggle_annotations.csv,,,-0.8902481629773388,0.4554758043139873,242.90444750624812,4764,C:\Users\frida\Documents\PhD\Waggle_dance\wd_SA2025\dome\rightcameraangle_probably\20250127\2025-01-27 15-01-25.mkv,1,,,,,,,,,,,
66b,2025-01-27,2025-01-27__66b_2025-01-27 15-01-25,66b_2025-01-27 15-01-25,10,,"(-0.25615823848772273, 0.9666348622178217)",592,734,"(592, 734)",,66b_2025-01-27 15-01-25_waggle_annotations.csv,,,-0.2561582384877227,0.9666348622178216,194.8422270579111,5508,C:\Users\frida\Documents\PhD\Waggle_dance\wd_SA2025\dome\rightcameraangle_probably\20250127\2025-01-27 15-01-25.mkv,1,,,,,,,,,,,
66b,2025-01-28,2025-01-28__66b_00023,66b_00023,1,,"(-0.4392101320049426, -0.8983843609192008)",747,866,"(747, 866)",,66b_00023_waggle_annotations.csv,,,-0.4392101320049426,-0.8983843609192008,333.9465046895091,24,E:\2026Trackathon\James\mp4\20250128\00023.mp4,1,,,,,,,,,,,
66b,2025-01-28,2025-01-28__66b_00023,66b_00023,2,,"(0.2333729524753242, -0.9723873019805175)",699,845,"(699, 845)",,66b_00023_waggle_annotations.csv,,,0.2333729524753242,-0.9723873019805176,13.495733280795813,79,E:\2026Trackathon\James\mp4\20250128\00023.mp4,1,,,,,,,,,,,
66b,2025-01-28,2025-01-28__66b_00023,66b_00023,3,,"(-0.24253562503633297, 0.9701425001453319)",881,974,"(881, 974)",,66b_00023_waggle_annotations.csv,,,-0.2425356250363329,0.970142500145332,194.03624346792648,229,E:\2026Trackathon\James\mp4\20250128\00023.mp4,1,,,,,,,,,,,
66b,2025-01-28,2025-01-28__66b_00023,66b_00023,4,,"(0.0, -1.0)",897,975,"(897, 975)",,66b_00023_waggle_annotations.csv,,,0.0,-1.0,0.0,248,E:\2026Trackathon\James\mp4\20250128\00023.mp4,1,,,,,,,,,,,
66b,2025-01-28,2025-01-28__66b_00023,66b_00023,5,,"(0.04078236951430928, -0.9991680531005774)",884,859,"(884, 859)",,66b_00023_waggle_annotations.csv,,,0.0407823695143092,-0.9991680531005774,2.33730585912382,294,E:\2026Trackathon\James\mp4\20250128\00023.mp4,1,,,,,,,,,,,
66b,2025-01-28,2025-01-28__66b_00023,66b_00023,6,,"(0.036339618107142986, -0.9993394979464321)",890,788,"(890, 788)",,66b_00023_waggle_annotations.csv,,,0.0363396181071429,-0.999339497946432,2.082565279730885,619,E:\2026Trackathon\James\mp4\20250128\00023.mp4,1,,,,,,,,,,,
66b,2025-01-28,2025-01-28__66b_00023,66b_00023,7,,"(0.01999600119960014, -0.9998000599800071)",821,825,"(821, 825)",,66b_00023_waggle_annotations.csv,,,0.0199960011996001,-0.9998000599800072,1.1457628381751033,681,E:\2026Trackathon\James\mp4\20250128\00023.mp4,1,,,,,,,,,,,
66b,2025-01-28,2025-01-28__66b_00023,66b_00023,8,,"(0.06651901052377393, -0.997785157856609)",900,765,"(900, 765)",,66b_00023_waggle_annotations.csv,,,0.0665190105237739,-0.997785157856609,3.814074834290354,749,E:\2026Trackathon\James\mp4\20250128\00023.mp4,1,,,,,,,,,,,
66b,2025-01-28,2025-01-28__66b_00024,66b_00024,1,,"(-0.11914522061843064, -0.992876838486922)",1316,783,"(1316, 783)",,66b_00024_waggle_annotations.csv,,,-0.1191452206184306,-0.992876838486922,353.15722658736905,21,E:\2026Trackathon\James\mp4\20250128\00024.mp4,1,,,,,,,,,,,
66b,2025-01-28,2025-01-28__66b_00024,66b_00024,2,,"(0.07124704998790965, -0.997458699830735)",1272,772,"(1272, 772)",,66b_00024_waggle_annotations.csv,,,0.0712470499879096,-0.997458699830735,4.0856167799748775,95,E:\2026Trackathon\James\mp4\20250128\00024.mp4,1,,,,,,,,,,,
66b,2025-01-28,2025-01-28__66b_00024,66b_00024,3,,"(0.0, -1.0)",1208,719,"(1208, 719)",,66b_00024_waggle_annotations.csv,,,0.0,-1.0,0.0,141,E:\2026Trackathon\James\mp4\20250128\00024.mp4,1,,,,,,,,,,,
66b,2025-01-28,2025-01-28__66b_00024,66b_00024,4,,"(0.04163054471218133, -0.999133073092352)",1199,717,"(1199, 717)",,66b_00024_waggle_annotations.csv,,,0.0416305447121813,-0.999133073092352,2.3859440303888126,199,E:\2026Trackathon\James\mp4\20250128\00024.mp4,1,,,,,,,,,,,
66b,2025-01-28,2025-01-28__66b_00024,66b_00024,5,,"(-0.28216632399155017, -0.9593655015712707)",1204,705,"(1204, 705)",,66b_00024_waggle_annotations.csv,,,-0.2821663239915501,-0.9593655015712708,343.6104596659652,248,E:\2026Trackathon\James\mp4\20250128\00024.mp4,1,,,,,,,,,,,
66b,2025-01-28,2025-01-28__66b_00024,66b_00024,6,,"(-0.10578605459352258, -0.9943889131791123)",1164,695,"(1164, 695)",,66b_00024_waggle_annotations.csv,,,-0.1057860545935225,-0.9943889131791124,353.9275435927923,292,E:\2026Trackathon\James\mp4\20250128\00024.mp4,1,,,,,,,,,,,
66b,2025-01-28,2025-01-28__66b_00024,66b_00024,7,,"(-0.15496776884521193, -0.9879195263882261)",1155,659,"(1155, 659)",,66b_00024_waggle_annotations.csv,,,-0.1549677688452119,-0.987919526388226,351.0850730428521,339,E:\2026Trackathon\James\mp4\20250128\00024.mp4,1,,,,,,,,,,,
66b,2025-01-28,2025-01-28__66b_00024,66b_00024,8,,"(-0.3744630496012833, -0.9272418371079396)",1182,628,"(1182, 628)",,66b_00024_waggle_annotations.csv,,,-0.3744630496012833,-0.9272418371079396,338.00887008282285,383,E:\2026Trackathon\James\mp4\20250128\00024.mp4,1,,,,,,,,,,,
66b,2025-01-28,2025-01-28__66b_00024,66b_00024,9,,"(-0.19274530403092788, -0.9812488205210874)",1196,613,"(1196, 613)",,66b_00024_waggle_annotations.csv,,,-0.1927453040309278,-0.9812488205210874,348.8869594640517,422,E:\2026Trackathon\James\mp4\20250128\00024.mp4,1,,,,,,,,,,,
66b,2025-01-28,2025-01-28__66b_00024,66b_00024,10,,"(0.045407660918649985, -0.9989685402102997)",1080,713,"(1080, 713)",,66b_00024_waggle_annotations.csv,,,0.0454076609186499,-0.9989685402102996,2.602562202499806,479,E:\2026Trackathon\James\mp4\20250128\00024.mp4,1,,,,,,,,,,,
66b,2025-01-28,2025-01-28__66b_00024,66b_00024,11,,"(0.03770900990025203, -0.9992887623566787)",1133,707,"(1133, 707)",,66b_00024_waggle_annotations.csv,,,0.037709009900252,-0.9992887623566789,2.161079488226372,527,E:\2026Trackathon\James\mp4\20250128\00024.mp4,1,,,,,,,,,,,
66b,2025-01-28,2025-01-28__66b_00024,66b_00024,12,,"(-0.09571240664425779, -0.9954090291002811)",1142,665,"(1142, 665)",,66b_00024_waggle_annotations.csv,,,-0.0957124066442577,-0.9954090291002812,354.50767544287254,570,E:\2026Trackathon\James\mp4\20250128\00024.mp4,1,,,,,,,,,,,
66b,2025-01-28,2025-01-28__66b_00024,66b_00024,13,,"(-0.13003403680018621, -0.9915095306014198)",1139,636,"(1139, 636)",,66b_00024_waggle_annotations.csv,,,-0.1300340368001862,-0.9915095306014198,352.5284408234076,611,E:\2026Trackathon\James\mp4\20250128\00024.mp4,1,,,,,,,,,,,
66b,2025-01-28,2025-01-28__66b_00024,66b_00024,14,,"(0.03843312210120439, -0.9992611746313143)",1121,635,"(1121, 635)",,66b_00024_waggle_annotations.csv,,,0.0384331221012043,-0.9992611746313144,2.2025981617658053,651,E:\2026Trackathon\James\mp4\20250128\00024.mp4,1,,,,,,,,,,,
66b,2025-01-28,2025-01-28__66b_00024,66b_00024,15,,"(-0.08893193797450552, -0.9960377053144619)",1114,637,"(1114, 637)",,66b_00024_waggle_annotations.csv,,,-0.0889319379745055,-0.996037705314462,354.8978347476418,691,E:\2026Trackathon\James\mp4\20250128\00024.mp4,1,,,,,,,,,,,
66b,2025-01-28,2025-01-28__66b_00024,66b_00024,16,,"(0.10360608425945601, -0.9946184088907778)",1145,662,"(1145, 662)",,66b_00024_waggle_annotations.csv,,,0.103606084259456,-0.9946184088907778,5.946863053973499,743,E:\2026Trackathon\James\mp4\20250128\00024.mp4,1,,,,,,,,,,,
66b,2025-01-28,2025-01-28__66b_00024,66b_00024,17,,"(-0.08853979028379436, -0.9960726406926864)",1168,656,"(1168, 656)",,66b_00024_waggle_annotations.csv,,,-0.0885397902837943,-0.9960726406926864,354.92039213998544,786,E:\2026Trackathon\James\mp4\20250128\00024.mp4,1,,,,,,,,,,,
66b,2025-01-28,2025-01-28__66b_00024,66b_00024,18,,"(-0.23257321322170788, -0.9725788916544148)",1045,728,"(1045, 728)",,66b_00024_waggle_annotations.csv,,,-0.2325732132217078,-0.9725788916544148,346.5513849483135,849,E:\2026Trackathon\James\mp4\20250128\00024.mp4,1,,,,,,,,,,,
66b,2025-01-28,2025-01-28__66b_00024,66b_00024,19,,"(-0.05547001962252291, -0.9984603532054125)",1076,735,"(1076, 735)",,66b_00024_waggle_annotations.csv,,,-0.0554700196225229,-0.9984603532054124,356.8201698801358,894,E:\2026Trackathon\James\mp4\20250128\00024.mp4,1,,,,,,,,,,,
66b,2025-01-28,2025-01-28__66b_00024,66b_00024,20,,"(-0.20395425411200105, -0.9789804197376051)",1073,748,"(1073, 748)",,66b_00024_waggle_annotations.csv,,,-0.203954254112001,-0.9789804197376052,348.23171106797935,942,E:\2026Trackathon\James\mp4\20250128\00024.mp4,1,,,,,,,,,,,
66b,2025-01-28,2025-01-28__66b_00024,66b_00024,21,,"(-0.039185566695354605, -0.9992319507315425)",1044,699,"(1044, 699)",,66b_00024_waggle_annotations.csv,,,-0.0391855666953546,-0.9992319507315424,357.75425743410494,1515,E:\2026Trackathon\James\mp4\20250128\00024.mp4,1,,,,,,,,,,,
66b,2025-01-28,2025-01-28__66b_00024,66b_00024,22,,"(-0.09219821056073614, -0.9957406740559502)",970,880,"(970, 880)",,66b_00024_waggle_annotations.csv,,,-0.0921982105607361,-0.9957406740559502,354.7099187946287,1810,E:\2026Trackathon\James\mp4\20250128\00024.mp4,1,,,,,,,,,,,
66b,2025-01-28,2025-01-28__66b_00024,66b_00024,23,,"(-0.11588069956017834, -0.993263139087243)",1021,949,"(1021, 949)",,66b_00024_waggle_annotations.csv,,,-0.1158806995601783,-0.993263139087243,353.3455749539934,1858,E:\2026Trackathon\James\mp4\20250128\00024.mp4,1,,,,,,,,,,,
66b,2025-01-28,2025-01-28__66b_00024,66b_00024,24,,"(-0.04833055142332259, -0.9988313960820002)",1077,962,"(1077, 962)",,66b_00024_waggle_annotations.csv,,,-0.0483305514233225,-0.9988313960820002,357.2297842027998,1896,E:\2026Trackathon\James\mp4\20250128\00024.mp4,1,,,,,,,,,,,
66b,2025-01-28,2025-01-28__66b_00024,66b_00024,25,,"(0.018515344006020947, -0.9998285763251312)",1059,944,"(1059, 944)",,66b_00024_waggle_annotations.csv,,,0.0185153440060209,-0.9998285763251312,1.0609116902642275,1933,E:\2026Trackathon\James\mp4\20250128\00024.mp4,1,,,,,,,,,,,
66b,2025-01-28,2025-01-28__66b_00024,66b_00024,26,,"(-0.052558833122763673, -0.9986178293325098)",1082,954,"(1082, 954)",,66b_00024_waggle_annotations.csv,,,-0.0525588331227636,-0.9986178293325098,356.98721249581666,1973,E:\2026Trackathon\James\mp4\20250128\00024.mp4,1,,,,,,,,,,,
66b,2025-01-28,2025-01-28__66b_00024,66b_00024,27,,"(-0.16710823010753623, -0.9859385576344637)",1123,926,"(1123, 926)",,66b_00024_waggle_annotations.csv,,,-0.1671082301075362,-0.9859385576344636,350.38027220030114,2020,E:\2026Trackathon\James\mp4\20250128\00024.mp4,1,,,,,,,,,,,
66b,2025-01-28,2025-01-28__66b_00024,66b_00024,28,,"(-0.1643989873053573, -0.9863939238321437)",1168,938,"(1168, 938)",,66b_00024_waggle_annotations.csv,,,-0.1643989873053573,-0.9863939238321436,350.5376777919744,2060,E:\2026Trackathon\James\mp4\20250128\00024.mp4,1,,,,,,,,,,,
66b,2025-01-28,2025-01-28__66b_00024,66b_00024,29,,"(-0.17279947800812523, -0.9849570246463139)",1172,931,"(1172, 931)",,66b_00024_waggle_annotations.csv,,,-0.1727994780081252,-0.984957024646314,350.0493733120484,2106,E:\2026Trackathon\James\mp4\20250128\00024.mp4,1,,,,,,,,,,,
66b,2025-01-28,2025-01-28__66b_00024,66b_00024,30,,"(0.16741469965597303, -0.98588656464073)",1185,937,"(1185, 937)",,66b_00024_waggle_annotations.csv,,,0.167414699655973,-0.98588656464073,9.637538112930947,2153,E:\2026Trackathon\James\mp4\20250128\00024.mp4,1,,,,,,,,,,,
66b,2025-01-28,2025-01-28__66b_00024,66b_00024,31,,"(0.09757142403137058, -0.99522852511998)",1130,903,"(1130, 903)",,66b_00024_waggle_annotations.csv,,,0.0975714240313705,-0.99522852511998,5.59933933652057,2197,E:\2026Trackathon\James\mp4\20250128\00024.mp4,1,,,,,,,,,,,
66b,2025-01-28,2025-01-28__66b_00024,66b_00024,32,,"(0.10578605459352258, -0.9943889131791123)",1134,885,"(1134, 885)",,66b_00024_waggle_annotations.csv,,,0.1057860545935225,-0.9943889131791124,6.0724564072077,2236,E:\2026Trackathon\James\mp4\20250128\00024.mp4,1,,,,,,,,,,,
66b,2025-01-28,2025-01-28__66b_00024,66b_00024,33,,"(-0.13341201214153917, -0.9910606616228624)",1153,882,"(1153, 882)",,66b_00024_waggle_annotations.csv,,,-0.1334120121415391,-0.9910606616228624,352.33319573818585,2284,E:\2026Trackathon\James\mp4\20250128\00024.mp4,1,,,,,,,,,,,
66b,2025-01-28,2025-01-28__66b_00024,66b_00024,34,,"(0.19611613513818404, -0.9805806756909202)",1155,873,"(1155, 873)",,66b_00024_waggle_annotations.csv,,,0.196116135138184,-0.9805806756909202,11.309932474020211,2321,E:\2026Trackathon\James\mp4\20250128\00024.mp4,1,,,,,,,,,,,
66b,2025-01-28,2025-01-28__66b_00024,66b_00024,35,,"(0.14925269233005106, -0.9887990866865883)",1149,851,"(1149, 851)",,66b_00024_waggle_annotations.csv,,,0.149252692330051,-0.9887990866865884,8.583621480113948,2361,E:\2026Trackathon\James\mp4\20250128\00024.mp4,1,,,,,,,,,,,
66b,2025-01-28,2025-01-28__66b_00024,66b_00024,36,,"(-0.3285206249412727, -0.944496796706159)",1167,827,"(1167, 827)",,66b_00024_waggle_annotations.csv,,,-0.3285206249412727,-0.944496796706159,340.82099197418927,2401,E:\2026Trackathon\James\mp4\20250128\00024.mp4,1,,,,,,,,,,,
66b,2025-01-28,2025-01-28__66b_00024,66b_00024,37,,"(-0.18884739365012448, -0.9820064469806473)",1114,801,"(1114, 801)",,66b_00024_waggle_annotations.csv,,,-0.1888473936501244,-0.9820064469806472,349.1144729453413,2442,E:\2026Trackathon\James\mp4\20250128\00024.mp4,1,,,,,,,,,,,
66b,2025-01-28,2025-01-28__66b_00024,66b_00024,38,,"(0.13819603191146362, -0.9904048953654893)",1126,793,"(1126, 793)",,66b_00024_waggle_annotations.csv,,,0.1381960319114636,-0.9904048953654891,7.943471810590411,2480,E:\2026Trackathon\James\mp4\20250128\00024.mp4,1,,,,,,,,,,,
66b,2025-01-28,2025-01-28__66b_00027,66b_00027,1,,"(-0.9434601396511317, 0.3314859950125598)",1143,600,"(1143, 600)",,66b_00027_waggle_annotations.csv,,,-0.9434601396511316,0.3314859950125598,250.64100582430527,68,E:\2026Trackathon\James\mp4\20250128\00027.mp4,1,,,,,,,,,,,
66b,2025-01-28,2025-01-28__66b_00027,66b_00027,2,,"(-0.8232127859153064, -0.5677329558036596)",1118,624,"(1118, 624)",,66b_00027_waggle_annotations.csv,,,-0.8232127859153064,-0.5677329558036596,304.59228868750995,117,E:\2026Trackathon\James\mp4\20250128\00027.mp4,1,,,,,,,,,,,
66b,2025-01-28,2025-01-28__66b_00027,66b_00027,3,,"(-0.8598547438407345, 0.5105387541554361)",1024,774,"(1024, 774)",,66b_00027_waggle_annotations.csv,,,-0.8598547438407345,0.5105387541554361,239.3002774491856,210,E:\2026Trackathon\James\mp4\20250128\00027.mp4,1,,,,,,,,,,,
66b,2025-01-28,2025-01-28__66b_00027,66b_00027,4,,"(-0.751164898449876, -0.6601146077286788)",967,774,"(967, 774)",,66b_00027_waggle_annotations.csv,,,-0.751164898449876,-0.6601146077286788,311.3086140135487,261,E:\2026Trackathon\James\mp4\20250128\00027.mp4,1,,,,,,,,,,,
66b,2025-01-28,2025-01-28__66b_00027,66b_00027,5,,"(-0.6401843996644799, -0.7682212795973759)",894,788,"(894, 788)",,66b_00027_waggle_annotations.csv,,,-0.6401843996644799,-0.7682212795973759,320.1944289077348,384,E:\2026Trackathon\James\mp4\20250128\00027.mp4,1,,,,,,,,,,,
66b,2025-01-28,2025-01-28__66b_00027,66b_00027,6,,"(-0.4788521306805733, -0.8778955729143844)",1186,725,"(1186, 725)",,66b_00027_waggle_annotations.csv,,,-0.4788521306805733,-0.8778955729143844,331.3895403340348,756,E:\2026Trackathon\James\mp4\20250128\00027.mp4,1,,,,,,,,,,,
66b,2025-01-28,2025-01-28__66b_00027,66b_00027,7,,"(-0.956351571051339, 0.2922185355990202)",1168,676,"(1168, 676)",,66b_00027_waggle_annotations.csv,,,-0.956351571051339,0.2922185355990202,253.00917670801385,793,E:\2026Trackathon\James\mp4\20250128\00027.mp4,1,,,,,,,,,,,
66b,2025-01-28,2025-01-28__66b_00027,66b_00027,8,,"(-0.9647638212377321, -0.26311740579210874)",1168,705,"(1168, 705)",,66b_00027_waggle_annotations.csv,,,-0.964763821237732,-0.2631174057921087,285.25511870305775,836,E:\2026Trackathon\James\mp4\20250128\00027.mp4,1,,,,,,,,,,,
66b,2025-01-28,2025-01-28__66b_00027,66b_00027,9,,"(-0.9996349698728535, 0.02701716134791496)",1128,712,"(1128, 712)",,66b_00027_waggle_annotations.csv,,,-0.9996349698728536,0.0270171613479149,268.45184230102205,887,E:\2026Trackathon\James\mp4\20250128\00027.mp4,1,,,,,,,,,,,
66b,2025-01-28,2025-01-28__66b_00027,66b_00027,10,,"(-0.421111306454629, -0.9070089677484316)",1165,723,"(1165, 723)",,66b_00027_waggle_annotations.csv,,,-0.421111306454629,-0.9070089677484316,335.0952311919048,927,E:\2026Trackathon\James\mp4\20250128\00027.mp4,1,,,,,,,,,,,
66b,2025-01-28,2025-01-28__66b_00027,66b_00027,11,,"(-0.862697970097658, -0.5057194997124201)",1225,715,"(1225, 715)",,66b_00027_waggle_annotations.csv,,,-0.862697970097658,-0.5057194997124201,300.3791260113683,1003,E:\2026Trackathon\James\mp4\20250128\00027.mp4,1,,,,,,,,,,,
66b,2025-01-28,2025-01-28__66b_00027,66b_00027,12,,"(-0.8507979973592923, -0.5254928807219158)",1183,724,"(1183, 724)",,66b_00027_waggle_annotations.csv,,,-0.8507979973592923,-0.5254928807219158,301.7014296695057,1044,E:\2026Trackathon\James\mp4\20250128\00027.mp4,1,,,,,,,,,,,
66b,2025-01-28,2025-01-28__66b_00027,66b_00027,13,,"(0.22485950669875843, -0.9743911956946198)",1167,763,"(1167, 763)",,66b_00027_waggle_annotations.csv,,,0.2248595066987584,-0.9743911956946198,12.994616791916505,1082,E:\2026Trackathon\James\mp4\20250128\00027.mp4,1,,,,,,,,,,,
66b,2025-01-28,2025-01-28__66b_00027,66b_00027,14,,"(-0.09950371902099892, -0.9950371902099892)",1177,771,"(1177, 771)",,66b_00027_waggle_annotations.csv,,,-0.0995037190209989,-0.9950371902099892,354.2894068625004,1125,E:\2026Trackathon\James\mp4\20250128\00027.mp4,1,,,,,,,,,,,
66b,2025-01-28,2025-01-28__66b_00027,66b_00027,15,,"(-0.26515648302104233, -0.9642053928037904)",1166,776,"(1166, 776)",,66b_00027_waggle_annotations.csv,,,-0.2651564830210423,-0.9642053928037904,344.6237487511738,1161,E:\2026Trackathon\James\mp4\20250128\00027.mp4,1,,,,,,,,,,,
66b,2025-01-28,2025-01-28__66b_00027,66b_00027,16,,"(-0.9216353751380653, -0.38805700005813276)",1053,737,"(1053, 737)",,66b_00027_waggle_annotations.csv,,,-0.9216353751380651,-0.3880570000581327,292.83365417791754,1240,E:\2026Trackathon\James\mp4\20250128\00027.mp4,1,,,,,,,,,,,
66b,2025-01-28,2025-01-28__66b_00027,66b_00027,17,,"(-0.052558833122763673, -0.9986178293325098)",991,809,"(991, 809)",,66b_00027_waggle_annotations.csv,,,-0.0525588331227636,-0.9986178293325098,356.98721249581666,1551,E:\2026Trackathon\James\mp4\20250128\00027.mp4,1,,,,,,,,,,,
66b,2025-01-28,2025-01-28__66b_00027,66b_00027,18,,"(-0.3976074376343004, -0.9175556253099241)",967,786,"(967, 786)",,66b_00027_waggle_annotations.csv,,,-0.3976074376343004,-0.917555625309924,336.5713071912546,1647,E:\2026Trackathon\James\mp4\20250128\00027.mp4,1,,,,,,,,,,,
66b,2025-01-28,2025-01-28__66b_00027,66b_00027,19,,"(-0.9544799780350297, -0.2982749931359468)",902,745,"(902, 745)",,66b_00027_waggle_annotations.csv,,,-0.9544799780350296,-0.2982749931359468,287.35402463626133,1688,E:\2026Trackathon\James\mp4\20250128\00027.mp4,1,,,,,,,,,,,
66b,2025-01-28,2025-01-28__66b_00027,66b_00027,20,,"(-0.0808158687660548, -0.9967290481146759)",989,795,"(989, 795)",,66b_00027_waggle_annotations.csv,,,-0.0808158687660548,-0.996729048114676,355.3645365730974,1916,E:\2026Trackathon\James\mp4\20250128\00027.mp4,1,,,,,,,,,,,
66b,2025-01-28,2025-01-28__66b_00027,66b_00027,21,,"(-0.818191696860666, -0.5749455167129004)",1118,774,"(1118, 774)",,66b_00027_waggle_annotations.csv,,,-0.818191696860666,-0.5749455167129004,305.09581678702614,2143,E:\2026Trackathon\James\mp4\20250128\00027.mp4,1,,,,,,,,,,,
66b,2025-01-28,2025-01-28__66b_00027,66b_00027,22,,"(-0.3481865296036271, -0.9374252720097652)",1091,783,"(1091, 783)",,66b_00027_waggle_annotations.csv,,,-0.3481865296036271,-0.9374252720097652,339.6235647861636,2186,E:\2026Trackathon\James\mp4\20250128\00027.mp4,1,,,,,,,,,,,
66b,2025-01-28,2025-01-28__66b_00027,66b_00027,23,,"(-0.9747323185282742, -0.2233761563293962)",967,669,"(967, 669)",,66b_00027_waggle_annotations.csv,,,-0.9747323185282742,-0.2233761563293962,282.90740867126584,2251,E:\2026Trackathon\James\mp4\20250128\00027.mp4,1,,,,,,,,,,,
66b,2025-01-28,2025-01-28__66b_00027,66b_00027,24,,"(-0.17378533390904768, -0.9847835588179369)",925,759,"(925, 759)",,66b_00027_waggle_annotations.csv,,,-0.1737853339090476,-0.9847835588179368,349.99202019855863,2490,E:\2026Trackathon\James\mp4\20250128\00027.mp4,1,,,,,,,,,,,
66b,2025-01-28,2025-01-28__66b_00027,66b_00027,25,,"(-0.5240974256643347, -0.851658316704544)",954,782,"(954, 782)",,66b_00027_waggle_annotations.csv,,,-0.5240974256643347,-0.851658316704544,328.3924977537511,2560,E:\2026Trackathon\James\mp4\20250128\00027.mp4,1,,,,,,,,,,,
66b,2025-01-28,2025-01-28__66b_00027,66b_00027,26,,"(-0.49026123963255896, -0.8715755371245493)",949,729,"(949, 729)",,66b_00027_waggle_annotations.csv,,,-0.4902612396325589,-0.8715755371245493,330.6422464572087,2591,E:\2026Trackathon\James\mp4\20250128\00027.mp4,1,,,,,,,,,,,
66b,2025-01-28,2025-01-28__66b_00027,66b_00027,27,,"(-0.5486564414868224, -0.8360479108370626)",970,738,"(970, 738)",,66b_00027_waggle_annotations.csv,,,-0.5486564414868224,-0.8360479108370626,326.72511201516505,2639,E:\2026Trackathon\James\mp4\20250128\00027.mp4,1,,,,,,,,,,,
66b,2025-01-28,2025-01-28__66b_00027,66b_00027,28,,"(-0.8715755371245493, -0.49026123963255896)",984,708,"(984, 708)",,66b_00027_waggle_annotations.csv,,,-0.8715755371245493,-0.4902612396325589,299.3577535427913,2675,E:\2026Trackathon\James\mp4\20250128\00027.mp4,1,,,,,,,,,,,
66b,2025-01-28,2025-01-28__66b_00027,66b_00027,29,,"(-0.9994801143396995, -0.03224129401095805)",1014,709,"(1014, 709)",,66b_00027_waggle_annotations.csv,,,-0.9994801143396996,-0.032241294010958,271.8476102659946,2712,E:\2026Trackathon\James\mp4\20250128\00027.mp4,1,,,,,,,,,,,
66b,2025-01-28,2025-01-28__66b_00027,66b_00027,30,,"(-0.9912279006826347, -0.13216372009101796)",999,662,"(999, 662)",,66b_00027_waggle_annotations.csv,,,-0.9912279006826348,-0.1321637200910179,277.59464336859145,2752,E:\2026Trackathon\James\mp4\20250128\00027.mp4,1,,,,,,,,,,,
66b,2025-01-28,2025-01-28__66b_00027,66b_00027,31,,"(-0.9605642644145616, -0.2780580765410573)",981,665,"(981, 665)",,66b_00027_waggle_annotations.csv,,,-0.9605642644145616,-0.2780580765410573,286.1443387802835,2797,E:\2026Trackathon\James\mp4\20250128\00027.mp4,1,,,,,,,,,,,
66b,2025-01-28,2025-01-28__66b_00027,66b_00027,32,,"(-0.9958932064677039, -0.09053574604251853)",1016,639,"(1016, 639)",,66b_00027_waggle_annotations.csv,,,-0.995893206467704,-0.0905357460425185,275.1944289077348,2832,E:\2026Trackathon\James\mp4\20250128\00027.mp4,1,,,,,,,,,,,
66b,2025-01-28,2025-01-28__66b_00027,66b_00027,33,,"(-0.7834976790895338, -0.6213947110020441)",984,676,"(984, 676)",,66b_00027_waggle_annotations.csv,,,-0.7834976790895338,-0.6213947110020441,308.418055344822,2869,E:\2026Trackathon\James\mp4\20250128\00027.mp4,1,,,,,,,,,,,
66b,2025-01-28,2025-01-28__66b_00027,66b_00027,34,,"(-0.9965457582448796, 0.08304547985373997)",984,617,"(984, 617)",,66b_00027_waggle_annotations.csv,,,-0.9965457582448796,0.0830454798537399,265.23635830927384,2904,E:\2026Trackathon\James\mp4\20250128\00027.mp4,1,,,,,,,,,,,
66b,2025-01-28,2025-01-28__66b_00027,66b_00027,35,,"(-0.9996144206527183, -0.027767067240353285)",979,654,"(979, 654)",,66b_00027_waggle_annotations.csv,,,-0.9996144206527184,-0.0277670672403532,271.5911402711946,2943,E:\2026Trackathon\James\mp4\20250128\00027.mp4,1,,,,,,,,,,,
66b,2025-01-28,2025-01-28__66b_00027,66b_00027,36,,"(-0.8320502943378437, -0.5547001962252291)",977,632,"(977, 632)",,66b_00027_waggle_annotations.csv,,,-0.8320502943378437,-0.5547001962252291,303.69006752597977,2978,E:\2026Trackathon\James\mp4\20250128\00027.mp4,1,,,,,,,,,,,
66b,2025-01-28,2025-01-28__66b_00027,66b_00027,37,,"(-0.9209672510685588, -0.389639990836698)",946,699,"(946, 699)",,66b_00027_waggle_annotations.csv,,,-0.9209672510685588,-0.389639990836698,292.9321004375898,3021,E:\2026Trackathon\James\mp4\20250128\00027.mp4,1,,,,,,,,,,,
66b,2025-01-28,2025-01-28__66b_00027,66b_00027,38,,"(-1.0, 0.0)",966,688,"(966, 688)",,66b_00027_waggle_annotations.csv,,,-1.0,0.0,270.0,3060,E:\2026Trackathon\James\mp4\20250128\00027.mp4,1,,,,,,,,,,,
66b,2025-01-28,2025-01-28__66b_00027,66b_00027,39,,"(-1.0, 0.0)",962,688,"(962, 688)",,66b_00027_waggle_annotations.csv,,,-1.0,0.0,270.0,3098,E:\2026Trackathon\James\mp4\20250128\00027.mp4,1,,,,,,,,,,,
66b,2025-01-28,2025-01-28__66b_00027,66b_00027,40,,"(-0.9349975263177834, -0.35465423412053854)",1006,665,"(1006, 665)",,66b_00027_waggle_annotations.csv,,,-0.9349975263177834,-0.3546542341205385,290.77225468204585,3136,E:\2026Trackathon\James\mp4\20250128\00027.mp4,1,,,,,,,,,,,
66b,2025-01-28,2025-01-28__66b_00027,66b_00027,41,,"(-0.9980525784828885, 0.06237828615518053)",1018,694,"(1018, 694)",,66b_00027_waggle_annotations.csv,,,-0.9980525784828884,0.0623782861551805,266.4236656250026,3178,E:\2026Trackathon\James\mp4\20250128\00027.mp4,1,,,,,,,,,,,
66b,2025-01-28,2025-01-28__66b_00027,66b_00027,42,,"(-0.9785497849867489, -0.2060104810498419)",971,677,"(971, 677)",,66b_00027_waggle_annotations.csv,,,-0.9785497849867488,-0.2060104810498419,281.888658039628,3218,E:\2026Trackathon\James\mp4\20250128\00027.mp4,1,,,,,,,,,,,
66b,2025-01-28,2025-01-28__66b_00027,66b_00027,43,,"(-0.8944271909999159, -0.4472135954999579)",980,690,"(980, 690)",,66b_00027_waggle_annotations.csv,,,-0.8944271909999159,-0.4472135954999579,296.565051177078,3261,E:\2026Trackathon\James\mp4\20250128\00027.mp4,1,,,,,,,,,,,
66b,2025-01-28,2025-01-28__66b_00027,66b_00027,44,,"(-0.9856222548132667, -0.1689638151108457)",1018,604,"(1018, 604)",,66b_00027_waggle_annotations.csv,,,-0.9856222548132668,-0.1689638151108457,279.7275785514016,3302,E:\2026Trackathon\James\mp4\20250128\00027.mp4,1,,,,,,,,,,,
66b,2025-01-28,2025-01-28__66b_00027,66b_00027,45,,"(-0.9970544855015816, -0.07669649888473705)",986,592,"(986, 592)",,66b_00027_waggle_annotations.csv,,,-0.9970544855015816,-0.076696498884737,274.3987053549955,3345,E:\2026Trackathon\James\mp4\20250128\00027.mp4,1,,,,,,,,,,,
66b,2025-01-28,2025-01-28__66b_00027,66b_00027,46,,"(-0.981490592025699, -0.19151035941964858)",976,614,"(976, 614)",,66b_00027_waggle_annotations.csv,,,-0.981490592025699,-0.1915103594196485,281.04094018032373,3388,E:\2026Trackathon\James\mp4\20250128\00027.mp4,1,,,,,,,,,,,
66b,2025-01-28,2025-01-28__66b_00027,66b_00027,47,,"(-0.9922778767136677, -0.12403473458920847)",1000,682,"(1000, 682)",,66b_00027_waggle_annotations.csv,,,-0.9922778767136676,-0.1240347345892084,277.1250163489018,3429,E:\2026Trackathon\James\mp4\20250128\00027.mp4,1,,,,,,,,,,,
66b,2025-01-28,2025-01-28__66b_00027,66b_00027,48,,"(-0.9647638212377321, -0.26311740579210874)",955,659,"(955, 659)",,66b_00027_waggle_annotations.csv,,,-0.964763821237732,-0.2631174057921087,285.25511870305775,3472,E:\2026Trackathon\James\mp4\20250128\00027.mp4,1,,,,,,,,,,,
66b,2025-01-28,2025-01-28__66b_00027,66b_00027,49,,"(-0.8395701571521512, -0.5432512781572743)",963,622,"(963, 622)",,66b_00027_waggle_annotations.csv,,,-0.8395701571521512,-0.5432512781572743,302.9052429229879,3511,E:\2026Trackathon\James\mp4\20250128\00027.mp4,1,,,,,,,,,,,
66b,2025-01-28,2025-01-28__66b_00027,66b_00027,50,,"(-0.8155071447352175, -0.578747005941122)",971,647,"(971, 647)",,66b_00027_waggle_annotations.csv,,,-0.8155071447352175,-0.578747005941122,305.36246188706906,3556,E:\2026Trackathon\James\mp4\20250128\00027.mp4,1,,,,,,,,,,,
66b,2025-01-28,2025-01-28__66b_00027,66b_00027,51,,"(-0.6401843996644799, -0.7682212795973759)",972,718,"(972, 718)",,66b_00027_waggle_annotations.csv,,,-0.6401843996644799,-0.7682212795973759,320.1944289077348,3601,E:\2026Trackathon\James\mp4\20250128\00027.mp4,1,,,,,,,,,,,
66b,2025-01-28,2025-01-28__66b_00027,66b_00027,52,,"(-0.6625738822030289, -0.7489965624903806)",953,684,"(953, 684)",,66b_00027_waggle_annotations.csv,,,-0.6625738822030289,-0.7489965624903806,318.50353164478446,3646,E:\2026Trackathon\James\mp4\20250128\00027.mp4,1,,,,,,,,,,,
66b,2025-01-28,2025-01-28__66b_00027,66b_00027,53,,"(-0.31622776601683794, -0.9486832980505138)",917,686,"(917, 686)",,66b_00027_waggle_annotations.csv,,,-0.3162277660168379,-0.9486832980505138,341.565051177078,3678,E:\2026Trackathon\James\mp4\20250128\00027.mp4,1,,,,,,,,,,,
66b,2025-01-28,2025-01-28__66b_00027,66b_00027,54,,"(-0.9863939238321437, -0.1643989873053573)",928,590,"(928, 590)",,66b_00027_waggle_annotations.csv,,,-0.9863939238321436,-0.1643989873053573,279.4623222080256,3739,E:\2026Trackathon\James\mp4\20250128\00027.mp4,1,,,,,,,,,,,
66b,2025-01-28,2025-01-28__66b_00027,66b_00027,55,,"(-1.0, 0.0)",910,610,"(910, 610)",,66b_00027_waggle_annotations.csv,,,-1.0,0.0,270.0,3776,E:\2026Trackathon\James\mp4\20250128\00027.mp4,1,,,,,,,,,,,
66b,2025-01-28,2025-01-28__66b_00027,66b_00027,56,,"(-0.9982743731749958, 0.058722021951470346)",867,574,"(867, 574)",,66b_00027_waggle_annotations.csv,,,-0.9982743731749958,0.0587220219514703,266.6335393365702,3819,E:\2026Trackathon\James\mp4\20250128\00027.mp4,1,,,,,,,,,,,
66b,2025-01-28,2025-01-28__66b_00027,66b_00027,57,,"(-0.9983713344239766, -0.057049790538512946)",852,553,"(852, 553)",,66b_00027_waggle_annotations.csv,,,-0.9983713344239766,-0.0570497905385129,273.2704879231836,3867,E:\2026Trackathon\James\mp4\20250128\00027.mp4,1,,,,,,,,,,,
66b,2025-01-28,2025-01-28__66b_00028,66b_00028,1,,"(-0.7748650207718764, -0.6321267274717939)",754,974,"(754, 974)",,66b_00028_waggle_annotations.csv,,,-0.7748650207718764,-0.6321267274717939,309.2072035049678,2913,E:\2026Trackathon\James\mp4\20250128\00028.mp4,1,28_00029_waggle_annotations.csv,28_00029,C:\Users\frida\Documents\PhD\Waggle_dance\wd_SA2025\wd_annotator\mp4\James\20250128\00029.mp4,10,220.37,2.388,0.9991,-21.27,241.64,,67.56720350496784
66b,2025-01-28,2025-01-28__66b_00028,66b_00028,2,,"(-0.4551110597891078, -0.8904346821960806)",760,967,"(760, 967)",,66b_00028_waggle_annotations.csv,,,-0.4551110597891078,-0.8904346821960806,332.92791976200726,2954,E:\2026Trackathon\James\mp4\20250128\00028.mp4,1,28_00029_waggle_annotations.csv,28_00029,C:\Users\frida\Documents\PhD\Waggle_dance\wd_SA2025\wd_annotator\mp4\James\20250128\00029.mp4,10,220.37,2.388,0.9991,-21.27,241.64,,91.28791976200728
66b,2025-01-28,2025-01-28__66b_00028,66b_00028,3,,"(-0.27472112789737807, -0.9615239476408232)",774,933,"(774, 933)",,66b_00028_waggle_annotations.csv,,,-0.274721127897378,-0.9615239476408232,344.05460409907715,2989,E:\2026Trackathon\James\mp4\20250128\00028.mp4,1,28_00029_waggle_annotations.csv,28_00029,C:\Users\frida\Documents\PhD\Waggle_dance\wd_SA2025\wd_annotator\mp4\James\20250128\00029.mp4,10,220.37,2.388,0.9991,-21.27,241.64,,102.41460409907717
66b,2025-01-28,2025-01-28__66b_00028,66b_00028,4,,"(-0.21693045781865616, -0.9761870601839527)",758,949,"(758, 949)",,66b_00028_waggle_annotations.csv,,,-0.2169304578186561,-0.9761870601839528,347.4711922908485,3040,E:\2026Trackathon\James\mp4\20250128\00028.mp4,1,28_00029_waggle_annotations.csv,28_00029,C:\Users\frida\Documents\PhD\Waggle_dance\wd_SA2025\wd_annotator\mp4\James\20250128\00029.mp4,10,220.37,2.388,0.9991,-21.27,241.64,,105.83119229084849
66b,2025-01-28,2025-01-28__66b_00028,66b_00028,5,,"(-0.7169949188144307, -0.6970783932918077)",767,935,"(767, 935)",,66b_00028_waggle_annotations.csv,,,-0.7169949188144307,-0.6970783932918077,314.19307054489764,3085,E:\2026Trackathon\James\mp4\20250128\00028.mp4,1,28_00029_waggle_annotations.csv,28_00029,C:\Users\frida\Documents\PhD\Waggle_dance\wd_SA2025\wd_annotator\mp4\James\20250128\00029.mp4,10,220.37,2.388,0.9991,-21.27,241.64,,72.55307054489765
66b,2025-01-28,2025-01-28__66b_00028,66b_00028,6,,"(-0.818191696860666, -0.5749455167129004)",757,925,"(757, 925)",,66b_00028_waggle_annotations.csv,,,-0.818191696860666,-0.5749455167129004,305.09581678702614,3126,E:\2026Trackathon\James\mp4\20250128\00028.mp4,1,28_00029_waggle_annotations.csv,28_00029,C:\Users\frida\Documents\PhD\Waggle_dance\wd_SA2025\wd_annotator\mp4\James\20250128\00029.mp4,10,220.37,2.388,0.9991,-21.27,241.64,,63.45581678702615
66b,2025-01-28,2025-01-28__66b_00028,66b_00028,7,,"(-0.9997166737441362, 0.023802777946288958)",770,867,"(770, 867)",,66b_00028_waggle_annotations.csv,,,-0.9997166737441362,0.0238027779462889,268.63607246839706,3174,E:\2026Trackathon\James\mp4\20250128\00028.mp4,1,28_00029_waggle_annotations.csv,28_00029,C:\Users\frida\Documents\PhD\Waggle_dance\wd_SA2025\wd_annotator\mp4\James\20250128\00029.mp4,10,220.37,2.388,0.9991,-21.27,241.64,,26.996072468397074
66b,2025-01-28,2025-01-28__66b_00028,66b_00028,8,,"(-0.9713990064967775, -0.23745309047699006)",821,890,"(821, 890)",,66b_00028_waggle_annotations.csv,,,-0.9713990064967776,-0.23745309047699,283.73626830562256,3222,E:\2026Trackathon\James\mp4\20250128\00028.mp4,1,28_00029_waggle_annotations.csv,28_00029,C:\Users\frida\Documents\PhD\Waggle_dance\wd_SA2025\wd_annotator\mp4\James\20250128\00029.mp4,10,220.37,2.388,0.9991,-21.27,241.64,,42.09626830562257
66b,2025-01-28,2025-01-28__66b_00028,66b_00028,9,,"(-0.924261426490025, 0.3817601544197929)",777,824,"(777, 824)",,66b_00028_waggle_annotations.csv,,,-0.924261426490025,0.3817601544197929,247.55724663470565,3267,E:\2026Trackathon\James\mp4\20250128\00028.mp4,1,28_00029_waggle_annotations.csv,28_00029,C:\Users\frida\Documents\PhD\Waggle_dance\wd_SA2025\wd_annotator\mp4\James\20250128\00029.mp4,10,220.37,2.388,0.9991,-21.27,241.64,,5.917246634705663
66b,2025-01-28,2025-01-28__66b_00028,66b_00028,10,,"(-0.7880243737245634, -0.6156440419723151)",777,874,"(777, 874)",,66b_00028_waggle_annotations.csv,,,-0.7880243737245634,-0.6156440419723151,307.99873244250466,3311,E:\2026Trackathon\James\mp4\20250128\00028.mp4,1,28_00029_waggle_annotations.csv,28_00029,C:\Users\frida\Documents\PhD\Waggle_dance\wd_SA2025\wd_annotator\mp4\James\20250128\00029.mp4,10,220.37,2.388,0.9991,-21.27,241.64,,66.35873244250467
66b,2025-01-28,2025-01-28__66b_00028,66b_00028,11,,"(-0.9933073803012535, -0.11550085817456437)",756,846,"(756, 846)",,66b_00028_waggle_annotations.csv,,,-0.9933073803012537,-0.1155008581745643,276.63251461513846,3349,E:\2026Trackathon\James\mp4\20250128\00028.mp4,1,28_00029_waggle_annotations.csv,28_00029,C:\Users\frida\Documents\PhD\Waggle_dance\wd_SA2025\wd_annotator\mp4\James\20250128\00029.mp4,10,220.37,2.388,0.9991,-21.27,241.64,,34.992514615138475
66b,2025-01-28,2025-01-28__66b_00028,66b_00028,12,,"(-0.9992319507315425, 0.039185566695354605)",721,778,"(721, 778)",,66b_00028_waggle_annotations.csv,,,-0.9992319507315424,0.0391855666953546,267.75425743410494,3389,E:\2026Trackathon\James\mp4\20250128\00028.mp4,1,28_00029_waggle_annotations.csv,28_00029,C:\Users\frida\Documents\PhD\Waggle_dance\wd_SA2025\wd_annotator\mp4\James\20250128\00029.mp4,10,220.37,2.388,0.9991,-21.27,241.64,,26.114257434104957
66b,2025-01-28,2025-01-28__66b_00028,66b_00028,13,,"(-0.996240588195683, 0.086629616364842)",753,798,"(753, 798)",,66b_00028_waggle_annotations.csv,,,-0.996240588195683,0.086629616364842,265.0302592718897,3432,E:\2026Trackathon\James\mp4\20250128\00028.mp4,1,28_00029_waggle_annotations.csv,28_00029,C:\Users\frida\Documents\PhD\Waggle_dance\wd_SA2025\wd_annotator\mp4\James\20250128\00029.mp4,10,220.37,2.388,0.9991,-21.27,241.64,,23.390259271889704
66b,2025-01-28,2025-01-28__66b_00028,66b_00028,14,,"(-0.9529257800132619, -0.303203657276947)",910,644,"(910, 644)",,66b_00028_waggle_annotations.csv,,,-0.952925780013262,-0.303203657276947,287.6501242199301,3770,E:\2026Trackathon\James\mp4\20250128\00028.mp4,1,28_00029_waggle_annotations.csv,28_00029,C:\Users\frida\Documents\PhD\Waggle_dance\wd_SA2025\wd_annotator\mp4\James\20250128\00029.mp4,10,220.37,2.388,0.9991,-21.27,241.64,,46.010124219930105
66b,2025-01-28,2025-01-28__66b_00028,66b_00028,15,,"(-0.9684929325968497, 0.24904103981061848)",888,739,"(888, 739)",,66b_00028_waggle_annotations.csv,,,-0.9684929325968497,0.2490410398106184,255.57922687248904,3802,E:\2026Trackathon\James\mp4\20250128\00028.mp4,1,28_00029_waggle_annotations.csv,28_00029,C:\Users\frida\Documents\PhD\Waggle_dance\wd_SA2025\wd_annotator\mp4\James\20250128\00029.mp4,10,220.37,2.388,0.9991,-21.27,241.64,,13.939226872489058
66b,2025-01-28,2025-01-28__66b_00032,66b_00032,1,,"(-0.8169678632647616, -0.5766831975986553)",849,900,"(849, 900)",,66b_00032_waggle_annotations.csv,,,-0.8169678632647616,-0.5766831975986553,305.2175929681927,590,E:\2026Trackathon\James\mp4\20250128\00032.mp4,1,28_00029_waggle_annotations.csv,28_00029,C:\Users\frida\Documents\PhD\Waggle_dance\wd_SA2025\wd_annotator\mp4\James\20250128\00029.mp4,10,220.37,2.388,0.9991,-21.27,241.64,,63.57759296819273
66b,2025-01-28,2025-01-28__66b_00032,66b_00032,2,,"(-0.8106792283998809, -0.5854905538443584)",735,905,"(735, 905)",,66b_00032_waggle_annotations.csv,,,-0.8106792283998809,-0.5854905538443584,305.83765295427827,638,E:\2026Trackathon\James\mp4\20250128\00032.mp4,1,28_00029_waggle_annotations.csv,28_00029,C:\Users\frida\Documents\PhD\Waggle_dance\wd_SA2025\wd_annotator\mp4\James\20250128\00029.mp4,10,220.37,2.388,0.9991,-21.27,241.64,,64.19765295427828
66b,2025-01-28,2025-01-28__66b_00032,66b_00032,3,,"(-0.24904103981061848, -0.9684929325968497)",686,913,"(686, 913)",,66b_00032_waggle_annotations.csv,,,-0.2490410398106184,-0.9684929325968497,345.579226872489,672,E:\2026Trackathon\James\mp4\20250128\00032.mp4,1,28_00029_waggle_annotations.csv,28_00029,C:\Users\frida\Documents\PhD\Waggle_dance\wd_SA2025\wd_annotator\mp4\James\20250128\00029.mp4,10,220.37,2.388,0.9991,-21.27,241.64,,103.93922687248903
66b,2025-01-28,2025-01-28__66b_00032,66b_00032,4,,"(-0.27232246579934893, -0.9622060458243663)",1095,937,"(1095, 937)",,66b_00032_waggle_annotations.csv,,,-0.2723224657993489,-0.9622060458243664,344.19748604606445,909,E:\2026Trackathon\James\mp4\20250128\00032.mp4,1,28_00029_waggle_annotations.csv,28_00029,C:\Users\frida\Documents\PhD\Waggle_dance\wd_SA2025\wd_annotator\mp4\James\20250128\00029.mp4,10,220.37,2.388,0.9991,-21.27,241.64,,102.55748604606447
66b,2025-01-28,2025-01-28__66b_2025-01-28 10-12-07,66b_2025-01-28 10-12-07,1,,"(-0.9578262852211513, -0.2873478855663454)",714,779,"(714, 779)",,66b_2025-01-28 10-12-07_waggle_annotations.csv,,,-0.9578262852211513,-0.2873478855663454,286.6992442339936,205,C:\Users\frida\Documents\PhD\Waggle_dance\wd_SA2025\dome\rightcameraangle_probably\20250128\2025-01-28 10-12-07.mkv,1,,,,,,,,,,,
66b,2025-01-28,2025-01-28__66b_2025-01-28 10-12-07,66b_2025-01-28 10-12-07,2,,"(-0.5026204573745306, 0.8645071866841928)",659,767,"(659, 767)",,66b_2025-01-28 10-12-07_waggle_annotations.csv,,,-0.5026204573745306,0.8645071866841928,210.17352002964432,310,C:\Users\frida\Documents\PhD\Waggle_dance\wd_SA2025\dome\rightcameraangle_probably\20250128\2025-01-28 10-12-07.mkv,1,,,,,,,,,,,
66b,2025-01-28,2025-01-28__66b_2025-01-28 10-12-07,66b_2025-01-28 10-12-07,3,,"(-0.13419187274462108, -0.9909553679602787)",674,772,"(674, 772)",,66b_2025-01-28 10-12-07_waggle_annotations.csv,,,-0.13419187274462108,-0.9909553679602787,352.2881075873412,406,C:\Users\frida\Documents\PhD\Waggle_dance\wd_SA2025\dome\rightcameraangle_probably\20250128\2025-01-28 10-12-07.mkv,1,,,,,,,,,,,
66b,2025-01-28,2025-01-28__66b_2025-01-28 10-12-07,66b_2025-01-28 10-12-07,4,,"(0.19611613513818404, -0.9805806756909202)",737,661,"(737, 661)",,66b_2025-01-28 10-12-07_waggle_annotations.csv,,,0.19611613513818404,-0.9805806756909202,11.309932474020211,503,C:\Users\frida\Documents\PhD\Waggle_dance\wd_SA2025\dome\rightcameraangle_probably\20250128\2025-01-28 10-12-07.mkv,1,,,,,,,,,,,
66b,2025-01-28,2025-01-28__66b_2025-01-28 10-12-07,66b_2025-01-28 10-12-07,5,,"(-0.8615384615384616, 0.5076923076923077)",696,819,"(696, 819)",,66b_2025-01-28 10-12-07_waggle_annotations.csv,,,-0.8615384615384616,0.5076923076923077,239.48976259388445,767,C:\Users\frida\Documents\PhD\Waggle_dance\wd_SA2025\dome\rightcameraangle_probably\20250128\2025-01-28 10-12-07.mkv,1,,,,,,,,,,,
66b,2025-01-28,2025-01-28__66b_2025-01-28 10-12-07,66b_2025-01-28 10-12-07,6,,"(-0.30908607233755814, -0.9510340687309481)",639,871,"(639, 871)",,66b_2025-01-28 10-12-07_waggle_annotations.csv,,,-0.30908607233755814,-0.9510340687309481,341.9958383940866,890,C:\Users\frida\Documents\PhD\Waggle_dance\wd_SA2025\dome\rightcameraangle_probably\20250128\2025-01-28 10-12-07.mkv,1,,,,,,,,,,,
66b,2025-01-28,2025-01-28__66b_2025-01-28 10-15-52,66b_2025-01-28 10-15-52,1,,"(-0.9924226047440696, -0.12287137011117052)",833,884,"(833, 884)",,66b_2025-01-28 10-15-52_waggle_annotations.csv,,,-0.9924226047440696,-0.12287137011117052,277.05784664988107,299,C:\Users\frida\Documents\PhD\Waggle_dance\wd_SA2025\dome\rightcameraangle_probably\20250128\2025-01-28 10-15-52.mkv,1,,,,,,,,,,,
66b,2025-01-28,2025-01-28__66b_2025-01-28 10-15-52,66b_2025-01-28 10-15-52,2,,"(-0.9983897448572466, 0.056726690048707194)",878,776,"(878, 776)",,66b_2025-01-28 10-15-52_waggle_annotations.csv,,,-0.9983897448572466,0.056726690048707194,266.7480543996361,747,C:\Users\frida\Documents\PhD\Waggle_dance\wd_SA2025\dome\rightcameraangle_probably\20250128\2025-01-28 10-15-52.mkv,1,,,,,,,,,,,
66b,2025-01-28,2025-01-28__66b_2025-01-28 10-15-52,66b_2025-01-28 10-15-52,3,,"(0.24615384615384617, -0.9692307692307692)",847,789,"(847, 789)",,66b_2025-01-28 10-15-52_waggle_annotations.csv,,,0.24615384615384617,-0.9692307692307692,14.250032697803595,864,C:\Users\frida\Documents\PhD\Waggle_dance\wd_SA2025\dome\rightcameraangle_probably\20250128\2025-01-28 10-15-52.mkv,1,,,,,,,,,,,
66b,2025-01-28,2025-01-28__66b_2025-01-28 10-15-52,66b_2025-01-28 10-15-52,4,,"(0.07911630099812199, -0.996865392576337)",878,824,"(878, 824)",,66b_2025-01-28 10-15-52_waggle_annotations.csv,,,0.07911630099812199,-0.996865392576337,4.537772507906652,949,C:\Users\frida\Documents\PhD\Waggle_dance\wd_SA2025\dome\rightcameraangle_probably\20250128\2025-01-28 10-15-52.mkv,1,,,,,,,,,,,
66b,2025-01-28,2025-01-28__66b_2025-01-28 10-15-52,66b_2025-01-28 10-15-52,5,,"(0.11043152607484655, -0.9938837346736189)",881,826,"(881, 826)",,66b_2025-01-28 10-15-52_waggle_annotations.csv,,,0.11043152607484655,-0.9938837346736189,6.34019174590991,1074,C:\Users\frida\Documents\PhD\Waggle_dance\wd_SA2025\dome\rightcameraangle_probably\20250128\2025-01-28 10-15-52.mkv,1,,,,,,,,,,,
66b,2025-01-28,2025-01-28__66b_2025-01-28 10-15-52,66b_2025-01-28 10-15-52,6,,"(0.3543574858642118, -0.9351100321416699)",825,775,"(825, 775)",,66b_2025-01-28 10-15-52_waggle_annotations.csv,,,0.3543574858642118,-0.9351100321416699,20.754071318799397,1394,C:\Users\frida\Documents\PhD\Waggle_dance\wd_SA2025\dome\rightcameraangle_probably\20250128\2025-01-28 10-15-52.mkv,1,,,,,,,,,,,
66b,2025-01-28,2025-01-28__66b_2025-01-28 10-27-12,66b_2025-01-28 10-27-12,1,,"(0.9476810187845454, 0.3192188694853205)",614,737,"(614, 737)",,66b_2025-01-28 10-27-12_waggle_annotations.csv,,,0.9476810187845454,0.3192188694853205,108.61569200733103,547,C:\Users\frida\Documents\PhD\Waggle_dance\wd_SA2025\dome\rightcameraangle_probably\20250128\2025-01-28 10-27-12.mkv,1,,,,,,,,,,,
66b,2025-01-28,2025-01-28__66b_2025-01-28 10-27-12,66b_2025-01-28 10-27-12,2,,"(0.6410720883556017, -0.7674806691581147)",676,814,"(676, 814)",,66b_2025-01-28 10-27-12_waggle_annotations.csv,,,0.6410720883556017,-0.7674806691581147,39.87180895814716,649,C:\Users\frida\Documents\PhD\Waggle_dance\wd_SA2025\dome\rightcameraangle_probably\20250128\2025-01-28 10-27-12.mkv,1,,,,,,,,,,,
66b,2025-01-28,2025-01-28__66b_2025-01-28 10-27-12,66b_2025-01-28 10-27-12,3,,"(-0.13288906167668205, -0.991130918338587)",725,827,"(725, 827)",,66b_2025-01-28 10-27-12_waggle_annotations.csv,,,-0.13288906167668205,-0.991130918338587,352.36342778451115,720,C:\Users\frida\Documents\PhD\Waggle_dance\wd_SA2025\dome\rightcameraangle_probably\20250128\2025-01-28 10-27-12.mkv,1,,,,,,,,,,,
66b,2025-01-28,2025-01-28__66b_2025-01-28 10-27-12,66b_2025-01-28 10-27-12,4,,"(0.7043063911248317, -0.7098961243877273)",631,836,"(631, 836)",,66b_2025-01-28 10-27-12_waggle_annotations.csv,,,0.7043063911248317,-0.7098961243877273,44.77353564765882,861,C:\Users\frida\Documents\PhD\Waggle_dance\wd_SA2025\dome\rightcameraangle_probably\20250128\2025-01-28 10-27-12.mkv,1,,,,,,,,,,,
66b,2025-01-28,2025-01-28__66b_2025-01-28 10-27-12,66b_2025-01-28 10-27-12,5,,"(0.03770900990025203, -0.9992887623566786)",621,782,"(621, 782)",,66b_2025-01-28 10-27-12_waggle_annotations.csv,,,0.03770900990025203,-0.9992887623566786,2.161079488226372,986,C:\Users\frida\Documents\PhD\Waggle_dance\wd_SA2025\dome\rightcameraangle_probably\20250128\2025-01-28 10-27-12.mkv,1,,,,,,,,,,,
66b,2025-01-28,2025-01-28__66b_2025-01-28 10-27-12,66b_2025-01-28 10-27-12,6,,"(0.8237296620805566, -0.5669827544190844)",620,807,"(620, 807)",,66b_2025-01-28 10-27-12_waggle_annotations.csv,,,0.8237296620805566,-0.5669827544190844,55.45990909292913,1056,C:\Users\frida\Documents\PhD\Waggle_dance\wd_SA2025\dome\rightcameraangle_probably\20250128\2025-01-28 10-27-12.mkv,1,,,,,,,,,,,
66b,2025-01-28,2025-01-28__66b_2025-01-28 10-27-12,66b_2025-01-28 10-27-12,7,,"(0.21152111502998264, -0.977373428069575)",683,850,"(683, 850)",,66b_2025-01-28 10-27-12_waggle_annotations.csv,,,0.21152111502998264,-0.977373428069575,12.211508376475978,1180,C:\Users\frida\Documents\PhD\Waggle_dance\wd_SA2025\dome\rightcameraangle_probably\20250128\2025-01-28 10-27-12.mkv,1,,,,,,,,,,,
66b,2025-01-28,2025-01-28__66b_2025-01-28 10-27-12,66b_2025-01-28 10-27-12,8,,"(0.6936416870658707, 0.720320213491481)",638,856,"(638, 856)",,66b_2025-01-28 10-27-12_waggle_annotations.csv,,,0.6936416870658707,0.720320213491481,136.0809241866607,1311,C:\Users\frida\Documents\PhD\Waggle_dance\wd_SA2025\dome\rightcameraangle_probably\20250128\2025-01-28 10-27-12.mkv,1,,,,,,,,,,,
66b,2025-01-28,2025-01-28__66b_2025-01-28 10-27-12,66b_2025-01-28 10-27-12,9,,"(0.057458870465772964, -0.9983478743428053)",598,838,"(598, 838)",,66b_2025-01-28 10-27-12_waggle_annotations.csv,,,0.057458870465772964,-0.9983478743428053,3.2939649878451065,1430,C:\Users\frida\Documents\PhD\Waggle_dance\wd_SA2025\dome\rightcameraangle_probably\20250128\2025-01-28 10-27-12.mkv,1,,,,,,,,,,,
66b,2025-01-28,2025-01-28__66b_2025-01-28 10-27-12,66b_2025-01-28 10-27-12,10,,"(0.10976221921178554, -0.9939578739733913)",573,795,"(573, 795)",,66b_2025-01-28 10-27-12_waggle_annotations.csv,,,0.10976221921178554,-0.9939578739733913,6.301608735234843,1537,C:\Users\frida\Documents\PhD\Waggle_dance\wd_SA2025\dome\rightcameraangle_probably\20250128\2025-01-28 10-27-12.mkv,1,,,,,,,,,,,
66b,2025-01-28,2025-01-28__66b_2025-01-28 10-31-18,66b_2025-01-28 10-31-18,1,,"(-0.9701425001453319, -0.24253562503633297)",642,797,"(642, 797)",,66b_2025-01-28 10-31-18_waggle_annotations.csv,,,-0.9701425001453319,-0.24253562503633297,284.03624346792645,62,C:\Users\frida\Documents\PhD\Waggle_dance\wd_SA2025\dome\rightcameraangle_probably\20250128\2025-01-28 10-31-18.mkv,1,,,,,,,,,,,
66b,2025-01-28,2025-01-28__66b_2025-01-28 10-31-18,66b_2025-01-28 10-31-18,2,,"(0.023249527748763855, -0.9997296931968458)",640,801,"(640, 801)",,66b_2025-01-28 10-31-18_waggle_annotations.csv,,,0.023249527748763855,-0.9997296931968458,1.3322198538696388,215,C:\Users\frida\Documents\PhD\Waggle_dance\wd_SA2025\dome\rightcameraangle_probably\20250128\2025-01-28 10-31-18.mkv,1,,,,,,,,,,,
66b,2025-01-28,2025-01-28__66b_2025-01-28 10-31-18,66b_2025-01-28 10-31-18,3,,"(0.0305979114578434, -0.9995317742895511)",560,831,"(560, 831)",,66b_2025-01-28 10-31-18_waggle_annotations.csv,,,0.0305979114578434,-0.9995317742895511,1.7534048600715395,405,C:\Users\frida\Documents\PhD\Waggle_dance\wd_SA2025\dome\rightcameraangle_probably\20250128\2025-01-28 10-31-18.mkv,1,,,,,,,,,,,
66b,2025-01-28,2025-01-28__66b_2025-01-28 10-31-18,66b_2025-01-28 10-31-18,4,,"(-0.12467406301131204, -0.992197751465025)",575,801,"(575, 801)",,66b_2025-01-28 10-31-18_waggle_annotations.csv,,,-0.12467406301131204,-0.992197751465025,352.8380662725002,482,C:\Users\frida\Documents\PhD\Waggle_dance\wd_SA2025\dome\rightcameraangle_probably\20250128\2025-01-28 10-31-18.mkv,1,,,,,,,,,,,
66b,2025-01-28,2025-01-28__66b_2025-01-28 10-31-18,66b_2025-01-28 10-31-18,5,,"(-0.04912095919979347, -0.9987928370624672)",613,780,"(613, 780)",,66b_2025-01-28 10-31-18_waggle_annotations.csv,,,-0.04912095919979347,-0.9987928370624672,357.1844433157888,590,C:\Users\frida\Documents\PhD\Waggle_dance\wd_SA2025\dome\rightcameraangle_probably\20250128\2025-01-28 10-31-18.mkv,1,,,,,,,,,,,
66b,2025-01-28,2025-01-28__66b_2025-01-28 10-31-18,66b_2025-01-28 10-31-18,6,,"(-0.035066140133044446, -0.9993849937917667)",667,835,"(667, 835)",,66b_2025-01-28 10-31-18_waggle_annotations.csv,,,-0.035066140133044446,-0.9993849937917667,357.9904461869789,688,C:\Users\frida\Documents\PhD\Waggle_dance\wd_SA2025\dome\rightcameraangle_probably\20250128\2025-01-28 10-31-18.mkv,1,,,,,,,,,,,
66b,2025-01-28,2025-01-28__66b_2025-01-28 10-31-18,66b_2025-01-28 10-31-18,7,,"(0.8720504169402388, -0.48941605032360336)",624,772,"(624, 772)",,66b_2025-01-28 10-31-18_waggle_annotations.csv,,,0.8720504169402388,-0.48941605032360336,60.69779251786134,879,C:\Users\frida\Documents\PhD\Waggle_dance\wd_SA2025\dome\rightcameraangle_probably\20250128\2025-01-28 10-31-18.mkv,1,,,,,,,,,,,
66b,2025-01-28,2025-01-28__66b_2025-01-28 10-31-18,66b_2025-01-28 10-31-18,8,,"(-0.25302774439352593, -0.9674590226811285)",727,780,"(727, 780)",,66b_2025-01-28 10-31-18_waggle_annotations.csv,,,-0.25302774439352593,-0.9674590226811285,345.3432488842396,1000,C:\Users\frida\Documents\PhD\Waggle_dance\wd_SA2025\dome\rightcameraangle_probably\20250128\2025-01-28 10-31-18.mkv,1,,,,,,,,,,,
66b,2025-01-28,2025-01-28__66b_2025-01-28 10-31-18,66b_2025-01-28 10-31-18,9,,"(0.33357865043885454, 0.9427222729793715)",704,745,"(704, 745)",,66b_2025-01-28 10-31-18_waggle_annotations.csv,,,0.33357865043885454,0.9427222729793715,160.51387042753424,1121,C:\Users\frida\Documents\PhD\Waggle_dance\wd_SA2025\dome\rightcameraangle_probably\20250128\2025-01-28 10-31-18.mkv,1,,,,,,,,,,,
66b,2025-01-28,2025-01-28__66b_2025-01-28 10-31-18,66b_2025-01-28 10-31-18,10,,"(-0.021047967726081335, -0.9997784669888634)",675,855,"(675, 855)",,66b_2025-01-28 10-31-18_waggle_annotations.csv,,,-0.021047967726081335,-0.9997784669888634,358.79395122078006,1245,C:\Users\frida\Documents\PhD\Waggle_dance\wd_SA2025\dome\rightcameraangle_probably\20250128\2025-01-28 10-31-18.mkv,1,,,,,,,,,,,
66b,2025-01-28,2025-01-28__66b_2025-01-28 10-31-18,66b_2025-01-28 10-31-18,11,,"(-0.18380600323684668, -0.9829625390492235)",695,755,"(695, 755)",,66b_2025-01-28 10-31-18_waggle_annotations.csv,,,-0.18380600323684668,-0.9829625390492235,349.4084722520286,1415,C:\Users\frida\Documents\PhD\Waggle_dance\wd_SA2025\dome\rightcameraangle_probably\20250128\2025-01-28 10-31-18.mkv,1,,,,,,,,,,,
66b,2025-01-28,2025-01-28__66b_2025-01-28 10-36-03,66b_2025-01-28 10-36-03,1,,"(0.5784287773079326, -0.8157328910752896)",837,832,"(837, 832)",,66b_2025-01-28 10-36-03_waggle_annotations.csv,,,0.5784287773079326,-0.8157328910752896,35.34010692155767,762,C:\Users\frida\Documents\PhD\Waggle_dance\wd_SA2025\dome\rightcameraangle_probably\20250128\2025-01-28 10-36-03.mkv,1,,,,,,,,,,,
66b,2025-01-28,2025-01-28__66b_2025-01-28 10-36-03,66b_2025-01-28 10-36-03,2,,"(0.11493571115626228, -0.9933729321362669)",827,852,"(827, 852)",,66b_2025-01-28 10-36-03_waggle_annotations.csv,,,0.11493571115626228,-0.9933729321362669,6.59991698191387,902,C:\Users\frida\Documents\PhD\Waggle_dance\wd_SA2025\dome\rightcameraangle_probably\20250128\2025-01-28 10-36-03.mkv,1,,,,,,,,,,,
66b,2025-01-28,2025-01-28__66b_2025-01-28 10-36-03,66b_2025-01-28 10-36-03,3,,"(0.6149418343601161, 0.7885724699441489)",813,796,"(813, 796)",,66b_2025-01-28 10-36-03_waggle_annotations.csv,,,0.6149418343601161,0.7885724699441489,142.0523060078412,1006,C:\Users\frida\Documents\PhD\Waggle_dance\wd_SA2025\dome\rightcameraangle_probably\20250128\2025-01-28 10-36-03.mkv,1,,,,,,,,,,,
66b,2025-01-28,2025-01-28__66b_2025-01-28 10-36-03,66b_2025-01-28 10-36-03,4,,"(0.34570535882735637, -0.9383431168171101)",836,831,"(836, 831)",,66b_2025-01-28 10-36-03_waggle_annotations.csv,,,0.34570535882735637,-0.9383431168171101,20.22485943116808,1110,C:\Users\frida\Documents\PhD\Waggle_dance\wd_SA2025\dome\rightcameraangle_probably\20250128\2025-01-28 10-36-03.mkv,1,,,,,,,,,,,
66b,2025-01-28,2025-01-28__66b_2025-01-28 10-36-03,66b_2025-01-28 10-36-03,5,,"(0.9642053928037904, 0.26515648302104233)",838,841,"(838, 841)",,66b_2025-01-28 10-36-03_waggle_annotations.csv,,,0.9642053928037904,0.26515648302104233,105.3762512488262,1377,C:\Users\frida\Documents\PhD\Waggle_dance\wd_SA2025\dome\rightcameraangle_probably\20250128\2025-01-28 10-36-03.mkv,1,,,,,,,,,,,
66b,2025-01-28,2025-01-28__66b_2025-01-28 10-36-03,66b_2025-01-28 10-36-03,6,,"(0.5073720378037236, -0.8617271118253719)",802,851,"(802, 851)",,66b_2025-01-28 10-36-03_waggle_annotations.csv,,,0.5073720378037236,-0.8617271118253719,30.48894049983093,1505,C:\Users\frida\Documents\PhD\Waggle_dance\wd_SA2025\dome\rightcameraangle_probably\20250128\2025-01-28 10-36-03.mkv,1,,,,,,,,,,,
66b,2025-01-28,2025-01-28__66b_2025-01-28 10-36-03,66b_2025-01-28 10-36-03,7,,"(0.929681500465451, -0.3683643681089523)",794,763,"(794, 763)",,66b_2025-01-28 10-36-03_waggle_annotations.csv,,,0.929681500465451,-0.3683643681089523,68.38522105721376,1599,C:\Users\frida\Documents\PhD\Waggle_dance\wd_SA2025\dome\rightcameraangle_probably\20250128\2025-01-28 10-36-03.mkv,1,,,,,,,,,,,
66b,2025-01-28,2025-01-28__66b_2025-01-28 10-36-03,66b_2025-01-28 10-36-03,8,,"(0.057873849514347826, -0.9983239041224999)",861,815,"(861, 815)",,66b_2025-01-28 10-36-03_waggle_annotations.csv,,,0.057873849514347826,-0.9983239041224999,3.3177811683348435,1699,C:\Users\frida\Documents\PhD\Waggle_dance\wd_SA2025\dome\rightcameraangle_probably\20250128\2025-01-28 10-36-03.mkv,1,,,,,,,,,,,
66b,2025-01-28,2025-01-28__66b_2025-01-28 10-36-03,66b_2025-01-28 10-36-03,9,,"(0.05664648503423241, -0.9983942987283463)",928,811,"(928, 811)",,66b_2025-01-28 10-36-03_waggle_annotations.csv,,,0.05664648503423241,-0.9983942987283463,3.247342790322922,1849,C:\Users\frida\Documents\PhD\Waggle_dance\wd_SA2025\dome\rightcameraangle_probably\20250128\2025-01-28 10-36-03.mkv,1,,,,,,,,,,,
66b,2025-01-28,2025-01-28__66b_2025-01-28 10-36-03,66b_2025-01-28 10-36-03,10,,"(-0.27570514309682154, -0.9612422556618914)",838,868,"(838, 868)",,66b_2025-01-28 10-36-03_waggle_annotations.csv,,,-0.27570514309682154,-0.9612422556618914,343.9959595141184,1970,C:\Users\frida\Documents\PhD\Waggle_dance\wd_SA2025\dome\rightcameraangle_probably\20250128\2025-01-28 10-36-03.mkv,1,,,,,,,,,,,
66b,2025-01-28,2025-01-28__66b_2025-01-28 10-36-03,66b_2025-01-28 10-36-03,11,,"(0.9304840855280708, 0.3663323171370358)",807,831,"(807, 831)",,66b_2025-01-28 10-36-03_waggle_annotations.csv,,,0.9304840855280708,0.3663323171370358,111.489598798599,2085,C:\Users\frida\Documents\PhD\Waggle_dance\wd_SA2025\dome\rightcameraangle_probably\20250128\2025-01-28 10-36-03.mkv,1,,,,,,,,,,,
66b,2025-01-28,2025-01-28__66b_2025-01-28 10-36-03,66b_2025-01-28 10-36-03,12,,"(-0.9992887623566787, 0.03770900990025203)",878,844,"(878, 844)",,66b_2025-01-28 10-36-03_waggle_annotations.csv,,,-0.9992887623566787,0.03770900990025203,267.8389205117736,2218,C:\Users\frida\Documents\PhD\Waggle_dance\wd_SA2025\dome\rightcameraangle_probably\20250128\2025-01-28 10-36-03.mkv,1,,,,,,,,,,,
66b,2025-01-28,2025-01-28__66b_2025-01-28 10-36-03,66b_2025-01-28 10-36-03,13,,"(0.6734899961837036, -0.7391963372747966)",800,865,"(800, 865)",,66b_2025-01-28 10-36-03_waggle_annotations.csv,,,0.6734899961837036,-0.7391963372747966,42.33699923393286,2380,C:\Users\frida\Documents\PhD\Waggle_dance\wd_SA2025\dome\rightcameraangle_probably\20250128\2025-01-28 10-36-03.mkv,1,,,,,,,,,,,
66b,2025-01-28,2025-01-28__66b_2025-01-28 10-47-44,66b_2025-01-28 10-47-44,1,,"(0.6603359656979924, -0.7509703139310502)",763,717,"(763, 717)",,66b_2025-01-28 10-47-44_waggle_annotations.csv,,,0.6603359656979924,-0.7509703139310502,41.32550047917034,114,C:\Users\frida\Documents\PhD\Waggle_dance\wd_SA2025\dome\rightcameraangle_probably\20250128\2025-01-28 10-47-44.mkv,1,,,,,,,,,,,
66b,2025-01-28,2025-01-28__66b_2025-01-28 10-47-44,66b_2025-01-28 10-47-44,2,,"(0.042215852683817515, -0.9991085135170146)",734,606,"(734, 606)",,66b_2025-01-28 10-47-44_waggle_annotations.csv,,,0.042215852683817515,-0.9991085135170146,2.419509216656336,319,C:\Users\frida\Documents\PhD\Waggle_dance\wd_SA2025\dome\rightcameraangle_probably\20250128\2025-01-28 10-47-44.mkv,1,,,,,,,,,,,
66b,2025-01-28,2025-01-28__66b_2025-01-28 10-47-44,66b_2025-01-28 10-47-44,3,,"(-0.01492371097349751, -0.9998886352243331)",728,661,"(728, 661)",,66b_2025-01-28 10-47-44_waggle_annotations.csv,,,-0.01492371097349751,-0.9998886352243331,359.14490260373327,425,C:\Users\frida\Documents\PhD\Waggle_dance\wd_SA2025\dome\rightcameraangle_probably\20250128\2025-01-28 10-47-44.mkv,1,,,,,,,,,,,
66b,2025-01-28,2025-01-28__66b_2025-01-28 10-47-44,66b_2025-01-28 10-47-44,4,,"(-0.9969383778125515, 0.07819124531863149)",743,626,"(743, 626)",,66b_2025-01-28 10-47-44_waggle_annotations.csv,,,-0.9969383778125515,0.07819124531863149,265.5153939904554,556,C:\Users\frida\Documents\PhD\Waggle_dance\wd_SA2025\dome\rightcameraangle_probably\20250128\2025-01-28 10-47-44.mkv,1,,,,,,,,,,,
66b,2025-01-28,2025-01-28__66b_2025-01-28 10-47-44,66b_2025-01-28 10-47-44,5,,"(-0.07319761150940851, -0.997317456815691)",719,644,"(719, 644)",,66b_2025-01-28 10-47-44_waggle_annotations.csv,,,-0.07319761150940851,-0.997317456815691,355.8023316428391,647,C:\Users\frida\Documents\PhD\Waggle_dance\wd_SA2025\dome\rightcameraangle_probably\20250128\2025-01-28 10-47-44.mkv,1,,,,,,,,,,,
66b,2025-01-28,2025-01-28__66b_2025-01-28 10-47-44,66b_2025-01-28 10-47-44,6,,"(0.06237828615518053, -0.9980525784828885)",778,788,"(778, 788)",,66b_2025-01-28 10-47-44_waggle_annotations.csv,,,0.06237828615518053,-0.9980525784828885,3.576334374997351,934,C:\Users\frida\Documents\PhD\Waggle_dance\wd_SA2025\dome\rightcameraangle_probably\20250128\2025-01-28 10-47-44.mkv,1,,,,,,,,,,,
66b,2025-01-28,2025-01-28__66b_2_2025-01-28 10-16-41,66b_2_2025-01-28 10-16-41,1,,"(-0.22203834165092776, -0.9750379350758133)",938,747,"(938, 747)",,66b_2_2025-01-28 10-16-41_waggle_annotations.csv,,,-0.22203834165092776,-0.9750379350758133,347.1712171285446,1462,C:\Users\frida\Documents\PhD\Waggle_dance\wd_SA2025\dome\rightcameraangle_probably\20250128\2025-01-28 10-16-41.mkv,1,,,,,,,,,,,
66b,2025-01-28,2025-01-28__66b_2_2025-01-28 10-16-41,66b_2_2025-01-28 10-16-41,2,,"(0.8997342178022794, -0.43643823997871756)",816,772,"(816, 772)",,66b_2_2025-01-28 10-16-41_waggle_annotations.csv,,,0.8997342178022794,-0.43643823997871756,64.12315331596172,1590,C:\Users\frida\Documents\PhD\Waggle_dance\wd_SA2025\dome\rightcameraangle_probably\20250128\2025-01-28 10-16-41.mkv,1,,,,,,,,,,,
66b,2025-01-28,2025-01-28__66b_2_2025-01-28 10-16-41,66b_2_2025-01-28 10-16-41,3,,"(-0.03667256276445011, -0.9993273353312655)",837,818,"(837, 818)",,66b_2_2025-01-28 10-16-41_waggle_annotations.csv,,,-0.03667256276445011,-0.9993273353312655,357.8983456723288,1690,C:\Users\frida\Documents\PhD\Waggle_dance\wd_SA2025\dome\rightcameraangle_probably\20250128\2025-01-28 10-16-41.mkv,1,,,,,,,,,,,
66b,2025-01-28,2025-01-28__66b_2_2025-01-28 10-16-41,66b_2_2025-01-28 10-16-41,4,,"(0.42677549808006415, -0.9043576030744216)",816,752,"(816, 752)",,66b_2_2025-01-28 10-16-41_waggle_annotations.csv,,,0.42677549808006415,-0.9043576030744216,25.26309850449912,1882,C:\Users\frida\Documents\PhD\Waggle_dance\wd_SA2025\dome\rightcameraangle_probably\20250128\2025-01-28 10-16-41.mkv,1,,,,,,,,,,,
66b,2025-01-28,2025-01-28__66b_2_2025-01-28 10-16-41,66b_2_2025-01-28 10-16-41,5,,"(0.7120341740651742, -0.7021448105364912)",824,732,"(824, 732)",,66b_2_2025-01-28 10-16-41_waggle_annotations.csv,,,0.7120341740651742,-0.7021448105364912,45.40066325579215,1979,C:\Users\frida\Documents\PhD\Waggle_dance\wd_SA2025\dome\rightcameraangle_probably\20250128\2025-01-28 10-16-41.mkv,1,,,,,,,,,,,
66b,2025-01-28,2025-01-28__66b_2_2025-01-28 10-16-41,66b_2_2025-01-28 10-16-41,6,,"(0.7399400733959437, -0.6726727939963125)",881,753,"(881, 753)",,66b_2_2025-01-28 10-16-41_waggle_annotations.csv,,,0.7399400733959437,-0.6726727939963125,47.72631099390626,2097,C:\Users\frida\Documents\PhD\Waggle_dance\wd_SA2025\dome\rightcameraangle_probably\20250128\2025-01-28 10-16-41.mkv,1,,,,,,,,,,,
66b,2025-01-28,2025-01-28__66b_2_2025-01-28 10-16-41,66b_2_2025-01-28 10-16-41,7,,"(0.976484527684887, -0.2155874931252348)",865,796,"(865, 796)",,66b_2_2025-01-28 10-16-41_waggle_annotations.csv,,,0.976484527684887,-0.2155874931252348,77.5500034921934,2226,C:\Users\frida\Documents\PhD\Waggle_dance\wd_SA2025\dome\rightcameraangle_probably\20250128\2025-01-28 10-16-41.mkv,1,,,,,,,,,,,
66b,2025-01-28,2025-01-28__66b_2_2025-01-28 10-16-41,66b_2_2025-01-28 10-16-41,8,,"(0.05636187775599322, -0.9984104059633084)",899,820,"(899, 820)",,66b_2_2025-01-28 10-16-41_waggle_annotations.csv,,,0.05636187775599322,-0.9984104059633084,3.231009900368214,2319,C:\Users\frida\Documents\PhD\Waggle_dance\wd_SA2025\dome\rightcameraangle_probably\20250128\2025-01-28 10-16-41.mkv,1,,,,,,,,,,,
66b,2025-01-28,2025-01-28__66b_2_2025-01-28 10-16-41,66b_2_2025-01-28 10-16-41,9,,"(0.9997098084674824, 0.02408939297512006)",882,804,"(882, 804)",,66b_2_2025-01-28 10-16-41_waggle_annotations.csv,,,0.9997098084674824,0.02408939297512006,91.38035407344444,2428,C:\Users\frida\Documents\PhD\Waggle_dance\wd_SA2025\dome\rightcameraangle_probably\20250128\2025-01-28 10-16-41.mkv,1,,,,,,,,,,,
66b,2025-01-28,2025-01-28__66b_2_2025-01-28 10-16-41,66b_2_2025-01-28 10-16-41,10,,"(0.29784011941241095, -0.9546157673474709)",865,838,"(865, 838)",,66b_2_2025-01-28 10-16-41_waggle_annotations.csv,,,0.29784011941241095,-0.9546157673474709,17.327921777241237,2560,C:\Users\frida\Documents\PhD\Waggle_dance\wd_SA2025\dome\rightcameraangle_probably\20250128\2025-01-28 10-16-41.mkv,1,,,,,,,,,,,
66b,2025-01-28,2025-01-28__66b_2_2025-01-28 10-16-41,66b_2_2025-01-28 10-16-41,11,,"(-0.010308730552839767, 0.9999468636254574)",887,843,"(887, 843)",,66b_2_2025-01-28 10-16-41_waggle_annotations.csv,,,-0.010308730552839767,0.9999468636254574,180.59065721464668,2693,C:\Users\frida\Documents\PhD\Waggle_dance\wd_SA2025\dome\rightcameraangle_probably\20250128\2025-01-28 10-16-41.mkv,1,,,,,,,,,,,
66b,2025-01-28,2025-01-28__66b_2_2025-01-28 10-16-41,66b_2_2025-01-28 10-16-41,12,,"(-0.24528291986525722, -0.9694515404198261)",933,887,"(933, 887)",,66b_2_2025-01-28 10-16-41_waggle_annotations.csv,,,-0.24528291986525722,-0.9694515404198261,345.80144597613685,2736,C:\Users\frida\Documents\PhD\Waggle_dance\wd_SA2025\dome\rightcameraangle_probably\20250128\2025-01-28 10-16-41.mkv,1,,,,,,,,,,,
66b,2025-01-28,2025-01-28__66b_2_2025-01-28 10-16-41,66b_2_2025-01-28 10-16-41,13,,"(0.5727084387922081, -0.819759137879043)",854,866,"(854, 866)",,66b_2_2025-01-28 10-16-41_waggle_annotations.csv,,,0.5727084387922081,-0.819759137879043,34.93931020467703,2819,C:\Users\frida\Documents\PhD\Waggle_dance\wd_SA2025\dome\rightcameraangle_probably\20250128\2025-01-28 10-16-41.mkv,1,,,,,,,,,,,
66b,2025-01-28,2025-01-28__66b_2_2025-01-28 10-16-41,66b_2_2025-01-28 10-16-41,14,,"(0.9994374373703904, -0.03353816903927485)",848,846,"(848, 846)",,66b_2_2025-01-28 10-16-41_waggle_annotations.csv,,,0.9994374373703904,-0.03353816903927485,88.07804404106858,2902,C:\Users\frida\Documents\PhD\Waggle_dance\wd_SA2025\dome\rightcameraangle_probably\20250128\2025-01-28 10-16-41.mkv,1,,,,,,,,,,,
66b,2025-01-28,2025-01-28__66b_2_2025-01-28 10-16-41,66b_2_2025-01-28 10-16-41,15,,"(0.9858211697841269, -0.16779934804836202)",866,802,"(866, 802)",,66b_2_2025-01-28 10-16-41_waggle_annotations.csv,,,0.9858211697841269,-0.16779934804836202,80.34010692155766,3019,C:\Users\frida\Documents\PhD\Waggle_dance\wd_SA2025\dome\rightcameraangle_probably\20250128\2025-01-28 10-16-41.mkv,1,,,,,,,,,,,
66b,2025-01-28,2025-01-28__66b_2_2025-01-28 10-16-41,66b_2_2025-01-28 10-16-41,16,,"(0.0, -1.0)",864,798,"(864, 798)",,66b_2_2025-01-28 10-16-41_waggle_annotations.csv,,,0.0,-1.0,0.0,3110,C:\Users\frida\Documents\PhD\Waggle_dance\wd_SA2025\dome\rightcameraangle_probably\20250128\2025-01-28 10-16-41.mkv,1,,,,,,,,,,,
66b,2025-01-28,2025-01-28__66b_2_2025-01-28 10-16-41,66b_2_2025-01-28 10-16-41,17,,"(0.8661855860486004, -0.49972245348957717)",916,781,"(916, 781)",,66b_2_2025-01-28 10-16-41_waggle_annotations.csv,,,0.8661855860486004,-0.49972245348957717,60.01836063115067,3389,C:\Users\frida\Documents\PhD\Waggle_dance\wd_SA2025\dome\rightcameraangle_probably\20250128\2025-01-28 10-16-41.mkv,1,,,,,,,,,,,
66b,2025-01-28,2025-01-28__66b_2_2025-01-28 10-16-41,66b_2_2025-01-28 10-16-41,18,,"(-0.47973641671801537, -0.8774126568921596)",924,826,"(924, 826)",,66b_2_2025-01-28 10-16-41_waggle_annotations.csv,,,-0.47973641671801537,-0.8774126568921596,331.3318116084683,3512,C:\Users\frida\Documents\PhD\Waggle_dance\wd_SA2025\dome\rightcameraangle_probably\20250128\2025-01-28 10-16-41.mkv,1,,,,,,,,,,,
66b,2025-01-28,2025-01-28__66b_2_2025-01-28 10-16-41,66b_2_2025-01-28 10-16-41,19,,"(0.25766265056033233, -0.9662349396012463)",927,830,"(927, 830)",,66b_2_2025-01-28 10-16-41_waggle_annotations.csv,,,0.25766265056033233,-0.9662349396012463,14.931417178137552,3620,C:\Users\frida\Documents\PhD\Waggle_dance\wd_SA2025\dome\rightcameraangle_probably\20250128\2025-01-28 10-16-41.mkv,1,,,,,,,,,,,
66b,2025-01-28,2025-01-28__66b_2_2025-01-28 10-31-59,66b_2_2025-01-28 10-31-59,1,,"(0.9761870601839528, 0.21693045781865616)",640,859,"(640, 859)",,66b_2_2025-01-28 10-31-59_waggle_annotations.csv,,,0.9761870601839528,0.21693045781865616,102.52880770915152,1229,C:\Users\frida\Documents\PhD\Waggle_dance\wd_SA2025\dome\rightcameraangle_probably\20250128\2025-01-28 10-31-59.mkv,1,,,,,,,,,,,
66b,2025-01-28,2025-01-28__66b_2_2025-01-28 10-31-59,66b_2_2025-01-28 10-31-59,2,,"(0.972687489876752, -0.23211860553877037)",694,881,"(694, 881)",,66b_2_2025-01-28 10-31-59_waggle_annotations.csv,,,0.972687489876752,-0.23211860553877037,76.5781649321138,1350,C:\Users\frida\Documents\PhD\Waggle_dance\wd_SA2025\dome\rightcameraangle_probably\20250128\2025-01-28 10-31-59.mkv,1,,,,,,,,,,,
66b,2025-01-28,2025-01-28__66b_2_2025-01-28 10-31-59,66b_2_2025-01-28 10-31-59,3,,"(0.9868499204204689, -0.16163921110335266)",690,858,"(690, 858)",,66b_2_2025-01-28 10-31-59_waggle_annotations.csv,,,0.9868499204204689,-0.16163921110335266,80.69794528870118,1417,C:\Users\frida\Documents\PhD\Waggle_dance\wd_SA2025\dome\rightcameraangle_probably\20250128\2025-01-28 10-31-59.mkv,1,,,,,,,,,,,
66b,2025-01-28,2025-01-28__66b_2_2025-01-28 10-31-59,66b_2_2025-01-28 10-31-59,4,,"(-0.36354248565270647, -0.9315776194850602)",754,931,"(754, 931)",,66b_2_2025-01-28 10-31-59_waggle_annotations.csv,,,-0.36354248565270647,-0.9315776194850602,338.68208772453846,1509,C:\Users\frida\Documents\PhD\Waggle_dance\wd_SA2025\dome\rightcameraangle_probably\20250128\2025-01-28 10-31-59.mkv,1,,,,,,,,,,,
66b,2025-01-28,2025-01-28__66b_2_2025-01-28 10-31-59,66b_2_2025-01-28 10-31-59,5,,"(0.023522901135980056, -0.9997232982791523)",736,910,"(736, 910)",,66b_2_2025-01-28 10-31-59_waggle_annotations.csv,,,0.023522901135980056,-0.9997232982791523,1.3478872801985986,1737,C:\Users\frida\Documents\PhD\Waggle_dance\wd_SA2025\dome\rightcameraangle_probably\20250128\2025-01-28 10-31-59.mkv,1,,,,,,,,,,,
