recording_type,source_file_type,source_batch,dancer_id,bee_id,dance_id,dance_key,waggle_run,stimulus,condition,notes,date,time_dance,csv_file,video_name,waggle_directions,direction_u,direction_v,video_angle_deg,start_x,start_y,start_xy,start_frame,annotation_session,orientation_method,true_north_video_deg,waggle_true_bearing_deg,mean_magnetic_north_deg,true_north_calibration_deg,compass_circular_sd_deg,calibration_n_annotations,calibration_quality_flag,reference_compass_file,assigned_calibration_file,calibration_id,calibration_file,reference_landmark_file,landmark_dance_file,landmark_calibration_deg,landmark_calibration_circular_sd_deg,north_relative_to_landmark_deg,landmark_dance_video_deg,landmark_dance_circular_sd_deg,sun_azimuth_deg,sun_elevation_deg,vertical_angle_corrected_deg,comb_skew_correction_status
vertical,annotator_csv,vertical_20250119,16b,16b,16b_00033,vertical_20250119__16b__16b_00033,1,,vertical,,20250119,17:20:00,16b_00033_waggle_annotations.csv,C:/Users/frida/Documents/PhD/Waggle_dance/wd_SA2025/wd_annotator/mp4/20250119\00033.mp4,"(-0.6401843996644799, 0.7682212795973759)",-0.64018439966448,0.768221279597376,219.805571092265,567,612,"(567.0, 612.0)",26,1,raw_vertical_uncalibrated,,,,,,,,,,,,,,,,,,,,,,not_corrected
vertical,annotator_csv,vertical_20250119,16b,16b,16b_00033,vertical_20250119__16b__16b_00033,2,,vertical,,20250119,17:20:00,16b_00033_waggle_annotations.csv,C:/Users/frida/Documents/PhD/Waggle_dance/wd_SA2025/wd_annotator/mp4/20250119\00033.mp4,"(-0.4762831485407526, 0.879291966536774)",-0.476283148540753,0.879291966536774,208.442928624363,590,624,"(590.0, 624.0)",72,1,raw_vertical_uncalibrated,,,,,,,,,,,,,,,,,,,,,,not_corrected
vertical,annotator_csv,vertical_20250119,16b,16b,16b_00033,vertical_20250119__16b__16b_00033,3,,vertical,,20250119,17:20:00,16b_00033_waggle_annotations.csv,C:/Users/frida/Documents/PhD/Waggle_dance/wd_SA2025/wd_annotator/mp4/20250119\00033.mp4,"(-0.7071067811865476, 0.7071067811865476)",-0.707106781186548,0.707106781186548,225,625,660,"(625.0, 660.0)",122,1,raw_vertical_uncalibrated,,,,,,,,,,,,,,,,,,,,,,not_corrected
vertical,annotator_csv,vertical_20250119,16b,16b,16b_00033,vertical_20250119__16b__16b_00033,4,,vertical,,20250119,17:20:00,16b_00033_waggle_annotations.csv,C:/Users/frida/Documents/PhD/Waggle_dance/wd_SA2025/wd_annotator/mp4/20250119\00033.mp4,"(-0.38074980525429486, 0.924678098474716)",-0.380749805254295,0.924678098474716,202.38013505196,621,672,"(621.0, 672.0)",171,1,raw_vertical_uncalibrated,,,,,,,,,,,,,,,,,,,,,,not_corrected
vertical,annotator_csv,vertical_20250119,16b,16b,16b_00033,vertical_20250119__16b__16b_00033,5,,vertical,,20250119,17:20:00,16b_00033_waggle_annotations.csv,C:/Users/frida/Documents/PhD/Waggle_dance/wd_SA2025/wd_annotator/mp4/20250119\00033.mp4,"(-0.7713732785400772, 0.6363829547955636)",-0.771373278540077,0.636382954795564,230.477368728829,496,585,"(496.0, 585.0)",224,1,raw_vertical_uncalibrated,,,,,,,,,,,,,,,,,,,,,,not_corrected
vertical,annotator_csv,vertical_20250119,16b,16b,16b_00033,vertical_20250119__16b__16b_00033,6,,vertical,,20250119,17:20:00,16b_00033_waggle_annotations.csv,C:/Users/frida/Documents/PhD/Waggle_dance/wd_SA2025/wd_annotator/mp4/20250119\00033.mp4,"(-0.7926239891046, 0.6097107608496923)",-0.7926239891046,0.609710760849692,232.431407971173,569,524,"(569.0, 524.0)",320,1,raw_vertical_uncalibrated,,,,,,,,,,,,,,,,,,,,,,not_corrected
vertical,annotator_csv,vertical_20250119,16b,16b,16b_00033,vertical_20250119__16b__16b_00033,7,,vertical,,20250119,17:20:00,16b_00033_waggle_annotations.csv,C:/Users/frida/Documents/PhD/Waggle_dance/wd_SA2025/wd_annotator/mp4/20250119\00033.mp4,"(-0.6871998538760825, 0.7264684169547159)",-0.687199853876083,0.726468416954716,223.408859728805,602,521,"(602.0, 521.0)",375,1,raw_vertical_uncalibrated,,,,,,,,,,,,,,,,,,,,,,not_corrected
vertical,annotator_csv,vertical_20250119,16b,16b,16b_00033,vertical_20250119__16b__16b_00033,8,,vertical,,20250119,17:20:00,16b_00033_waggle_annotations.csv,C:/Users/frida/Documents/PhD/Waggle_dance/wd_SA2025/wd_annotator/mp4/20250119\00033.mp4,"(-0.7071067811865476, 0.7071067811865476)",-0.707106781186548,0.707106781186548,225,666,613,"(666.0, 613.0)",428,1,raw_vertical_uncalibrated,,,,,,,,,,,,,,,,,,,,,,not_corrected
vertical,annotator_csv,vertical_20250119,16b,16b,16b_00033,vertical_20250119__16b__16b_00033,9,,vertical,,20250119,17:20:00,16b_00033_waggle_annotations.csv,C:/Users/frida/Documents/PhD/Waggle_dance/wd_SA2025/wd_annotator/mp4/20250119\00033.mp4,"(0.04343722427630694, 0.9990561583550596)",0.0434372242763069,0.99905615835506,177.510447078001,676,612,"(676.0, 612.0)",474,1,raw_vertical_uncalibrated,,,,,,,,,,,,,,,,,,,,,,not_corrected
vertical,annotator_csv,vertical_20250119,16b,16b,16b_00033,vertical_20250119__16b__16b_00033,10,,vertical,,20250119,17:20:00,16b_00033_waggle_annotations.csv,C:/Users/frida/Documents/PhD/Waggle_dance/wd_SA2025/wd_annotator/mp4/20250119\00033.mp4,"(-0.8499026917123794, 0.5269396688616753)",-0.849902691712379,0.526939668861675,238.201087175706,687,583,"(687.0, 583.0)",521,1,raw_vertical_uncalibrated,,,,,,,,,,,,,,,,,,,,,,not_corrected
vertical,annotator_csv,vertical_20250119,16b,16b,16b_00033,vertical_20250119__16b__16b_00033,11,,vertical,,20250119,17:20:00,16b_00033_waggle_annotations.csv,C:/Users/frida/Documents/PhD/Waggle_dance/wd_SA2025/wd_annotator/mp4/20250119\00033.mp4,"(-0.48925097428324454, 0.8721430411136099)",-0.489250974283245,0.87214304111361,209.291362170984,666,601,"(666.0, 601.0)",577,1,raw_vertical_uncalibrated,,,,,,,,,,,,,,,,,,,,,,not_corrected
vertical,annotator_csv,vertical_20250119,16b,16b,16b_00033,vertical_20250119__16b__16b_00033,12,,vertical,,20250119,17:20:00,16b_00033_waggle_annotations.csv,C:/Users/frida/Documents/PhD/Waggle_dance/wd_SA2025/wd_annotator/mp4/20250119\00033.mp4,"(-0.6541519329315841, 0.7563631724521442)",-0.654151932931584,0.756363172452144,220.855376258896,629,596,"(629.0, 596.0)",624,1,raw_vertical_uncalibrated,,,,,,,,,,,,,,,,,,,,,,not_corrected
vertical,annotator_csv,vertical_20250119,16b,16b,16b_00033,vertical_20250119__16b__16b_00033,13,,vertical,,20250119,17:20:00,16b_00033_waggle_annotations.csv,C:/Users/frida/Documents/PhD/Waggle_dance/wd_SA2025/wd_annotator/mp4/20250119\00033.mp4,"(-0.27300368557463306, 0.9620129872629928)",-0.273003685574633,0.962012987262993,195.843082117687,693,562,"(693.0, 562.0)",676,1,raw_vertical_uncalibrated,,,,,,,,,,,,,,,,,,,,,,not_corrected
vertical,annotator_csv,vertical_20250119,16b,16b,16b_00033,vertical_20250119__16b__16b_00033,14,,vertical,,20250119,17:20:00,16b_00033_waggle_annotations.csv,C:/Users/frida/Documents/PhD/Waggle_dance/wd_SA2025/wd_annotator/mp4/20250119\00033.mp4,"(-0.7888002901785134, 0.6146495767624779)",-0.788800290178513,0.614649576762478,232.073537674961,747,556,"(747.0, 556.0)",733,1,raw_vertical_uncalibrated,,,,,,,,,,,,,,,,,,,,,,not_corrected
vertical,annotator_csv,vertical_20250119,22b,22b,22b_00028,vertical_20250119__22b__22b_00028,1,,vertical,,20250119,16:57:00,22b_00028_waggle_annotations.csv,C:/Users/frida/Documents/PhD/Waggle_dance/wd_SA2025/wd_annotator/mp4/20250119\00028.mp4,"(-0.08304547985373997, 0.9965457582448797)",-0.08304547985374,0.99654575824488,184.763641690726,855,652,"(855.0, 652.0)",34,1,raw_vertical_uncalibrated,,,,,,,,,,,,,,,,,,,,,,not_corrected
vertical,annotator_csv,vertical_20250119,22b,22b,22b_00028,vertical_20250119__22b__22b_00028,2,,vertical,,20250119,16:57:00,22b_00028_waggle_annotations.csv,C:/Users/frida/Documents/PhD/Waggle_dance/wd_SA2025/wd_annotator/mp4/20250119\00028.mp4,"(-0.2631174057921088, 0.9647638212377322)",-0.263117405792109,0.964763821237732,195.255118703058,847,660,"(847.0, 660.0)",85,1,raw_vertical_uncalibrated,,,,,,,,,,,,,,,,,,,,,,not_corrected
vertical,annotator_csv,vertical_20250119,22b,22b,22b_00028,vertical_20250119__22b__22b_00028,3,,vertical,,20250119,16:57:00,22b_00028_waggle_annotations.csv,C:/Users/frida/Documents/PhD/Waggle_dance/wd_SA2025/wd_annotator/mp4/20250119\00028.mp4,"(-0.2956837280711308, 0.9552858906913457)",-0.295683728071131,0.955285890691346,197.198541220066,869,670,"(869.0, 670.0)",125,1,raw_vertical_uncalibrated,,,,,,,,,,,,,,,,,,,,,,not_corrected
vertical,annotator_csv,vertical_20250119,22b,22b,22b_00028,vertical_20250119__22b__22b_00028,4,,vertical,,20250119,16:57:00,22b_00028_waggle_annotations.csv,C:/Users/frida/Documents/PhD/Waggle_dance/wd_SA2025/wd_annotator/mp4/20250119\00028.mp4,"(-0.5425254314756646, 0.8400393777687709)",-0.542525431475665,0.840039377768771,212.855721950433,837,648,"(837.0, 648.0)",172,1,raw_vertical_uncalibrated,,,,,,,,,,,,,,,,,,,,,,not_corrected
vertical,annotator_csv,vertical_20250119,22b,22b,22b_00028,vertical_20250119__22b__22b_00028,5,,vertical,,20250119,16:57:00,22b_00028_waggle_annotations.csv,C:/Users/frida/Documents/PhD/Waggle_dance/wd_SA2025/wd_annotator/mp4/20250119\00028.mp4,"(-0.2982749931359468, 0.9544799780350297)",-0.298274993135947,0.95447997803503,197.354024636261,831,690,"(831.0, 690.0)",217,1,raw_vertical_uncalibrated,,,,,,,,,,,,,,,,,,,,,,not_corrected
vertical,annotator_csv,vertical_20250119,22b,22b,22b_00028,vertical_20250119__22b__22b_00028,6,,vertical,,20250119,16:57:00,22b_00028_waggle_annotations.csv,C:/Users/frida/Documents/PhD/Waggle_dance/wd_SA2025/wd_annotator/mp4/20250119\00028.mp4,"(-0.6956113588411023, 0.7184182886391711)",-0.695611358841102,0.718418288639171,224.075954647227,894,635,"(894.0, 635.0)",272,1,raw_vertical_uncalibrated,,,,,,,,,,,,,,,,,,,,,,not_corrected
vertical,annotator_csv,vertical_20250119,22b,22b,22b_00028,vertical_20250119__22b__22b_00028,7,,vertical,,20250119,16:57:00,22b_00028_waggle_annotations.csv,C:/Users/frida/Documents/PhD/Waggle_dance/wd_SA2025/wd_annotator/mp4/20250119\00028.mp4,"(-0.6629103673197869, 0.7486987677964652)",-0.662910367319787,0.748698767796465,221.522213480202,843,711,"(843.0, 711.0)",453,1,raw_vertical_uncalibrated,,,,,,,,,,,,,,,,,,,,,,not_corrected
vertical,annotator_csv,vertical_20250119,22b,22b,22b_00028,vertical_20250119__22b__22b_00028,8,,vertical,,20250119,16:57:00,22b_00028_waggle_annotations.csv,C:/Users/frida/Documents/PhD/Waggle_dance/wd_SA2025/wd_annotator/mp4/20250119\00028.mp4,"(-0.7474093186836598, 0.6643638388299198)",-0.74740931868366,0.66436383882992,228.36646066343,973,727,"(973.0, 727.0)",645,1,raw_vertical_uncalibrated,,,,,,,,,,,,,,,,,,,,,,not_corrected
vertical,annotator_csv,vertical_20250119,22b,22b,22b_00028,vertical_20250119__22b__22b_00028,9,,vertical,,20250119,16:57:00,22b_00028_waggle_annotations.csv,C:/Users/frida/Documents/PhD/Waggle_dance/wd_SA2025/wd_annotator/mp4/20250119\00028.mp4,"(-0.507985019944294, 0.861365903383803)",-0.507985019944294,0.861365903383803,210.529705899934,899,684,"(899.0, 684.0)",705,1,raw_vertical_uncalibrated,,,,,,,,,,,,,,,,,,,,,,not_corrected
vertical,annotator_csv,vertical_20250119,22b,22b,22b_00028,vertical_20250119__22b__22b_00028,10,,vertical,,20250119,16:57:00,22b_00028_waggle_annotations.csv,C:/Users/frida/Documents/PhD/Waggle_dance/wd_SA2025/wd_annotator/mp4/20250119\00028.mp4,"(-0.6277524511897817, 0.7784130394753294)",-0.627752451189782,0.778413039475329,218.884496433715,848,625,"(848.0, 625.0)",808,1,raw_vertical_uncalibrated,,,,,,,,,,,,,,,,,,,,,,not_corrected
vertical,annotator_csv,vertical_20250119,22b,22b,22b_00028,vertical_20250119__22b__22b_00028,11,,vertical,,20250119,16:57:00,22b_00028_waggle_annotations.csv,C:/Users/frida/Documents/PhD/Waggle_dance/wd_SA2025/wd_annotator/mp4/20250119\00028.mp4,"(-0.4166547104932136, 0.9090648228942843)",-0.416654710493214,0.909064822894284,204.623564786164,877,618,"(877.0, 618.0)",856,1,raw_vertical_uncalibrated,,,,,,,,,,,,,,,,,,,,,,not_corrected
vertical,annotator_csv,vertical_20250119,22b,22b,22b_00028,vertical_20250119__22b__22b_00028,12,,vertical,,20250119,16:57:00,22b_00028_waggle_annotations.csv,C:/Users/frida/Documents/PhD/Waggle_dance/wd_SA2025/wd_annotator/mp4/20250119\00028.mp4,"(-0.7904150521752438, 0.612571665435814)",-0.790415052175244,0.612571665435814,232.224315694045,853,601,"(853.0, 601.0)",897,1,raw_vertical_uncalibrated,,,,,,,,,,,,,,,,,,,,,,not_corrected
vertical,annotator_csv,vertical_20250119,22b,22b,22b_00028,vertical_20250119__22b__22b_00028,13,,vertical,,20250119,16:57:00,22b_00028_waggle_annotations.csv,C:/Users/frida/Documents/PhD/Waggle_dance/wd_SA2025/wd_annotator/mp4/20250119\00028.mp4,"(-0.1414213562373095, 0.9899494936611665)",-0.14142135623731,0.989949493661167,188.130102354156,836,579,"(836.0, 579.0)",950,1,raw_vertical_uncalibrated,,,,,,,,,,,,,,,,,,,,,,not_corrected
vertical,annotator_csv,vertical_20250119,22b,22b,22b_00028,vertical_20250119__22b__22b_00028,14,,vertical,,20250119,16:57:00,22b_00028_waggle_annotations.csv,C:/Users/frida/Documents/PhD/Waggle_dance/wd_SA2025/wd_annotator/mp4/20250119\00028.mp4,"(-0.8755776840267941, 0.4830773429113347)",-0.875577684026794,0.483077342911335,241.113418233089,784,570,"(784.0, 570.0)",991,1,raw_vertical_uncalibrated,,,,,,,,,,,,,,,,,,,,,,not_corrected
vertical,annotator_csv,vertical_20250119,22b,22b,22b_00028,vertical_20250119__22b__22b_00028,15,,vertical,,20250119,16:57:00,22b_00028_waggle_annotations.csv,C:/Users/frida/Documents/PhD/Waggle_dance/wd_SA2025/wd_annotator/mp4/20250119\00028.mp4,"(-0.24253562503633297, 0.9701425001453319)",-0.242535625036333,0.970142500145332,194.036243467926,821,568,"(821.0, 568.0)",1029,1,raw_vertical_uncalibrated,,,,,,,,,,,,,,,,,,,,,,not_corrected
vertical,annotator_csv,vertical_20250119,22b,22b,22b_00028,vertical_20250119__22b__22b_00028,16,,vertical,,20250119,16:57:00,22b_00028_waggle_annotations.csv,C:/Users/frida/Documents/PhD/Waggle_dance/wd_SA2025/wd_annotator/mp4/20250119\00028.mp4,"(-0.4989644448669457, 0.8666224568741688)",-0.498964444866946,0.866622456874169,209.931511840508,812,503,"(812.0, 503.0)",1125,1,raw_vertical_uncalibrated,,,,,,,,,,,,,,,,,,,,,,not_corrected
vertical,annotator_csv,vertical_20250119,22b,22b,22b_00028,vertical_20250119__22b__22b_00028,17,,vertical,,20250119,16:57:00,22b_00028_waggle_annotations.csv,C:/Users/frida/Documents/PhD/Waggle_dance/wd_SA2025/wd_annotator/mp4/20250119\00028.mp4,"(-0.6561787149247866, 0.7546055221635046)",-0.656178714924787,0.754605522163505,221.00908690157,764,493,"(764.0, 493.0)",1168,1,raw_vertical_uncalibrated,,,,,,,,,,,,,,,,,,,,,,not_corrected
vertical,annotator_csv,vertical_20250119,22b,22b,22b_00028,vertical_20250119__22b__22b_00028,18,,vertical,,20250119,16:57:00,22b_00028_waggle_annotations.csv,C:/Users/frida/Documents/PhD/Waggle_dance/wd_SA2025/wd_annotator/mp4/20250119\00028.mp4,"(-0.548026257310873, 0.8364611295797535)",-0.548026257310873,0.836461129579754,213.231711067979,776,492,"(776.0, 492.0)",1230,1,raw_vertical_uncalibrated,,,,,,,,,,,,,,,,,,,,,,not_corrected
vertical,annotator_csv,vertical_20250119,22b,22b,22b_00028,vertical_20250119__22b__22b_00028,19,,vertical,,20250119,16:57:00,22b_00028_waggle_annotations.csv,C:/Users/frida/Documents/PhD/Waggle_dance/wd_SA2025/wd_annotator/mp4/20250119\00028.mp4,"(-0.8395701571521512, 0.5432512781572743)",-0.839570157152151,0.543251278157274,237.094757077012,758,444,"(758.0, 444.0)",1275,1,raw_vertical_uncalibrated,,,,,,,,,,,,,,,,,,,,,,not_corrected
vertical,annotator_csv,vertical_20250119,22b,22b,22b_00028,vertical_20250119__22b__22b_00028,20,,vertical,,20250119,16:57:00,22b_00028_waggle_annotations.csv,C:/Users/frida/Documents/PhD/Waggle_dance/wd_SA2025/wd_annotator/mp4/20250119\00028.mp4,"(-0.23822152779764846, 0.9712108440981052)",-0.238221527797648,0.971210844098105,193.781597235654,813,436,"(813.0, 436.0)",1319,1,raw_vertical_uncalibrated,,,,,,,,,,,,,,,,,,,,,,not_corrected
vertical,annotator_csv,vertical_20250119,22b,22b,22b_00028,vertical_20250119__22b__22b_00028,21,,vertical,,20250119,16:57:00,22b_00028_waggle_annotations.csv,C:/Users/frida/Documents/PhD/Waggle_dance/wd_SA2025/wd_annotator/mp4/20250119\00028.mp4,"(-0.10748184298009181, 0.9942070475658493)",-0.107481842980092,0.994207047565849,186.17017509503,390,558,"(390.0, 558.0)",1489,1,raw_vertical_uncalibrated,,,,,,,,,,,,,,,,,,,,,,not_corrected
vertical,annotator_csv,vertical_20250119,22b,22b,22b_00028,vertical_20250119__22b__22b_00028,22,,vertical,,20250119,16:57:00,22b_00028_waggle_annotations.csv,C:/Users/frida/Documents/PhD/Waggle_dance/wd_SA2025/wd_annotator/mp4/20250119\00028.mp4,"(-0.8886206570548637, 0.45864291977025223)",-0.888620657054864,0.458642919770252,242.700427788667,383,598,"(383.0, 598.0)",1542,1,raw_vertical_uncalibrated,,,,,,,,,,,,,,,,,,,,,,not_corrected
vertical,annotator_csv,vertical_20250119,22b,22b,22b_00028,vertical_20250119__22b__22b_00028,23,,vertical,,20250119,16:57:00,22b_00028_waggle_annotations.csv,C:/Users/frida/Documents/PhD/Waggle_dance/wd_SA2025/wd_annotator/mp4/20250119\00028.mp4,"(-0.31622776601683794, 0.9486832980505138)",-0.316227766016838,0.948683298050514,198.434948822922,375,607,"(375.0, 607.0)",1580,1,raw_vertical_uncalibrated,,,,,,,,,,,,,,,,,,,,,,not_corrected
vertical,annotator_csv,vertical_20250119,22b,22b,22b_00028,vertical_20250119__22b__22b_00028,24,,vertical,,20250119,16:57:00,22b_00028_waggle_annotations.csv,C:/Users/frida/Documents/PhD/Waggle_dance/wd_SA2025/wd_annotator/mp4/20250119\00028.mp4,"(-0.7474093186836597, 0.6643638388299198)",-0.74740931868366,0.66436383882992,228.36646066343,344,626,"(344.0, 626.0)",1619,1,raw_vertical_uncalibrated,,,,,,,,,,,,,,,,,,,,,,not_corrected
vertical,annotator_csv,vertical_20250119,22b,22b,22b_00028,vertical_20250119__22b__22b_00028,25,,vertical,,20250119,16:57:00,22b_00028_waggle_annotations.csv,C:/Users/frida/Documents/PhD/Waggle_dance/wd_SA2025/wd_annotator/mp4/20250119\00028.mp4,"(-0.5449883505954141, 0.838443616300637)",-0.544988350595414,0.838443616300637,213.023867555797,339,629,"(339.0, 629.0)",1665,1,raw_vertical_uncalibrated,,,,,,,,,,,,,,,,,,,,,,not_corrected
vertical,annotator_csv,vertical_20250119,22b,22b,22b_00028,vertical_20250119__22b__22b_00028,26,,vertical,,20250119,16:57:00,22b_00028_waggle_annotations.csv,C:/Users/frida/Documents/PhD/Waggle_dance/wd_SA2025/wd_annotator/mp4/20250119\00028.mp4,"(-0.5057194997124201, 0.862697970097658)",-0.50571949971242,0.862697970097658,210.379126011368,328,655,"(328.0, 655.0)",1709,1,raw_vertical_uncalibrated,,,,,,,,,,,,,,,,,,,,,,not_corrected
vertical,annotator_csv,vertical_20250119,22b,22b,22b_00028,vertical_20250119__22b__22b_00028,27,,vertical,,20250119,16:57:00,22b_00028_waggle_annotations.csv,C:/Users/frida/Documents/PhD/Waggle_dance/wd_SA2025/wd_annotator/mp4/20250119\00028.mp4,"(-0.4819187497721559, 0.8762159086766471)",-0.481918749772156,0.876215908676647,208.810793742973,333,673,"(333.0, 673.0)",1748,1,raw_vertical_uncalibrated,,,,,,,,,,,,,,,,,,,,,,not_corrected
vertical,annotator_csv,vertical_20250119,22b,22b,22b_00028,vertical_20250119__22b__22b_00028,28,,vertical,,20250119,16:57:00,22b_00028_waggle_annotations.csv,C:/Users/frida/Documents/PhD/Waggle_dance/wd_SA2025/wd_annotator/mp4/20250119\00028.mp4,"(-0.6316729511622358, 0.7752349855172893)",-0.631672951162236,0.775234985517289,219.173657970444,339,644,"(339.0, 644.0)",1799,1,raw_vertical_uncalibrated,,,,,,,,,,,,,,,,,,,,,,not_corrected
vertical,annotator_csv,vertical_20250119,22b,22b,22b_00028,vertical_20250119__22b__22b_00028,29,,vertical,,20250119,16:57:00,22b_00028_waggle_annotations.csv,C:/Users/frida/Documents/PhD/Waggle_dance/wd_SA2025/wd_annotator/mp4/20250119\00028.mp4,"(-0.26592899812581344, 0.9639926182060737)",-0.265928998125813,0.963992618206074,195.422161318739,391,675,"(391.0, 675.0)",1842,1,raw_vertical_uncalibrated,,,,,,,,,,,,,,,,,,,,,,not_corrected
vertical,annotator_csv,vertical_20250119,22b,22b,22b_00028,vertical_20250119__22b__22b_00028,30,,vertical,,20250119,16:57:00,22b_00028_waggle_annotations.csv,C:/Users/frida/Documents/PhD/Waggle_dance/wd_SA2025/wd_annotator/mp4/20250119\00028.mp4,"(-0.42905681456828765, 0.9032775043542898)",-0.429056814568288,0.90327750435429,205.407718108948,358,664,"(358.0, 664.0)",1884,1,raw_vertical_uncalibrated,,,,,,,,,,,,,,,,,,,,,,not_corrected
vertical,annotator_csv,vertical_20250119,22b,22b,22b_00028,vertical_20250119__22b__22b_00028,31,,vertical,,20250119,16:57:00,22b_00028_waggle_annotations.csv,C:/Users/frida/Documents/PhD/Waggle_dance/wd_SA2025/wd_annotator/mp4/20250119\00028.mp4,"(-0.5655283555515277, 0.8247288518459779)",-0.565528355551528,0.824728851845978,214.438989308804,358,678,"(358.0, 678.0)",1934,1,raw_vertical_uncalibrated,,,,,,,,,,,,,,,,,,,,,,not_corrected
vertical,annotator_csv,vertical_20250119,22b,22b,22b_00028,vertical_20250119__22b__22b_00028,32,,vertical,,20250119,16:57:00,22b_00028_waggle_annotations.csv,C:/Users/frida/Documents/PhD/Waggle_dance/wd_SA2025/wd_annotator/mp4/20250119\00028.mp4,"(-0.5665288228870652, 0.8240419241993676)",-0.566528822887065,0.824041924199368,214.508522987668,339,678,"(339.0, 678.0)",1988,1,raw_vertical_uncalibrated,,,,,,,,,,,,,,,,,,,,,,not_corrected
vertical,annotator_csv,vertical_20250119,22b,22b,22b_00028,vertical_20250119__22b__22b_00028,33,,vertical,,20250119,16:57:00,22b_00028_waggle_annotations.csv,C:/Users/frida/Documents/PhD/Waggle_dance/wd_SA2025/wd_annotator/mp4/20250119\00028.mp4,"(-0.22485950669875843, 0.9743911956946198)",-0.224859506698758,0.97439119569462,192.994616791917,369,656,"(369.0, 656.0)",2030,1,raw_vertical_uncalibrated,,,,,,,,,,,,,,,,,,,,,,not_corrected
vertical,annotator_csv,vertical_20250119,22b,22b,22b_00028,vertical_20250119__22b__22b_00028,34,,vertical,,20250119,16:57:00,22b_00028_waggle_annotations.csv,C:/Users/frida/Documents/PhD/Waggle_dance/wd_SA2025/wd_annotator/mp4/20250119\00028.mp4,"(-0.43556092810428076, 0.9001592514155136)",-0.435560928104281,0.900159251415514,205.820991974189,189,635,"(189.0, 635.0)",2106,1,raw_vertical_uncalibrated,,,,,,,,,,,,,,,,,,,,,,not_corrected
vertical,annotator_csv,vertical_20250119,22b,22b,22b_00030,vertical_20250119__22b__22b_00030,1,,vertical,,20250119,17:03:00,22b_00030_waggle_annotations.csv,C:/Users/frida/Documents/PhD/Waggle_dance/wd_SA2025/wd_annotator/mp4/20250119\00030.mp4,"(-0.5658424969124141, 0.8245133526438033)",-0.565842496912414,0.824513352643803,214.460816271372,317,618,"(317.0, 618.0)",1171,1,raw_vertical_uncalibrated,,,,,,,,,,,,,,,,,,,,,,not_corrected
vertical,annotator_csv,vertical_20250119,22b,22b,22b_00030,vertical_20250119__22b__22b_00030,2,,vertical,,20250119,17:03:00,22b_00030_waggle_annotations.csv,C:/Users/frida/Documents/PhD/Waggle_dance/wd_SA2025/wd_annotator/mp4/20250119\00030.mp4,"(0.6074501075707971, 0.7943578329771962)",0.607450107570797,0.794357832977196,142.594643368591,343,634,"(343.0, 634.0)",1214,1,raw_vertical_uncalibrated,,,,,,,,,,,,,,,,,,,,,,not_corrected
vertical,annotator_csv,vertical_20250119,22b,22b,22b_00030,vertical_20250119__22b__22b_00030,3,,vertical,,20250119,17:03:00,22b_00030_waggle_annotations.csv,C:/Users/frida/Documents/PhD/Waggle_dance/wd_SA2025/wd_annotator/mp4/20250119\00030.mp4,"(-0.8297221102000094, 0.5581766923163699)",-0.829722110200009,0.55817669231637,236.070202577939,370,658,"(370.0, 658.0)",1260,1,raw_vertical_uncalibrated,,,,,,,,,,,,,,,,,,,,,,not_corrected
vertical,annotator_csv,vertical_20250119,22b,22b,22b_00030,vertical_20250119__22b__22b_00030,4,,vertical,,20250119,17:03:00,22b_00030_waggle_annotations.csv,C:/Users/frida/Documents/PhD/Waggle_dance/wd_SA2025/wd_annotator/mp4/20250119\00030.mp4,"(0.09392259459566807, 0.9955795027140815)",0.0939225945956681,0.995579502714082,174.610688240027,416,638,"(416.0, 638.0)",1311,1,raw_vertical_uncalibrated,,,,,,,,,,,,,,,,,,,,,,not_corrected
vertical,annotator_csv,vertical_20250119,22b,22b,22b_00030,vertical_20250119__22b__22b_00030,5,,vertical,,20250119,17:03:00,22b_00030_waggle_annotations.csv,C:/Users/frida/Documents/PhD/Waggle_dance/wd_SA2025/wd_annotator/mp4/20250119\00030.mp4,"(-0.5926805276472258, 0.8054376401359734)",-0.592680527647226,0.805437640135973,216.347458208885,376,583,"(376.0, 583.0)",1363,1,raw_vertical_uncalibrated,,,,,,,,,,,,,,,,,,,,,,not_corrected
vertical,annotator_csv,vertical_20250119,22b,22b,22b_00030,vertical_20250119__22b__22b_00030,6,,vertical,,20250119,17:03:00,22b_00030_waggle_annotations.csv,C:/Users/frida/Documents/PhD/Waggle_dance/wd_SA2025/wd_annotator/mp4/20250119\00030.mp4,"(-0.3789759961459408, 0.9254065022168322)",-0.378975996145941,0.925406502216832,202.270267920055,455,602,"(455.0, 602.0)",1408,1,raw_vertical_uncalibrated,,,,,,,,,,,,,,,,,,,,,,not_corrected
vertical,annotator_csv,vertical_20250119,22b,22b,22b_00030,vertical_20250119__22b__22b_00030,7,,vertical,,20250119,17:03:00,22b_00030_waggle_annotations.csv,C:/Users/frida/Documents/PhD/Waggle_dance/wd_SA2025/wd_annotator/mp4/20250119\00030.mp4,"(-0.7592566023652966, 0.6507913734559685)",-0.759256602365297,0.650791373455969,229.398705354996,414,612,"(414.0, 612.0)",1456,1,raw_vertical_uncalibrated,,,,,,,,,,,,,,,,,,,,,,not_corrected
vertical,annotator_csv,vertical_20250119,22b,22b,22b_00030,vertical_20250119__22b__22b_00030,8,,vertical,,20250119,17:03:00,22b_00030_waggle_annotations.csv,C:/Users/frida/Documents/PhD/Waggle_dance/wd_SA2025/wd_annotator/mp4/20250119\00030.mp4,"(-0.20039623614870658, 0.9797149322825655)",-0.200396236148707,0.979714932282566,191.560130794218,480,614,"(480.0, 614.0)",1494,1,raw_vertical_uncalibrated,,,,,,,,,,,,,,,,,,,,,,not_corrected
vertical,annotator_csv,vertical_20250119,22b,22b,22b_00030,vertical_20250119__22b__22b_00030,9,,vertical,,20250119,17:03:00,22b_00030_waggle_annotations.csv,C:/Users/frida/Documents/PhD/Waggle_dance/wd_SA2025/wd_annotator/mp4/20250119\00030.mp4,"(-0.6952251158274647, 0.7187920689063618)",-0.695225115827465,0.718792068906362,224.045158746128,447,553,"(447.0, 553.0)",1537,1,raw_vertical_uncalibrated,,,,,,,,,,,,,,,,,,,,,,not_corrected
vertical,annotator_csv,vertical_20250119,22b,22b,22b_00030,vertical_20250119__22b__22b_00030,10,,vertical,,20250119,17:03:00,22b_00030_waggle_annotations.csv,C:/Users/frida/Documents/PhD/Waggle_dance/wd_SA2025/wd_annotator/mp4/20250119\00030.mp4,"(-0.32314385329151046, 0.946349856067995)",-0.32314385329151,0.946349856067995,198.853158764419,496,577,"(496.0, 577.0)",1577,1,raw_vertical_uncalibrated,,,,,,,,,,,,,,,,,,,,,,not_corrected
vertical,annotator_csv,vertical_20250119,22b,22b,22b_00030,vertical_20250119__22b__22b_00030,11,,vertical,,20250119,17:03:00,22b_00030_waggle_annotations.csv,C:/Users/frida/Documents/PhD/Waggle_dance/wd_SA2025/wd_annotator/mp4/20250119\00030.mp4,"(-0.6912226459673644, 0.7226418571476991)",-0.691222645967364,0.722641857147699,223.726969979943,451,524,"(451.0, 524.0)",1621,1,raw_vertical_uncalibrated,,,,,,,,,,,,,,,,,,,,,,not_corrected
vertical,annotator_csv,vertical_20250119,22b,22b,22b_00030,vertical_20250119__22b__22b_00030,12,,vertical,,20250119,17:03:00,22b_00030_waggle_annotations.csv,C:/Users/frida/Documents/PhD/Waggle_dance/wd_SA2025/wd_annotator/mp4/20250119\00030.mp4,"(-0.5780173407803391, 0.8160244811016552)",-0.578017340780339,0.816024481101655,215.311213439633,448,529,"(448.0, 529.0)",1667,1,raw_vertical_uncalibrated,,,,,,,,,,,,,,,,,,,,,,not_corrected
vertical,annotator_csv,vertical_20250119,22b,22b,22b_00030,vertical_20250119__22b__22b_00030,13,,vertical,,20250119,17:03:00,22b_00030_waggle_annotations.csv,C:/Users/frida/Documents/PhD/Waggle_dance/wd_SA2025/wd_annotator/mp4/20250119\00030.mp4,"(-0.7071067811865476, 0.7071067811865476)",-0.707106781186548,0.707106781186548,225,441,449,"(441.0, 449.0)",1723,1,raw_vertical_uncalibrated,,,,,,,,,,,,,,,,,,,,,,not_corrected
vertical,annotator_csv,vertical_20250119,22b,22b,22b_00030,vertical_20250119__22b__22b_00030,14,,vertical,,20250119,17:03:00,22b_00030_waggle_annotations.csv,C:/Users/frida/Documents/PhD/Waggle_dance/wd_SA2025/wd_annotator/mp4/20250119\00030.mp4,"(-0.59001658934231, 0.807391122257898)",-0.59001658934231,0.807391122257898,216.158185439808,475,465,"(475.0, 465.0)",1763,1,raw_vertical_uncalibrated,,,,,,,,,,,,,,,,,,,,,,not_corrected
vertical,annotator_csv,vertical_20250119,22b,22b,22b_00030,vertical_20250119__22b__22b_00030,15,,vertical,,20250119,17:03:00,22b_00030_waggle_annotations.csv,C:/Users/frida/Documents/PhD/Waggle_dance/wd_SA2025/wd_annotator/mp4/20250119\00030.mp4,"(-0.6567807448042019, 0.7540815958863059)",-0.656780744804202,0.754081595886306,221.054813770962,444,427,"(444.0, 427.0)",1803,1,raw_vertical_uncalibrated,,,,,,,,,,,,,,,,,,,,,,not_corrected
vertical,annotator_csv,vertical_20250119,22b,22b,22b_00030,vertical_20250119__22b__22b_00030,16,,vertical,,20250119,17:03:00,22b_00030_waggle_annotations.csv,C:/Users/frida/Documents/PhD/Waggle_dance/wd_SA2025/wd_annotator/mp4/20250119\00030.mp4,"(0.07870248542001067, 0.9968981486534685)",0.0787024854200107,0.996898148653469,175.486011541999,479,495,"(479.0, 495.0)",1857,1,raw_vertical_uncalibrated,,,,,,,,,,,,,,,,,,,,,,not_corrected
vertical,annotator_csv,vertical_20250119,22b,22b,22b_00030,vertical_20250119__22b__22b_00030,17,,vertical,,20250119,17:03:00,22b_00030_waggle_annotations.csv,C:/Users/frida/Documents/PhD/Waggle_dance/wd_SA2025/wd_annotator/mp4/20250119\00030.mp4,"(-0.5749455167129004, 0.818191696860666)",-0.5749455167129,0.818191696860666,215.095816787026,475,449,"(475.0, 449.0)",1899,1,raw_vertical_uncalibrated,,,,,,,,,,,,,,,,,,,,,,not_corrected
vertical,annotator_csv,vertical_20250119,22b,22b,22b_00030,vertical_20250119__22b__22b_00030,18,,vertical,,20250119,17:03:00,22b_00030_waggle_annotations.csv,C:/Users/frida/Documents/PhD/Waggle_dance/wd_SA2025/wd_annotator/mp4/20250119\00030.mp4,"(0.0, 1.0)",0,1,180,551,448,"(551.0, 448.0)",1943,1,raw_vertical_uncalibrated,,,,,,,,,,,,,,,,,,,,,,not_corrected
vertical,annotator_csv,vertical_20250119,22b,22b,22b_00030,vertical_20250119__22b__22b_00030,19,,vertical,,20250119,17:03:00,22b_00030_waggle_annotations.csv,C:/Users/frida/Documents/PhD/Waggle_dance/wd_SA2025/wd_annotator/mp4/20250119\00030.mp4,"(-0.554700196225229, 0.8320502943378436)",-0.554700196225229,0.832050294337844,213.69006752598,528,419,"(528.0, 419.0)",1990,1,raw_vertical_uncalibrated,,,,,,,,,,,,,,,,,,,,,,not_corrected
vertical,annotator_csv,vertical_20250119,22b,22b,22b_00030,vertical_20250119__22b__22b_00030,20,,vertical,,20250119,17:03:00,22b_00030_waggle_annotations.csv,C:/Users/frida/Documents/PhD/Waggle_dance/wd_SA2025/wd_annotator/mp4/20250119\00030.mp4,"(-0.5248887029964605, 0.85117086972399)",-0.524888702996461,0.85117086972399,211.660751096637,517,423,"(517.0, 423.0)",2033,1,raw_vertical_uncalibrated,,,,,,,,,,,,,,,,,,,,,,not_corrected
vertical,annotator_csv,vertical_20250119,22b,22b,22b_00030,vertical_20250119__22b__22b_00030,21,,vertical,,20250119,17:03:00,22b_00030_waggle_annotations.csv,C:/Users/frida/Documents/PhD/Waggle_dance/wd_SA2025/wd_annotator/mp4/20250119\00030.mp4,"(-0.6034426701855365, 0.7974063856023161)",-0.603442670185537,0.797406385602316,217.11686068327,496,389,"(496.0, 389.0)",2077,1,raw_vertical_uncalibrated,,,,,,,,,,,,,,,,,,,,,,not_corrected
vertical,annotator_csv,vertical_20250119,22b,22b,22b_00030,vertical_20250119__22b__22b_00030,22,,vertical,,20250119,17:03:00,22b_00030_waggle_annotations.csv,C:/Users/frida/Documents/PhD/Waggle_dance/wd_SA2025/wd_annotator/mp4/20250119\00030.mp4,"(-0.6088187851390504, 0.7933093260902778)",-0.60881878513905,0.793309326090278,217.50414236027,529,388,"(529.0, 388.0)",2118,1,raw_vertical_uncalibrated,,,,,,,,,,,,,,,,,,,,,,not_corrected
vertical,annotator_csv,vertical_20250119,22b,22b,22b_00030,vertical_20250119__22b__22b_00030,23,,vertical,,20250119,17:03:00,22b_00030_waggle_annotations.csv,C:/Users/frida/Documents/PhD/Waggle_dance/wd_SA2025/wd_annotator/mp4/20250119\00030.mp4,"(-0.7071067811865475, 0.7071067811865475)",-0.707106781186548,0.707106781186548,225,462,384,"(462.0, 384.0)",2169,1,raw_vertical_uncalibrated,,,,,,,,,,,,,,,,,,,,,,not_corrected
vertical,annotator_csv,vertical_20250119,22b,22b,22b_00030,vertical_20250119__22b__22b_00030,24,,vertical,,20250119,17:03:00,22b_00030_waggle_annotations.csv,C:/Users/frida/Documents/PhD/Waggle_dance/wd_SA2025/wd_annotator/mp4/20250119\00030.mp4,"(-0.47409982303501746, 0.8804710999221753)",-0.474099823035017,0.880471099922175,208.300755766006,522,380,"(522.0, 380.0)",2207,1,raw_vertical_uncalibrated,,,,,,,,,,,,,,,,,,,,,,not_corrected
vertical,annotator_csv,vertical_20250119,22b,22b,22b_00030,vertical_20250119__22b__22b_00030,25,,vertical,,20250119,17:03:00,22b_00030_waggle_annotations.csv,C:/Users/frida/Documents/PhD/Waggle_dance/wd_SA2025/wd_annotator/mp4/20250119\00030.mp4,"(-0.6401843996644799, 0.7682212795973759)",-0.64018439966448,0.768221279597376,219.805571092265,511,423,"(511.0, 423.0)",2263,1,raw_vertical_uncalibrated,,,,,,,,,,,,,,,,,,,,,,not_corrected
vertical,annotator_csv,vertical_20250119,22b,22b,22b_00030,vertical_20250119__22b__22b_00030,26,,vertical,,20250119,17:03:00,22b_00030_waggle_annotations.csv,C:/Users/frida/Documents/PhD/Waggle_dance/wd_SA2025/wd_annotator/mp4/20250119\00030.mp4,"(-0.1117947730678652, 0.9937313161588018)",-0.111794773067865,0.993731316158802,186.418786730239,528,463,"(528.0, 463.0)",2305,1,raw_vertical_uncalibrated,,,,,,,,,,,,,,,,,,,,,,not_corrected
vertical,annotator_csv,vertical_20250119,22b,22b,22b_00030,vertical_20250119__22b__22b_00030,27,,vertical,,20250119,17:03:00,22b_00030_waggle_annotations.csv,C:/Users/frida/Documents/PhD/Waggle_dance/wd_SA2025/wd_annotator/mp4/20250119\00030.mp4,"(-0.5700815482062942, 0.821588113591424)",-0.570081548206294,0.821588113591424,214.755912553541,528,399,"(528.0, 399.0)",2345,1,raw_vertical_uncalibrated,,,,,,,,,,,,,,,,,,,,,,not_corrected
vertical,annotator_csv,vertical_20250119,22b,22b,22b_00030,vertical_20250119__22b__22b_00030,28,,vertical,,20250119,17:03:00,22b_00030_waggle_annotations.csv,C:/Users/frida/Documents/PhD/Waggle_dance/wd_SA2025/wd_annotator/mp4/20250119\00030.mp4,"(-0.5608481451695152, 0.8279186904883319)",-0.560848145169515,0.827918690488332,214.114472945341,575,434,"(575.0, 434.0)",2388,1,raw_vertical_uncalibrated,,,,,,,,,,,,,,,,,,,,,,not_corrected
vertical,annotator_csv,vertical_20250119,22b,22b,22b_00030,vertical_20250119__22b__22b_00030,29,,vertical,,20250119,17:03:00,22b_00030_waggle_annotations.csv,C:/Users/frida/Documents/PhD/Waggle_dance/wd_SA2025/wd_annotator/mp4/20250119\00030.mp4,"(-0.5114838597676826, 0.8592928844097067)",-0.511483859767683,0.859292884409707,210.762719534239,560,419,"(560.0, 419.0)",2439,1,raw_vertical_uncalibrated,,,,,,,,,,,,,,,,,,,,,,not_corrected
vertical,annotator_csv,vertical_20250119,22b,22b,22b_00030,vertical_20250119__22b__22b_00030,30,,vertical,,20250119,17:03:00,22b_00030_waggle_annotations.csv,C:/Users/frida/Documents/PhD/Waggle_dance/wd_SA2025/wd_annotator/mp4/20250119\00030.mp4,"(-0.1567675442007084, 0.9876355284644629)",-0.156767544200708,0.987635528464463,189.019322431382,596,423,"(596.0, 423.0)",2483,1,raw_vertical_uncalibrated,,,,,,,,,,,,,,,,,,,,,,not_corrected
vertical,annotator_csv,vertical_20250119,22b,22b,22b_00030,vertical_20250119__22b__22b_00030,31,,vertical,,20250119,17:03:00,22b_00030_waggle_annotations.csv,C:/Users/frida/Documents/PhD/Waggle_dance/wd_SA2025/wd_annotator/mp4/20250119\00030.mp4,"(-0.666330983530245, 0.7456561006171789)",-0.666330983530245,0.745656100617179,221.784516008252,578,395,"(578.0, 395.0)",2538,1,raw_vertical_uncalibrated,,,,,,,,,,,,,,,,,,,,,,not_corrected
vertical,annotator_csv,vertical_20250119,22b,22b,22b_00030,vertical_20250119__22b__22b_00030,32,,vertical,,20250119,17:03:00,22b_00030_waggle_annotations.csv,C:/Users/frida/Documents/PhD/Waggle_dance/wd_SA2025/wd_annotator/mp4/20250119\00030.mp4,"(-0.1757906384836575, 0.984427575508482)",-0.175790638483658,0.984427575508482,190.124671655398,563,442,"(563.0, 442.0)",2584,1,raw_vertical_uncalibrated,,,,,,,,,,,,,,,,,,,,,,not_corrected
vertical,annotator_csv,vertical_20250119,22b,22b,22b_00030,vertical_20250119__22b__22b_00030,33,,vertical,,20250119,17:03:00,22b_00030_waggle_annotations.csv,C:/Users/frida/Documents/PhD/Waggle_dance/wd_SA2025/wd_annotator/mp4/20250119\00030.mp4,"(-0.4895347567076386, 0.8719837853854813)",-0.489534756707639,0.871983785385481,209.310007070916,537,423,"(537.0, 423.0)",2623,1,raw_vertical_uncalibrated,,,,,,,,,,,,,,,,,,,,,,not_corrected
vertical,annotator_csv,vertical_20250119,22b,22b,22b_00030,vertical_20250119__22b__22b_00030,34,,vertical,,20250119,17:03:00,22b_00030_waggle_annotations.csv,C:/Users/frida/Documents/PhD/Waggle_dance/wd_SA2025/wd_annotator/mp4/20250119\00030.mp4,"(-0.5594728550010625, 0.8288486740756481)",-0.559472855001063,0.828848674075648,214.019349989826,599,437,"(599.0, 437.0)",2667,1,raw_vertical_uncalibrated,,,,,,,,,,,,,,,,,,,,,,not_corrected
vertical,annotator_csv,vertical_20250119,22b,22b,22b_00030,vertical_20250119__22b__22b_00030,35,,vertical,,20250119,17:03:00,22b_00030_waggle_annotations.csv,C:/Users/frida/Documents/PhD/Waggle_dance/wd_SA2025/wd_annotator/mp4/20250119\00030.mp4,"(-0.49132118693190874, 0.8709784677429291)",-0.491321186931909,0.870978467742929,209.42745640319,565,447,"(565.0, 447.0)",2708,1,raw_vertical_uncalibrated,,,,,,,,,,,,,,,,,,,,,,not_corrected
vertical,annotator_csv,vertical_20250119,22b,22b,22b_00030,vertical_20250119__22b__22b_00030,36,,vertical,,20250119,17:03:00,22b_00030_waggle_annotations.csv,C:/Users/frida/Documents/PhD/Waggle_dance/wd_SA2025/wd_annotator/mp4/20250119\00030.mp4,"(-0.5865098121518428, 0.809942121543021)",-0.586509812151843,0.809942121543021,215.909723079178,586,437,"(586.0, 437.0)",2753,1,raw_vertical_uncalibrated,,,,,,,,,,,,,,,,,,,,,,not_corrected
vertical,annotator_csv,vertical_20250119,22b,22b,22b_00030,vertical_20250119__22b__22b_00030,37,,vertical,,20250119,17:03:00,22b_00030_waggle_annotations.csv,C:/Users/frida/Documents/PhD/Waggle_dance/wd_SA2025/wd_annotator/mp4/20250119\00030.mp4,"(-0.5021355173865036, 0.8647889466100895)",-0.502135517386504,0.86478894661009,210.141385552075,564,427,"(564.0, 427.0)",2801,1,raw_vertical_uncalibrated,,,,,,,,,,,,,,,,,,,,,,not_corrected
vertical,annotator_csv,vertical_20250119,22b,22b,22b_00030,vertical_20250119__22b__22b_00030,38,,vertical,,20250119,17:03:00,22b_00030_waggle_annotations.csv,C:/Users/frida/Documents/PhD/Waggle_dance/wd_SA2025/wd_annotator/mp4/20250119\00030.mp4,"(-0.720833064901856, 0.6931087162517846)",-0.720833064901856,0.693108716251785,226.123302714075,603,458,"(603.0, 458.0)",2852,1,raw_vertical_uncalibrated,,,,,,,,,,,,,,,,,,,,,,not_corrected
vertical,annotator_csv,vertical_20250119,22b,22b,22b_00030,vertical_20250119__22b__22b_00030,39,,vertical,,20250119,17:03:00,22b_00030_waggle_annotations.csv,C:/Users/frida/Documents/PhD/Waggle_dance/wd_SA2025/wd_annotator/mp4/20250119\00030.mp4,"(-0.6401843996644799, 0.7682212795973759)",-0.64018439966448,0.768221279597376,219.805571092265,549,445,"(549.0, 445.0)",2933,1,raw_vertical_uncalibrated,,,,,,,,,,,,,,,,,,,,,,not_corrected
vertical,annotator_csv,vertical_20250119,22b,22b,22b_00030,vertical_20250119__22b__22b_00030,40,,vertical,,20250119,17:03:00,22b_00030_waggle_annotations.csv,C:/Users/frida/Documents/PhD/Waggle_dance/wd_SA2025/wd_annotator/mp4/20250119\00030.mp4,"(-0.5114838597676826, 0.8592928844097067)",-0.511483859767683,0.859292884409707,210.762719534239,346,725,"(346.0, 725.0)",3099,1,raw_vertical_uncalibrated,,,,,,,,,,,,,,,,,,,,,,not_corrected
vertical,annotator_csv,vertical_20250119,22b,22b,22b_00030,vertical_20250119__22b__22b_00030,41,,vertical,,20250119,17:03:00,22b_00030_waggle_annotations.csv,C:/Users/frida/Documents/PhD/Waggle_dance/wd_SA2025/wd_annotator/mp4/20250119\00030.mp4,"(-0.2587360852240835, 0.965948051503245)",-0.258736085224084,0.965948051503245,194.995079129176,283,718,"(283.0, 718.0)",3292,1,raw_vertical_uncalibrated,,,,,,,,,,,,,,,,,,,,,,not_corrected
vertical,annotator_csv,vertical_20250119,22b,22b,22b_00030,vertical_20250119__22b__22b_00030,42,,vertical,,20250119,17:03:00,22b_00030_waggle_annotations.csv,C:/Users/frida/Documents/PhD/Waggle_dance/wd_SA2025/wd_annotator/mp4/20250119\00030.mp4,"(-0.7389558439133294, 0.6737538576856826)",-0.738955843913329,0.673753857685683,227.642545294065,268,652,"(268.0, 652.0)",3338,1,raw_vertical_uncalibrated,,,,,,,,,,,,,,,,,,,,,,not_corrected
vertical,annotator_csv,vertical_20250119,22b,22b,22b_00030,vertical_20250119__22b__22b_00030,43,,vertical,,20250119,17:03:00,22b_00030_waggle_annotations.csv,C:/Users/frida/Documents/PhD/Waggle_dance/wd_SA2025/wd_annotator/mp4/20250119\00030.mp4,"(-0.7071067811865475, 0.7071067811865475)",-0.707106781186548,0.707106781186548,225,268,677,"(268.0, 677.0)",3375,1,raw_vertical_uncalibrated,,,,,,,,,,,,,,,,,,,,,,not_corrected
vertical,annotator_csv,vertical_20250119,22b,22b,22b_00030,vertical_20250119__22b__22b_00030,44,,vertical,,20250119,17:03:00,22b_00030_waggle_annotations.csv,C:/Users/frida/Documents/PhD/Waggle_dance/wd_SA2025/wd_annotator/mp4/20250119\00030.mp4,"(-0.6114475010757654, 0.7912850013921671)",-0.611447501075765,0.791285001392167,217.694240466689,283,676,"(283.0, 676.0)",3423,1,raw_vertical_uncalibrated,,,,,,,,,,,,,,,,,,,,,,not_corrected
vertical,annotator_csv,vertical_20250119,22b,22b,22b_00030,vertical_20250119__22b__22b_00030,45,,vertical,,20250119,17:03:00,22b_00030_waggle_annotations.csv,C:/Users/frida/Documents/PhD/Waggle_dance/wd_SA2025/wd_annotator/mp4/20250119\00030.mp4,"(-0.2714601650218062, 0.9624496759864037)",-0.271460165021806,0.962449675986404,195.751173663453,324,688,"(324.0, 688.0)",3466,1,raw_vertical_uncalibrated,,,,,,,,,,,,,,,,,,,,,,not_corrected
vertical,annotator_csv,vertical_20250119,22b,22b,22b_00030,vertical_20250119__22b__22b_00030,46,,vertical,,20250119,17:03:00,22b_00030_waggle_annotations.csv,C:/Users/frida/Documents/PhD/Waggle_dance/wd_SA2025/wd_annotator/mp4/20250119\00030.mp4,"(-0.6816036551035045, 0.7317215709199387)",-0.681603655103505,0.731721570919939,222.969085763147,313,674,"(313.0, 674.0)",3515,1,raw_vertical_uncalibrated,,,,,,,,,,,,,,,,,,,,,,not_corrected
vertical,annotator_csv,vertical_20250119,22b,22b,22b_00030,vertical_20250119__22b__22b_00030,47,,vertical,,20250119,17:03:00,22b_00030_waggle_annotations.csv,C:/Users/frida/Documents/PhD/Waggle_dance/wd_SA2025/wd_annotator/mp4/20250119\00030.mp4,"(-0.39582934757177557, 0.9183240863665194)",-0.395829347571776,0.918324086366519,203.317708386755,335,646,"(335.0, 646.0)",3557,1,raw_vertical_uncalibrated,,,,,,,,,,,,,,,,,,,,,,not_corrected
vertical,annotator_csv,vertical_20250119,22b,22b,22b_00030,vertical_20250119__22b__22b_00030,48,,vertical,,20250119,17:03:00,22b_00030_waggle_annotations.csv,C:/Users/frida/Documents/PhD/Waggle_dance/wd_SA2025/wd_annotator/mp4/20250119\00030.mp4,"(-0.7348034446274879, 0.6782801027330658)",-0.734803444627488,0.678280102733066,227.290610042639,285,656,"(285.0, 656.0)",3608,1,raw_vertical_uncalibrated,,,,,,,,,,,,,,,,,,,,,,not_corrected
vertical,annotator_csv,vertical_20250119,22b,22b,22b_00030,vertical_20250119__22b__22b_00030,49,,vertical,,20250119,17:03:00,22b_00030_waggle_annotations.csv,C:/Users/frida/Documents/PhD/Waggle_dance/wd_SA2025/wd_annotator/mp4/20250119\00030.mp4,"(-0.10391202164098284, 0.9945864928494073)",-0.103912021640983,0.994586492849407,185.964487101253,290,659,"(290.0, 659.0)",3652,1,raw_vertical_uncalibrated,,,,,,,,,,,,,,,,,,,,,,not_corrected
vertical,annotator_csv,vertical_20250119,22b,22b,22b_00030,vertical_20250119__22b__22b_00030,50,,vertical,,20250119,17:03:00,22b_00030_waggle_annotations.csv,C:/Users/frida/Documents/PhD/Waggle_dance/wd_SA2025/wd_annotator/mp4/20250119\00030.mp4,"(-0.638017864750323, 0.7700215609055623)",-0.638017864750323,0.770021560905562,219.644174957145,245,631,"(245.0, 631.0)",3715,1,raw_vertical_uncalibrated,,,,,,,,,,,,,,,,,,,,,,not_corrected
vertical,annotator_csv,vertical_20250119,22b,22b,22b_00030,vertical_20250119__22b__22b_00030,51,,vertical,,20250119,17:03:00,22b_00030_waggle_annotations.csv,C:/Users/frida/Documents/PhD/Waggle_dance/wd_SA2025/wd_annotator/mp4/20250119\00030.mp4,"(-0.7162295881449137, 0.6978647269104288)",-0.716229588144914,0.697864726910429,225.744059202889,287,621,"(287.0, 621.0)",3758,1,raw_vertical_uncalibrated,,,,,,,,,,,,,,,,,,,,,,not_corrected
vertical,annotator_csv,vertical_20250119,22b,22b,22b_00035,vertical_20250119__22b__22b_00035,1,,vertical,,20250119,17:24:00,22b_00035_waggle_annotations.csv,/Users/fereshteh/Documents/Waggle dance/Ferehsteh/mp4/20250120/00035.mp4,"(0.813733471206735, 0.5812381937190965)",0.813733471206735,0.581238193719097,125.537677791974,1810,416,"(1810.0, 416.0)",14,1,raw_vertical_uncalibrated,,,,,,,,,,,,,,,,,,,,,,not_corrected
vertical,annotator_csv,vertical_20250119,22b,22b,22b_00035,vertical_20250119__22b__22b_00035,2,,vertical,,20250119,17:24:00,22b_00035_waggle_annotations.csv,/Users/fereshteh/Documents/Waggle dance/Ferehsteh/mp4/20250120/00035.mp4,"(0.7071067811865475, 0.7071067811865475)",0.707106781186548,0.707106781186548,135,1859,523,"(1859.0, 523.0)",82,1,raw_vertical_uncalibrated,,,,,,,,,,,,,,,,,,,,,,not_corrected
vertical,annotator_csv,vertical_20250119,22b,22b,22b_00035,vertical_20250119__22b__22b_00035,3,,vertical,,20250119,17:24:00,22b_00035_waggle_annotations.csv,/Users/fereshteh/Documents/Waggle dance/Ferehsteh/mp4/20250120/00035.mp4,"(0.8682431421244593, 0.49613893835683387)",0.868243142124459,0.496138938356834,119.744881296942,1903,633,"(1903.0, 633.0)",156,1,raw_vertical_uncalibrated,,,,,,,,,,,,,,,,,,,,,,not_corrected
vertical,annotator_csv,vertical_20250119,22b,22b,22b_00035,vertical_20250119__22b__22b_00035,4,,vertical,,20250119,17:24:00,22b_00035_waggle_annotations.csv,/Users/fereshteh/Documents/Waggle dance/Ferehsteh/mp4/20250120/00035.mp4,"(1.0, 0.0)",1,0,90,1913,590,"(1913.0, 590.0)",265,1,raw_vertical_uncalibrated,,,,,,,,,,,,,,,,,,,,,,not_corrected
vertical,annotator_csv,vertical_20250119,22b,22b,22b_00035,vertical_20250119__22b__22b_00035,5,,vertical,,20250119,17:24:00,22b_00035_waggle_annotations.csv,/Users/fereshteh/Documents/Waggle dance/Ferehsteh/mp4/20250120/00035.mp4,"(0.8, 0.6)",0.8,0.6,126.869897645844,1904,619,"(1904.0, 619.0)",319,1,raw_vertical_uncalibrated,,,,,,,,,,,,,,,,,,,,,,not_corrected
vertical,annotator_csv,vertical_20250119,22b,22b,22b_00035,vertical_20250119__22b__22b_00035,6,,vertical,,20250119,17:24:00,22b_00035_waggle_annotations.csv,/Users/fereshteh/Documents/Waggle dance/Ferehsteh/mp4/20250120/00035.mp4,"(0.4257970363298796, 0.9048187022009941)",0.42579703632988,0.904818702200994,154.798876354525,1901,601,"(1901.0, 601.0)",402,1,raw_vertical_uncalibrated,,,,,,,,,,,,,,,,,,,,,,not_corrected
vertical,annotator_csv,vertical_20250119,22b,22b,22b_00039,vertical_20250119__22b__22b_00039,1,,vertical,,20250119,17:30:00,22b_00039_waggle_annotations.csv,C:/Users/frida/Documents/PhD/Waggle_dance/wd_SA2025/wd_annotator/mp4/20250119\00039.mp4,"(-0.713808759938232, 0.7003406701280767)",-0.713808759938232,0.700340670128077,225.545657593416,547,706,"(547.0, 706.0)",22,1,raw_vertical_uncalibrated,,,,,,,,,,,,,,,,,,,,,,not_corrected
vertical,annotator_csv,vertical_20250119,22b,22b,22b_00039,vertical_20250119__22b__22b_00039,2,,vertical,,20250119,17:30:00,22b_00039_waggle_annotations.csv,C:/Users/frida/Documents/PhD/Waggle_dance/wd_SA2025/wd_annotator/mp4/20250119\00039.mp4,"(-0.5905099943842171, 0.8070303256584301)",-0.590509994384217,0.80703032565843,216.193207305565,593,726,"(593.0, 726.0)",65,1,raw_vertical_uncalibrated,,,,,,,,,,,,,,,,,,,,,,not_corrected
vertical,annotator_csv,vertical_20250119,22b,22b,22b_00039,vertical_20250119__22b__22b_00039,3,,vertical,,20250119,17:30:00,22b_00039_waggle_annotations.csv,C:/Users/frida/Documents/PhD/Waggle_dance/wd_SA2025/wd_annotator/mp4/20250119\00039.mp4,"(-0.8650311892618034, 0.501718089771846)",-0.865031189261803,0.501718089771846,239.886266849018,596,711,"(596.0, 711.0)",109,1,raw_vertical_uncalibrated,,,,,,,,,,,,,,,,,,,,,,not_corrected
vertical,annotator_csv,vertical_20250119,22b,22b,22b_00039,vertical_20250119__22b__22b_00039,4,,vertical,,20250119,17:30:00,22b_00039_waggle_annotations.csv,C:/Users/frida/Documents/PhD/Waggle_dance/wd_SA2025/wd_annotator/mp4/20250119\00039.mp4,"(-0.6222441255753678, 0.7828232547561078)",-0.622244125575368,0.782823254756108,218.480198248343,603,719,"(603.0, 719.0)",155,1,raw_vertical_uncalibrated,,,,,,,,,,,,,,,,,,,,,,not_corrected
vertical,annotator_csv,vertical_20250119,22b,22b,22b_00039,vertical_20250119__22b__22b_00039,5,,vertical,,20250119,17:30:00,22b_00039_waggle_annotations.csv,C:/Users/frida/Documents/PhD/Waggle_dance/wd_SA2025/wd_annotator/mp4/20250119\00039.mp4,"(-0.9161573349021892, 0.4008188340197078)",-0.916157334902189,0.400818834019708,246.370622269343,554,695,"(554.0, 695.0)",191,1,raw_vertical_uncalibrated,,,,,,,,,,,,,,,,,,,,,,not_corrected
vertical,annotator_csv,vertical_20250119,22b,22b,22b_00039,vertical_20250119__22b__22b_00039,6,,vertical,,20250119,17:30:00,22b_00039_waggle_annotations.csv,C:/Users/frida/Documents/PhD/Waggle_dance/wd_SA2025/wd_annotator/mp4/20250119\00039.mp4,"(-0.3688455203054102, 0.9294907111696336)",-0.36884552030541,0.929490711169634,201.644435140714,596,718,"(596.0, 718.0)",234,1,raw_vertical_uncalibrated,,,,,,,,,,,,,,,,,,,,,,not_corrected
vertical,annotator_csv,vertical_20250119,22b,22b,22b_00039,vertical_20250119__22b__22b_00039,7,,vertical,,20250119,17:30:00,22b_00039_waggle_annotations.csv,C:/Users/frida/Documents/PhD/Waggle_dance/wd_SA2025/wd_annotator/mp4/20250119\00039.mp4,"(-0.9230769230769231, 0.38461538461538464)",-0.923076923076923,0.384615384615385,247.38013505196,599,683,"(599.0, 683.0)",280,1,raw_vertical_uncalibrated,,,,,,,,,,,,,,,,,,,,,,not_corrected
vertical,annotator_csv,vertical_20250119,22b,22b,22b_00039,vertical_20250119__22b__22b_00039,8,,vertical,,20250119,17:30:00,22b_00039_waggle_annotations.csv,C:/Users/frida/Documents/PhD/Waggle_dance/wd_SA2025/wd_annotator/mp4/20250119\00039.mp4,"(-0.4558758698056578, 0.8900433648586652)",-0.455875869805658,0.890043364858665,207.121303404159,567,695,"(567.0, 695.0)",324,1,raw_vertical_uncalibrated,,,,,,,,,,,,,,,,,,,,,,not_corrected
vertical,annotator_csv,vertical_20250119,22b,22b,22b_00039,vertical_20250119__22b__22b_00039,9,,vertical,,20250119,17:30:00,22b_00039_waggle_annotations.csv,C:/Users/frida/Documents/PhD/Waggle_dance/wd_SA2025/wd_annotator/mp4/20250119\00039.mp4,"(-0.7337606740181695, 0.679408031498305)",-0.73376067401817,0.679408031498305,227.202598161766,558,672,"(558.0, 672.0)",375,1,raw_vertical_uncalibrated,,,,,,,,,,,,,,,,,,,,,,not_corrected
vertical,annotator_csv,vertical_20250119,22b,22b,22b_00039,vertical_20250119__22b__22b_00039,10,,vertical,,20250119,17:30:00,22b_00039_waggle_annotations.csv,C:/Users/frida/Documents/PhD/Waggle_dance/wd_SA2025/wd_annotator/mp4/20250119\00039.mp4,"(-0.7071067811865475, 0.7071067811865475)",-0.707106781186548,0.707106781186548,225,571,697,"(571.0, 697.0)",417,1,raw_vertical_uncalibrated,,,,,,,,,,,,,,,,,,,,,,not_corrected
vertical,annotator_csv,vertical_20250119,22b,22b,22b_00039,vertical_20250119__22b__22b_00039,11,,vertical,,20250119,17:30:00,22b_00039_waggle_annotations.csv,C:/Users/frida/Documents/PhD/Waggle_dance/wd_SA2025/wd_annotator/mp4/20250119\00039.mp4,"(-0.7627569634671122, 0.6466852516351603)",-0.762756963467112,0.64668525163516,229.707852244372,535,684,"(535.0, 684.0)",466,1,raw_vertical_uncalibrated,,,,,,,,,,,,,,,,,,,,,,not_corrected
vertical,annotator_csv,vertical_20250119,22b,22b,22b_00039,vertical_20250119__22b__22b_00039,12,,vertical,,20250119,17:30:00,22b_00039_waggle_annotations.csv,C:/Users/frida/Documents/PhD/Waggle_dance/wd_SA2025/wd_annotator/mp4/20250119\00039.mp4,"(-0.6726727939963124, 0.7399400733959437)",-0.672672793996312,0.739940073395944,222.273689006094,564,697,"(564.0, 697.0)",508,1,raw_vertical_uncalibrated,,,,,,,,,,,,,,,,,,,,,,not_corrected
vertical,annotator_csv,vertical_20250119,22b,22b,22b_00039,vertical_20250119__22b__22b_00039,13,,vertical,,20250119,17:30:00,22b_00039_waggle_annotations.csv,C:/Users/frida/Documents/PhD/Waggle_dance/wd_SA2025/wd_annotator/mp4/20250119\00039.mp4,"(-0.7848827655334262, 0.6196442885790207)",-0.784882765533426,0.619644288579021,231.709836807757,554,726,"(554.0, 726.0)",555,1,raw_vertical_uncalibrated,,,,,,,,,,,,,,,,,,,,,,not_corrected
vertical,annotator_csv,vertical_20250119,22b,22b,22b_00039,vertical_20250119__22b__22b_00039,14,,vertical,,20250119,17:30:00,22b_00039_waggle_annotations.csv,C:/Users/frida/Documents/PhD/Waggle_dance/wd_SA2025/wd_annotator/mp4/20250119\00039.mp4,"(-0.7703943211246898, 0.637567714034226)",-0.77039432112469,0.637567714034226,230.389311759973,564,726,"(564.0, 726.0)",601,1,raw_vertical_uncalibrated,,,,,,,,,,,,,,,,,,,,,,not_corrected
vertical,annotator_csv,vertical_20250119,22b,22b,22b_00039,vertical_20250119__22b__22b_00039,15,,vertical,,20250119,17:30:00,22b_00039_waggle_annotations.csv,C:/Users/frida/Documents/PhD/Waggle_dance/wd_SA2025/wd_annotator/mp4/20250119\00039.mp4,"(-0.6782801027330658, 0.7348034446274879)",-0.678280102733066,0.734803444627488,222.709389957361,556,729,"(556.0, 729.0)",650,1,raw_vertical_uncalibrated,,,,,,,,,,,,,,,,,,,,,,not_corrected
vertical,annotator_csv,vertical_20250119,22b,22b,22b_00039,vertical_20250119__22b__22b_00039,16,,vertical,,20250119,17:30:00,22b_00039_waggle_annotations.csv,C:/Users/frida/Documents/PhD/Waggle_dance/wd_SA2025/wd_annotator/mp4/20250119\00039.mp4,"(-0.4472135954999579, 0.8944271909999159)",-0.447213595499958,0.894427190999916,206.565051177078,533,736,"(533.0, 736.0)",700,1,raw_vertical_uncalibrated,,,,,,,,,,,,,,,,,,,,,,not_corrected
vertical,annotator_csv,vertical_20250119,22b,22b,22b_00039,vertical_20250119__22b__22b_00039,17,,vertical,,20250119,17:30:00,22b_00039_waggle_annotations.csv,C:/Users/frida/Documents/PhD/Waggle_dance/wd_SA2025/wd_annotator/mp4/20250119\00039.mp4,"(-0.658504607868518, 0.7525766947068778)",-0.658504607868518,0.752576694706878,221.18592516571,496,691,"(496.0, 691.0)",755,1,raw_vertical_uncalibrated,,,,,,,,,,,,,,,,,,,,,,not_corrected
vertical,annotator_csv,vertical_20250119,22b,22b,22b_00039,vertical_20250119__22b__22b_00039,18,,vertical,,20250119,17:30:00,22b_00039_waggle_annotations.csv,C:/Users/frida/Documents/PhD/Waggle_dance/wd_SA2025/wd_annotator/mp4/20250119\00039.mp4,"(-0.2956837280711308, 0.9552858906913457)",-0.295683728071131,0.955285890691346,197.198541220066,497,716,"(497.0, 716.0)",804,1,raw_vertical_uncalibrated,,,,,,,,,,,,,,,,,,,,,,not_corrected
vertical,annotator_csv,vertical_20250119,22b,22b,22b_00039,vertical_20250119__22b__22b_00039,19,,vertical,,20250119,17:30:00,22b_00039_waggle_annotations.csv,C:/Users/frida/Documents/PhD/Waggle_dance/wd_SA2025/wd_annotator/mp4/20250119\00039.mp4,"(-0.8682431421244593, 0.49613893835683387)",-0.868243142124459,0.496138938356834,240.255118703058,531,729,"(531.0, 729.0)",849,1,raw_vertical_uncalibrated,,,,,,,,,,,,,,,,,,,,,,not_corrected
vertical,annotator_csv,vertical_20250119,22b,22b,22b_00041,vertical_20250119__22b__22b_00041,1,,vertical,,20250119,17:37:00,22b_00041_waggle_annotations.csv,C:/Users/frida/Documents/PhD/Waggle_dance/wd_SA2025/wd_annotator/mp4/20250119\00041.mp4,"(-0.899235088745796, 0.4374657188493062)",-0.899235088745796,0.437465718849306,244.057704510128,382,821,"(382.0, 821.0)",1384,1,raw_vertical_uncalibrated,,,,,,,,,,,,,,,,,,,,,,not_corrected
vertical,annotator_csv,vertical_20250119,22b,22b,22b_00041,vertical_20250119__22b__22b_00041,2,,vertical,,20250119,17:37:00,22b_00041_waggle_annotations.csv,C:/Users/frida/Documents/PhD/Waggle_dance/wd_SA2025/wd_annotator/mp4/20250119\00041.mp4,"(-0.4873661592641371, 0.8731977020149124)",-0.487366159264137,0.873197702014912,209.167613379578,415,814,"(415.0, 814.0)",1419,1,raw_vertical_uncalibrated,,,,,,,,,,,,,,,,,,,,,,not_corrected
vertical,annotator_csv,vertical_20250119,22b,22b,22b_00041,vertical_20250119__22b__22b_00041,3,,vertical,,20250119,17:37:00,22b_00041_waggle_annotations.csv,C:/Users/frida/Documents/PhD/Waggle_dance/wd_SA2025/wd_annotator/mp4/20250119\00041.mp4,"(-0.8574929257125442, 0.5144957554275266)",-0.857492925712544,0.514495755427527,239.036243467926,394,785,"(394.0, 785.0)",1454,1,raw_vertical_uncalibrated,,,,,,,,,,,,,,,,,,,,,,not_corrected
vertical,annotator_csv,vertical_20250119,22b,22b,22b_00041,vertical_20250119__22b__22b_00041,4,,vertical,,20250119,17:37:00,22b_00041_waggle_annotations.csv,C:/Users/frida/Documents/PhD/Waggle_dance/wd_SA2025/wd_annotator/mp4/20250119\00041.mp4,"(-0.26311740579210874, 0.9647638212377321)",-0.263117405792109,0.964763821237732,195.255118703058,391,806,"(391.0, 806.0)",1497,1,raw_vertical_uncalibrated,,,,,,,,,,,,,,,,,,,,,,not_corrected
vertical,annotator_csv,vertical_20250119,22b,22b,22b_00041,vertical_20250119__22b__22b_00041,5,,vertical,,20250119,17:37:00,22b_00041_waggle_annotations.csv,C:/Users/frida/Documents/PhD/Waggle_dance/wd_SA2025/wd_annotator/mp4/20250119\00041.mp4,"(-0.7371541402007414, 0.6757246285173463)",-0.737154140200741,0.675724628517346,227.489552921999,380,792,"(380.0, 792.0)",1542,1,raw_vertical_uncalibrated,,,,,,,,,,,,,,,,,,,,,,not_corrected
vertical,annotator_csv,vertical_20250119,22b,22b,22b_00041,vertical_20250119__22b__22b_00041,6,,vertical,,20250119,17:37:00,22b_00041_waggle_annotations.csv,C:/Users/frida/Documents/PhD/Waggle_dance/wd_SA2025/wd_annotator/mp4/20250119\00041.mp4,"(-0.3344098451707649, 0.9424277454812465)",-0.334409845170765,0.942427745481247,199.536654938128,346,796,"(346.0, 796.0)",1590,1,raw_vertical_uncalibrated,,,,,,,,,,,,,,,,,,,,,,not_corrected
vertical,annotator_csv,vertical_20250119,22b,22b,22b_00041,vertical_20250119__22b__22b_00041,7,,vertical,,20250119,17:37:00,22b_00041_waggle_annotations.csv,C:/Users/frida/Documents/PhD/Waggle_dance/wd_SA2025/wd_annotator/mp4/20250119\00041.mp4,"(-0.5854905538443584, 0.8106792283998809)",-0.585490553844358,0.810679228399881,215.837652954278,333,797,"(333.0, 797.0)",1636,1,raw_vertical_uncalibrated,,,,,,,,,,,,,,,,,,,,,,not_corrected
vertical,annotator_csv,vertical_20250119,32b,32b,32b_00030,vertical_20250119__32b__32b_00030,1,,vertical,,20250119,17:03:00,32b_00030_waggle_annotations.csv,C:/Users/frida/Documents/PhD/Waggle_dance/wd_SA2025/wd_annotator/mp4/20250119\00030.mp4,"(-0.09480909262799544, 0.9954954725939521)",-0.0948090926279954,0.995495472593952,185.440332031006,684,639,"(684.0, 639.0)",53,1,raw_vertical_uncalibrated,,,,,,,,,,,,,,,,,,,,,,not_corrected
vertical,annotator_csv,vertical_20250119,32b,32b,32b_00030,vertical_20250119__32b__32b_00030,2,,vertical,,20250119,17:03:00,32b_00030_waggle_annotations.csv,C:/Users/frida/Documents/PhD/Waggle_dance/wd_SA2025/wd_annotator/mp4/20250119\00030.mp4,"(-0.32599068331940423, 0.9453729816262721)",-0.325990683319404,0.945372981626272,199.025606037569,911,760,"(911.0, 760.0)",124,1,raw_vertical_uncalibrated,,,,,,,,,,,,,,,,,,,,,,not_corrected
vertical,annotator_csv,vertical_20250119,32b,32b,32b_00030,vertical_20250119__32b__32b_00030,3,,vertical,,20250119,17:03:00,32b_00030_waggle_annotations.csv,C:/Users/frida/Documents/PhD/Waggle_dance/wd_SA2025/wd_annotator/mp4/20250119\00030.mp4,"(-0.3713906763541037, 0.9284766908852594)",-0.371390676354104,0.928476690885259,201.801409486352,824,712,"(824.0, 712.0)",183,1,raw_vertical_uncalibrated,,,,,,,,,,,,,,,,,,,,,,not_corrected
vertical,annotator_csv,vertical_20250119,32b,32b,32b_00030,vertical_20250119__32b__32b_00030,4,,vertical,,20250119,17:03:00,32b_00030_waggle_annotations.csv,C:/Users/frida/Documents/PhD/Waggle_dance/wd_SA2025/wd_annotator/mp4/20250119\00030.mp4,"(-0.28, 0.96)",-0.28,0.96,196.260204708312,883,733,"(883.0, 733.0)",251,1,raw_vertical_uncalibrated,,,,,,,,,,,,,,,,,,,,,,not_corrected
vertical,annotator_csv,vertical_20250119,32b,32b,32b_00030,vertical_20250119__32b__32b_00030,5,,vertical,,20250119,17:03:00,32b_00030_waggle_annotations.csv,C:/Users/frida/Documents/PhD/Waggle_dance/wd_SA2025/wd_annotator/mp4/20250119\00030.mp4,"(-0.4640069946705576, 0.8858315352801555)",-0.464006994670558,0.885831535280156,207.645975363739,811,688,"(811.0, 688.0)",368,1,raw_vertical_uncalibrated,,,,,,,,,,,,,,,,,,,,,,not_corrected
vertical,annotator_csv,vertical_20250119,32b,32b,32b_00030,vertical_20250119__32b__32b_00030,6,,vertical,,20250119,17:03:00,32b_00030_waggle_annotations.csv,C:/Users/frida/Documents/PhD/Waggle_dance/wd_SA2025/wd_annotator/mp4/20250119\00030.mp4,"(-0.3303504247281061, 0.9438583563660173)",-0.330350424728106,0.943858356366017,199.290046219189,855,708,"(855.0, 708.0)",427,1,raw_vertical_uncalibrated,,,,,,,,,,,,,,,,,,,,,,not_corrected
vertical,annotator_csv,vertical_20250119,32b,32b,32b_00035,vertical_20250119__32b__32b_00035,1,,vertical,,20250119,17:24:00,32b_00035_waggle_annotations.csv,C:/Users/frida/Documents/PhD/Waggle_dance/wd_SA2025/wd_annotator/mp4/20250119\00035.mp4,"(-0.7415357791237711, 0.6709133239691262)",-0.741535779123771,0.670913323969126,227.862405226112,758,725,"(758.0, 725.0)",10,1,raw_vertical_uncalibrated,,,,,,,,,,,,,,,,,,,,,,not_corrected
vertical,annotator_csv,vertical_20250119,32b,32b,32b_00035,vertical_20250119__32b__32b_00035,2,,vertical,,20250119,17:24:00,32b_00035_waggle_annotations.csv,C:/Users/frida/Documents/PhD/Waggle_dance/wd_SA2025/wd_annotator/mp4/20250119\00035.mp4,"(-0.5206074242646561, 0.853796175794036)",-0.520607424264656,0.853796175794036,211.373005140108,770,734,"(770.0, 734.0)",69,1,raw_vertical_uncalibrated,,,,,,,,,,,,,,,,,,,,,,not_corrected
vertical,annotator_csv,vertical_20250119,32b,32b,32b_00035,vertical_20250119__32b__32b_00035,3,,vertical,,20250119,17:24:00,32b_00035_waggle_annotations.csv,C:/Users/frida/Documents/PhD/Waggle_dance/wd_SA2025/wd_annotator/mp4/20250119\00035.mp4,"(-0.7452413135250994, 0.6667948594698258)",-0.745241313525099,0.666794859469826,228.179830119864,712,700,"(712.0, 700.0)",112,1,raw_vertical_uncalibrated,,,,,,,,,,,,,,,,,,,,,,not_corrected
vertical,annotator_csv,vertical_20250119,32b,32b,32b_00035,vertical_20250119__32b__32b_00035,4,,vertical,,20250119,17:24:00,32b_00035_waggle_annotations.csv,C:/Users/frida/Documents/PhD/Waggle_dance/wd_SA2025/wd_annotator/mp4/20250119\00035.mp4,"(-0.5417013337270077, 0.8405710350936327)",-0.541701333727008,0.840571035093633,212.799531272619,826,690,"(826.0, 690.0)",166,1,raw_vertical_uncalibrated,,,,,,,,,,,,,,,,,,,,,,not_corrected
vertical,annotator_csv,vertical_20250119,32b,32b,32b_00035,vertical_20250119__32b__32b_00035,5,,vertical,,20250119,17:24:00,32b_00035_waggle_annotations.csv,C:/Users/frida/Documents/PhD/Waggle_dance/wd_SA2025/wd_annotator/mp4/20250119\00035.mp4,"(-0.847998304005088, 0.52999894000318)",-0.847998304005088,0.52999894000318,237.994616791916,758,651,"(758.0, 651.0)",223,1,raw_vertical_uncalibrated,,,,,,,,,,,,,,,,,,,,,,not_corrected
vertical,annotator_csv,vertical_20250119,32b,32b,32b_00035,vertical_20250119__32b__32b_00035,6,,vertical,,20250119,17:24:00,32b_00035_waggle_annotations.csv,C:/Users/frida/Documents/PhD/Waggle_dance/wd_SA2025/wd_annotator/mp4/20250119\00035.mp4,"(-0.6954214275160555, 0.7186021417665908)",-0.695421427516056,0.718602141766591,224.060809054264,792,723,"(792.0, 723.0)",268,1,raw_vertical_uncalibrated,,,,,,,,,,,,,,,,,,,,,,not_corrected
vertical,annotator_csv,vertical_20250119,32b,32b,32b_00035,vertical_20250119__32b__32b_00035,7,,vertical,,20250119,17:24:00,32b_00035_waggle_annotations.csv,C:/Users/frida/Documents/PhD/Waggle_dance/wd_SA2025/wd_annotator/mp4/20250119\00035.mp4,"(-0.7359310117618296, 0.6770565308208832)",-0.73593101176183,0.677056530820883,227.385944030389,689,728,"(689.0, 728.0)",331,1,raw_vertical_uncalibrated,,,,,,,,,,,,,,,,,,,,,,not_corrected
vertical,annotator_csv,vertical_20250119,32b,32b,32b_00035,vertical_20250119__32b__32b_00035,8,,vertical,,20250119,17:24:00,32b_00035_waggle_annotations.csv,C:/Users/frida/Documents/PhD/Waggle_dance/wd_SA2025/wd_annotator/mp4/20250119\00035.mp4,"(-0.7348034446274879, 0.6782801027330658)",-0.734803444627488,0.678280102733066,227.290610042639,783,717,"(783.0, 717.0)",371,1,raw_vertical_uncalibrated,,,,,,,,,,,,,,,,,,,,,,not_corrected
vertical,annotator_csv,vertical_20250119,32b,32b,32b_00035,vertical_20250119__32b__32b_00035,9,,vertical,,20250119,17:24:00,32b_00035_waggle_annotations.csv,C:/Users/frida/Documents/PhD/Waggle_dance/wd_SA2025/wd_annotator/mp4/20250119\00035.mp4,"(-0.7337606740181695, 0.679408031498305)",-0.73376067401817,0.679408031498305,227.202598161766,719,647,"(719.0, 647.0)",423,1,raw_vertical_uncalibrated,,,,,,,,,,,,,,,,,,,,,,not_corrected
vertical,annotator_csv,vertical_20250119,32b,32b,32b_00035,vertical_20250119__32b__32b_00035,10,,vertical,,20250119,17:24:00,32b_00035_waggle_annotations.csv,C:/Users/frida/Documents/PhD/Waggle_dance/wd_SA2025/wd_annotator/mp4/20250119\00035.mp4,"(-0.7071067811865476, 0.7071067811865476)",-0.707106781186548,0.707106781186548,225,741,681,"(741.0, 681.0)",479,1,raw_vertical_uncalibrated,,,,,,,,,,,,,,,,,,,,,,not_corrected
vertical,annotator_csv,vertical_20250119,32b,32b,32b_00035,vertical_20250119__32b__32b_00035,11,,vertical,,20250119,17:24:00,32b_00035_waggle_annotations.csv,C:/Users/frida/Documents/PhD/Waggle_dance/wd_SA2025/wd_annotator/mp4/20250119\00035.mp4,"(-0.7700215609055623, 0.638017864750323)",-0.770021560905562,0.638017864750323,230.355825042855,705,641,"(705.0, 641.0)",537,1,raw_vertical_uncalibrated,,,,,,,,,,,,,,,,,,,,,,not_corrected
vertical,annotator_csv,vertical_20250119,32b,32b,32b_00035,vertical_20250119__32b__32b_00035,12,,vertical,,20250119,17:24:00,32b_00035_waggle_annotations.csv,C:/Users/frida/Documents/PhD/Waggle_dance/wd_SA2025/wd_annotator/mp4/20250119\00035.mp4,"(-0.5623100214072791, 0.8269265020695281)",-0.562310021407279,0.826926502069528,214.215702132437,739,683,"(739.0, 683.0)",583,1,raw_vertical_uncalibrated,,,,,,,,,,,,,,,,,,,,,,not_corrected
vertical,annotator_csv,vertical_20250119,32b,32b,32b_00035,vertical_20250119__32b__32b_00035,13,,vertical,,20250119,17:24:00,32b_00035_waggle_annotations.csv,C:/Users/frida/Documents/PhD/Waggle_dance/wd_SA2025/wd_annotator/mp4/20250119\00035.mp4,"(-0.7071067811865476, 0.7071067811865476)",-0.707106781186548,0.707106781186548,225,669,689,"(669.0, 689.0)",635,1,raw_vertical_uncalibrated,,,,,,,,,,,,,,,,,,,,,,not_corrected
vertical,annotator_csv,vertical_20250119,32b,32b,32b_00035,vertical_20250119__32b__32b_00035,14,,vertical,,20250119,17:24:00,32b_00035_waggle_annotations.csv,C:/Users/frida/Documents/PhD/Waggle_dance/wd_SA2025/wd_annotator/mp4/20250119\00035.mp4,"(-0.6912226459673644, 0.7226418571476991)",-0.691222645967364,0.722641857147699,223.726969979943,698,706,"(698.0, 706.0)",679,1,raw_vertical_uncalibrated,,,,,,,,,,,,,,,,,,,,,,not_corrected
vertical,annotator_csv,vertical_20250119,32b,32b,32b_00035,vertical_20250119__32b__32b_00035,15,,vertical,,20250119,17:24:00,32b_00035_waggle_annotations.csv,C:/Users/frida/Documents/PhD/Waggle_dance/wd_SA2025/wd_annotator/mp4/20250119\00035.mp4,"(-0.6931087162517846, 0.720833064901856)",-0.693108716251785,0.720833064901856,223.876697285925,658,697,"(658.0, 697.0)",741,1,raw_vertical_uncalibrated,,,,,,,,,,,,,,,,,,,,,,not_corrected
vertical,annotator_csv,vertical_20250119,32b,32b,32b_00035,vertical_20250119__32b__32b_00035,16,,vertical,,20250119,17:24:00,32b_00035_waggle_annotations.csv,C:/Users/frida/Documents/PhD/Waggle_dance/wd_SA2025/wd_annotator/mp4/20250119\00035.mp4,"(-0.685364699004991, 0.7281999926928029)",-0.685364699004991,0.728199992692803,223.264295411072,684,720,"(684.0, 720.0)",789,1,raw_vertical_uncalibrated,,,,,,,,,,,,,,,,,,,,,,not_corrected
vertical,annotator_csv,vertical_20250119,32b,32b,32b_00035,vertical_20250119__32b__32b_00035,17,,vertical,,20250119,17:24:00,32b_00035_waggle_annotations.csv,C:/Users/frida/Documents/PhD/Waggle_dance/wd_SA2025/wd_annotator/mp4/20250119\00035.mp4,"(-0.7071067811865476, 0.7071067811865476)",-0.707106781186548,0.707106781186548,225,667,694,"(667.0, 694.0)",836,1,raw_vertical_uncalibrated,,,,,,,,,,,,,,,,,,,,,,not_corrected
vertical,annotator_csv,vertical_20250119,32b,32b,32b_00035,vertical_20250119__32b__32b_00035,18,,vertical,,20250119,17:24:00,32b_00035_waggle_annotations.csv,C:/Users/frida/Documents/PhD/Waggle_dance/wd_SA2025/wd_annotator/mp4/20250119\00035.mp4,"(-0.5547001962252291, 0.8320502943378437)",-0.554700196225229,0.832050294337844,213.69006752598,751,731,"(751.0, 731.0)",885,1,raw_vertical_uncalibrated,,,,,,,,,,,,,,,,,,,,,,not_corrected
vertical,annotator_csv,vertical_20250119,32b,32b,32b_00035,vertical_20250119__32b__32b_00035,19,,vertical,,20250119,17:24:00,32b_00035_waggle_annotations.csv,C:/Users/frida/Documents/PhD/Waggle_dance/wd_SA2025/wd_annotator/mp4/20250119\00035.mp4,"(-0.7071067811865476, 0.7071067811865476)",-0.707106781186548,0.707106781186548,225,701,705,"(701.0, 705.0)",935,1,raw_vertical_uncalibrated,,,,,,,,,,,,,,,,,,,,,,not_corrected
vertical,annotator_csv,vertical_20250119,32b,32b,32b_00035,vertical_20250119__32b__32b_00035,20,,vertical,,20250119,17:24:00,32b_00035_waggle_annotations.csv,C:/Users/frida/Documents/PhD/Waggle_dance/wd_SA2025/wd_annotator/mp4/20250119\00035.mp4,"(-0.38805700005813276, 0.9216353751380653)",-0.388057000058133,0.921635375138065,202.833654177918,765,743,"(765.0, 743.0)",989,1,raw_vertical_uncalibrated,,,,,,,,,,,,,,,,,,,,,,not_corrected
vertical,annotator_csv,vertical_20250119,32b,32b,32b_00035,vertical_20250119__32b__32b_00035,21,,vertical,,20250119,17:24:00,32b_00035_waggle_annotations.csv,C:/Users/frida/Documents/PhD/Waggle_dance/wd_SA2025/wd_annotator/mp4/20250119\00035.mp4,"(-0.685364699004991, 0.7281999926928029)",-0.685364699004991,0.728199992692803,223.264295411072,757,729,"(757.0, 729.0)",1042,1,raw_vertical_uncalibrated,,,,,,,,,,,,,,,,,,,,,,not_corrected
vertical,annotator_csv,vertical_20250119,60r,60r,60r_00039,vertical_20250119__60r__60r_00039,1,,vertical,,20250119,17:30:00,60r_00039_waggle_annotations.csv,C:/Users/frida/Documents/PhD/Waggle_dance/wd_SA2025/wd_annotator/mp4/20250119\00039.mp4,"(-0.6541519329315841, 0.7563631724521442)",-0.654151932931584,0.756363172452144,220.855376258896,743,983,"(743.0, 983.0)",2102,1,raw_vertical_uncalibrated,,,,,,,,,,,,,,,,,,,,,,not_corrected
vertical,annotator_csv,vertical_20250119,60r,60r,60r_00039,vertical_20250119__60r__60r_00039,2,,vertical,,20250119,17:30:00,60r_00039_waggle_annotations.csv,C:/Users/frida/Documents/PhD/Waggle_dance/wd_SA2025/wd_annotator/mp4/20250119\00039.mp4,"(0.30429563595731063, 0.9525776429967985)",0.304295635957311,0.952577642996799,162.284207293623,775,989,"(775.0, 989.0)",2158,1,raw_vertical_uncalibrated,,,,,,,,,,,,,,,,,,,,,,not_corrected
vertical,annotator_csv,vertical_20250119,60r,60r,60r_00039,vertical_20250119__60r__60r_00039,3,,vertical,,20250119,17:30:00,60r_00039_waggle_annotations.csv,C:/Users/frida/Documents/PhD/Waggle_dance/wd_SA2025/wd_annotator/mp4/20250119\00039.mp4,"(-0.638017864750323, 0.7700215609055623)",-0.638017864750323,0.770021560905562,219.644174957145,758,928,"(758.0, 928.0)",2236,1,raw_vertical_uncalibrated,,,,,,,,,,,,,,,,,,,,,,not_corrected
vertical,annotator_csv,vertical_20250119,60r,60r,60r_00039,vertical_20250119__60r__60r_00039,4,,vertical,,20250119,17:30:00,60r_00039_waggle_annotations.csv,C:/Users/frida/Documents/PhD/Waggle_dance/wd_SA2025/wd_annotator/mp4/20250119\00039.mp4,"(0.06651901052377393, 0.997785157856609)",0.0665190105237739,0.997785157856609,176.18592516571,755,909,"(755.0, 909.0)",2284,1,raw_vertical_uncalibrated,,,,,,,,,,,,,,,,,,,,,,not_corrected
vertical,annotator_csv,vertical_20250119,60r,60r,60r_00039,vertical_20250119__60r__60r_00039,5,,vertical,,20250119,17:30:00,60r_00039_waggle_annotations.csv,C:/Users/frida/Documents/PhD/Waggle_dance/wd_SA2025/wd_annotator/mp4/20250119\00039.mp4,"(-0.6896551724137931, 0.7241379310344828)",-0.689655172413793,0.724137931034483,223.602818972704,726,871,"(726.0, 871.0)",2336,1,raw_vertical_uncalibrated,,,,,,,,,,,,,,,,,,,,,,not_corrected
vertical,annotator_csv,vertical_20250119,60r,60r,60r_00039,vertical_20250119__60r__60r_00039,6,,vertical,,20250119,17:30:00,60r_00039_waggle_annotations.csv,C:/Users/frida/Documents/PhD/Waggle_dance/wd_SA2025/wd_annotator/mp4/20250119\00039.mp4,"(-0.26311740579210874, 0.9647638212377321)",-0.263117405792109,0.964763821237732,195.255118703058,776,855,"(776.0, 855.0)",2388,1,raw_vertical_uncalibrated,,,,,,,,,,,,,,,,,,,,,,not_corrected
vertical,annotator_csv,vertical_20250119,60r,60r,60r_00039,vertical_20250119__60r__60r_00039,7,,vertical,,20250119,17:30:00,60r_00039_waggle_annotations.csv,C:/Users/frida/Documents/PhD/Waggle_dance/wd_SA2025/wd_annotator/mp4/20250119\00039.mp4,"(-0.7729282973093136, 0.6344933783882424)",-0.772928297309314,0.634493378388242,230.617580590127,757,854,"(757.0, 854.0)",2432,1,raw_vertical_uncalibrated,,,,,,,,,,,,,,,,,,,,,,not_corrected
vertical,annotator_csv,vertical_20250119,60r,60r,60r_00039,vertical_20250119__60r__60r_00039,8,,vertical,,20250119,17:30:00,60r_00039_waggle_annotations.csv,C:/Users/frida/Documents/PhD/Waggle_dance/wd_SA2025/wd_annotator/mp4/20250119\00039.mp4,"(-0.5368754921931592, 0.8436614877321075)",-0.536875492193159,0.843661487732108,212.471192290848,750,819,"(750.0, 819.0)",2484,1,raw_vertical_uncalibrated,,,,,,,,,,,,,,,,,,,,,,not_corrected
vertical,annotator_csv,vertical_20250119,60r,60r,60r_00039,vertical_20250119__60r__60r_00039,9,,vertical,,20250119,17:30:00,60r_00039_waggle_annotations.csv,C:/Users/frida/Documents/PhD/Waggle_dance/wd_SA2025/wd_annotator/mp4/20250119\00039.mp4,"(-0.8056510126494246, 0.5923904504775181)",-0.805651012649425,0.592390450477518,233.67317404788,721,801,"(721.0, 801.0)",2539,1,raw_vertical_uncalibrated,,,,,,,,,,,,,,,,,,,,,,not_corrected
vertical,annotator_csv,vertical_20250119,60r,60r,60r_00039,vertical_20250119__60r__60r_00039,10,,vertical,,20250119,17:30:00,60r_00039_waggle_annotations.csv,C:/Users/frida/Documents/PhD/Waggle_dance/wd_SA2025/wd_annotator/mp4/20250119\00039.mp4,"(-0.5677329558036596, 0.8232127859153064)",-0.56773295580366,0.823212785915306,214.59228868751,692,824,"(692.0, 824.0)",2589,1,raw_vertical_uncalibrated,,,,,,,,,,,,,,,,,,,,,,not_corrected
vertical,annotator_csv,vertical_20250119,60r,60r,60r_00039,vertical_20250119__60r__60r_00039,11,,vertical,,20250119,17:30:00,60r_00039_waggle_annotations.csv,C:/Users/frida/Documents/PhD/Waggle_dance/wd_SA2025/wd_annotator/mp4/20250119\00039.mp4,"(-0.8872168012345951, 0.46135273664198945)",-0.887216801234595,0.461352736641989,242.525568373723,624,790,"(624.0, 790.0)",2640,1,raw_vertical_uncalibrated,,,,,,,,,,,,,,,,,,,,,,not_corrected
vertical,annotator_csv,vertical_20250119,60r,60r,60r_00039,vertical_20250119__60r__60r_00039,12,,vertical,,20250119,17:30:00,60r_00039_waggle_annotations.csv,C:/Users/frida/Documents/PhD/Waggle_dance/wd_SA2025/wd_annotator/mp4/20250119\00039.mp4,"(-0.5028935783036375, 0.864348337709377)",-0.502893578303638,0.864348337709377,210.191622960958,612,840,"(612.0, 840.0)",2697,1,raw_vertical_uncalibrated,,,,,,,,,,,,,,,,,,,,,,not_corrected
vertical,annotator_csv,vertical_20250119,60r,60r,60r_00039,vertical_20250119__60r__60r_00039,13,,vertical,,20250119,17:30:00,60r_00039_waggle_annotations.csv,C:/Users/frida/Documents/PhD/Waggle_dance/wd_SA2025/wd_annotator/mp4/20250119\00039.mp4,"(-0.7474093186836597, 0.6643638388299198)",-0.74740931868366,0.66436383882992,228.36646066343,608,830,"(608.0, 830.0)",2744,1,raw_vertical_uncalibrated,,,,,,,,,,,,,,,,,,,,,,not_corrected
vertical,annotator_csv,vertical_20250119,60r,60r,60r_00039,vertical_20250119__60r__60r_00039,14,,vertical,,20250119,17:30:00,60r_00039_waggle_annotations.csv,C:/Users/frida/Documents/PhD/Waggle_dance/wd_SA2025/wd_annotator/mp4/20250119\00039.mp4,"(-0.4691552259617494, 0.8831157194574106)",-0.469155225961749,0.883115719457411,207.97947438848,608,849,"(608.0, 849.0)",2794,1,raw_vertical_uncalibrated,,,,,,,,,,,,,,,,,,,,,,not_corrected
vertical,annotator_csv,vertical_20250119,60r,60r,60r_00039,vertical_20250119__60r__60r_00039,15,,vertical,,20250119,17:30:00,60r_00039_waggle_annotations.csv,C:/Users/frida/Documents/PhD/Waggle_dance/wd_SA2025/wd_annotator/mp4/20250119\00039.mp4,"(-0.8944271909999159, 0.4472135954999579)",-0.894427190999916,0.447213595499958,243.434948822922,569,830,"(569.0, 830.0)",2841,1,raw_vertical_uncalibrated,,,,,,,,,,,,,,,,,,,,,,not_corrected
vertical,annotator_csv,vertical_20250119,60r,60r,60r_00039,vertical_20250119__60r__60r_00039,16,,vertical,,20250119,17:30:00,60r_00039_waggle_annotations.csv,C:/Users/frida/Documents/PhD/Waggle_dance/wd_SA2025/wd_annotator/mp4/20250119\00039.mp4,"(-0.8715755371245493, 0.49026123963255896)",-0.871575537124549,0.490261239632559,240.642246457209,569,883,"(569.0, 883.0)",2914,1,raw_vertical_uncalibrated,,,,,,,,,,,,,,,,,,,,,,not_corrected
vertical,annotator_csv,vertical_20250119,60r,60r,60r_00039,vertical_20250119__60r__60r_00039,17,,vertical,,20250119,17:30:00,60r_00039_waggle_annotations.csv,C:/Users/frida/Documents/PhD/Waggle_dance/wd_SA2025/wd_annotator/mp4/20250119\00039.mp4,"(-0.6846754616640485, 0.7288480720939872)",-0.684675461664049,0.728848072093987,223.210089391754,587,871,"(587.0, 871.0)",2964,1,raw_vertical_uncalibrated,,,,,,,,,,,,,,,,,,,,,,not_corrected
vertical,annotator_csv,vertical_20250119,60r,60r,60r_00039,vertical_20250119__60r__60r_00039,18,,vertical,,20250119,17:30:00,60r_00039_waggle_annotations.csv,C:/Users/frida/Documents/PhD/Waggle_dance/wd_SA2025/wd_annotator/mp4/20250119\00039.mp4,"(-0.7556890827898176, 0.6549305384178419)",-0.755689082789818,0.654930538417842,229.085616779975,606,922,"(606.0, 922.0)",3022,1,raw_vertical_uncalibrated,,,,,,,,,,,,,,,,,,,,,,not_corrected
vertical,annotator_csv,vertical_20250119,60r,60r,60r_00039,vertical_20250119__60r__60r_00039,19,,vertical,,20250119,17:30:00,60r_00039_waggle_annotations.csv,C:/Users/frida/Documents/PhD/Waggle_dance/wd_SA2025/wd_annotator/mp4/20250119\00039.mp4,"(-0.7709617516270895, 0.6368814469962913)",-0.77096175162709,0.636881446996291,230.440332031006,629,926,"(629.0, 926.0)",3069,1,raw_vertical_uncalibrated,,,,,,,,,,,,,,,,,,,,,,not_corrected
vertical,annotator_csv,vertical_20250119,60r,60r,60r_00039,vertical_20250119__60r__60r_00039,20,,vertical,,20250119,17:30:00,60r_00039_waggle_annotations.csv,C:/Users/frida/Documents/PhD/Waggle_dance/wd_SA2025/wd_annotator/mp4/20250119\00039.mp4,"(-0.853281833651959, 0.5214500094539749)",-0.853281833651959,0.521450009453975,238.570434385162,569,909,"(569.0, 909.0)",3118,1,raw_vertical_uncalibrated,,,,,,,,,,,,,,,,,,,,,,not_corrected
vertical,annotator_csv,vertical_20250119,60r,60r,60r_00039,vertical_20250119__60r__60r_00039,21,,vertical,,20250119,17:30:00,60r_00039_waggle_annotations.csv,C:/Users/frida/Documents/PhD/Waggle_dance/wd_SA2025/wd_annotator/mp4/20250119\00039.mp4,"(-0.773957299203321, 0.6332377902572627)",-0.773957299203321,0.633237790257263,230.7105931375,602,927,"(602.0, 927.0)",3175,1,raw_vertical_uncalibrated,,,,,,,,,,,,,,,,,,,,,,not_corrected
vertical,annotator_csv,vertical_20250119,60r,60r,60r_00042,vertical_20250119__60r__60r_00042,1,,vertical,,20250119,17:40:00,60r_00042_waggle_annotations.csv,C:/Users/frida/Documents/PhD/Waggle_dance/wd_SA2025/wd_annotator/mp4/20250119\00042.mp4,"(-0.6770565308208832, 0.7359310117618296)",-0.677056530820883,0.73593101176183,222.614055969611,630,909,"(630.0, 909.0)",285,1,raw_vertical_uncalibrated,,,,,,,,,,,,,,,,,,,,,,not_corrected
vertical,annotator_csv,vertical_20250119,60r,60r,60r_00042,vertical_20250119__60r__60r_00042,2,,vertical,,20250119,17:40:00,60r_00042_waggle_annotations.csv,C:/Users/frida/Documents/PhD/Waggle_dance/wd_SA2025/wd_annotator/mp4/20250119\00042.mp4,"(0.06111006327950329, 0.9981310335652204)",0.0611100632795033,0.99813103356522,176.496468355216,652,898,"(652.0, 898.0)",350,1,raw_vertical_uncalibrated,,,,,,,,,,,,,,,,,,,,,,not_corrected
vertical,annotator_csv,vertical_20250119,60r,60r,60r_00042,vertical_20250119__60r__60r_00042,3,,vertical,,20250119,17:40:00,60r_00042_waggle_annotations.csv,C:/Users/frida/Documents/PhD/Waggle_dance/wd_SA2025/wd_annotator/mp4/20250119\00042.mp4,"(-0.6419366564593427, 0.7667576729931038)",-0.641936656459343,0.766757672993104,219.93638314697,640,932,"(640.0, 932.0)",404,1,raw_vertical_uncalibrated,,,,,,,,,,,,,,,,,,,,,,not_corrected
vertical,annotator_csv,vertical_20250119,60r,60r,60r_00042,vertical_20250119__60r__60r_00042,4,,vertical,,20250119,17:40:00,60r_00042_waggle_annotations.csv,C:/Users/frida/Documents/PhD/Waggle_dance/wd_SA2025/wd_annotator/mp4/20250119\00042.mp4,"(-0.32432432432432434, 0.9459459459459459)",-0.324324324324324,0.945945945945946,198.924644416051,655,889,"(655.0, 889.0)",453,1,raw_vertical_uncalibrated,,,,,,,,,,,,,,,,,,,,,,not_corrected
vertical,annotator_csv,vertical_20250119,60r,60r,60r_00042,vertical_20250119__60r__60r_00042,5,,vertical,,20250119,17:40:00,60r_00042_waggle_annotations.csv,C:/Users/frida/Documents/PhD/Waggle_dance/wd_SA2025/wd_annotator/mp4/20250119\00042.mp4,"(-0.421111306454629, 0.9070089677484316)",-0.421111306454629,0.907008967748432,204.904768808095,676,877,"(676.0, 877.0)",512,1,raw_vertical_uncalibrated,,,,,,,,,,,,,,,,,,,,,,not_corrected
vertical,annotator_csv,vertical_20250119,60r,60r,60r_00042,vertical_20250119__60r__60r_00042,6,,vertical,,20250119,17:40:00,60r_00042_waggle_annotations.csv,C:/Users/frida/Documents/PhD/Waggle_dance/wd_SA2025/wd_annotator/mp4/20250119\00042.mp4,"(-0.33500966765480555, 0.9422146902791406)",-0.335009667654806,0.942214690279141,199.57312583041,631,884,"(631.0, 884.0)",572,1,raw_vertical_uncalibrated,,,,,,,,,,,,,,,,,,,,,,not_corrected
vertical,annotator_csv,vertical_20250119,60r,60r,60r_00042,vertical_20250119__60r__60r_00042,7,,vertical,,20250119,17:40:00,60r_00042_waggle_annotations.csv,C:/Users/frida/Documents/PhD/Waggle_dance/wd_SA2025/wd_annotator/mp4/20250119\00042.mp4,"(-0.7071067811865475, 0.7071067811865475)",-0.707106781186548,0.707106781186548,225,604,894,"(604.0, 894.0)",618,1,raw_vertical_uncalibrated,,,,,,,,,,,,,,,,,,,,,,not_corrected
vertical,annotator_csv,vertical_20250119,60r,60r,60r_00042,vertical_20250119__60r__60r_00042,8,,vertical,,20250119,17:40:00,60r_00042_waggle_annotations.csv,C:/Users/frida/Documents/PhD/Waggle_dance/wd_SA2025/wd_annotator/mp4/20250119\00042.mp4,"(-0.6941355705842321, 0.7198442954206852)",-0.694135570584232,0.719844295420685,223.95837332399,612,878,"(612.0, 878.0)",673,1,raw_vertical_uncalibrated,,,,,,,,,,,,,,,,,,,,,,not_corrected
vertical,annotator_csv,vertical_20250119,60r,60r,60r_00042,vertical_20250119__60r__60r_00042,9,,vertical,,20250119,17:40:00,60r_00042_waggle_annotations.csv,C:/Users/frida/Documents/PhD/Waggle_dance/wd_SA2025/wd_annotator/mp4/20250119\00042.mp4,"(-0.7425697235686508, 0.6697687702776066)",-0.742569723568651,0.669768770277607,227.950779109006,591,888,"(591.0, 888.0)",730,1,raw_vertical_uncalibrated,,,,,,,,,,,,,,,,,,,,,,not_corrected
vertical,annotator_csv,vertical_20250119,60r,60r,60r_00042,vertical_20250119__60r__60r_00042,10,,vertical,,20250119,17:40:00,60r_00042_waggle_annotations.csv,C:/Users/frida/Documents/PhD/Waggle_dance/wd_SA2025/wd_annotator/mp4/20250119\00042.mp4,"(-0.39872611141444997, 0.9170700562532349)",-0.39872611141445,0.917070056253235,203.498565675952,555,912,"(555.0, 912.0)",790,1,raw_vertical_uncalibrated,,,,,,,,,,,,,,,,,,,,,,not_corrected
vertical,annotator_csv,vertical_20250119,60r,60r,60r_00042,vertical_20250119__60r__60r_00042,11,,vertical,,20250119,17:40:00,60r_00042_waggle_annotations.csv,C:/Users/frida/Documents/PhD/Waggle_dance/wd_SA2025/wd_annotator/mp4/20250119\00042.mp4,"(-0.6770565308208832, 0.7359310117618296)",-0.677056530820883,0.73593101176183,222.614055969611,561,876,"(561.0, 876.0)",841,1,raw_vertical_uncalibrated,,,,,,,,,,,,,,,,,,,,,,not_corrected
vertical,annotator_csv,vertical_20250119,60r,60r,60r_00042,vertical_20250119__60r__60r_00042,12,,vertical,,20250119,17:40:00,60r_00042_waggle_annotations.csv,C:/Users/frida/Documents/PhD/Waggle_dance/wd_SA2025/wd_annotator/mp4/20250119\00042.mp4,"(-0.4762831485407526, 0.879291966536774)",-0.476283148540753,0.879291966536774,208.442928624363,495,934,"(495.0, 934.0)",906,1,raw_vertical_uncalibrated,,,,,,,,,,,,,,,,,,,,,,not_corrected
vertical,annotator_csv,vertical_20250119,60r,60r,60r_00042,vertical_20250119__60r__60r_00042,13,,vertical,,20250119,17:40:00,60r_00042_waggle_annotations.csv,C:/Users/frida/Documents/PhD/Waggle_dance/wd_SA2025/wd_annotator/mp4/20250119\00042.mp4,"(-0.7912850013921671, 0.6114475010757654)",-0.791285001392167,0.611447501075765,232.305759533311,464,915,"(464.0, 915.0)",949,1,raw_vertical_uncalibrated,,,,,,,,,,,,,,,,,,,,,,not_corrected
vertical,annotator_csv,vertical_20250119,60r,60r,60r_00042,vertical_20250119__60r__60r_00042,14,,vertical,,20250119,17:40:00,60r_00042_waggle_annotations.csv,C:/Users/frida/Documents/PhD/Waggle_dance/wd_SA2025/wd_annotator/mp4/20250119\00042.mp4,"(-0.6757246285173463, 0.7371541402007414)",-0.675724628517346,0.737154140200741,222.510447078001,487,928,"(487.0, 928.0)",1001,1,raw_vertical_uncalibrated,,,,,,,,,,,,,,,,,,,,,,not_corrected
vertical,annotator_csv,vertical_20250119,60r,60r,60r_00042,vertical_20250119__60r__60r_00042,15,,vertical,,20250119,17:40:00,60r_00042_waggle_annotations.csv,C:/Users/frida/Documents/PhD/Waggle_dance/wd_SA2025/wd_annotator/mp4/20250119\00042.mp4,"(-0.8814799700287821, 0.472221412515419)",-0.881479970028782,0.472221412515419,241.821409890041,483,900,"(483.0, 900.0)",1058,1,raw_vertical_uncalibrated,,,,,,,,,,,,,,,,,,,,,,not_corrected
vertical,annotator_csv,vertical_20250119,60r,60r,60r_00042,vertical_20250119__60r__60r_00042,16,,vertical,,20250119,17:40:00,60r_00042_waggle_annotations.csv,C:/Users/frida/Documents/PhD/Waggle_dance/wd_SA2025/wd_annotator/mp4/20250119\00042.mp4,"(-0.3665245183824906, 0.9304083928170915)",-0.366524518382491,0.930408392817092,201.501434324048,499,935,"(499.0, 935.0)",1108,1,raw_vertical_uncalibrated,,,,,,,,,,,,,,,,,,,,,,not_corrected
vertical,annotator_csv,vertical_20250119,60r,60r,60r_00042,vertical_20250119__60r__60r_00042,17,,vertical,,20250119,17:40:00,60r_00042_waggle_annotations.csv,C:/Users/frida/Documents/PhD/Waggle_dance/wd_SA2025/wd_annotator/mp4/20250119\00042.mp4,"(-0.6904757466825006, 0.7233555441435721)",-0.690475746682501,0.723355544143572,223.66778014613,480,876,"(480.0, 876.0)",1162,1,raw_vertical_uncalibrated,,,,,,,,,,,,,,,,,,,,,,not_corrected
vertical,annotator_csv,vertical_20250119,60r,60r,60r_00042,vertical_20250119__60r__60r_00042,18,,vertical,,20250119,17:40:00,60r_00042_waggle_annotations.csv,C:/Users/frida/Documents/PhD/Waggle_dance/wd_SA2025/wd_annotator/mp4/20250119\00042.mp4,"(-0.4657464328326223, 0.8849182223819824)",-0.465746432832622,0.884918222381982,207.75854060106,483,921,"(483.0, 921.0)",1214,1,raw_vertical_uncalibrated,,,,,,,,,,,,,,,,,,,,,,not_corrected
vertical,annotator_csv,vertical_20250119,60r,60r,60r_00042,vertical_20250119__60r__60r_00042,19,,vertical,,20250119,17:40:00,60r_00042_waggle_annotations.csv,C:/Users/frida/Documents/PhD/Waggle_dance/wd_SA2025/wd_annotator/mp4/20250119\00042.mp4,"(-0.6287221494420365, 0.7776300269414662)",-0.628722149442037,0.777630026941466,218.955907837759,473,841,"(473.0, 841.0)",1287,1,raw_vertical_uncalibrated,,,,,,,,,,,,,,,,,,,,,,not_corrected
vertical,annotator_csv,vertical_20250119,73b,73b,73b_00027,vertical_20250119__73b__73b_00027,1,,vertical,,20250119,16:51:00,73b_00027_waggle_annotations.csv,C:/Users/frida/Documents/PhD/Waggle_dance/wd_SA2025/wd_annotator/mp4/20250119\00027.mp4,"(-0.5308357971525611, 0.8474746936997027)",-0.530835797152561,0.847474693699703,212.061943682814,215,663,"(215.0, 663.0)",84,1,raw_vertical_uncalibrated,,,,,,,,,,,,,,,,,,,,,,not_corrected
vertical,annotator_csv,vertical_20250119,73b,73b,73b_00027,vertical_20250119__73b__73b_00027,2,,vertical,,20250119,16:51:00,73b_00027_waggle_annotations.csv,C:/Users/frida/Documents/PhD/Waggle_dance/wd_SA2025/wd_annotator/mp4/20250119\00027.mp4,"(0.035066140133044446, 0.9993849937917667)",0.0350661401330444,0.999384993791767,177.990446186979,205,675,"(205.0, 675.0)",146,1,raw_vertical_uncalibrated,,,,,,,,,,,,,,,,,,,,,,not_corrected
vertical,annotator_csv,vertical_20250119,73b,73b,73b_00027,vertical_20250119__73b__73b_00027,3,,vertical,,20250119,16:51:00,73b_00027_waggle_annotations.csv,C:/Users/frida/Documents/PhD/Waggle_dance/wd_SA2025/wd_annotator/mp4/20250119\00027.mp4,"(-0.8741572761215377, 0.48564293117863205)",-0.874157276121538,0.485642931178632,240.945395900923,166,677,"(166.0, 677.0)",225,1,raw_vertical_uncalibrated,,,,,,,,,,,,,,,,,,,,,,not_corrected
vertical,annotator_csv,vertical_20250119,73b,73b,73b_00027,vertical_20250119__73b__73b_00027,4,,vertical,,20250119,16:51:00,73b_00027_waggle_annotations.csv,C:/Users/frida/Documents/PhD/Waggle_dance/wd_SA2025/wd_annotator/mp4/20250119\00027.mp4,"(0.14925269233005106, 0.9887990866865883)",0.149252692330051,0.988799086686588,171.416378519886,193,681,"(193.0, 681.0)",298,1,raw_vertical_uncalibrated,,,,,,,,,,,,,,,,,,,,,,not_corrected
vertical,annotator_csv,vertical_20250119,73b,73b,73b_00027,vertical_20250119__73b__73b_00027,5,,vertical,,20250119,16:51:00,73b_00027_waggle_annotations.csv,C:/Users/frida/Documents/PhD/Waggle_dance/wd_SA2025/wd_annotator/mp4/20250119\00027.mp4,"(-0.9527442677113392, 0.30377353463260093)",-0.952744267711339,0.303773534632601,252.315607973442,231,693,"(231.0, 693.0)",352,1,raw_vertical_uncalibrated,,,,,,,,,,,,,,,,,,,,,,not_corrected
vertical,annotator_csv,vertical_20250119,73b,73b,73b_00027,vertical_20250119__73b__73b_00027,6,,vertical,,20250119,16:51:00,73b_00027_waggle_annotations.csv,C:/Users/frida/Documents/PhD/Waggle_dance/wd_SA2025/wd_annotator/mp4/20250119\00027.mp4,"(0.03350073830392031, 0.9994386927336225)",0.0335007383039203,0.999438692733623,178.080189870045,227,652,"(227.0, 652.0)",394,1,raw_vertical_uncalibrated,,,,,,,,,,,,,,,,,,,,,,not_corrected
vertical,annotator_csv,vertical_20250119,73b,73b,73b_00027,vertical_20250119__73b__73b_00027,7,,vertical,,20250119,16:51:00,73b_00027_waggle_annotations.csv,C:/Users/frida/Documents/PhD/Waggle_dance/wd_SA2025/wd_annotator/mp4/20250119\00027.mp4,"(-0.5569530298751512, 0.830543991919085)",-0.556953029875151,0.830543991919085,213.845340261072,270,675,"(270.0, 675.0)",463,1,raw_vertical_uncalibrated,,,,,,,,,,,,,,,,,,,,,,not_corrected
vertical,annotator_csv,vertical_20250119,73b,73b,73b_00027,vertical_20250119__73b__73b_00027,8,,vertical,,20250119,16:51:00,73b_00027_waggle_annotations.csv,C:/Users/frida/Documents/PhD/Waggle_dance/wd_SA2025/wd_annotator/mp4/20250119\00027.mp4,"(-0.37519275773318317, 0.9269468132231584)",-0.375192757733183,0.926946813223158,202.036226940145,290,648,"(290.0, 648.0)",532,1,raw_vertical_uncalibrated,,,,,,,,,,,,,,,,,,,,,,not_corrected
vertical,annotator_csv,vertical_20250119,73b,73b,73b_00027,vertical_20250119__73b__73b_00027,9,,vertical,,20250119,16:51:00,73b_00027_waggle_annotations.csv,C:/Users/frida/Documents/PhD/Waggle_dance/wd_SA2025/wd_annotator/mp4/20250119\00027.mp4,"(-0.5653482309425382, 0.8248523369489491)",-0.565348230942538,0.824852336948949,214.426476581439,303,661,"(303.0, 661.0)",605,1,raw_vertical_uncalibrated,,,,,,,,,,,,,,,,,,,,,,not_corrected
vertical,annotator_csv,vertical_20250119,73b,73b,73b_00027,vertical_20250119__73b__73b_00027,10,,vertical,,20250119,16:51:00,73b_00027_waggle_annotations.csv,C:/Users/frida/Documents/PhD/Waggle_dance/wd_SA2025/wd_annotator/mp4/20250119\00027.mp4,"(-0.10950693568589671, 0.9939860316104472)",-0.109506935685897,0.993986031610447,186.286893361736,307,636,"(307.0, 636.0)",654,1,raw_vertical_uncalibrated,,,,,,,,,,,,,,,,,,,,,,not_corrected
vertical,annotator_csv,vertical_20250119,73b,73b,73b_00027,vertical_20250119__73b__73b_00027,11,,vertical,,20250119,16:51:00,73b_00027_waggle_annotations.csv,C:/Users/frida/Documents/PhD/Waggle_dance/wd_SA2025/wd_annotator/mp4/20250119\00027.mp4,"(-0.46915522596174936, 0.8831157194574105)",-0.469155225961749,0.883115719457411,207.97947438848,307,634,"(307.0, 634.0)",711,1,raw_vertical_uncalibrated,,,,,,,,,,,,,,,,,,,,,,not_corrected
vertical,annotator_csv,vertical_20250119,73b,73b,73b_00027,vertical_20250119__73b__73b_00027,12,,vertical,,20250119,16:51:00,73b_00027_waggle_annotations.csv,C:/Users/frida/Documents/PhD/Waggle_dance/wd_SA2025/wd_annotator/mp4/20250119\00027.mp4,"(-0.5144957554275266, 0.8574929257125442)",-0.514495755427527,0.857492925712544,210.963756532074,335,663,"(335.0, 663.0)",757,1,raw_vertical_uncalibrated,,,,,,,,,,,,,,,,,,,,,,not_corrected
vertical,annotator_csv,vertical_20250119,73b,73b,73b_00027,vertical_20250119__73b__73b_00027,13,,vertical,,20250119,16:51:00,73b_00027_waggle_annotations.csv,C:/Users/frida/Documents/PhD/Waggle_dance/wd_SA2025/wd_annotator/mp4/20250119\00027.mp4,"(-0.7748650207718765, 0.632126727471794)",-0.774865020771877,0.632126727471794,230.792796495032,347,661,"(347.0, 661.0)",807,1,raw_vertical_uncalibrated,,,,,,,,,,,,,,,,,,,,,,not_corrected
vertical,annotator_csv,vertical_20250119,73b,73b,73b_00027,vertical_20250119__73b__73b_00027,14,,vertical,,20250119,16:51:00,73b_00027_waggle_annotations.csv,C:/Users/frida/Documents/PhD/Waggle_dance/wd_SA2025/wd_annotator/mp4/20250119\00027.mp4,"(-0.6973549598034536, 0.7167259309091052)",-0.697354959803454,0.716725930909105,224.215175397008,349,695,"(349.0, 695.0)",865,1,raw_vertical_uncalibrated,,,,,,,,,,,,,,,,,,,,,,not_corrected
vertical,annotator_csv,vertical_20250119,73b,73b,73b_00027,vertical_20250119__73b__73b_00027,15,,vertical,,20250119,16:51:00,73b_00027_waggle_annotations.csv,C:/Users/frida/Documents/PhD/Waggle_dance/wd_SA2025/wd_annotator/mp4/20250119\00027.mp4,"(-0.6465216954016153, 0.762895600573906)",-0.646521695401615,0.762895600573906,220.279863068956,292,715,"(292.0, 715.0)",944,1,raw_vertical_uncalibrated,,,,,,,,,,,,,,,,,,,,,,not_corrected
vertical,annotator_csv,vertical_20250119,73b,73b,73b_00027,vertical_20250119__73b__73b_00027,16,,vertical,,20250119,16:51:00,73b_00027_waggle_annotations.csv,C:/Users/frida/Documents/PhD/Waggle_dance/wd_SA2025/wd_annotator/mp4/20250119\00027.mp4,"(-0.6799395636136211, 0.7332681568382188)",-0.679939563613621,0.733268156838219,222.838920511774,307,734,"(307.0, 734.0)",999,1,raw_vertical_uncalibrated,,,,,,,,,,,,,,,,,,,,,,not_corrected
vertical,annotator_csv,vertical_20250119,73b,73b,73b_00027,vertical_20250119__73b__73b_00027,17,,vertical,,20250119,16:51:00,73b_00027_waggle_annotations.csv,C:/Users/frida/Documents/PhD/Waggle_dance/wd_SA2025/wd_annotator/mp4/20250119\00027.mp4,"(-0.7254636985092164, 0.6882604319190002)",-0.725463698509216,0.688260431919,226.507435758775,311,709,"(311.0, 709.0)",1047,1,raw_vertical_uncalibrated,,,,,,,,,,,,,,,,,,,,,,not_corrected
vertical,annotator_csv,vertical_20250119,73b,73b,73b_00027,vertical_20250119__73b__73b_00027,18,,vertical,,20250119,16:51:00,73b_00027_waggle_annotations.csv,C:/Users/frida/Documents/PhD/Waggle_dance/wd_SA2025/wd_annotator/mp4/20250119\00027.mp4,"(0.10333985507338243, 0.9946461050813059)",0.103339855073382,0.994646105081306,174.06847307508,335,679,"(335.0, 679.0)",1101,1,raw_vertical_uncalibrated,,,,,,,,,,,,,,,,,,,,,,not_corrected
vertical,annotator_csv,vertical_20250119,73b,73b,73b_00027,vertical_20250119__73b__73b_00027,19,,vertical,,20250119,16:51:00,73b_00027_waggle_annotations.csv,C:/Users/frida/Documents/PhD/Waggle_dance/wd_SA2025/wd_annotator/mp4/20250119\00027.mp4,"(-0.7112783931727128, 0.7029104120765632)",-0.711278393172713,0.702910412076563,225.339024324451,349,656,"(349.0, 656.0)",1149,1,raw_vertical_uncalibrated,,,,,,,,,,,,,,,,,,,,,,not_corrected
vertical,annotator_csv,vertical_20250119,73b,73b,73b_00027,vertical_20250119__73b__73b_00027,20,,vertical,,20250119,16:51:00,73b_00027_waggle_annotations.csv,C:/Users/frida/Documents/PhD/Waggle_dance/wd_SA2025/wd_annotator/mp4/20250119\00027.mp4,"(0.1028991510855053, 0.9946917938265513)",0.102899151085505,0.994691793826551,174.09385888623,343,683,"(343.0, 683.0)",1246,1,raw_vertical_uncalibrated,,,,,,,,,,,,,,,,,,,,,,not_corrected
vertical,annotator_csv,vertical_20250119,73b,73b,73b_00027,vertical_20250119__73b__73b_00027,21,,vertical,,20250119,16:51:00,73b_00027_waggle_annotations.csv,C:/Users/frida/Documents/PhD/Waggle_dance/wd_SA2025/wd_annotator/mp4/20250119\00027.mp4,"(-0.6952251158274647, 0.7187920689063618)",-0.695225115827465,0.718792068906362,224.045158746128,372,504,"(372.0, 504.0)",1330,1,raw_vertical_uncalibrated,,,,,,,,,,,,,,,,,,,,,,not_corrected
vertical,annotator_csv,vertical_20250119,73b,73b,73b_00027,vertical_20250119__73b__73b_00027,22,,vertical,,20250119,16:51:00,73b_00027_waggle_annotations.csv,C:/Users/frida/Documents/PhD/Waggle_dance/wd_SA2025/wd_annotator/mp4/20250119\00027.mp4,"(-0.039185566695354605, 0.9992319507315425)",-0.0391855666953546,0.999231950731543,182.245742565895,388,510,"(388.0, 510.0)",1376,1,raw_vertical_uncalibrated,,,,,,,,,,,,,,,,,,,,,,not_corrected
vertical,annotator_csv,vertical_20250119,73b,73b,73b_00027,vertical_20250119__73b__73b_00027,23,,vertical,,20250119,16:51:00,73b_00027_waggle_annotations.csv,C:/Users/frida/Documents/PhD/Waggle_dance/wd_SA2025/wd_annotator/mp4/20250119\00027.mp4,"(-0.6074501075707971, 0.7943578329771962)",-0.607450107570797,0.794357832977196,217.405356631409,380,520,"(380.0, 520.0)",1439,1,raw_vertical_uncalibrated,,,,,,,,,,,,,,,,,,,,,,not_corrected
vertical,annotator_csv,vertical_20250119,73b,73b,73b_00027,vertical_20250119__73b__73b_00027,24,,vertical,,20250119,16:51:00,73b_00027_waggle_annotations.csv,C:/Users/frida/Documents/PhD/Waggle_dance/wd_SA2025/wd_annotator/mp4/20250119\00027.mp4,"(0.1080591807684192, 0.9941444630694566)",0.108059180768419,0.994144463069457,173.796552098308,406,516,"(406.0, 516.0)",1500,1,raw_vertical_uncalibrated,,,,,,,,,,,,,,,,,,,,,,not_corrected
vertical,annotator_csv,vertical_20250119,73b,73b,73b_00027,vertical_20250119__73b__73b_00027,25,,vertical,,20250119,16:51:00,73b_00027_waggle_annotations.csv,C:/Users/frida/Documents/PhD/Waggle_dance/wd_SA2025/wd_annotator/mp4/20250119\00027.mp4,"(-0.18884739365012448, 0.9820064469806473)",-0.188847393650124,0.982006446980647,190.885527054659,456,549,"(456.0, 549.0)",1994,1,raw_vertical_uncalibrated,,,,,,,,,,,,,,,,,,,,,,not_corrected
vertical,annotator_csv,vertical_20250119,73b,73b,73b_00027,vertical_20250119__73b__73b_00027,26,,vertical,,20250119,16:51:00,73b_00027_waggle_annotations.csv,C:/Users/frida/Documents/PhD/Waggle_dance/wd_SA2025/wd_annotator/mp4/20250119\00027.mp4,"(-0.8178064193007666, 0.5754934061746135)",-0.817806419300767,0.575493406174614,234.865806943084,446,636,"(446.0, 636.0)",2058,1,raw_vertical_uncalibrated,,,,,,,,,,,,,,,,,,,,,,not_corrected
vertical,annotator_csv,vertical_20250119,73b,73b,73b_00027,vertical_20250119__73b__73b_00027,27,,vertical,,20250119,16:51:00,73b_00027_waggle_annotations.csv,C:/Users/frida/Documents/PhD/Waggle_dance/wd_SA2025/wd_annotator/mp4/20250119\00027.mp4,"(-0.6422198626104073, 0.7665204811801636)",-0.642219862610407,0.766520481180164,219.957548930829,445,610,"(445.0, 610.0)",2098,1,raw_vertical_uncalibrated,,,,,,,,,,,,,,,,,,,,,,not_corrected
vertical,annotator_csv,vertical_20250119,73b,73b,73b_00027,vertical_20250119__73b__73b_00027,28,,vertical,,20250119,16:51:00,73b_00027_waggle_annotations.csv,C:/Users/frida/Documents/PhD/Waggle_dance/wd_SA2025/wd_annotator/mp4/20250119\00027.mp4,"(-0.7653620859054907, 0.6435999358750717)",-0.765362085905491,0.643599935875072,229.939215542126,446,612,"(446.0, 612.0)",2149,1,raw_vertical_uncalibrated,,,,,,,,,,,,,,,,,,,,,,not_corrected
vertical,annotator_csv,vertical_20250119,73b,73b,73b_00027,vertical_20250119__73b__73b_00027,29,,vertical,,20250119,16:51:00,73b_00027_waggle_annotations.csv,C:/Users/frida/Documents/PhD/Waggle_dance/wd_SA2025/wd_annotator/mp4/20250119\00027.mp4,"(-0.32314385329151046, 0.946349856067995)",-0.32314385329151,0.946349856067995,198.853158764419,475,598,"(475.0, 598.0)",2195,1,raw_vertical_uncalibrated,,,,,,,,,,,,,,,,,,,,,,not_corrected
vertical,annotator_csv,vertical_20250119,73b,73b,73b_00027,vertical_20250119__73b__73b_00027,30,,vertical,,20250119,16:51:00,73b_00027_waggle_annotations.csv,C:/Users/frida/Documents/PhD/Waggle_dance/wd_SA2025/wd_annotator/mp4/20250119\00027.mp4,"(-0.6733296688467518, 0.7393423814787864)",-0.673329668846752,0.739342381478786,222.324573343971,485,546,"(485.0, 546.0)",2258,1,raw_vertical_uncalibrated,,,,,,,,,,,,,,,,,,,,,,not_corrected
vertical,annotator_csv,vertical_20250119,73b,73b,73b_00027,vertical_20250119__73b__73b_00027,31,,vertical,,20250119,16:51:00,73b_00027_waggle_annotations.csv,C:/Users/frida/Documents/PhD/Waggle_dance/wd_SA2025/wd_annotator/mp4/20250119\00027.mp4,"(-0.17031428521880665, 0.985389793051667)",-0.170314285218807,0.985389793051667,189.806092759897,475,527,"(475.0, 527.0)",2311,1,raw_vertical_uncalibrated,,,,,,,,,,,,,,,,,,,,,,not_corrected
vertical,annotator_csv,vertical_20250119,73b,73b,73b_00027,vertical_20250119__73b__73b_00027,32,,vertical,,20250119,16:51:00,73b_00027_waggle_annotations.csv,C:/Users/frida/Documents/PhD/Waggle_dance/wd_SA2025/wd_annotator/mp4/20250119\00027.mp4,"(-0.5623100214072791, 0.8269265020695281)",-0.562310021407279,0.826926502069528,214.215702132437,470,541,"(470.0, 541.0)",2369,1,raw_vertical_uncalibrated,,,,,,,,,,,,,,,,,,,,,,not_corrected
vertical,annotator_csv,vertical_20250119,73b,73b,73b_00027,vertical_20250119__73b__73b_00027,33,,vertical,,20250119,16:51:00,73b_00027_waggle_annotations.csv,C:/Users/frida/Documents/PhD/Waggle_dance/wd_SA2025/wd_annotator/mp4/20250119\00027.mp4,"(-0.32368767906299023, 0.9461639849533561)",-0.32368767906299,0.946163984953356,198.886087369709,508,555,"(508.0, 555.0)",2425,1,raw_vertical_uncalibrated,,,,,,,,,,,,,,,,,,,,,,not_corrected
vertical,annotator_csv,vertical_20250119,73b,73b,73b_00027,vertical_20250119__73b__73b_00027,34,,vertical,,20250119,16:51:00,73b_00027_waggle_annotations.csv,C:/Users/frida/Documents/PhD/Waggle_dance/wd_SA2025/wd_annotator/mp4/20250119\00027.mp4,"(-0.6139406135149204, 0.7893522173763262)",-0.61394061351492,0.789352217376326,217.874983651098,508,530,"(508.0, 530.0)",2478,1,raw_vertical_uncalibrated,,,,,,,,,,,,,,,,,,,,,,not_corrected
vertical,annotator_csv,vertical_20250119,73b,73b,73b_00027,vertical_20250119__73b__73b_00027,35,,vertical,,20250119,16:51:00,73b_00027_waggle_annotations.csv,C:/Users/frida/Documents/PhD/Waggle_dance/wd_SA2025/wd_annotator/mp4/20250119\00027.mp4,"(-0.6908577715463126, 0.7229906911531179)",-0.690857771546313,0.722990691153118,223.698047327421,522,515,"(522.0, 515.0)",2538,1,raw_vertical_uncalibrated,,,,,,,,,,,,,,,,,,,,,,not_corrected
vertical,annotator_csv,vertical_20250119,73b,73b,73b_00027,vertical_20250119__73b__73b_00027,36,,vertical,,20250119,16:51:00,73b_00027_waggle_annotations.csv,C:/Users/frida/Documents/PhD/Waggle_dance/wd_SA2025/wd_annotator/mp4/20250119\00027.mp4,"(-0.6882604319190002, 0.7254636985092164)",-0.688260431919,0.725463698509216,223.492564241225,493,501,"(493.0, 501.0)",2584,1,raw_vertical_uncalibrated,,,,,,,,,,,,,,,,,,,,,,not_corrected
vertical,annotator_csv,vertical_20250119,73b,73b,73b_00027,vertical_20250119__73b__73b_00027,37,,vertical,,20250119,16:51:00,73b_00027_waggle_annotations.csv,C:/Users/frida/Documents/PhD/Waggle_dance/wd_SA2025/wd_annotator/mp4/20250119\00027.mp4,"(-0.0256326007925508, 0.9996714309094813)",-0.0256326007925508,0.999671430909481,181.468800714386,498,500,"(498.0, 500.0)",2634,1,raw_vertical_uncalibrated,,,,,,,,,,,,,,,,,,,,,,not_corrected
vertical,annotator_csv,vertical_20250119,73b,73b,73b_00027,vertical_20250119__73b__73b_00027,38,,vertical,,20250119,16:51:00,73b_00027_waggle_annotations.csv,C:/Users/frida/Documents/PhD/Waggle_dance/wd_SA2025/wd_annotator/mp4/20250119\00027.mp4,"(-0.7605645022019074, 0.6492623799284576)",-0.760564502201907,0.649262379928458,229.513988458001,503,474,"(503.0, 474.0)",2685,1,raw_vertical_uncalibrated,,,,,,,,,,,,,,,,,,,,,,not_corrected
vertical,annotator_csv,vertical_20250119,73b,73b,73b_00027,vertical_20250119__73b__73b_00027,39,,vertical,,20250119,16:51:00,73b_00027_waggle_annotations.csv,C:/Users/frida/Documents/PhD/Waggle_dance/wd_SA2025/wd_annotator/mp4/20250119\00027.mp4,"(-0.6, 0.8)",-0.6,0.8,216.869897645844,527,487,"(527.0, 487.0)",2733,1,raw_vertical_uncalibrated,,,,,,,,,,,,,,,,,,,,,,not_corrected
vertical,annotator_csv,vertical_20250119,73b,73b,73b_00027,vertical_20250119__73b__73b_00027,40,,vertical,,20250119,16:51:00,73b_00027_waggle_annotations.csv,C:/Users/frida/Documents/PhD/Waggle_dance/wd_SA2025/wd_annotator/mp4/20250119\00027.mp4,"(-0.7834976790895338, 0.6213947110020441)",-0.783497679089534,0.621394711002044,231.581944655178,527,473,"(527.0, 473.0)",2796,1,raw_vertical_uncalibrated,,,,,,,,,,,,,,,,,,,,,,not_corrected
vertical,annotator_csv,vertical_20250119,73b,73b,73b_00027,vertical_20250119__73b__73b_00027,41,,vertical,,20250119,16:51:00,73b_00027_waggle_annotations.csv,C:/Users/frida/Documents/PhD/Waggle_dance/wd_SA2025/wd_annotator/mp4/20250119\00027.mp4,"(0.0, 1.0)",0,1,180,568,512,"(568.0, 512.0)",2842,1,raw_vertical_uncalibrated,,,,,,,,,,,,,,,,,,,,,,not_corrected
vertical,annotator_csv,vertical_20250119,73b,73b,73b_00027,vertical_20250119__73b__73b_00027,42,,vertical,,20250119,16:51:00,73b_00027_waggle_annotations.csv,C:/Users/frida/Documents/PhD/Waggle_dance/wd_SA2025/wd_annotator/mp4/20250119\00027.mp4,"(-0.5283018867924528, 0.8490566037735849)",-0.528301886792453,0.849056603773585,211.890791801846,227,589,"(227.0, 589.0)",3068,1,raw_vertical_uncalibrated,,,,,,,,,,,,,,,,,,,,,,not_corrected
vertical,annotator_csv,vertical_20250119,73b,73b,73b_00027,vertical_20250119__73b__73b_00027,43,,vertical,,20250119,16:51:00,73b_00027_waggle_annotations.csv,C:/Users/frida/Documents/PhD/Waggle_dance/wd_SA2025/wd_annotator/mp4/20250119\00027.mp4,"(-0.1414213562373095, 0.9899494936611665)",-0.14142135623731,0.989949493661167,188.130102354156,185,626,"(185.0, 626.0)",3143,1,raw_vertical_uncalibrated,,,,,,,,,,,,,,,,,,,,,,not_corrected
vertical,annotator_csv,vertical_20250119,73b,73b,73b_00027,vertical_20250119__73b__73b_00027,44,,vertical,,20250119,16:51:00,73b_00027_waggle_annotations.csv,C:/Users/frida/Documents/PhD/Waggle_dance/wd_SA2025/wd_annotator/mp4/20250119\00027.mp4,"(-0.6818764006481205, 0.7314674116043475)",-0.681876400648121,0.731467411604348,222.990446186979,172,626,"(172.0, 626.0)",3204,1,raw_vertical_uncalibrated,,,,,,,,,,,,,,,,,,,,,,not_corrected
vertical,annotator_csv,vertical_20250119,73b,73b,73b_00027,vertical_20250119__73b__73b_00027,45,,vertical,,20250119,16:51:00,73b_00027_waggle_annotations.csv,C:/Users/frida/Documents/PhD/Waggle_dance/wd_SA2025/wd_annotator/mp4/20250119\00027.mp4,"(-0.597481322535474, 0.8018828276133995)",-0.597481322535474,0.8018828276134,216.689722832476,160,650,"(160.0, 650.0)",3256,1,raw_vertical_uncalibrated,,,,,,,,,,,,,,,,,,,,,,not_corrected
vertical,annotator_csv,vertical_20250119,73b,73b,73b_00027,vertical_20250119__73b__73b_00027,46,,vertical,,20250119,16:51:00,73b_00027_waggle_annotations.csv,C:/Users/frida/Documents/PhD/Waggle_dance/wd_SA2025/wd_annotator/mp4/20250119\00027.mp4,"(-0.6163082616581107, 0.7875050010075858)",-0.616308261658111,0.787505001007586,218.047042531826,211,589,"(211.0, 589.0)",3306,1,raw_vertical_uncalibrated,,,,,,,,,,,,,,,,,,,,,,not_corrected
vertical,annotator_csv,vertical_20250119,73b,73b,73b_00027,vertical_20250119__73b__73b_00027,47,,vertical,,20250119,16:51:00,73b_00027_waggle_annotations.csv,C:/Users/frida/Documents/PhD/Waggle_dance/wd_SA2025/wd_annotator/mp4/20250119\00027.mp4,"(0.07000328148073091, 0.9975467611004155)",0.0700032814807309,0.997546761100416,175.985824304589,278,530,"(278.0, 530.0)",3367,1,raw_vertical_uncalibrated,,,,,,,,,,,,,,,,,,,,,,not_corrected
vertical,annotator_csv,vertical_20250119,73b,73b,73b_00027,vertical_20250119__73b__73b_00027,48,,vertical,,20250119,16:51:00,73b_00027_waggle_annotations.csv,C:/Users/frida/Documents/PhD/Waggle_dance/wd_SA2025/wd_annotator/mp4/20250119\00027.mp4,"(-0.7380288120022733, 0.6747691995449356)",-0.738028812002273,0.674769199544936,227.563770211465,272,498,"(272.0, 498.0)",3411,1,raw_vertical_uncalibrated,,,,,,,,,,,,,,,,,,,,,,not_corrected
vertical,annotator_csv,vertical_20250119,73b,73b,73b_00027,vertical_20250119__73b__73b_00027,49,,vertical,,20250119,16:51:00,73b_00027_waggle_annotations.csv,C:/Users/frida/Documents/PhD/Waggle_dance/wd_SA2025/wd_annotator/mp4/20250119\00027.mp4,"(-0.5339929913879817, 0.8454889030309711)",-0.533992991387982,0.845488903030971,212.275644314578,274,534,"(274.0, 534.0)",3471,1,raw_vertical_uncalibrated,,,,,,,,,,,,,,,,,,,,,,not_corrected
vertical,annotator_csv,vertical_20250119,73b,73b,73b_00027,vertical_20250119__73b__73b_00027,50,,vertical,,20250119,16:51:00,73b_00027_waggle_annotations.csv,C:/Users/frida/Documents/PhD/Waggle_dance/wd_SA2025/wd_annotator/mp4/20250119\00027.mp4,"(-0.6347394233600139, 0.7727262545252344)",-0.634739423360014,0.772726254525234,219.400660663479,360,561,"(360.0, 561.0)",3630,1,raw_vertical_uncalibrated,,,,,,,,,,,,,,,,,,,,,,not_corrected
vertical,annotator_csv,vertical_20250119,73b,73b,73b_00027,vertical_20250119__73b__73b_00027,51,,vertical,,20250119,16:51:00,73b_00027_waggle_annotations.csv,C:/Users/frida/Documents/PhD/Waggle_dance/wd_SA2025/wd_annotator/mp4/20250119\00027.mp4,"(-0.7071067811865476, 0.7071067811865476)",-0.707106781186548,0.707106781186548,225,360,528,"(360.0, 528.0)",3680,1,raw_vertical_uncalibrated,,,,,,,,,,,,,,,,,,,,,,not_corrected
vertical,annotator_csv,vertical_20250119,73b,73b,73b_00027,vertical_20250119__73b__73b_00027,52,,vertical,,20250119,16:51:00,73b_00027_waggle_annotations.csv,C:/Users/frida/Documents/PhD/Waggle_dance/wd_SA2025/wd_annotator/mp4/20250119\00027.mp4,"(-0.6945945136995674, 0.7194014606174091)",-0.694594513699567,0.719401460617409,223.994913994746,347,536,"(347.0, 536.0)",3726,1,raw_vertical_uncalibrated,,,,,,,,,,,,,,,,,,,,,,not_corrected
vertical,annotator_csv,vertical_20250119,73b,73b,73b_00027,vertical_20250119__73b__73b_00027,53,,vertical,,20250119,16:51:00,73b_00027_waggle_annotations.csv,C:/Users/frida/Documents/PhD/Waggle_dance/wd_SA2025/wd_annotator/mp4/20250119\00027.mp4,"(-0.4239401060486308, 0.9056902265584386)",-0.423940106048631,0.905690226558439,205.083594006191,335,477,"(335.0, 477.0)",3782,1,raw_vertical_uncalibrated,,,,,,,,,,,,,,,,,,,,,,not_corrected
vertical,annotator_csv,vertical_20250119,73b,73b,73b_00027,vertical_20250119__73b__73b_00027,54,,vertical,,20250119,16:51:00,73b_00027_waggle_annotations.csv,C:/Users/frida/Documents/PhD/Waggle_dance/wd_SA2025/wd_annotator/mp4/20250119\00027.mp4,"(-0.12403473458920847, 0.9922778767136677)",-0.124034734589208,0.992277876713668,187.125016348902,372,490,"(372.0, 490.0)",3819,1,raw_vertical_uncalibrated,,,,,,,,,,,,,,,,,,,,,,not_corrected
vertical,annotator_csv,vertical_20250119,73b,73b,73b_00027,vertical_20250119__73b__73b_00027,55,,vertical,,20250119,16:51:00,73b_00027_waggle_annotations.csv,C:/Users/frida/Documents/PhD/Waggle_dance/wd_SA2025/wd_annotator/mp4/20250119\00027.mp4,"(-0.7915903209731898, 0.6110521775933395)",-0.79159032097319,0.61105217759334,232.334378801417,408,427,"(408.0, 427.0)",3872,1,raw_vertical_uncalibrated,,,,,,,,,,,,,,,,,,,,,,not_corrected
vertical,annotator_csv,vertical_20250119,73b,73b,73b_00027,vertical_20250119__73b__73b_00027,56,,vertical,,20250119,16:51:00,73b_00027_waggle_annotations.csv,C:/Users/frida/Documents/PhD/Waggle_dance/wd_SA2025/wd_annotator/mp4/20250119\00027.mp4,"(-0.4199169861167298, 0.9075625183813192)",-0.41991698611673,0.907562518381319,204.82934658815,441,471,"(441.0, 471.0)",3955,1,raw_vertical_uncalibrated,,,,,,,,,,,,,,,,,,,,,,not_corrected
vertical,annotator_csv,vertical_20250119,73b,73b,73b_00027,vertical_20250119__73b__73b_00027,57,,vertical,,20250119,16:51:00,73b_00027_waggle_annotations.csv,C:/Users/frida/Documents/PhD/Waggle_dance/wd_SA2025/wd_annotator/mp4/20250119\00027.mp4,"(-0.7219882051154242, 0.6919053632356149)",-0.721988205115424,0.691905363235615,226.218875235131,442,441,"(442.0, 441.0)",3995,1,raw_vertical_uncalibrated,,,,,,,,,,,,,,,,,,,,,,not_corrected
vertical,annotator_csv,vertical_20250119,73b,73b,73b_00027,vertical_20250119__73b__73b_00027,58,,vertical,,20250119,16:51:00,73b_00027_waggle_annotations.csv,C:/Users/frida/Documents/PhD/Waggle_dance/wd_SA2025/wd_annotator/mp4/20250119\00027.mp4,"(-0.6, 0.8)",-0.6,0.8,216.869897645844,482,444,"(482.0, 444.0)",4060,1,raw_vertical_uncalibrated,,,,,,,,,,,,,,,,,,,,,,not_corrected
vertical,annotator_csv,vertical_20250119,73b,73b,73b_00027,vertical_20250119__73b__73b_00027,59,,vertical,,20250119,16:51:00,73b_00027_waggle_annotations.csv,C:/Users/frida/Documents/PhD/Waggle_dance/wd_SA2025/wd_annotator/mp4/20250119\00027.mp4,"(-0.7649111981170508, 0.6441357457827797)",-0.764911198117051,0.64413574578278,229.899092453788,441,380,"(441.0, 380.0)",4102,1,raw_vertical_uncalibrated,,,,,,,,,,,,,,,,,,,,,,not_corrected
vertical,annotator_csv,vertical_20250119,73b,73b,73b_00027,vertical_20250119__73b__73b_00027,60,,vertical,,20250119,16:51:00,73b_00027_waggle_annotations.csv,C:/Users/frida/Documents/PhD/Waggle_dance/wd_SA2025/wd_annotator/mp4/20250119\00027.mp4,"(-0.5913636636275174, 0.8064049958557055)",-0.591363663627517,0.806404995855706,216.253837737445,436,370,"(436.0, 370.0)",4149,1,raw_vertical_uncalibrated,,,,,,,,,,,,,,,,,,,,,,not_corrected
vertical,annotator_csv,vertical_20250119,73b,73b,73b_00027,vertical_20250119__73b__73b_00027,61,,vertical,,20250119,16:51:00,73b_00027_waggle_annotations.csv,C:/Users/frida/Documents/PhD/Waggle_dance/wd_SA2025/wd_annotator/mp4/20250119\00027.mp4,"(-0.7546055221635046, 0.6561787149247866)",-0.754605522163505,0.656178714924787,228.99091309843,490,352,"(490.0, 352.0)",4199,1,raw_vertical_uncalibrated,,,,,,,,,,,,,,,,,,,,,,not_corrected
vertical,annotator_csv,vertical_20250119,73b,73b,73b_00027,vertical_20250119__73b__73b_00027,62,,vertical,,20250119,16:51:00,73b_00027_waggle_annotations.csv,C:/Users/frida/Documents/PhD/Waggle_dance/wd_SA2025/wd_annotator/mp4/20250119\00027.mp4,"(-0.7281999926928029, 0.685364699004991)",-0.728199992692803,0.685364699004991,226.735704588928,483,355,"(483.0, 355.0)",4246,1,raw_vertical_uncalibrated,,,,,,,,,,,,,,,,,,,,,,not_corrected
vertical,annotator_csv,vertical_20250119,73b,73b,73b_00027,vertical_20250119__73b__73b_00027,63,,vertical,,20250119,16:51:00,73b_00027_waggle_annotations.csv,C:/Users/frida/Documents/PhD/Waggle_dance/wd_SA2025/wd_annotator/mp4/20250119\00027.mp4,"(-0.7348034446274879, 0.6782801027330658)",-0.734803444627488,0.678280102733066,227.290610042639,546,329,"(546.0, 329.0)",4300,1,raw_vertical_uncalibrated,,,,,,,,,,,,,,,,,,,,,,not_corrected
vertical,annotator_csv,vertical_20250119,73b,73b,73b_00027,vertical_20250119__73b__73b_00027,64,,vertical,,20250119,16:51:00,73b_00027_waggle_annotations.csv,C:/Users/frida/Documents/PhD/Waggle_dance/wd_SA2025/wd_annotator/mp4/20250119\00027.mp4,"(-0.7661915431257925, 0.6426122619764711)",-0.766191543125793,0.642612261976471,230.013113755036,552,336,"(552.0, 336.0)",4389,1,raw_vertical_uncalibrated,,,,,,,,,,,,,,,,,,,,,,not_corrected
vertical,annotator_csv,vertical_20250119,73b,73b,73b_00027,vertical_20250119__73b__73b_00027,65,,vertical,,20250119,16:51:00,73b_00027_waggle_annotations.csv,C:/Users/frida/Documents/PhD/Waggle_dance/wd_SA2025/wd_annotator/mp4/20250119\00027.mp4,"(-0.5958469241734657, 0.8030980282338017)",-0.595846924173466,0.803098028233802,216.573030978519,590,376,"(590.0, 376.0)",4440,1,raw_vertical_uncalibrated,,,,,,,,,,,,,,,,,,,,,,not_corrected
vertical,annotator_csv,vertical_20250119,73b,73b,73b_00027,vertical_20250119__73b__73b_00027,66,,vertical,,20250119,16:51:00,73b_00027_waggle_annotations.csv,C:/Users/frida/Documents/PhD/Waggle_dance/wd_SA2025/wd_annotator/mp4/20250119\00027.mp4,"(-0.5832067830913987, 0.812323733591591)",-0.583206783091399,0.812323733591591,215.676408221862,600,396,"(600.0, 396.0)",4490,1,raw_vertical_uncalibrated,,,,,,,,,,,,,,,,,,,,,,not_corrected
vertical,annotator_csv,vertical_20250119,73b,73b,73b_00027,vertical_20250119__73b__73b_00027,67,,vertical,,20250119,16:51:00,73b_00027_waggle_annotations.csv,C:/Users/frida/Documents/PhD/Waggle_dance/wd_SA2025/wd_annotator/mp4/20250119\00027.mp4,"(-0.5010362705417046, 0.8654262854811262)",-0.501036270541705,0.865426285481126,210.068582821862,640,397,"(640.0, 397.0)",4545,1,raw_vertical_uncalibrated,,,,,,,,,,,,,,,,,,,,,,not_corrected
vertical,annotator_csv,vertical_20250119,73b,73b,73b_00027,vertical_20250119__73b__73b_00027,68,,vertical,,20250119,16:51:00,73b_00027_waggle_annotations.csv,C:/Users/frida/Documents/PhD/Waggle_dance/wd_SA2025/wd_annotator/mp4/20250119\00027.mp4,"(-0.6347394233600139, 0.7727262545252344)",-0.634739423360014,0.772726254525234,219.400660663479,626,392,"(626.0, 392.0)",4589,1,raw_vertical_uncalibrated,,,,,,,,,,,,,,,,,,,,,,not_corrected
vertical,annotator_csv,vertical_20250119,73b,73b,73b_00027,vertical_20250119__73b__73b_00027,69,,vertical,,20250119,16:51:00,73b_00027_waggle_annotations.csv,C:/Users/frida/Documents/PhD/Waggle_dance/wd_SA2025/wd_annotator/mp4/20250119\00027.mp4,"(-0.5339929913879817, 0.8454889030309711)",-0.533992991387982,0.845488903030971,212.275644314578,567,390,"(567.0, 390.0)",4704,1,raw_vertical_uncalibrated,,,,,,,,,,,,,,,,,,,,,,not_corrected
vertical,annotator_csv,vertical_20250119,73b,73b,73b_00027,vertical_20250119__73b__73b_00027,70,,vertical,,20250119,16:51:00,73b_00027_waggle_annotations.csv,C:/Users/frida/Documents/PhD/Waggle_dance/wd_SA2025/wd_annotator/mp4/20250119\00027.mp4,"(-0.638017864750323, 0.7700215609055623)",-0.638017864750323,0.770021560905562,219.644174957145,545,397,"(545.0, 397.0)",4757,1,raw_vertical_uncalibrated,,,,,,,,,,,,,,,,,,,,,,not_corrected
vertical,annotator_csv,vertical_20250119,73b,73b,73b_00027,vertical_20250119__73b__73b_00027,71,,vertical,,20250119,16:51:00,73b_00027_waggle_annotations.csv,C:/Users/frida/Documents/PhD/Waggle_dance/wd_SA2025/wd_annotator/mp4/20250119\00027.mp4,"(-0.1643989873053573, 0.9863939238321437)",-0.164398987305357,0.986393923832144,189.462322208026,608,424,"(608.0, 424.0)",4809,1,raw_vertical_uncalibrated,,,,,,,,,,,,,,,,,,,,,,not_corrected
vertical,annotator_csv,vertical_20250119,73b,73b,73b_00027,vertical_20250119__73b__73b_00027,72,,vertical,,20250119,16:51:00,73b_00027_waggle_annotations.csv,C:/Users/frida/Documents/PhD/Waggle_dance/wd_SA2025/wd_annotator/mp4/20250119\00027.mp4,"(-0.5774647206268071, 0.8164156395068652)",-0.577464720626807,0.816415639506865,215.272421448598,616,419,"(616.0, 419.0)",4853,1,raw_vertical_uncalibrated,,,,,,,,,,,,,,,,,,,,,,not_corrected
vertical,annotator_csv,vertical_20250119,73b,73b,73b_00027,vertical_20250119__73b__73b_00027,73,,vertical,,20250119,16:51:00,73b_00027_waggle_annotations.csv,C:/Users/frida/Documents/PhD/Waggle_dance/wd_SA2025/wd_annotator/mp4/20250119\00027.mp4,"(-0.4115867224264983, 0.9113705996586747)",-0.411586722426498,0.911370599658675,204.304549265937,616,435,"(616.0, 435.0)",4902,1,raw_vertical_uncalibrated,,,,,,,,,,,,,,,,,,,,,,not_corrected
vertical,annotator_csv,vertical_20250119,73b,73b,73b_00027,vertical_20250119__73b__73b_00027,74,,vertical,,20250119,16:51:00,73b_00027_waggle_annotations.csv,C:/Users/frida/Documents/PhD/Waggle_dance/wd_SA2025/wd_annotator/mp4/20250119\00027.mp4,"(-0.41905817746174695, 0.9079593845004517)",-0.419058177461747,0.907959384500452,204.775140568832,601,427,"(601.0, 427.0)",4965,1,raw_vertical_uncalibrated,,,,,,,,,,,,,,,,,,,,,,not_corrected
vertical,annotator_csv,vertical_20250119,73b,73b,73b_00027,vertical_20250119__73b__73b_00027,75,,vertical,,20250119,16:51:00,73b_00027_waggle_annotations.csv,C:/Users/frida/Documents/PhD/Waggle_dance/wd_SA2025/wd_annotator/mp4/20250119\00027.mp4,"(-0.5615014183372645, 0.8274757743917583)",-0.561501418337265,0.827475774391758,214.159694545669,661,409,"(661.0, 409.0)",5001,1,raw_vertical_uncalibrated,,,,,,,,,,,,,,,,,,,,,,not_corrected
vertical,annotator_csv,vertical_20250119,73b,73b,73b_00027,vertical_20250119__73b__73b_00027,76,,vertical,,20250119,16:51:00,73b_00027_waggle_annotations.csv,C:/Users/frida/Documents/PhD/Waggle_dance/wd_SA2025/wd_annotator/mp4/20250119\00027.mp4,"(-0.8768124086713189, 0.4808326112068523)",-0.876812408671319,0.480832611206852,241.260204708312,654,412,"(654.0, 412.0)",5054,1,raw_vertical_uncalibrated,,,,,,,,,,,,,,,,,,,,,,not_corrected
vertical,annotator_csv,vertical_20250119,73b,73b,73b_00027,vertical_20250119__73b__73b_00027,77,,vertical,,20250119,16:51:00,73b_00027_waggle_annotations.csv,C:/Users/frida/Documents/PhD/Waggle_dance/wd_SA2025/wd_annotator/mp4/20250119\00027.mp4,"(-0.46483389898992034, 0.8853979028379435)",-0.46483389898992,0.885397902837944,207.699472808055,673,438,"(673.0, 438.0)",5100,1,raw_vertical_uncalibrated,,,,,,,,,,,,,,,,,,,,,,not_corrected
vertical,annotator_csv,vertical_20250119,73b,73b,73b_00027,vertical_20250119__73b__73b_00027,78,,vertical,,20250119,16:51:00,73b_00027_waggle_annotations.csv,C:/Users/frida/Documents/PhD/Waggle_dance/wd_SA2025/wd_annotator/mp4/20250119\00027.mp4,"(-0.7153761792055299, 0.6987395238751688)",-0.71537617920553,0.698739523875169,225.674036897984,633,444,"(633.0, 444.0)",5149,1,raw_vertical_uncalibrated,,,,,,,,,,,,,,,,,,,,,,not_corrected
vertical,annotator_csv,vertical_20250119,73b,73b,73b_00027,vertical_20250119__73b__73b_00027,79,,vertical,,20250119,16:51:00,73b_00027_waggle_annotations.csv,C:/Users/frida/Documents/PhD/Waggle_dance/wd_SA2025/wd_annotator/mp4/20250119\00027.mp4,"(-0.3222637978043043, 0.946649906050144)",-0.322263797804304,0.946649906050144,198.799885158653,630,437,"(630.0, 437.0)",5196,1,raw_vertical_uncalibrated,,,,,,,,,,,,,,,,,,,,,,not_corrected
vertical,annotator_csv,vertical_20250119,73b,73b,73b_00027,vertical_20250119__73b__73b_00027,80,,vertical,,20250119,16:51:00,73b_00027_waggle_annotations.csv,C:/Users/frida/Documents/PhD/Waggle_dance/wd_SA2025/wd_annotator/mp4/20250119\00027.mp4,"(-0.52999894000318, 0.847998304005088)",-0.52999894000318,0.847998304005088,212.005383208084,607,441,"(607.0, 441.0)",5254,1,raw_vertical_uncalibrated,,,,,,,,,,,,,,,,,,,,,,not_corrected
vertical,annotator_csv,vertical_20250119,73b,73b,73b_00027,vertical_20250119__73b__73b_00027,81,,vertical,,20250119,16:51:00,73b_00027_waggle_annotations.csv,C:/Users/frida/Documents/PhD/Waggle_dance/wd_SA2025/wd_annotator/mp4/20250119\00027.mp4,"(-0.19086965910222414, 0.9816153896685813)",-0.190869659102224,0.981615389668581,191.00354085175,592,435,"(592.0, 435.0)",5305,1,raw_vertical_uncalibrated,,,,,,,,,,,,,,,,,,,,,,not_corrected
vertical,annotator_csv,vertical_20250119,73b,73b,73b_00027,vertical_20250119__73b__73b_00027,82,,vertical,,20250119,16:51:00,73b_00027_waggle_annotations.csv,C:/Users/frida/Documents/PhD/Waggle_dance/wd_SA2025/wd_annotator/mp4/20250119\00027.mp4,"(-0.6332377902572627, 0.7739572992033211)",-0.633237790257263,0.773957299203321,219.2894068625,536,386,"(536.0, 386.0)",5346,1,raw_vertical_uncalibrated,,,,,,,,,,,,,,,,,,,,,,not_corrected
vertical,annotator_csv,vertical_20250119,73b,73b,73b_00027,vertical_20250119__73b__73b_00027,83,,vertical,,20250119,16:51:00,73b_00027_waggle_annotations.csv,C:/Users/frida/Documents/PhD/Waggle_dance/wd_SA2025/wd_annotator/mp4/20250119\00027.mp4,"(-0.5189781342417641, 0.854787515221729)",-0.518978134241764,0.854787515221729,211.263731694377,590,396,"(590.0, 396.0)",5388,1,raw_vertical_uncalibrated,,,,,,,,,,,,,,,,,,,,,,not_corrected
vertical,annotator_csv,vertical_20250119,73b,73b,73b_00027,vertical_20250119__73b__73b_00027,84,,vertical,,20250119,16:51:00,73b_00027_waggle_annotations.csv,C:/Users/frida/Documents/PhD/Waggle_dance/wd_SA2025/wd_annotator/mp4/20250119\00027.mp4,"(-0.6441357457827797, 0.7649111981170508)",-0.64413574578278,0.764911198117051,220.100907546212,579,397,"(579.0, 397.0)",5437,1,raw_vertical_uncalibrated,,,,,,,,,,,,,,,,,,,,,,not_corrected
vertical,annotator_csv,vertical_20250119,73b,73b,73b_00027,vertical_20250119__73b__73b_00027,85,,vertical,,20250119,16:51:00,73b_00027_waggle_annotations.csv,C:/Users/frida/Documents/PhD/Waggle_dance/wd_SA2025/wd_annotator/mp4/20250119\00027.mp4,"(-0.6, 0.8)",-0.6,0.8,216.869897645844,578,425,"(578.0, 425.0)",5533,1,raw_vertical_uncalibrated,,,,,,,,,,,,,,,,,,,,,,not_corrected
vertical,annotator_csv,vertical_20250119,73b,73b,73b_00027,vertical_20250119__73b__73b_00027,86,,vertical,,20250119,16:51:00,73b_00027_waggle_annotations.csv,C:/Users/frida/Documents/PhD/Waggle_dance/wd_SA2025/wd_annotator/mp4/20250119\00027.mp4,"(-0.5854905538443584, 0.8106792283998809)",-0.585490553844358,0.810679228399881,215.837652954278,598,414,"(598.0, 414.0)",5587,1,raw_vertical_uncalibrated,,,,,,,,,,,,,,,,,,,,,,not_corrected
vertical,annotator_csv,vertical_20250119,73b,73b,73b_00027,vertical_20250119__73b__73b_00027,87,,vertical,,20250119,16:51:00,73b_00027_waggle_annotations.csv,C:/Users/frida/Documents/PhD/Waggle_dance/wd_SA2025/wd_annotator/mp4/20250119\00027.mp4,"(-0.6114475010757654, 0.7912850013921671)",-0.611447501075765,0.791285001392167,217.694240466689,541,402,"(541.0, 402.0)",5636,1,raw_vertical_uncalibrated,,,,,,,,,,,,,,,,,,,,,,not_corrected
vertical,annotator_csv,vertical_20250119,73b,73b,73b_00027,vertical_20250119__73b__73b_00027,88,,vertical,,20250119,16:51:00,73b_00027_waggle_annotations.csv,C:/Users/frida/Documents/PhD/Waggle_dance/wd_SA2025/wd_annotator/mp4/20250119\00027.mp4,"(-0.2676438637860946, 0.9635179096299405)",-0.267643863786095,0.963517909629941,195.524110996754,521,446,"(521.0, 446.0)",5691,1,raw_vertical_uncalibrated,,,,,,,,,,,,,,,,,,,,,,not_corrected
vertical,annotator_csv,vertical_20250119,73b,73b,73b_00027,vertical_20250119__73b__73b_00027,89,,vertical,,20250119,16:51:00,73b_00027_waggle_annotations.csv,C:/Users/frida/Documents/PhD/Waggle_dance/wd_SA2025/wd_annotator/mp4/20250119\00027.mp4,"(-0.6896551724137931, 0.7241379310344828)",-0.689655172413793,0.724137931034483,223.602818972704,520,391,"(520.0, 391.0)",5729,1,raw_vertical_uncalibrated,,,,,,,,,,,,,,,,,,,,,,not_corrected
vertical,annotator_csv,vertical_20250119,73b,73b,73b_00027,vertical_20250119__73b__73b_00027,90,,vertical,,20250119,16:51:00,73b_00027_waggle_annotations.csv,C:/Users/frida/Documents/PhD/Waggle_dance/wd_SA2025/wd_annotator/mp4/20250119\00027.mp4,"(-0.7071067811865476, 0.7071067811865476)",-0.707106781186548,0.707106781186548,225,532,427,"(532.0, 427.0)",5838,1,raw_vertical_uncalibrated,,,,,,,,,,,,,,,,,,,,,,not_corrected
vertical,annotator_csv,vertical_20250119,73b,73b,73b_00027,vertical_20250119__73b__73b_00027,91,,vertical,,20250119,16:51:00,73b_00027_waggle_annotations.csv,C:/Users/frida/Documents/PhD/Waggle_dance/wd_SA2025/wd_annotator/mp4/20250119\00027.mp4,"(-0.6114475010757654, 0.7912850013921671)",-0.611447501075765,0.791285001392167,217.694240466689,556,444,"(556.0, 444.0)",5892,1,raw_vertical_uncalibrated,,,,,,,,,,,,,,,,,,,,,,not_corrected
vertical,annotator_csv,vertical_20250119,73b,73b,73b_00027,vertical_20250119__73b__73b_00027,92,,vertical,,20250119,16:51:00,73b_00027_waggle_annotations.csv,C:/Users/frida/Documents/PhD/Waggle_dance/wd_SA2025/wd_annotator/mp4/20250119\00027.mp4,"(-0.7071067811865475, 0.7071067811865475)",-0.707106781186548,0.707106781186548,225,561,373,"(561.0, 373.0)",5942,1,raw_vertical_uncalibrated,,,,,,,,,,,,,,,,,,,,,,not_corrected
vertical,annotator_csv,vertical_20250119,73b,73b,73b_00027,vertical_20250119__73b__73b_00027,93,,vertical,,20250119,16:51:00,73b_00027_waggle_annotations.csv,C:/Users/frida/Documents/PhD/Waggle_dance/wd_SA2025/wd_annotator/mp4/20250119\00027.mp4,"(-0.30782028541466255, 0.9514445185544115)",-0.307820285414663,0.951444518554412,197.927919762007,566,376,"(566.0, 376.0)",5984,1,raw_vertical_uncalibrated,,,,,,,,,,,,,,,,,,,,,,not_corrected
vertical,annotator_csv,vertical_20250119,73b,73b,73b_00027,vertical_20250119__73b__73b_00027,94,,vertical,,20250119,16:51:00,73b_00027_waggle_annotations.csv,C:/Users/frida/Documents/PhD/Waggle_dance/wd_SA2025/wd_annotator/mp4/20250119\00027.mp4,"(-0.6757246285173463, 0.7371541402007414)",-0.675724628517346,0.737154140200741,222.510447078001,545,407,"(545.0, 407.0)",6050,1,raw_vertical_uncalibrated,,,,,,,,,,,,,,,,,,,,,,not_corrected
vertical,annotator_csv,vertical_20250119,73b,73b,73b_00029,vertical_20250119__73b__73b_00029,1,,vertical,,20250119,17:00:00,73b_00029_waggle_annotations.csv,C:/Users/frida/Documents/PhD/Waggle_dance/wd_SA2025/wd_annotator/mp4/20250119\00029.mp4,"(-0.6050832675335579, 0.7961621941231025)",-0.605083267533558,0.796162194123103,217.234833981575,533,677,"(533.0, 677.0)",50,1,raw_vertical_uncalibrated,,,,,,,,,,,,,,,,,,,,,,not_corrected
vertical,annotator_csv,vertical_20250119,73b,73b,73b_00029,vertical_20250119__73b__73b_00029,2,,vertical,,20250119,17:00:00,73b_00029_waggle_annotations.csv,C:/Users/frida/Documents/PhD/Waggle_dance/wd_SA2025/wd_annotator/mp4/20250119\00029.mp4,"(-0.6770565308208832, 0.7359310117618296)",-0.677056530820883,0.73593101176183,222.614055969611,531,613,"(531.0, 613.0)",92,1,raw_vertical_uncalibrated,,,,,,,,,,,,,,,,,,,,,,not_corrected
vertical,annotator_csv,vertical_20250119,73b,73b,73b_00029,vertical_20250119__73b__73b_00029,3,,vertical,,20250119,17:00:00,73b_00029_waggle_annotations.csv,C:/Users/frida/Documents/PhD/Waggle_dance/wd_SA2025/wd_annotator/mp4/20250119\00029.mp4,"(-0.4369039627369131, 0.8995081585759976)",-0.436903962736913,0.899508158575998,205.906507999514,556,644,"(556.0, 644.0)",134,1,raw_vertical_uncalibrated,,,,,,,,,,,,,,,,,,,,,,not_corrected
vertical,annotator_csv,vertical_20250119,73b,73b,73b_00029,vertical_20250119__73b__73b_00029,4,,vertical,,20250119,17:00:00,73b_00029_waggle_annotations.csv,C:/Users/frida/Documents/PhD/Waggle_dance/wd_SA2025/wd_annotator/mp4/20250119\00029.mp4,"(-0.5407575913134988, 0.8411784753765535)",-0.540757591313499,0.841178475376554,212.735226272108,549,578,"(549.0, 578.0)",186,1,raw_vertical_uncalibrated,,,,,,,,,,,,,,,,,,,,,,not_corrected
vertical,annotator_csv,vertical_20250119,73b,73b,73b_00029,vertical_20250119__73b__73b_00029,5,,vertical,,20250119,17:00:00,73b_00029_waggle_annotations.csv,C:/Users/frida/Documents/PhD/Waggle_dance/wd_SA2025/wd_annotator/mp4/20250119\00029.mp4,"(-0.5588534620723024, 0.8292664275911583)",-0.558853462072302,0.829266427591158,213.976544036257,518,535,"(518.0, 535.0)",242,1,raw_vertical_uncalibrated,,,,,,,,,,,,,,,,,,,,,,not_corrected
vertical,annotator_csv,vertical_20250119,73b,73b,73b_00029,vertical_20250119__73b__73b_00029,6,,vertical,,20250119,17:00:00,73b_00029_waggle_annotations.csv,C:/Users/frida/Documents/PhD/Waggle_dance/wd_SA2025/wd_annotator/mp4/20250119\00029.mp4,"(-0.3303504247281061, 0.9438583563660173)",-0.330350424728106,0.943858356366017,199.290046219189,542,489,"(542.0, 489.0)",297,1,raw_vertical_uncalibrated,,,,,,,,,,,,,,,,,,,,,,not_corrected
vertical,annotator_csv,vertical_20250119,73b,73b,73b_00029,vertical_20250119__73b__73b_00029,7,,vertical,,20250119,17:00:00,73b_00029_waggle_annotations.csv,C:/Users/frida/Documents/PhD/Waggle_dance/wd_SA2025/wd_annotator/mp4/20250119\00029.mp4,"(-0.8, 0.6)",-0.8,0.6,233.130102354156,521,469,"(521.0, 469.0)",345,1,raw_vertical_uncalibrated,,,,,,,,,,,,,,,,,,,,,,not_corrected
vertical,annotator_csv,vertical_20250119,73b,73b,73b_00029,vertical_20250119__73b__73b_00029,8,,vertical,,20250119,17:00:00,73b_00029_waggle_annotations.csv,C:/Users/frida/Documents/PhD/Waggle_dance/wd_SA2025/wd_annotator/mp4/20250119\00029.mp4,"(-0.3817601544197929, 0.924261426490025)",-0.381760154419793,0.924261426490025,202.442753365294,531,480,"(531.0, 480.0)",396,1,raw_vertical_uncalibrated,,,,,,,,,,,,,,,,,,,,,,not_corrected
vertical,annotator_csv,vertical_20250119,73b,73b,73b_00029,vertical_20250119__73b__73b_00029,9,,vertical,,20250119,17:00:00,73b_00029_waggle_annotations.csv,C:/Users/frida/Documents/PhD/Waggle_dance/wd_SA2025/wd_annotator/mp4/20250119\00029.mp4,"(-0.584304725845076, 0.8115343414514944)",-0.584304725845076,0.811534341451494,215.753887254437,540,445,"(540.0, 445.0)",453,1,raw_vertical_uncalibrated,,,,,,,,,,,,,,,,,,,,,,not_corrected
vertical,annotator_csv,vertical_20250119,73b,73b,73b_00029,vertical_20250119__73b__73b_00029,10,,vertical,,20250119,17:00:00,73b_00029_waggle_annotations.csv,C:/Users/frida/Documents/PhD/Waggle_dance/wd_SA2025/wd_annotator/mp4/20250119\00029.mp4,"(-0.6536198703460924, 0.7568230077691596)",-0.653619870346092,0.75682300776916,220.815083874882,596,473,"(596.0, 473.0)",511,1,raw_vertical_uncalibrated,,,,,,,,,,,,,,,,,,,,,,not_corrected
vertical,annotator_csv,vertical_20250119,73b,73b,73b_00029,vertical_20250119__73b__73b_00029,11,,vertical,,20250119,17:00:00,73b_00029_waggle_annotations.csv,C:/Users/frida/Documents/PhD/Waggle_dance/wd_SA2025/wd_annotator/mp4/20250119\00029.mp4,"(-0.6742693640213323, 0.7384854939281259)",-0.674269364021332,0.738485493928126,222.3974377975,571,466,"(571.0, 466.0)",563,1,raw_vertical_uncalibrated,,,,,,,,,,,,,,,,,,,,,,not_corrected
vertical,annotator_csv,vertical_20250119,73b,73b,73b_00029,vertical_20250119__73b__73b_00029,12,,vertical,,20250119,17:00:00,73b_00029_waggle_annotations.csv,C:/Users/frida/Documents/PhD/Waggle_dance/wd_SA2025/wd_annotator/mp4/20250119\00029.mp4,"(-0.5321715452183459, 0.8466365492110047)",-0.532171545218346,0.846636549211005,212.152295141282,578,456,"(578.0, 456.0)",615,1,raw_vertical_uncalibrated,,,,,,,,,,,,,,,,,,,,,,not_corrected
vertical,annotator_csv,vertical_20250119,73b,73b,73b_00029,vertical_20250119__73b__73b_00029,13,,vertical,,20250119,17:00:00,73b_00029_waggle_annotations.csv,C:/Users/frida/Documents/PhD/Waggle_dance/wd_SA2025/wd_annotator/mp4/20250119\00029.mp4,"(-0.696785684263249, 0.7172793808592269)",-0.696785684263249,0.717279380859227,224.169684513742,511,388,"(511.0, 388.0)",669,1,raw_vertical_uncalibrated,,,,,,,,,,,,,,,,,,,,,,not_corrected
vertical,annotator_csv,vertical_20250119,73b,73b,73b_00029,vertical_20250119__73b__73b_00029,14,,vertical,,20250119,17:00:00,73b_00029_waggle_annotations.csv,C:/Users/frida/Documents/PhD/Waggle_dance/wd_SA2025/wd_annotator/mp4/20250119\00029.mp4,"(-0.5221538596385299, 0.8528513040762654)",-0.52215385963853,0.852851304076265,211.476839349584,517,354,"(517.0, 354.0)",722,1,raw_vertical_uncalibrated,,,,,,,,,,,,,,,,,,,,,,not_corrected
vertical,annotator_csv,vertical_20250119,73b,73b,73b_00029,vertical_20250119__73b__73b_00029,15,,vertical,,20250119,17:00:00,73b_00029_waggle_annotations.csv,C:/Users/frida/Documents/PhD/Waggle_dance/wd_SA2025/wd_annotator/mp4/20250119\00029.mp4,"(-0.7355451051590868, 0.6774757547517904)",-0.735545105159087,0.67747575475179,227.353296866108,518,269,"(518.0, 269.0)",787,1,raw_vertical_uncalibrated,,,,,,,,,,,,,,,,,,,,,,not_corrected
vertical,annotator_csv,vertical_20250119,73b,73b,73b_00029,vertical_20250119__73b__73b_00029,16,,vertical,,20250119,17:00:00,73b_00029_waggle_annotations.csv,C:/Users/frida/Documents/PhD/Waggle_dance/wd_SA2025/wd_annotator/mp4/20250119\00029.mp4,"(-0.6476484200955405, 0.7619393177594593)",-0.647648420095541,0.761939317759459,220.364536573097,535,305,"(535.0, 305.0)",837,1,raw_vertical_uncalibrated,,,,,,,,,,,,,,,,,,,,,,not_corrected
vertical,annotator_csv,vertical_20250119,73b,73b,73b_00029,vertical_20250119__73b__73b_00029,17,,vertical,,20250119,17:00:00,73b_00029_waggle_annotations.csv,C:/Users/frida/Documents/PhD/Waggle_dance/wd_SA2025/wd_annotator/mp4/20250119\00029.mp4,"(-0.8, 0.6)",-0.8,0.6,233.130102354156,593,273,"(593.0, 273.0)",898,1,raw_vertical_uncalibrated,,,,,,,,,,,,,,,,,,,,,,not_corrected
vertical,annotator_csv,vertical_20250119,73b,73b,73b_00029,vertical_20250119__73b__73b_00029,18,,vertical,,20250119,17:00:00,73b_00029_waggle_annotations.csv,C:/Users/frida/Documents/PhD/Waggle_dance/wd_SA2025/wd_annotator/mp4/20250119\00029.mp4,"(-0.40613846605344767, 0.9138115486202573)",-0.406138466053448,0.913811548620257,203.962488974578,613,279,"(613.0, 279.0)",943,1,raw_vertical_uncalibrated,,,,,,,,,,,,,,,,,,,,,,not_corrected
vertical,annotator_csv,vertical_20250119,73b,73b,73b_00029,vertical_20250119__73b__73b_00029,19,,vertical,,20250119,17:00:00,73b_00029_waggle_annotations.csv,C:/Users/frida/Documents/PhD/Waggle_dance/wd_SA2025/wd_annotator/mp4/20250119\00029.mp4,"(-0.7399400733959437, 0.6726727939963125)",-0.739940073395944,0.672672793996313,227.726310993906,635,266,"(635.0, 266.0)",1002,1,raw_vertical_uncalibrated,,,,,,,,,,,,,,,,,,,,,,not_corrected
vertical,annotator_csv,vertical_20250119,73b,73b,73b_00035,vertical_20250119__73b__73b_00035,1,,vertical,,20250119,17:24:00,73b_00035_waggle_annotations.csv,C:/Users/frida/Documents/PhD/Waggle_dance/wd_SA2025/wd_annotator/mp4/20250119\00035.mp4,"(-0.9847598893325753, -0.17391940766255506)",-0.984759889332575,-0.173919407662555,280.01578045211,1644,224,"(1644.0, 224.0)",10,1,raw_vertical_uncalibrated,,,,,,,,,,,,,,,,,,,,,,not_corrected
vertical,annotator_csv,vertical_20250119,73b,73b,73b_00035,vertical_20250119__73b__73b_00035,2,,vertical,,20250119,17:24:00,73b_00035_waggle_annotations.csv,C:/Users/frida/Documents/PhD/Waggle_dance/wd_SA2025/wd_annotator/mp4/20250119\00035.mp4,"(-0.49847112425808277, 0.8669063030575352)",-0.498471124258083,0.866906303057535,209.898901838615,795,841,"(795.0, 841.0)",754,1,raw_vertical_uncalibrated,,,,,,,,,,,,,,,,,,,,,,not_corrected
vertical,annotator_csv,vertical_20250119,73b,73b,73b_00035,vertical_20250119__73b__73b_00035,3,,vertical,,20250119,17:24:00,73b_00035_waggle_annotations.csv,C:/Users/frida/Documents/PhD/Waggle_dance/wd_SA2025/wd_annotator/mp4/20250119\00035.mp4,"(-0.4392101320049426, 0.8983843609192008)",-0.439210132004943,0.898384360919201,206.053495310491,723,933,"(723.0, 933.0)",832,1,raw_vertical_uncalibrated,,,,,,,,,,,,,,,,,,,,,,not_corrected
vertical,annotator_csv,vertical_20250119,73b,73b,73b_00035,vertical_20250119__73b__73b_00035,4,,vertical,,20250119,17:24:00,73b_00035_waggle_annotations.csv,C:/Users/frida/Documents/PhD/Waggle_dance/wd_SA2025/wd_annotator/mp4/20250119\00035.mp4,"(-0.8320502943378436, 0.554700196225229)",-0.832050294337844,0.554700196225229,236.30993247402,705,912,"(705.0, 912.0)",878,1,raw_vertical_uncalibrated,,,,,,,,,,,,,,,,,,,,,,not_corrected
vertical,annotator_csv,vertical_20250119,73b,73b,73b_00035,vertical_20250119__73b__73b_00035,5,,vertical,,20250119,17:24:00,73b_00035_waggle_annotations.csv,C:/Users/frida/Documents/PhD/Waggle_dance/wd_SA2025/wd_annotator/mp4/20250119\00035.mp4,"(-0.5144957554275266, 0.8574929257125442)",-0.514495755427527,0.857492925712544,210.963756532074,656,912,"(656.0, 912.0)",930,1,raw_vertical_uncalibrated,,,,,,,,,,,,,,,,,,,,,,not_corrected
vertical,annotator_csv,vertical_20250119,73b,73b,73b_00035,vertical_20250119__73b__73b_00035,6,,vertical,,20250119,17:24:00,73b_00035_waggle_annotations.csv,C:/Users/frida/Documents/PhD/Waggle_dance/wd_SA2025/wd_annotator/mp4/20250119\00035.mp4,"(-0.8574929257125442, 0.5144957554275266)",-0.857492925712544,0.514495755427527,239.036243467926,667,898,"(667.0, 898.0)",989,1,raw_vertical_uncalibrated,,,,,,,,,,,,,,,,,,,,,,not_corrected
vertical,annotator_csv,vertical_20250119,73b,73b,73b_00035,vertical_20250119__73b__73b_00035,7,,vertical,,20250119,17:24:00,73b_00035_waggle_annotations.csv,C:/Users/frida/Documents/PhD/Waggle_dance/wd_SA2025/wd_annotator/mp4/20250119\00035.mp4,"(-0.5189781342417641, 0.854787515221729)",-0.518978134241764,0.854787515221729,211.263731694377,697,924,"(697.0, 924.0)",1039,1,raw_vertical_uncalibrated,,,,,,,,,,,,,,,,,,,,,,not_corrected
vertical,annotator_csv,vertical_20250119,73b,73b,73b_00035,vertical_20250119__73b__73b_00035,8,,vertical,,20250119,17:24:00,73b_00035_waggle_annotations.csv,C:/Users/frida/Documents/PhD/Waggle_dance/wd_SA2025/wd_annotator/mp4/20250119\00035.mp4,"(-0.9042486467459909, 0.4270063054078291)",-0.904248646745991,0.427006305407829,244.722277764447,676,902,"(676.0, 902.0)",1090,1,raw_vertical_uncalibrated,,,,,,,,,,,,,,,,,,,,,,not_corrected
vertical,annotator_csv,vertical_20250119,73b,73b,73b_00035,vertical_20250119__73b__73b_00035,9,,vertical,,20250119,17:24:00,73b_00035_waggle_annotations.csv,C:/Users/frida/Documents/PhD/Waggle_dance/wd_SA2025/wd_annotator/mp4/20250119\00035.mp4,"(-0.4800114153893734, 0.87726224191851)",-0.480011415389373,0.87726224191851,208.686147573739,754,888,"(754.0, 888.0)",1148,1,raw_vertical_uncalibrated,,,,,,,,,,,,,,,,,,,,,,not_corrected
vertical,annotator_csv,vertical_20250119,73b,73b,73b_00035,vertical_20250119__73b__73b_00035,10,,vertical,,20250119,17:24:00,73b_00035_waggle_annotations.csv,C:/Users/frida/Documents/PhD/Waggle_dance/wd_SA2025/wd_annotator/mp4/20250119\00035.mp4,"(-0.8906052649078087, 0.4547771565486683)",-0.890605264907809,0.454777156548668,242.949402992914,751,852,"(751.0, 852.0)",1206,1,raw_vertical_uncalibrated,,,,,,,,,,,,,,,,,,,,,,not_corrected
vertical,annotator_csv,vertical_20250119,73b,73b,73b_00035,vertical_20250119__73b__73b_00035,11,,vertical,,20250119,17:24:00,73b_00035_waggle_annotations.csv,C:/Users/frida/Documents/PhD/Waggle_dance/wd_SA2025/wd_annotator/mp4/20250119\00035.mp4,"(-0.25242189714700275, 0.9676172723968438)",-0.252421897147003,0.967617272396844,194.620873988632,779,842,"(779.0, 842.0)",1250,1,raw_vertical_uncalibrated,,,,,,,,,,,,,,,,,,,,,,not_corrected
vertical,annotator_csv,vertical_20250119,73b,73b,73b_00035,vertical_20250119__73b__73b_00035,12,,vertical,,20250119,17:24:00,73b_00035_waggle_annotations.csv,C:/Users/frida/Documents/PhD/Waggle_dance/wd_SA2025/wd_annotator/mp4/20250119\00035.mp4,"(-0.854787515221729, 0.5189781342417641)",-0.854787515221729,0.518978134241764,238.736268305623,804,845,"(804.0, 845.0)",1294,1,raw_vertical_uncalibrated,,,,,,,,,,,,,,,,,,,,,,not_corrected
vertical,annotator_csv,vertical_20250119,73b,73b,73b_00035,vertical_20250119__73b__73b_00035,13,,vertical,,20250119,17:24:00,73b_00035_waggle_annotations.csv,C:/Users/frida/Documents/PhD/Waggle_dance/wd_SA2025/wd_annotator/mp4/20250119\00035.mp4,"(-0.2553911228370322, 0.9668378221687647)",-0.255391122837032,0.966837822168765,194.796762245057,771,850,"(771.0, 850.0)",1358,1,raw_vertical_uncalibrated,,,,,,,,,,,,,,,,,,,,,,not_corrected
vertical,annotator_csv,vertical_20250119,73b,73b,73b_00035,vertical_20250119__73b__73b_00035,14,,vertical,,20250119,17:24:00,73b_00035_waggle_annotations.csv,C:/Users/frida/Documents/PhD/Waggle_dance/wd_SA2025/wd_annotator/mp4/20250119\00035.mp4,"(-0.7071067811865475, 0.7071067811865475)",-0.707106781186548,0.707106781186548,225,772,866,"(772.0, 866.0)",1408,1,raw_vertical_uncalibrated,,,,,,,,,,,,,,,,,,,,,,not_corrected
vertical,annotator_csv,vertical_20250119,73b,73b,73b_00035,vertical_20250119__73b__73b_00035,15,,vertical,,20250119,17:24:00,73b_00035_waggle_annotations.csv,C:/Users/frida/Documents/PhD/Waggle_dance/wd_SA2025/wd_annotator/mp4/20250119\00035.mp4,"(-0.38461538461538464, 0.9230769230769231)",-0.384615384615385,0.923076923076923,202.61986494804,753,857,"(753.0, 857.0)",1458,1,raw_vertical_uncalibrated,,,,,,,,,,,,,,,,,,,,,,not_corrected
vertical,annotator_csv,vertical_20250119,73b,73b,73b_00035,vertical_20250119__73b__73b_00035,16,,vertical,,20250119,17:24:00,73b_00035_waggle_annotations.csv,C:/Users/frida/Documents/PhD/Waggle_dance/wd_SA2025/wd_annotator/mp4/20250119\00035.mp4,"(-0.5861197865287227, 0.8102244107897049)",-0.586119786528723,0.810224410789705,215.882137246204,715,876,"(715.0, 876.0)",1533,1,raw_vertical_uncalibrated,,,,,,,,,,,,,,,,,,,,,,not_corrected
vertical,annotator_csv,vertical_20250119,84b,84b,84b_00041,vertical_20250119__84b__84b_00041,1,,vertical,,20250119,17:37:00,84b_00041_waggle_annotations.csv,C:/Users/frida/Documents/PhD/Waggle_dance/wd_SA2025/wd_annotator/mp4/20250119\00041.mp4,"(-0.5038710255240862, 0.8637789008984335)",-0.503871025524086,0.863778900898434,210.256437163529,364,930,"(364.0, 930.0)",831,1,raw_vertical_uncalibrated,,,,,,,,,,,,,,,,,,,,,,not_corrected
vertical,annotator_csv,vertical_20250119,84b,84b,84b_00041,vertical_20250119__84b__84b_00041,2,,vertical,,20250119,17:37:00,84b_00041_waggle_annotations.csv,C:/Users/frida/Documents/PhD/Waggle_dance/wd_SA2025/wd_annotator/mp4/20250119\00041.mp4,"(-0.1900219065658609, 0.9817798505902814)",-0.190021906565861,0.981779850590281,190.954062643398,349,924,"(349.0, 924.0)",895,1,raw_vertical_uncalibrated,,,,,,,,,,,,,,,,,,,,,,not_corrected
vertical,annotator_csv,vertical_20250119,84b,84b,84b_00041,vertical_20250119__84b__84b_00041,3,,vertical,,20250119,17:37:00,84b_00041_waggle_annotations.csv,C:/Users/frida/Documents/PhD/Waggle_dance/wd_SA2025/wd_annotator/mp4/20250119\00041.mp4,"(-0.7525766947068778, 0.6585046078685182)",-0.752576694706878,0.658504607868518,228.81407483429,361,910,"(361.0, 910.0)",960,1,raw_vertical_uncalibrated,,,,,,,,,,,,,,,,,,,,,,not_corrected
vertical,annotator_csv,vertical_20250119,84b,84b,84b_00041,vertical_20250119__84b__84b_00041,4,,vertical,,20250119,17:37:00,84b_00041_waggle_annotations.csv,C:/Users/frida/Documents/PhD/Waggle_dance/wd_SA2025/wd_annotator/mp4/20250119\00041.mp4,"(-0.5144957554275265, 0.8574929257125441)",-0.514495755427527,0.857492925712544,210.963756532074,362,920,"(362.0, 920.0)",1018,1,raw_vertical_uncalibrated,,,,,,,,,,,,,,,,,,,,,,not_corrected
vertical,annotator_csv,vertical_20250119,84b,84b,84b_00041,vertical_20250119__84b__84b_00041,5,,vertical,,20250119,17:37:00,84b_00041_waggle_annotations.csv,C:/Users/frida/Documents/PhD/Waggle_dance/wd_SA2025/wd_annotator/mp4/20250119\00041.mp4,"(-0.6904757466825006, 0.7233555441435721)",-0.690475746682501,0.723355544143572,223.66778014613,351,899,"(351.0, 899.0)",1079,1,raw_vertical_uncalibrated,,,,,,,,,,,,,,,,,,,,,,not_corrected
vertical,annotator_csv,vertical_20250119,84b,84b,84b_00041,vertical_20250119__84b__84b_00041,6,,vertical,,20250119,17:37:00,84b_00041_waggle_annotations.csv,C:/Users/frida/Documents/PhD/Waggle_dance/wd_SA2025/wd_annotator/mp4/20250119\00041.mp4,"(-0.2202608714346434, 0.9754410020677065)",-0.220260871434643,0.975441002067707,192.724355685422,335,927,"(335.0, 927.0)",1140,1,raw_vertical_uncalibrated,,,,,,,,,,,,,,,,,,,,,,not_corrected
vertical,annotator_csv,vertical_20250119,84b,84b,84b_00044,vertical_20250119__84b__84b_00044,1,,vertical,,20250119,17:42:00,84b_00044_waggle_annotations.csv,C:/Users/frida/Documents/PhD/Waggle_dance/wd_SA2025/wd_annotator/mp4/20250119\00044.mp4,"(-0.8050558373533679, 0.5931990380498501)",-0.805055837353368,0.59319903804985,233.615648184164,723,835,"(723.0, 835.0)",652,1,raw_vertical_uncalibrated,,,,,,,,,,,,,,,,,,,,,,not_corrected
vertical,annotator_csv,vertical_20250119,84b,84b,84b_00044,vertical_20250119__84b__84b_00044,2,,vertical,,20250119,17:42:00,84b_00044_waggle_annotations.csv,C:/Users/frida/Documents/PhD/Waggle_dance/wd_SA2025/wd_annotator/mp4/20250119\00044.mp4,"(0.18711210788999516, 0.9823385664224746)",0.187112107889995,0.982338566422475,169.215702132437,707,839,"(707.0, 839.0)",697,1,raw_vertical_uncalibrated,,,,,,,,,,,,,,,,,,,,,,not_corrected
vertical,annotator_csv,vertical_20250119,84b,84b,84b_00044,vertical_20250119__84b__84b_00044,3,,vertical,,20250119,17:42:00,84b_00044_waggle_annotations.csv,C:/Users/frida/Documents/PhD/Waggle_dance/wd_SA2025/wd_annotator/mp4/20250119\00044.mp4,"(-0.6385724695973152, 0.7695616941300978)",-0.638572469597315,0.769561694130098,219.685454330055,697,838,"(697.0, 838.0)",738,1,raw_vertical_uncalibrated,,,,,,,,,,,,,,,,,,,,,,not_corrected
vertical,annotator_csv,vertical_20250119,84b,84b,84b_00044,vertical_20250119__84b__84b_00044,4,,vertical,,20250119,17:42:00,84b_00044_waggle_annotations.csv,C:/Users/frida/Documents/PhD/Waggle_dance/wd_SA2025/wd_annotator/mp4/20250119\00044.mp4,"(-0.3328201177351375, 0.9429903335828895)",-0.332820117735138,0.94299033358289,199.440034828176,742,837,"(742.0, 837.0)",774,1,raw_vertical_uncalibrated,,,,,,,,,,,,,,,,,,,,,,not_corrected
vertical,annotator_csv,vertical_20250119,84b,84b,84b_00044,vertical_20250119__84b__84b_00044,5,,vertical,,20250119,17:42:00,84b_00044_waggle_annotations.csv,C:/Users/frida/Documents/PhD/Waggle_dance/wd_SA2025/wd_annotator/mp4/20250119\00044.mp4,"(-0.5849209123409884, 0.811090331779504)",-0.584920912340988,0.811090331779504,215.797403027978,739,658,"(739.0, 658.0)",828,1,raw_vertical_uncalibrated,,,,,,,,,,,,,,,,,,,,,,not_corrected
vertical,annotator_csv,vertical_20250119,85b,85b,85b_00039,vertical_20250119__85b__85b_00039,1,,vertical,,20250119,17:30:00,85b_00039_waggle_annotations.csv,C:/Users/frida/Documents/PhD/Waggle_dance/wd_SA2025/wd_annotator/mp4/20250119\00039.mp4,"(-0.7169949188144307, 0.6970783932918077)",-0.716994918814431,0.697078393291808,225.806929455102,454,866,"(454.0, 866.0)",1617,1,raw_vertical_uncalibrated,,,,,,,,,,,,,,,,,,,,,,not_corrected
vertical,annotator_csv,vertical_20250119,85b,85b,85b_00039,vertical_20250119__85b__85b_00039,2,,vertical,,20250119,17:30:00,85b_00039_waggle_annotations.csv,C:/Users/frida/Documents/PhD/Waggle_dance/wd_SA2025/wd_annotator/mp4/20250119\00039.mp4,"(0.19086965910222414, 0.9816153896685813)",0.190869659102224,0.981615389668581,168.996459148251,503,825,"(503.0, 825.0)",1671,1,raw_vertical_uncalibrated,,,,,,,,,,,,,,,,,,,,,,not_corrected
vertical,annotator_csv,vertical_20250119,85b,85b,85b_00039,vertical_20250119__85b__85b_00039,3,,vertical,,20250119,17:30:00,85b_00039_waggle_annotations.csv,C:/Users/frida/Documents/PhD/Waggle_dance/wd_SA2025/wd_annotator/mp4/20250119\00039.mp4,"(-0.4008188340197078, 0.9161573349021892)",-0.400818834019708,0.916157334902189,203.629377730657,492,766,"(492.0, 766.0)",1729,1,raw_vertical_uncalibrated,,,,,,,,,,,,,,,,,,,,,,not_corrected
vertical,annotator_csv,vertical_20250119,85b,85b,85b_00039,vertical_20250119__85b__85b_00039,4,,vertical,,20250119,17:30:00,85b_00039_waggle_annotations.csv,C:/Users/frida/Documents/PhD/Waggle_dance/wd_SA2025/wd_annotator/mp4/20250119\00039.mp4,"(0.025308346645483232, 0.9996796924965877)",0.0253083466454832,0.999679692496588,178.549783709067,544,768,"(544.0, 768.0)",1784,1,raw_vertical_uncalibrated,,,,,,,,,,,,,,,,,,,,,,not_corrected
vertical,annotator_csv,vertical_20250119,85b,85b,85b_00039,vertical_20250119__85b__85b_00039,5,,vertical,,20250119,17:30:00,85b_00039_waggle_annotations.csv,C:/Users/frida/Documents/PhD/Waggle_dance/wd_SA2025/wd_annotator/mp4/20250119\00039.mp4,"(-0.8795434461109204, 0.4758185856009897)",-0.87954344611092,0.47581858560099,241.587338556927,520,730,"(520.0, 730.0)",1842,1,raw_vertical_uncalibrated,,,,,,,,,,,,,,,,,,,,,,not_corrected
vertical,annotator_csv,vertical_20250119,85b,85b,85b_00039,vertical_20250119__85b__85b_00039,6,,vertical,,20250119,17:30:00,85b_00039_waggle_annotations.csv,C:/Users/frida/Documents/PhD/Waggle_dance/wd_SA2025/wd_annotator/mp4/20250119\00039.mp4,"(-0.1871121078899952, 0.9823385664224747)",-0.187112107889995,0.982338566422475,190.784297867563,551,705,"(551.0, 705.0)",1886,1,raw_vertical_uncalibrated,,,,,,,,,,,,,,,,,,,,,,not_corrected
vertical,annotator_csv,vertical_20250119,85b,85b,85b_00039,vertical_20250119__85b__85b_00039,7,,vertical,,20250119,17:30:00,85b_00039_waggle_annotations.csv,C:/Users/frida/Documents/PhD/Waggle_dance/wd_SA2025/wd_annotator/mp4/20250119\00039.mp4,"(-0.8240419241993676, 0.5665288228870652)",-0.824041924199368,0.566528822887065,235.491477012332,536,647,"(536.0, 647.0)",1937,1,raw_vertical_uncalibrated,,,,,,,,,,,,,,,,,,,,,,not_corrected
vertical,annotator_csv,vertical_20250119,85b,85b,85b_00039,vertical_20250119__85b__85b_00039,8,,vertical,,20250119,17:30:00,85b_00039_waggle_annotations.csv,C:/Users/frida/Documents/PhD/Waggle_dance/wd_SA2025/wd_annotator/mp4/20250119\00039.mp4,"(0.2216211035889681, 0.9751328557914597)",0.221621103588968,0.97513285579146,167.195733934713,575,642,"(575.0, 642.0)",1987,1,raw_vertical_uncalibrated,,,,,,,,,,,,,,,,,,,,,,not_corrected
vertical,annotator_csv,vertical_20250119,85b,85b,85b_00039,vertical_20250119__85b__85b_00039,9,,vertical,,20250119,17:30:00,85b_00039_waggle_annotations.csv,C:/Users/frida/Documents/PhD/Waggle_dance/wd_SA2025/wd_annotator/mp4/20250119\00039.mp4,"(-0.8459256025956524, 0.53330092337552)",-0.845925602595652,0.53330092337552,237.771242564901,536,621,"(536.0, 621.0)",2037,1,raw_vertical_uncalibrated,,,,,,,,,,,,,,,,,,,,,,not_corrected
vertical,annotator_csv,vertical_20250119,85b,85b,85b_00039,vertical_20250119__85b__85b_00039,10,,vertical,,20250119,17:30:00,85b_00039_waggle_annotations.csv,C:/Users/frida/Documents/PhD/Waggle_dance/wd_SA2025/wd_annotator/mp4/20250119\00039.mp4,"(-0.112190436607907, 0.993686724241462)",-0.112190436607907,0.993686724241462,186.441600099335,574,609,"(574.0, 609.0)",2087,1,raw_vertical_uncalibrated,,,,,,,,,,,,,,,,,,,,,,not_corrected
vertical,annotator_csv,vertical_20250119,85b,85b,85b_00039,vertical_20250119__85b__85b_00039,11,,vertical,,20250119,17:30:00,85b_00039_waggle_annotations.csv,C:/Users/frida/Documents/PhD/Waggle_dance/wd_SA2025/wd_annotator/mp4/20250119\00039.mp4,"(-0.7808688094430304, 0.6246950475544243)",-0.78086880944303,0.624695047554424,231.34019174591,567,595,"(567.0, 595.0)",2151,1,raw_vertical_uncalibrated,,,,,,,,,,,,,,,,,,,,,,not_corrected
vertical,annotator_csv,vertical_20250119,85b,85b,85b_00039,vertical_20250119__85b__85b_00039,12,,vertical,,20250119,17:30:00,85b_00039_waggle_annotations.csv,C:/Users/frida/Documents/PhD/Waggle_dance/wd_SA2025/wd_annotator/mp4/20250119\00039.mp4,"(0.0, 1.0)",0,1,180,540,607,"(540.0, 607.0)",2201,1,raw_vertical_uncalibrated,,,,,,,,,,,,,,,,,,,,,,not_corrected
vertical,annotator_csv,vertical_20250119,85b,85b,85b_00039,vertical_20250119__85b__85b_00039,13,,vertical,,20250119,17:30:00,85b_00039_waggle_annotations.csv,C:/Users/frida/Documents/PhD/Waggle_dance/wd_SA2025/wd_annotator/mp4/20250119\00039.mp4,"(-0.9021342216356465, 0.43145549730400484)",-0.902134221635647,0.431455497304005,244.440034828176,535,597,"(535.0, 597.0)",2255,1,raw_vertical_uncalibrated,,,,,,,,,,,,,,,,,,,,,,not_corrected
vertical,annotator_csv,vertical_20250119,85b,85b,85b_00039,vertical_20250119__85b__85b_00039,14,,vertical,,20250119,17:30:00,85b_00039_waggle_annotations.csv,C:/Users/frida/Documents/PhD/Waggle_dance/wd_SA2025/wd_annotator/mp4/20250119\00039.mp4,"(-0.4016614950850655, 0.9157882087939493)",-0.401661495085066,0.915788208793949,203.682087724538,541,606,"(541.0, 606.0)",2309,1,raw_vertical_uncalibrated,,,,,,,,,,,,,,,,,,,,,,not_corrected
vertical,annotator_csv,vertical_20250119,85b,85b,85b_00039,vertical_20250119__85b__85b_00039,15,,vertical,,20250119,17:30:00,85b_00039_waggle_annotations.csv,C:/Users/frida/Documents/PhD/Waggle_dance/wd_SA2025/wd_annotator/mp4/20250119\00039.mp4,"(-0.6084315436571356, 0.793606361291916)",-0.608431543657136,0.793606361291916,217.476179561361,518,584,"(518.0, 584.0)",2362,1,raw_vertical_uncalibrated,,,,,,,,,,,,,,,,,,,,,,not_corrected
vertical,annotator_csv,vertical_20250119,85b,85b,85b_00039,vertical_20250119__85b__85b_00039,16,,vertical,,20250119,17:30:00,85b_00039_waggle_annotations.csv,C:/Users/frida/Documents/PhD/Waggle_dance/wd_SA2025/wd_annotator/mp4/20250119\00039.mp4,"(-0.21871145691738075, 0.9757895770160064)",-0.218711456917381,0.975789577016006,192.633361935275,600,590,"(600.0, 590.0)",2410,1,raw_vertical_uncalibrated,,,,,,,,,,,,,,,,,,,,,,not_corrected
vertical,annotator_csv,vertical_20250119,85b,85b,85b_00039,vertical_20250119__85b__85b_00039,17,,vertical,,20250119,17:30:00,85b_00039_waggle_annotations.csv,C:/Users/frida/Documents/PhD/Waggle_dance/wd_SA2025/wd_annotator/mp4/20250119\00039.mp4,"(-0.6919053632356149, 0.7219882051154242)",-0.691905363235615,0.721988205115424,223.781124764869,635,555,"(635.0, 555.0)",2464,1,raw_vertical_uncalibrated,,,,,,,,,,,,,,,,,,,,,,not_corrected
vertical,annotator_csv,vertical_20250119,85b,85b,85b_00039,vertical_20250119__85b__85b_00039,18,,vertical,,20250119,17:30:00,85b_00039_waggle_annotations.csv,C:/Users/frida/Documents/PhD/Waggle_dance/wd_SA2025/wd_annotator/mp4/20250119\00039.mp4,"(-0.08403900314829149, 0.9964624659011705)",-0.0840390031482915,0.996462465901171,184.820766078093,653,586,"(653.0, 586.0)",2517,1,raw_vertical_uncalibrated,,,,,,,,,,,,,,,,,,,,,,not_corrected
vertical,annotator_csv,vertical_20250119,85b,85b,85b_00039,vertical_20250119__85b__85b_00039,19,,vertical,,20250119,17:30:00,85b_00039_waggle_annotations.csv,C:/Users/frida/Documents/PhD/Waggle_dance/wd_SA2025/wd_annotator/mp4/20250119\00039.mp4,"(-0.8574929257125442, 0.5144957554275266)",-0.857492925712544,0.514495755427527,239.036243467926,653,564,"(653.0, 564.0)",2574,1,raw_vertical_uncalibrated,,,,,,,,,,,,,,,,,,,,,,not_corrected
vertical,annotator_csv,vertical_20250119,85b,85b,85b_00039,vertical_20250119__85b__85b_00039,20,,vertical,,20250119,17:30:00,85b_00039_waggle_annotations.csv,C:/Users/frida/Documents/PhD/Waggle_dance/wd_SA2025/wd_annotator/mp4/20250119\00039.mp4,"(-0.43986744881006345, 0.8980627079872129)",-0.439867448810063,0.898062707987213,206.095424157388,642,581,"(642.0, 581.0)",2637,1,raw_vertical_uncalibrated,,,,,,,,,,,,,,,,,,,,,,not_corrected
vertical,annotator_csv,vertical_20250119,9b,9b,9b_00041,vertical_20250119__9b__9b_00041,1,,vertical,,20250119,17:37:00,9b_00041_waggle_annotations.csv,C:/Users/frida/Documents/PhD/Waggle_dance/wd_SA2025/wd_annotator/mp4/20250119\00041.mp4,"(-0.666330983530245, 0.7456561006171789)",-0.666330983530245,0.745656100617179,221.784516008252,774,910,"(774.0, 910.0)",199,1,raw_vertical_uncalibrated,,,,,,,,,,,,,,,,,,,,,,not_corrected
vertical,annotator_csv,vertical_20250119,9b,9b,9b_00041,vertical_20250119__9b__9b_00041,2,,vertical,,20250119,17:37:00,9b_00041_waggle_annotations.csv,C:/Users/frida/Documents/PhD/Waggle_dance/wd_SA2025/wd_annotator/mp4/20250119\00041.mp4,"(-0.05078185267991494, 0.9987097693716604)",-0.0507818526799149,0.99870976937166,182.910837826168,705,874,"(705.0, 874.0)",724,1,raw_vertical_uncalibrated,,,,,,,,,,,,,,,,,,,,,,not_corrected
vertical,annotator_csv,vertical_20250119,9b,9b,9b_00041,vertical_20250119__9b__9b_00041,3,,vertical,,20250119,17:37:00,9b_00041_waggle_annotations.csv,C:/Users/frida/Documents/PhD/Waggle_dance/wd_SA2025/wd_annotator/mp4/20250119\00041.mp4,"(0.036339618107142986, 0.9993394979464321)",0.036339618107143,0.999339497946432,177.917434720269,742,829,"(742.0, 829.0)",771,1,raw_vertical_uncalibrated,,,,,,,,,,,,,,,,,,,,,,not_corrected
vertical,annotator_csv,vertical_20250119,9b,9b,9b_00041,vertical_20250119__9b__9b_00041,4,,vertical,,20250119,17:37:00,9b_00041_waggle_annotations.csv,C:/Users/frida/Documents/PhD/Waggle_dance/wd_SA2025/wd_annotator/mp4/20250119\00041.mp4,"(-0.6108034542918213, 0.7917822555634719)",-0.610803454291821,0.791782255563472,217.647620640108,646,786,"(646.0, 786.0)",830,1,raw_vertical_uncalibrated,,,,,,,,,,,,,,,,,,,,,,not_corrected
vertical,annotator_csv,vertical_20250119,9b,9b,9b_00041,vertical_20250119__9b__9b_00041,5,,vertical,,20250119,17:37:00,9b_00041_waggle_annotations.csv,C:/Users/frida/Documents/PhD/Waggle_dance/wd_SA2025/wd_annotator/mp4/20250119\00041.mp4,"(-0.38274032777977623, 0.9238559636063565)",-0.382740327779776,0.923855963606357,202.503528499767,593,832,"(593.0, 832.0)",882,1,raw_vertical_uncalibrated,,,,,,,,,,,,,,,,,,,,,,not_corrected
vertical,annotator_csv,vertical_20250119,9b,9b,9b_00041,vertical_20250119__9b__9b_00041,6,,vertical,,20250119,17:37:00,9b_00041_waggle_annotations.csv,C:/Users/frida/Documents/PhD/Waggle_dance/wd_SA2025/wd_annotator/mp4/20250119\00041.mp4,"(-0.6343166116780228, 0.7730733704825903)",-0.634316611678023,0.77307337048259,219.369317242365,673,855,"(673.0, 855.0)",926,1,raw_vertical_uncalibrated,,,,,,,,,,,,,,,,,,,,,,not_corrected
vertical,annotator_csv,vertical_20250119,9b,9b,9b_00041,vertical_20250119__9b__9b_00041,7,,vertical,,20250119,17:37:00,9b_00041_waggle_annotations.csv,C:/Users/frida/Documents/PhD/Waggle_dance/wd_SA2025/wd_annotator/mp4/20250119\00041.mp4,"(-0.6788553084056129, 0.7342720682754589)",-0.678855308405613,0.734272068275459,222.754257434105,563,782,"(563.0, 782.0)",994,1,raw_vertical_uncalibrated,,,,,,,,,,,,,,,,,,,,,,not_corrected
vertical,annotator_csv,vertical_20250119,9b,9b,9b_00041,vertical_20250119__9b__9b_00041,8,,vertical,,20250119,17:37:00,9b_00041_waggle_annotations.csv,C:/Users/frida/Documents/PhD/Waggle_dance/wd_SA2025/wd_annotator/mp4/20250119\00041.mp4,"(-0.558376368589991, 0.8295877476194151)",-0.558376368589991,0.829587747619415,213.943587019752,672,829,"(672.0, 829.0)",1053,1,raw_vertical_uncalibrated,,,,,,,,,,,,,,,,,,,,,,not_corrected
vertical,annotator_csv,vertical_20250119,9b,9b,9b_00041,vertical_20250119__9b__9b_00041,9,,vertical,,20250119,17:37:00,9b_00041_waggle_annotations.csv,C:/Users/frida/Documents/PhD/Waggle_dance/wd_SA2025/wd_annotator/mp4/20250119\00041.mp4,"(-0.3285206249412727, 0.944496796706159)",-0.328520624941273,0.944496796706159,199.179008025811,626,774,"(626.0, 774.0)",1096,1,raw_vertical_uncalibrated,,,,,,,,,,,,,,,,,,,,,,not_corrected
vertical,annotator_csv,vertical_20250119,9b,9b,9b_00041,vertical_20250119__9b__9b_00041,10,,vertical,,20250119,17:37:00,9b_00041_waggle_annotations.csv,C:/Users/frida/Documents/PhD/Waggle_dance/wd_SA2025/wd_annotator/mp4/20250119\00041.mp4,"(-0.39391929857916763, 0.9191450300180578)",-0.393919298579168,0.919145030018058,203.198590513648,666,804,"(666.0, 804.0)",1143,1,raw_vertical_uncalibrated,,,,,,,,,,,,,,,,,,,,,,not_corrected
vertical,annotator_csv,vertical_20250119,9b,9b,9b_00041,vertical_20250119__9b__9b_00041,11,,vertical,,20250119,17:37:00,9b_00041_waggle_annotations.csv,C:/Users/frida/Documents/PhD/Waggle_dance/wd_SA2025/wd_annotator/mp4/20250119\00041.mp4,"(-0.7867381580854176, 0.6172868624977892)",-0.786738158085418,0.617286862497789,231.881723630637,656,776,"(656.0, 776.0)",1193,1,raw_vertical_uncalibrated,,,,,,,,,,,,,,,,,,,,,,not_corrected
vertical,annotator_csv,vertical_20250119,9b,9b,9b_00041,vertical_20250119__9b__9b_00041,12,,vertical,,20250119,17:37:00,9b_00041_waggle_annotations.csv,C:/Users/frida/Documents/PhD/Waggle_dance/wd_SA2025/wd_annotator/mp4/20250119\00041.mp4,"(-0.7286276689020073, 0.6849100087678868)",-0.728627668902007,0.684910008767887,226.771469740034,652,768,"(652.0, 768.0)",1240,1,raw_vertical_uncalibrated,,,,,,,,,,,,,,,,,,,,,,not_corrected
vertical,annotator_csv,vertical_20250119,9b,9b,9b_00041,vertical_20250119__9b__9b_00041,13,,vertical,,20250119,17:37:00,9b_00041_waggle_annotations.csv,C:/Users/frida/Documents/PhD/Waggle_dance/wd_SA2025/wd_annotator/mp4/20250119\00041.mp4,"(-0.3215824263578902, 0.9468815887204546)",-0.32158242635789,0.946881588720455,198.758650347842,645,774,"(645.0, 774.0)",1311,1,raw_vertical_uncalibrated,,,,,,,,,,,,,,,,,,,,,,not_corrected
vertical,annotator_csv,vertical_20250119,9b,9b,9b_00041,vertical_20250119__9b__9b_00041,14,,vertical,,20250119,17:37:00,9b_00041_waggle_annotations.csv,C:/Users/frida/Documents/PhD/Waggle_dance/wd_SA2025/wd_annotator/mp4/20250119\00041.mp4,"(-0.4696129729783403, 0.8828723891992798)",-0.46961297297834,0.88287238919928,208.009176708014,635,813,"(635.0, 813.0)",1366,1,raw_vertical_uncalibrated,,,,,,,,,,,,,,,,,,,,,,not_corrected
vertical,annotator_csv,vertical_20250119,9b,9b,9b_00041,vertical_20250119__9b__9b_00041,15,,vertical,,20250119,17:37:00,9b_00041_waggle_annotations.csv,C:/Users/frida/Documents/PhD/Waggle_dance/wd_SA2025/wd_annotator/mp4/20250119\00041.mp4,"(-0.5780173407803391, 0.8160244811016552)",-0.578017340780339,0.816024481101655,215.311213439633,584,797,"(584.0, 797.0)",1409,1,raw_vertical_uncalibrated,,,,,,,,,,,,,,,,,,,,,,not_corrected
vertical,annotator_csv,vertical_20250119,9b,9b,9b_00041,vertical_20250119__9b__9b_00041,16,,vertical,,20250119,17:37:00,9b_00041_waggle_annotations.csv,C:/Users/frida/Documents/PhD/Waggle_dance/wd_SA2025/wd_annotator/mp4/20250119\00041.mp4,"(-0.25163385176495073, 0.9678225067882721)",-0.251633851764951,0.967822506788272,194.574216198039,605,821,"(605.0, 821.0)",1455,1,raw_vertical_uncalibrated,,,,,,,,,,,,,,,,,,,,,,not_corrected
vertical,annotator_csv,vertical_20250119,9b,9b,9b_00041,vertical_20250119__9b__9b_00041,17,,vertical,,20250119,17:37:00,9b_00041_waggle_annotations.csv,C:/Users/frida/Documents/PhD/Waggle_dance/wd_SA2025/wd_annotator/mp4/20250119\00041.mp4,"(-0.773957299203321, 0.6332377902572627)",-0.773957299203321,0.633237790257263,230.7105931375,546,785,"(546.0, 785.0)",1506,1,raw_vertical_uncalibrated,,,,,,,,,,,,,,,,,,,,,,not_corrected
vertical,annotator_csv,vertical_20250120,22b,22b,22b_00011,vertical_20250120__22b__22b_00011,1,,vertical,,20250120,08:21:00,22b_00011_waggle_annotations.csv,/Users/fereshteh/Documents/Waggle dance/Ferehsteh/mp4/20250120/00011.mp4,"(-0.47058823529411764, -0.8823529411764706)",-0.470588235294118,-0.882352941176471,331.927513064147,768,594,"(768.0, 594.0)",49,1,raw_vertical_uncalibrated,,,,,,,,,,,,,,,,,,,,,,not_corrected
vertical,annotator_csv,vertical_20250120,22b,22b,22b_00011,vertical_20250120__22b__22b_00011,2,,vertical,,20250120,08:21:00,22b_00011_waggle_annotations.csv,/Users/fereshteh/Documents/Waggle dance/Ferehsteh/mp4/20250120/00011.mp4,"(-0.4472135954999579, -0.8944271909999159)",-0.447213595499958,-0.894427190999916,333.434948822922,773,577,"(773.0, 577.0)",105,1,raw_vertical_uncalibrated,,,,,,,,,,,,,,,,,,,,,,not_corrected
vertical,annotator_csv,vertical_20250120,22b,22b,22b_00011,vertical_20250120__22b__22b_00011,3,,vertical,,20250120,08:21:00,22b_00011_waggle_annotations.csv,/Users/fereshteh/Documents/Waggle dance/Ferehsteh/mp4/20250120/00011.mp4,"(-0.48564293117863205, -0.8741572761215377)",-0.485642931178632,-0.874157276121538,330.945395900923,731,556,"(731.0, 556.0)",150,1,raw_vertical_uncalibrated,,,,,,,,,,,,,,,,,,,,,,not_corrected
vertical,annotator_csv,vertical_20250120,22b,22b,22b_00011,vertical_20250120__22b__22b_00011,4,,vertical,,20250120,08:21:00,22b_00011_waggle_annotations.csv,/Users/fereshteh/Documents/Waggle dance/Ferehsteh/mp4/20250120/00011.mp4,"(-0.5240974256643347, -0.851658316704544)",-0.524097425664335,-0.851658316704544,328.392497753751,777,456,"(777.0, 456.0)",224,1,raw_vertical_uncalibrated,,,,,,,,,,,,,,,,,,,,,,not_corrected
vertical,annotator_csv,vertical_20250120,22b,22b,22b_00011,vertical_20250120__22b__22b_00011,5,,vertical,,20250120,08:21:00,22b_00011_waggle_annotations.csv,/Users/fereshteh/Documents/Waggle dance/Ferehsteh/mp4/20250120/00011.mp4,"(-0.4740998230350174, -0.8804710999221752)",-0.474099823035017,-0.880471099922175,331.699244233994,754,473,"(754.0, 473.0)",274,1,raw_vertical_uncalibrated,,,,,,,,,,,,,,,,,,,,,,not_corrected
vertical,annotator_csv,vertical_20250120,22b,22b,22b_00011,vertical_20250120__22b__22b_00011,6,,vertical,,20250120,08:21:00,22b_00011_waggle_annotations.csv,/Users/fereshteh/Documents/Waggle dance/Ferehsteh/mp4/20250120/00011.mp4,"(-0.4472135954999579, -0.8944271909999159)",-0.447213595499958,-0.894427190999916,333.434948822922,758,536,"(758.0, 536.0)",399,1,raw_vertical_uncalibrated,,,,,,,,,,,,,,,,,,,,,,not_corrected
vertical,annotator_csv,vertical_20250120,22b,22b,22b_00011,vertical_20250120__22b__22b_00011,7,,vertical,,20250120,08:21:00,22b_00011_waggle_annotations.csv,/Users/fereshteh/Documents/Waggle dance/Ferehsteh/mp4/20250120/00011.mp4,"(-0.3511234415883917, -0.9363291775690445)",-0.351123441588392,-0.936329177569045,339.443954780417,782,563,"(782.0, 563.0)",460,1,raw_vertical_uncalibrated,,,,,,,,,,,,,,,,,,,,,,not_corrected
vertical,annotator_csv,vertical_20250120,22b,22b,22b_00011,vertical_20250120__22b__22b_00011,8,,vertical,,20250120,08:21:00,22b_00011_waggle_annotations.csv,/Users/fereshteh/Documents/Waggle dance/Ferehsteh/mp4/20250120/00011.mp4,"(-0.3713906763541037, -0.9284766908852594)",-0.371390676354104,-0.928476690885259,338.198590513648,750,558,"(750.0, 558.0)",503,1,raw_vertical_uncalibrated,,,,,,,,,,,,,,,,,,,,,,not_corrected
vertical,annotator_csv,vertical_20250120,22b,22b,22b_00011,vertical_20250120__22b__22b_00011,9,,vertical,,20250120,08:21:00,22b_00011_waggle_annotations.csv,/Users/fereshteh/Documents/Waggle dance/Ferehsteh/mp4/20250120/00011.mp4,"(-0.52999894000318, -0.847998304005088)",-0.52999894000318,-0.847998304005088,327.994616791917,806,817,"(806.0, 817.0)",742,1,raw_vertical_uncalibrated,,,,,,,,,,,,,,,,,,,,,,not_corrected
vertical,annotator_csv,vertical_20250120,22b,22b,22b_00035,vertical_20250120__22b__22b_00035,1,,vertical,,20250120,12:17:00,22b_00035_waggle_annotations.csv,/Users/fereshteh/Documents/Waggle dance/Ferehsteh/mp4/20250120/00035.mp4,"(0.813733471206735, 0.5812381937190965)",0.813733471206735,0.581238193719097,125.537677791974,1810,416,"(1810.0, 416.0)",14,1,raw_vertical_uncalibrated,,,,,,,,,,,,,,,,,,,,,,not_corrected
vertical,annotator_csv,vertical_20250120,22b,22b,22b_00035,vertical_20250120__22b__22b_00035,2,,vertical,,20250120,12:17:00,22b_00035_waggle_annotations.csv,/Users/fereshteh/Documents/Waggle dance/Ferehsteh/mp4/20250120/00035.mp4,"(0.8682431421244593, 0.49613893835683387)",0.868243142124459,0.496138938356834,119.744881296942,1903,633,"(1903.0, 633.0)",156,1,raw_vertical_uncalibrated,,,,,,,,,,,,,,,,,,,,,,not_corrected
vertical,annotator_csv,vertical_20250120,22b,22b,22b_00035,vertical_20250120__22b__22b_00035,3,,vertical,,20250120,12:17:00,22b_00035_waggle_annotations.csv,/Users/fereshteh/Documents/Waggle dance/Ferehsteh/mp4/20250120/00035.mp4,"(1.0, 0.0)",1,0,90,1913,590,"(1913.0, 590.0)",265,1,raw_vertical_uncalibrated,,,,,,,,,,,,,,,,,,,,,,not_corrected
vertical,annotator_csv,vertical_20250120,22b,22b,22b_00035,vertical_20250120__22b__22b_00035,4,,vertical,,20250120,12:17:00,22b_00035_waggle_annotations.csv,/Users/fereshteh/Documents/Waggle dance/Ferehsteh/mp4/20250120/00035.mp4,"(0.8, 0.6)",0.8,0.6,126.869897645844,1904,619,"(1904.0, 619.0)",319,1,raw_vertical_uncalibrated,,,,,,,,,,,,,,,,,,,,,,not_corrected
vertical,annotator_csv,vertical_20250120,22b,22b,22b_00035,vertical_20250120__22b__22b_00035,5,,vertical,,20250120,12:17:00,22b_00035_waggle_annotations.csv,/Users/fereshteh/Documents/Waggle dance/Ferehsteh/mp4/20250120/00035.mp4,"(0.4257970363298796, 0.9048187022009941)",0.42579703632988,0.904818702200994,154.798876354525,1901,601,"(1901.0, 601.0)",402,1,raw_vertical_uncalibrated,,,,,,,,,,,,,,,,,,,,,,not_corrected
vertical,annotator_csv,vertical_20250120,22b,22b,22b_00037,vertical_20250120__22b__22b_00037,1,,vertical,,20250120,12:24:00,22b_00037_waggle_annotations.csv,/Users/fereshteh/Documents/Waggle dance/Ferehsteh/mp4/20250120/00037.mp4,"(0.9079593845004517, 0.4190581774617469)",0.907959384500452,0.419058177461747,114.775140568832,1460,684,"(1460.0, 684.0)",29,1,raw_vertical_uncalibrated,,,,,,,,,,,,,,,,,,,,,,not_corrected
vertical,annotator_csv,vertical_20250120,22b,22b,22b_00037,vertical_20250120__22b__22b_00037,2,,vertical,,20250120,12:24:00,22b_00037_waggle_annotations.csv,/Users/fereshteh/Documents/Waggle dance/Ferehsteh/mp4/20250120/00037.mp4,"(0.847998304005088, 0.52999894000318)",0.847998304005088,0.52999894000318,122.005383208084,1425,717,"(1425.0, 717.0)",68,1,raw_vertical_uncalibrated,,,,,,,,,,,,,,,,,,,,,,not_corrected
vertical,annotator_csv,vertical_20250120,22b,22b,22b_00037,vertical_20250120__22b__22b_00037,3,,vertical,,20250120,12:24:00,22b_00037_waggle_annotations.csv,/Users/fereshteh/Documents/Waggle dance/Ferehsteh/mp4/20250120/00037.mp4,"(0.8741572761215377, 0.48564293117863205)",0.874157276121538,0.485642931178632,119.054604099077,1457,611,"(1457.0, 611.0)",116,1,raw_vertical_uncalibrated,,,,,,,,,,,,,,,,,,,,,,not_corrected
vertical,annotator_csv,vertical_20250120,22b,22b,22b_00037,vertical_20250120__22b__22b_00037,4,,vertical,,20250120,12:24:00,22b_00037_waggle_annotations.csv,/Users/fereshteh/Documents/Waggle dance/Ferehsteh/mp4/20250120/00037.mp4,"(0.9079593845004517, 0.4190581774617469)",0.907959384500452,0.419058177461747,114.775140568832,1484,641,"(1484.0, 641.0)",150,1,raw_vertical_uncalibrated,,,,,,,,,,,,,,,,,,,,,,not_corrected
vertical,annotator_csv,vertical_20250120,22b,22b,22b_00037,vertical_20250120__22b__22b_00037,5,,vertical,,20250120,12:24:00,22b_00037_waggle_annotations.csv,/Users/fereshteh/Documents/Waggle dance/Ferehsteh/mp4/20250120/00037.mp4,"(0.8, 0.6)",0.8,0.6,126.869897645844,1509,608,"(1509.0, 608.0)",202,1,raw_vertical_uncalibrated,,,,,,,,,,,,,,,,,,,,,,not_corrected
vertical,annotator_csv,vertical_20250120,22b,22b,22b_00037,vertical_20250120__22b__22b_00037,6,,vertical,,20250120,12:24:00,22b_00037_waggle_annotations.csv,/Users/fereshteh/Documents/Waggle dance/Ferehsteh/mp4/20250120/00037.mp4,"(0.8944271909999159, 0.4472135954999579)",0.894427190999916,0.447213595499958,116.565051177078,1530,625,"(1530.0, 625.0)",254,1,raw_vertical_uncalibrated,,,,,,,,,,,,,,,,,,,,,,not_corrected
vertical,annotator_csv,vertical_20250120,22b,22b,22b_00037,vertical_20250120__22b__22b_00037,7,,vertical,,20250120,12:24:00,22b_00037_waggle_annotations.csv,/Users/fereshteh/Documents/Waggle dance/Ferehsteh/mp4/20250120/00037.mp4,"(0.8944271909999159, 0.4472135954999579)",0.894427190999916,0.447213595499958,116.565051177078,1519,589,"(1519.0, 589.0)",307,1,raw_vertical_uncalibrated,,,,,,,,,,,,,,,,,,,,,,not_corrected
vertical,annotator_csv,vertical_20250120,22b,22b,22b_00037,vertical_20250120__22b__22b_00037,8,,vertical,,20250120,12:24:00,22b_00037_waggle_annotations.csv,/Users/fereshteh/Documents/Waggle dance/Ferehsteh/mp4/20250120/00037.mp4,"(0.7071067811865476, 0.7071067811865476)",0.707106781186548,0.707106781186548,135,1525,600,"(1525.0, 600.0)",345,1,raw_vertical_uncalibrated,,,,,,,,,,,,,,,,,,,,,,not_corrected
vertical,annotator_csv,vertical_20250120,22b,22b,22b_00037,vertical_20250120__22b__22b_00037,9,,vertical,,20250120,12:24:00,22b_00037_waggle_annotations.csv,/Users/fereshteh/Documents/Waggle dance/Ferehsteh/mp4/20250120/00037.mp4,"(0.9863939238321437, 0.1643989873053573)",0.986393923832144,0.164398987305357,99.4623222080256,1533,559,"(1533.0, 559.0)",394,1,raw_vertical_uncalibrated,,,,,,,,,,,,,,,,,,,,,,not_corrected
vertical,annotator_csv,vertical_20250120,22b,22b,22b_00037,vertical_20250120__22b__22b_00037,10,,vertical,,20250120,12:24:00,22b_00037_waggle_annotations.csv,/Users/fereshteh/Documents/Waggle dance/Ferehsteh/mp4/20250120/00037.mp4,"(0.9363291775690445, 0.3511234415883917)",0.936329177569045,0.351123441588392,110.556045219583,1520,511,"(1520.0, 511.0)",438,1,raw_vertical_uncalibrated,,,,,,,,,,,,,,,,,,,,,,not_corrected
vertical,annotator_csv,vertical_20250120,22b,22b,22b_00037,vertical_20250120__22b__22b_00037,11,,vertical,,20250120,12:24:00,22b_00037_waggle_annotations.csv,/Users/fereshteh/Documents/Waggle dance/Ferehsteh/mp4/20250120/00037.mp4,"(0.8, 0.6)",0.8,0.6,126.869897645844,1554,467,"(1554.0, 467.0)",483,1,raw_vertical_uncalibrated,,,,,,,,,,,,,,,,,,,,,,not_corrected
vertical,annotator_csv,vertical_20250120,22b,22b,22b_00037,vertical_20250120__22b__22b_00037,12,,vertical,,20250120,12:24:00,22b_00037_waggle_annotations.csv,/Users/fereshteh/Documents/Waggle dance/Ferehsteh/mp4/20250120/00037.mp4,"(0.8, 0.6)",0.8,0.6,126.869897645844,1604,481,"(1604.0, 481.0)",522,1,raw_vertical_uncalibrated,,,,,,,,,,,,,,,,,,,,,,not_corrected
vertical,annotator_csv,vertical_20250120,22b,22b,22b_00037,vertical_20250120__22b__22b_00037,13,,vertical,,20250120,12:24:00,22b_00037_waggle_annotations.csv,/Users/fereshteh/Documents/Waggle dance/Ferehsteh/mp4/20250120/00037.mp4,"(0.7071067811865476, 0.7071067811865476)",0.707106781186548,0.707106781186548,135,1649,495,"(1649.0, 495.0)",567,1,raw_vertical_uncalibrated,,,,,,,,,,,,,,,,,,,,,,not_corrected
vertical,annotator_csv,vertical_20250120,22b,22b,22b_00037,vertical_20250120__22b__22b_00037,14,,vertical,,20250120,12:24:00,22b_00037_waggle_annotations.csv,/Users/fereshteh/Documents/Waggle dance/Ferehsteh/mp4/20250120/00037.mp4,"(0.8160244811016552, 0.5780173407803391)",0.816024481101655,0.578017340780339,125.311213439633,1682,465,"(1682.0, 465.0)",608,1,raw_vertical_uncalibrated,,,,,,,,,,,,,,,,,,,,,,not_corrected
vertical,annotator_csv,vertical_20250120,22b,22b,22b_00037,vertical_20250120__22b__22b_00037,15,,vertical,,20250120,12:24:00,22b_00037_waggle_annotations.csv,/Users/fereshteh/Documents/Waggle dance/Ferehsteh/mp4/20250120/00037.mp4,"(1.0, 0.0)",1,0,90,1715,471,"(1715.0, 471.0)",666,1,raw_vertical_uncalibrated,,,,,,,,,,,,,,,,,,,,,,not_corrected
vertical,annotator_csv,vertical_20250120,22b,22b,22b_00037,vertical_20250120__22b__22b_00037,16,,vertical,,20250120,12:24:00,22b_00037_waggle_annotations.csv,/Users/fereshteh/Documents/Waggle dance/Ferehsteh/mp4/20250120/00037.mp4,"(0.5144957554275265, 0.8574929257125441)",0.514495755427527,0.857492925712544,149.036243467926,1742,492,"(1742.0, 492.0)",707,1,raw_vertical_uncalibrated,,,,,,,,,,,,,,,,,,,,,,not_corrected
vertical,annotator_csv,vertical_20250120,22b,22b,22b_00037,vertical_20250120__22b__22b_00037,17,,vertical,,20250120,12:24:00,22b_00037_waggle_annotations.csv,/Users/fereshteh/Documents/Waggle dance/Ferehsteh/mp4/20250120/00037.mp4,"(0.8682431421244593, 0.49613893835683387)",0.868243142124459,0.496138938356834,119.744881296942,1813,497,"(1813.0, 497.0)",757,1,raw_vertical_uncalibrated,,,,,,,,,,,,,,,,,,,,,,not_corrected
vertical,annotator_csv,vertical_20250120,22b,22b,22b_00037,vertical_20250120__22b__22b_00037,18,,vertical,,20250120,12:24:00,22b_00037_waggle_annotations.csv,/Users/fereshteh/Documents/Waggle dance/Ferehsteh/mp4/20250120/00037.mp4,"(0.9284766908852594, 0.3713906763541037)",0.928476690885259,0.371390676354104,111.801409486352,1843,536,"(1843.0, 536.0)",810,1,raw_vertical_uncalibrated,,,,,,,,,,,,,,,,,,,,,,not_corrected
vertical,annotator_csv,vertical_20250120,58r,58r,58r_00003,vertical_20250120__58r__58r_00003,1,,vertical,,20250120,08:01:00,58r_00003_waggle_annotations.csv,/Users/fereshteh/Documents/Waggle dance/Ferehsteh/mp4/20250120/00003.mp4,"(-0.6178215519319035, -0.7863183388224225)",-0.617821551931904,-0.786318338822423,321.842773412631,930,831,"(930.0, 831.0)",829,1,raw_vertical_uncalibrated,,,,,,,,,,,,,,,,,,,,,,not_corrected
vertical,annotator_csv,vertical_20250120,58r,58r,58r_00003,vertical_20250120__58r__58r_00003,2,,vertical,,20250120,08:01:00,58r_00003_waggle_annotations.csv,/Users/fereshteh/Documents/Waggle dance/Ferehsteh/mp4/20250120/00003.mp4,"(-0.7071067811865475, -0.7071067811865475)",-0.707106781186548,-0.707106781186548,315,973,774,"(973.0, 774.0)",896,1,raw_vertical_uncalibrated,,,,,,,,,,,,,,,,,,,,,,not_corrected
vertical,annotator_csv,vertical_20250120,58r,58r,58r_00003,vertical_20250120__58r__58r_00003,3,,vertical,,20250120,08:01:00,58r_00003_waggle_annotations.csv,/Users/fereshteh/Documents/Waggle dance/Ferehsteh/mp4/20250120/00003.mp4,"(-0.7071067811865476, -0.7071067811865476)",-0.707106781186548,-0.707106781186548,315,963,705,"(963.0, 705.0)",953,1,raw_vertical_uncalibrated,,,,,,,,,,,,,,,,,,,,,,not_corrected
vertical,annotator_csv,vertical_20250120,58r,58r,58r_00003,vertical_20250120__58r__58r_00003,4,,vertical,,20250120,08:01:00,58r_00003_waggle_annotations.csv,/Users/fereshteh/Documents/Waggle dance/Ferehsteh/mp4/20250120/00003.mp4,"(-0.6246950475544243, -0.7808688094430304)",-0.624695047554424,-0.78086880944303,321.34019174591,1018,720,"(1018.0, 720.0)",1011,1,raw_vertical_uncalibrated,,,,,,,,,,,,,,,,,,,,,,not_corrected
vertical,annotator_csv,vertical_20250120,58r,58r,58r_00003,vertical_20250120__58r__58r_00003,5,,vertical,,20250120,08:01:00,58r_00003_waggle_annotations.csv,/Users/fereshteh/Documents/Waggle dance/Ferehsteh/mp4/20250120/00003.mp4,"(-0.6757246285173463, -0.7371541402007414)",-0.675724628517346,-0.737154140200741,317.489552921999,992,704,"(992.0, 704.0)",1079,1,raw_vertical_uncalibrated,,,,,,,,,,,,,,,,,,,,,,not_corrected
vertical,annotator_csv,vertical_20250120,58r,58r,58r_00003,vertical_20250120__58r__58r_00003,6,,vertical,,20250120,08:01:00,58r_00003_waggle_annotations.csv,/Users/fereshteh/Documents/Waggle dance/Ferehsteh/mp4/20250120/00003.mp4,"(-0.7371541402007414, -0.6757246285173463)",-0.737154140200741,-0.675724628517346,312.510447078001,1013,640,"(1013.0, 640.0)",1139,1,raw_vertical_uncalibrated,,,,,,,,,,,,,,,,,,,,,,not_corrected
vertical,annotator_csv,vertical_20250120,58r,58r,58r_00003,vertical_20250120__58r__58r_00003,7,,vertical,,20250120,08:01:00,58r_00003_waggle_annotations.csv,/Users/fereshteh/Documents/Waggle dance/Ferehsteh/mp4/20250120/00003.mp4,"(-0.7071067811865475, -0.7071067811865475)",-0.707106781186548,-0.707106781186548,315,957,774,"(957.0, 774.0)",1230,1,raw_vertical_uncalibrated,,,,,,,,,,,,,,,,,,,,,,not_corrected
vertical,annotator_csv,vertical_20250120,58r,58r,58r_00012,vertical_20250120__58r__58r_00012,1,,vertical,,20250120,08:24:00,58r_00012_waggle_annotations.csv,/Users/fereshteh/Documents/Waggle dance/Ferehsteh/mp4/20250120/00012.mp4,"(-0.31622776601683794, -0.9486832980505138)",-0.316227766016838,-0.948683298050514,341.565051177078,1001,581,"(1001.0, 581.0)",7,1,raw_vertical_uncalibrated,,,,,,,,,,,,,,,,,,,,,,not_corrected
vertical,annotator_csv,vertical_20250120,58r,58r,58r_00012,vertical_20250120__58r__58r_00012,2,,vertical,,20250120,08:24:00,58r_00012_waggle_annotations.csv,/Users/fereshteh/Documents/Waggle dance/Ferehsteh/mp4/20250120/00012.mp4,"(-0.27472112789737807, -0.9615239476408232)",-0.274721127897378,-0.961523947640823,344.054604099077,975,626,"(975.0, 626.0)",50,1,raw_vertical_uncalibrated,,,,,,,,,,,,,,,,,,,,,,not_corrected
vertical,annotator_csv,vertical_20250120,58r,58r,58r_00012,vertical_20250120__58r__58r_00012,3,,vertical,,20250120,08:24:00,58r_00012_waggle_annotations.csv,/Users/fereshteh/Documents/Waggle dance/Ferehsteh/mp4/20250120/00012.mp4,"(-0.27472112789737807, -0.9615239476408232)",-0.274721127897378,-0.961523947640823,344.054604099077,1040,588,"(1040.0, 588.0)",93,1,raw_vertical_uncalibrated,,,,,,,,,,,,,,,,,,,,,,not_corrected
vertical,annotator_csv,vertical_20250120,58r,58r,58r_00012,vertical_20250120__58r__58r_00012,4,,vertical,,20250120,08:24:00,58r_00012_waggle_annotations.csv,/Users/fereshteh/Documents/Waggle dance/Ferehsteh/mp4/20250120/00012.mp4,"(-0.31622776601683794, -0.9486832980505138)",-0.316227766016838,-0.948683298050514,341.565051177078,1042,579,"(1042.0, 579.0)",144,1,raw_vertical_uncalibrated,,,,,,,,,,,,,,,,,,,,,,not_corrected
vertical,annotator_csv,vertical_20250120,58r,58r,58r_00012,vertical_20250120__58r__58r_00012,5,,vertical,,20250120,08:24:00,58r_00012_waggle_annotations.csv,/Users/fereshteh/Documents/Waggle dance/Ferehsteh/mp4/20250120/00012.mp4,"(-0.2873478855663454, -0.9578262852211513)",-0.287347885566345,-0.957826285221151,343.300755766006,983,603,"(983.0, 603.0)",205,1,raw_vertical_uncalibrated,,,,,,,,,,,,,,,,,,,,,,not_corrected
vertical,annotator_csv,vertical_20250120,58r,58r,58r_00012,vertical_20250120__58r__58r_00012,6,,vertical,,20250120,08:24:00,58r_00012_waggle_annotations.csv,/Users/fereshteh/Documents/Waggle dance/Ferehsteh/mp4/20250120/00012.mp4,"(-0.24253562503633297, -0.9701425001453319)",-0.242535625036333,-0.970142500145332,345.963756532074,996,603,"(996.0, 603.0)",262,1,raw_vertical_uncalibrated,,,,,,,,,,,,,,,,,,,,,,not_corrected
vertical,annotator_csv,vertical_20250120,58r,58r,58r_00012,vertical_20250120__58r__58r_00012,7,,vertical,,20250120,08:24:00,58r_00012_waggle_annotations.csv,/Users/fereshteh/Documents/Waggle dance/Ferehsteh/mp4/20250120/00012.mp4,"(-0.2631174057921088, -0.9647638212377322)",-0.263117405792109,-0.964763821237732,344.744881296942,991,598,"(991.0, 598.0)",306,1,raw_vertical_uncalibrated,,,,,,,,,,,,,,,,,,,,,,not_corrected
vertical,annotator_csv,vertical_20250120,58r,58r,58r_00012,vertical_20250120__58r__58r_00012,8,,vertical,,20250120,08:24:00,58r_00012_waggle_annotations.csv,/Users/fereshteh/Documents/Waggle dance/Ferehsteh/mp4/20250120/00012.mp4,"(-0.19611613513818402, -0.9805806756909201)",-0.196116135138184,-0.98058067569092,348.69006752598,1010,562,"(1010.0, 562.0)",362,1,raw_vertical_uncalibrated,,,,,,,,,,,,,,,,,,,,,,not_corrected
vertical,annotator_csv,vertical_20250120,58r,58r,58r_00012,vertical_20250120__58r__58r_00012,9,,vertical,,20250120,08:24:00,58r_00012_waggle_annotations.csv,/Users/fereshteh/Documents/Waggle dance/Ferehsteh/mp4/20250120/00012.mp4,"(-0.31622776601683794, -0.9486832980505138)",-0.316227766016838,-0.948683298050514,341.565051177078,1001,557,"(1001.0, 557.0)",409,1,raw_vertical_uncalibrated,,,,,,,,,,,,,,,,,,,,,,not_corrected
vertical,annotator_csv,vertical_20250120,58r,58r,58r_00012,vertical_20250120__58r__58r_00012,10,,vertical,,20250120,08:24:00,58r_00012_waggle_annotations.csv,/Users/fereshteh/Documents/Waggle dance/Ferehsteh/mp4/20250120/00012.mp4,"(-0.38074980525429486, -0.924678098474716)",-0.380749805254295,-0.924678098474716,337.61986494804,1015,557,"(1015.0, 557.0)",466,1,raw_vertical_uncalibrated,,,,,,,,,,,,,,,,,,,,,,not_corrected
vertical,annotator_csv,vertical_20250120,60 r,60 r,60 r_00003,vertical_20250120__60 r__60 r_00003,1,,vertical,,20250120,08:01:00,60 r_00003_waggle_annotations.csv,/Users/fereshteh/Documents/Waggle dance/Ferehsteh/mp4/20250120/00003.mp4,"(-0.8221921916437787, -0.5692099788303083)",-0.822192191643779,-0.569209978830308,304.695153531234,780,721,"(780.0, 721.0)",4,1,raw_vertical_uncalibrated,,,,,,,,,,,,,,,,,,,,,,not_corrected
vertical,annotator_csv,vertical_20250120,60 r,60 r,60 r_00003,vertical_20250120__60 r__60 r_00003,2,,vertical,,20250120,08:01:00,60 r_00003_waggle_annotations.csv,/Users/fereshteh/Documents/Waggle dance/Ferehsteh/mp4/20250120/00003.mp4,"(-0.7633862853691145, -0.6459422414661737)",-0.763386285369115,-0.645942241466174,310.236358309274,856,791,"(856.0, 791.0)",72,1,raw_vertical_uncalibrated,,,,,,,,,,,,,,,,,,,,,,not_corrected
vertical,annotator_csv,vertical_20250120,60r,60r,60r_00004,vertical_20250120__60r__60r_00004,1,,vertical,,20250120,08:04:00,60r_00004_waggle_annotations.csv,/Users/fereshteh/Documents/Waggle dance/Ferehsteh/mp4/20250120/00004.mp4,"(-0.8320502943378436, -0.554700196225229)",-0.832050294337844,-0.554700196225229,303.69006752598,453,847,"(453.0, 847.0)",1551,1,raw_vertical_uncalibrated,,,,,,,,,,,,,,,,,,,,,,not_corrected
vertical,annotator_csv,vertical_20250120,60r,60r,60r_00004,vertical_20250120__60r__60r_00004,2,,vertical,,20250120,08:04:00,60r_00004_waggle_annotations.csv,/Users/fereshteh/Documents/Waggle dance/Ferehsteh/mp4/20250120/00004.mp4,"(-0.8320502943378436, -0.554700196225229)",-0.832050294337844,-0.554700196225229,303.69006752598,486,852,"(486.0, 852.0)",1683,1,raw_vertical_uncalibrated,,,,,,,,,,,,,,,,,,,,,,not_corrected
vertical,annotator_csv,vertical_20250120,60r,60r,60r_00004,vertical_20250120__60r__60r_00004,3,,vertical,,20250120,08:04:00,60r_00004_waggle_annotations.csv,/Users/fereshteh/Documents/Waggle dance/Ferehsteh/mp4/20250120/00004.mp4,"(-0.6178215519319035, -0.7863183388224225)",-0.617821551931904,-0.786318338822423,321.842773412631,219,820,"(219.0, 820.0)",1766,1,raw_vertical_uncalibrated,,,,,,,,,,,,,,,,,,,,,,not_corrected
vertical,annotator_csv,vertical_20250120,69r,69r,69r_00028,vertical_20250120__69r__69r_00028,1,,vertical,,20250120,11:55:00,69r_00028_waggle_annotations.csv,/Users/fereshteh/Documents/Waggle dance/Ferehsteh/mp4/20250120/00028.mp4,"(-0.8087360843031884, -0.5881716976750462)",-0.808736084303188,-0.588171697675046,306.027373385104,1538,590,"(1538.0, 590.0)",60,1,raw_vertical_uncalibrated,,,,,,,,,,,,,,,,,,,,,,not_corrected
vertical,annotator_csv,vertical_20250120,69r,69r,69r_00028,vertical_20250120__69r__69r_00028,2,,vertical,,20250120,11:55:00,69r_00028_waggle_annotations.csv,/Users/fereshteh/Documents/Waggle dance/Ferehsteh/mp4/20250120/00028.mp4,"(-0.8682431421244593, -0.49613893835683387)",-0.868243142124459,-0.496138938356834,299.744881296942,1584,567,"(1584.0, 567.0)",111,1,raw_vertical_uncalibrated,,,,,,,,,,,,,,,,,,,,,,not_corrected
vertical,annotator_csv,vertical_20250120,69r,69r,69r_00028,vertical_20250120__69r__69r_00028,3,,vertical,,20250120,11:55:00,69r_00028_waggle_annotations.csv,/Users/fereshteh/Documents/Waggle dance/Ferehsteh/mp4/20250120/00028.mp4,"(-0.8221921916437787, -0.5692099788303083)",-0.822192191643779,-0.569209978830308,304.695153531234,1589,609,"(1589.0, 609.0)",152,1,raw_vertical_uncalibrated,,,,,,,,,,,,,,,,,,,,,,not_corrected
vertical,annotator_csv,vertical_20250120,69r,69r,69r_00028,vertical_20250120__69r__69r_00028,4,,vertical,,20250120,11:55:00,69r_00028_waggle_annotations.csv,/Users/fereshteh/Documents/Waggle dance/Ferehsteh/mp4/20250120/00028.mp4,"(-1.0, 0.0)",-1,0,270,1694,725,"(1694.0, 725.0)",836,1,raw_vertical_uncalibrated,,,,,,,,,,,,,,,,,,,,,,not_corrected
vertical,annotator_csv,vertical_20250120,69r,69r,69r_00028,vertical_20250120__69r__69r_00028,5,,vertical,,20250120,11:55:00,69r_00028_waggle_annotations.csv,/Users/fereshteh/Documents/Waggle dance/Ferehsteh/mp4/20250120/00028.mp4,"(-0.12403473458920847, -0.9922778767136677)",-0.124034734589208,-0.992277876713668,352.874983651098,1797,562,"(1797.0, 562.0)",833,1,raw_vertical_uncalibrated,,,,,,,,,,,,,,,,,,,,,,not_corrected
vertical,annotator_csv,vertical_20250120,69r,69r,69r_00028,vertical_20250120__69r__69r_00028,6,,vertical,,20250120,11:55:00,69r_00028_waggle_annotations.csv,/Users/fereshteh/Documents/Waggle dance/Ferehsteh/mp4/20250120/00028.mp4,"(-0.09950371902099892, -0.9950371902099892)",-0.0995037190209989,-0.995037190209989,354.2894068625,1780,555,"(1780.0, 555.0)",880,1,raw_vertical_uncalibrated,,,,,,,,,,,,,,,,,,,,,,not_corrected
vertical,annotator_csv,vertical_20250120,69r,69r,69r_00028,vertical_20250120__69r__69r_00028,7,,vertical,,20250120,11:55:00,69r_00028_waggle_annotations.csv,/Users/fereshteh/Documents/Waggle dance/Ferehsteh/mp4/20250120/00028.mp4,"(-0.18428853505018536, -0.9828721869343219)",-0.184288535050185,-0.982872186934322,349.380344723845,1840,514,"(1840.0, 514.0)",930,1,raw_vertical_uncalibrated,,,,,,,,,,,,,,,,,,,,,,not_corrected
vertical,annotator_csv,vertical_20250120,69r,69r,69r_00028,vertical_20250120__69r__69r_00028,8,,vertical,,20250120,11:55:00,69r_00028_waggle_annotations.csv,/Users/fereshteh/Documents/Waggle dance/Ferehsteh/mp4/20250120/00028.mp4,"(-0.13216372009101796, -0.9912279006826347)",-0.132163720091018,-0.991227900682635,352.405356631409,1759,513,"(1759.0, 513.0)",977,1,raw_vertical_uncalibrated,,,,,,,,,,,,,,,,,,,,,,not_corrected
vertical,annotator_csv,vertical_20250120,69r,69r,69r_00028,vertical_20250120__69r__69r_00028,9,,vertical,,20250120,11:55:00,69r_00028_waggle_annotations.csv,/Users/fereshteh/Documents/Waggle dance/Ferehsteh/mp4/20250120/00028.mp4,"(-0.0808158687660548, -0.9967290481146759)",-0.0808158687660548,-0.996729048114676,355.364536573097,1797,486,"(1797.0, 486.0)",1033,1,raw_vertical_uncalibrated,,,,,,,,,,,,,,,,,,,,,,not_corrected
vertical,annotator_csv,vertical_20250120,69r,69r,69r_00028,vertical_20250120__69r__69r_00028,10,,vertical,,20250120,11:55:00,69r_00028_waggle_annotations.csv,/Users/fereshteh/Documents/Waggle dance/Ferehsteh/mp4/20250120/00028.mp4,"(-0.24253562503633297, -0.9701425001453319)",-0.242535625036333,-0.970142500145332,345.963756532074,1848,515,"(1848.0, 515.0)",1094,1,raw_vertical_uncalibrated,,,,,,,,,,,,,,,,,,,,,,not_corrected
vertical,annotator_csv,vertical_20250120,69r,69r,69r_00034,vertical_20250120__69r__69r_00034,1,,vertical,,20250120,12:15:00,69r_00034_waggle_annotations.csv,/Users/fereshteh/Documents/Waggle dance/Ferehsteh/mp4/20250120/00034.mp4,"(0.9761870601839528, 0.21693045781865616)",0.976187060183953,0.216930457818656,102.528807709152,986,621,"(986.0, 621.0)",4,1,raw_vertical_uncalibrated,,,,,,,,,,,,,,,,,,,,,,not_corrected
vertical,annotator_csv,vertical_20250120,69r,69r,69r_00034,vertical_20250120__69r__69r_00034,2,,vertical,,20250120,12:15:00,69r_00034_waggle_annotations.csv,/Users/fereshteh/Documents/Waggle dance/Ferehsteh/mp4/20250120/00034.mp4,"(0.9363291775690445, 0.3511234415883917)",0.936329177569045,0.351123441588392,110.556045219583,996,645,"(996.0, 645.0)",52,1,raw_vertical_uncalibrated,,,,,,,,,,,,,,,,,,,,,,not_corrected
vertical,annotator_csv,vertical_20250120,69r,69r,69r_00034,vertical_20250120__69r__69r_00034,3,,vertical,,20250120,12:15:00,69r_00034_waggle_annotations.csv,/Users/fereshteh/Documents/Waggle dance/Ferehsteh/mp4/20250120/00034.mp4,"(0.8, 0.6)",0.8,0.6,126.869897645844,1054,654,"(1054.0, 654.0)",115,1,raw_vertical_uncalibrated,,,,,,,,,,,,,,,,,,,,,,not_corrected
vertical,annotator_csv,vertical_20250120,69r,69r,69r_00034,vertical_20250120__69r__69r_00034,4,,vertical,,20250120,12:15:00,69r_00034_waggle_annotations.csv,/Users/fereshteh/Documents/Waggle dance/Ferehsteh/mp4/20250120/00034.mp4,"(0.8395701571521512, 0.5432512781572743)",0.839570157152151,0.543251278157274,122.905242922988,1096,636,"(1096.0, 636.0)",159,1,raw_vertical_uncalibrated,,,,,,,,,,,,,,,,,,,,,,not_corrected
vertical,annotator_csv,vertical_20250120,69r,69r,69r_00034,vertical_20250120__69r__69r_00034,5,,vertical,,20250120,12:15:00,69r_00034_waggle_annotations.csv,/Users/fereshteh/Documents/Waggle dance/Ferehsteh/mp4/20250120/00034.mp4,"(0.9284766908852594, 0.3713906763541037)",0.928476690885259,0.371390676354104,111.801409486352,1088,651,"(1088.0, 651.0)",203,1,raw_vertical_uncalibrated,,,,,,,,,,,,,,,,,,,,,,not_corrected
vertical,annotator_csv,vertical_20250120,69r,69r,69r_00034,vertical_20250120__69r__69r_00034,6,,vertical,,20250120,12:15:00,69r_00034_waggle_annotations.csv,/Users/fereshteh/Documents/Waggle dance/Ferehsteh/mp4/20250120/00034.mp4,"(0.7259526839058266, 0.6877446479107832)",0.725952683905827,0.687744647910783,133.451842301022,1154,625,"(1154.0, 625.0)",253,1,raw_vertical_uncalibrated,,,,,,,,,,,,,,,,,,,,,,not_corrected
vertical,annotator_csv,vertical_20250120,69r,69r,69r_00034,vertical_20250120__69r__69r_00034,7,,vertical,,20250120,12:15:00,69r_00034_waggle_annotations.csv,/Users/fereshteh/Documents/Waggle dance/Ferehsteh/mp4/20250120/00034.mp4,"(0.7525766947068778, 0.658504607868518)",0.752576694706878,0.658504607868518,131.18592516571,1140,651,"(1140.0, 651.0)",297,1,raw_vertical_uncalibrated,,,,,,,,,,,,,,,,,,,,,,not_corrected
vertical,annotator_csv,vertical_20250120,69r,69r,69r_00034,vertical_20250120__69r__69r_00034,8,,vertical,,20250120,12:15:00,69r_00034_waggle_annotations.csv,/Users/fereshteh/Documents/Waggle dance/Ferehsteh/mp4/20250120/00034.mp4,"(0.8320502943378437, 0.5547001962252291)",0.832050294337844,0.554700196225229,123.69006752598,1219,615,"(1219.0, 615.0)",347,1,raw_vertical_uncalibrated,,,,,,,,,,,,,,,,,,,,,,not_corrected
vertical,annotator_csv,vertical_20250120,69r,69r,69r_00034,vertical_20250120__69r__69r_00034,9,,vertical,,20250120,12:15:00,69r_00034_waggle_annotations.csv,/Users/fereshteh/Documents/Waggle dance/Ferehsteh/mp4/20250120/00034.mp4,"(0.8, 0.6)",0.8,0.6,126.869897645844,1180,640,"(1180.0, 640.0)",388,1,raw_vertical_uncalibrated,,,,,,,,,,,,,,,,,,,,,,not_corrected
vertical,annotator_csv,vertical_20250120,69r,69r,69r_00034,vertical_20250120__69r__69r_00034,10,,vertical,,20250120,12:15:00,69r_00034_waggle_annotations.csv,/Users/fereshteh/Documents/Waggle dance/Ferehsteh/mp4/20250120/00034.mp4,"(1.0, 0.0)",1,0,90,1213,645,"(1213.0, 645.0)",432,1,raw_vertical_uncalibrated,,,,,,,,,,,,,,,,,,,,,,not_corrected
vertical,annotator_csv,vertical_20250120,69r,69r,69r_00034,vertical_20250120__69r__69r_00034,11,,vertical,,20250120,12:15:00,69r_00034_waggle_annotations.csv,/Users/fereshteh/Documents/Waggle dance/Ferehsteh/mp4/20250120/00034.mp4,"(0.8436614877321075, 0.5368754921931592)",0.843661487732108,0.536875492193159,122.471192290848,1198,674,"(1198.0, 674.0)",471,1,raw_vertical_uncalibrated,,,,,,,,,,,,,,,,,,,,,,not_corrected
vertical,annotator_csv,vertical_20250120,69r,69r,69r_00034,vertical_20250120__69r__69r_00034,12,,vertical,,20250120,12:15:00,69r_00034_waggle_annotations.csv,/Users/fereshteh/Documents/Waggle dance/Ferehsteh/mp4/20250120/00034.mp4,"(0.8, 0.6)",0.8,0.6,126.869897645844,1263,645,"(1263.0, 645.0)",528,1,raw_vertical_uncalibrated,,,,,,,,,,,,,,,,,,,,,,not_corrected
vertical,annotator_csv,vertical_20250120,69r,69r,69r_00034,vertical_20250120__69r__69r_00034,13,,vertical,,20250120,12:15:00,69r_00034_waggle_annotations.csv,/Users/fereshteh/Documents/Waggle dance/Ferehsteh/mp4/20250120/00034.mp4,"(0.9701425001453319, 0.24253562503633297)",0.970142500145332,0.242535625036333,104.036243467926,1265,659,"(1265.0, 659.0)",584,1,raw_vertical_uncalibrated,,,,,,,,,,,,,,,,,,,,,,not_corrected
vertical,annotator_csv,vertical_20250120,69r,69r,69r_00034,vertical_20250120__69r__69r_00034,14,,vertical,,20250120,12:15:00,69r_00034_waggle_annotations.csv,/Users/fereshteh/Documents/Waggle dance/Ferehsteh/mp4/20250120/00034.mp4,"(0.7071067811865476, 0.7071067811865476)",0.707106781186548,0.707106781186548,135,1323,638,"(1323.0, 638.0)",668,1,raw_vertical_uncalibrated,,,,,,,,,,,,,,,,,,,,,,not_corrected
vertical,annotator_csv,vertical_20250120,69r,69r,69r_00034,vertical_20250120__69r__69r_00034,15,,vertical,,20250120,12:15:00,69r_00034_waggle_annotations.csv,/Users/fereshteh/Documents/Waggle dance/Ferehsteh/mp4/20250120/00034.mp4,"(0.8944271909999159, 0.4472135954999579)",0.894427190999916,0.447213595499958,116.565051177078,1224,737,"(1224.0, 737.0)",786,1,raw_vertical_uncalibrated,,,,,,,,,,,,,,,,,,,,,,not_corrected
vertical,annotator_csv,vertical_20250120,69r,69r,69r_00034,vertical_20250120__69r__69r_00034,16,,vertical,,20250120,12:15:00,69r_00034_waggle_annotations.csv,/Users/fereshteh/Documents/Waggle dance/Ferehsteh/mp4/20250120/00034.mp4,"(0.813733471206735, 0.5812381937190965)",0.813733471206735,0.581238193719097,125.537677791974,1309,721,"(1309.0, 721.0)",857,1,raw_vertical_uncalibrated,,,,,,,,,,,,,,,,,,,,,,not_corrected
vertical,annotator_csv,vertical_20250120,69r,69r,69r_00034,vertical_20250120__69r__69r_00034,17,,vertical,,20250120,12:15:00,69r_00034_waggle_annotations.csv,/Users/fereshteh/Documents/Waggle dance/Ferehsteh/mp4/20250120/00034.mp4,"(0.9945054529214061, 0.10468478451804275)",0.994505452921406,0.104684784518043,96.0090059574945,1327,761,"(1327.0, 761.0)",901,1,raw_vertical_uncalibrated,,,,,,,,,,,,,,,,,,,,,,not_corrected
vertical,annotator_csv,vertical_20250120,69r,69r,69r_00034,vertical_20250120__69r__69r_00034,18,,vertical,,20250120,12:15:00,69r_00034_waggle_annotations.csv,/Users/fereshteh/Documents/Waggle dance/Ferehsteh/mp4/20250120/00034.mp4,"(0.8320502943378437, 0.5547001962252291)",0.832050294337844,0.554700196225229,123.69006752598,1401,704,"(1401.0, 704.0)",949,1,raw_vertical_uncalibrated,,,,,,,,,,,,,,,,,,,,,,not_corrected
vertical,annotator_csv,vertical_20250120,69r,69r,69r_00034,vertical_20250120__69r__69r_00034,19,,vertical,,20250120,12:15:00,69r_00034_waggle_annotations.csv,/Users/fereshteh/Documents/Waggle dance/Ferehsteh/mp4/20250120/00034.mp4,"(0.9958932064677039, 0.09053574604251853)",0.995893206467704,0.0905357460425185,95.1944289077348,1345,747,"(1345.0, 747.0)",995,1,raw_vertical_uncalibrated,,,,,,,,,,,,,,,,,,,,,,not_corrected
vertical,annotator_csv,vertical_20250120,69r,69r,69r_00034,vertical_20250120__69r__69r_00034,20,,vertical,,20250120,12:15:00,69r_00034_waggle_annotations.csv,/Users/fereshteh/Documents/Waggle dance/Ferehsteh/mp4/20250120/00034.mp4,"(0.7071067811865475, 0.7071067811865475)",0.707106781186548,0.707106781186548,135,1390,732,"(1390.0, 732.0)",1045,1,raw_vertical_uncalibrated,,,,,,,,,,,,,,,,,,,,,,not_corrected
vertical,annotator_csv,vertical_20250120,69r,69r,69r_00034,vertical_20250120__69r__69r_00034,21,,vertical,,20250120,12:15:00,69r_00034_waggle_annotations.csv,/Users/fereshteh/Documents/Waggle dance/Ferehsteh/mp4/20250120/00034.mp4,"(0.9486832980505138, 0.31622776601683794)",0.948683298050514,0.316227766016838,108.434948822922,1393,710,"(1393.0, 710.0)",1094,1,raw_vertical_uncalibrated,,,,,,,,,,,,,,,,,,,,,,not_corrected
vertical,annotator_csv,vertical_20250120,69r,69r,69r_00034,vertical_20250120__69r__69r_00034,22,,vertical,,20250120,12:15:00,69r_00034_waggle_annotations.csv,/Users/fereshteh/Documents/Waggle dance/Ferehsteh/mp4/20250120/00034.mp4,"(0.8, 0.6)",0.8,0.6,126.869897645844,1451,717,"(1451.0, 717.0)",1137,1,raw_vertical_uncalibrated,,,,,,,,,,,,,,,,,,,,,,not_corrected
vertical,annotator_csv,vertical_20250120,69r,69r,69r_00034,vertical_20250120__69r__69r_00034,23,,vertical,,20250120,12:15:00,69r_00034_waggle_annotations.csv,/Users/fereshteh/Documents/Waggle dance/Ferehsteh/mp4/20250120/00034.mp4,"(1.0, 0.0)",1,0,90,1451,747,"(1451.0, 747.0)",1197,1,raw_vertical_uncalibrated,,,,,,,,,,,,,,,,,,,,,,not_corrected
vertical,annotator_csv,vertical_20250120,69r,69r,69r_00034,vertical_20250120__69r__69r_00034,24,,vertical,,20250120,12:15:00,69r_00034_waggle_annotations.csv,/Users/fereshteh/Documents/Waggle dance/Ferehsteh/mp4/20250120/00034.mp4,"(0.6401843996644799, 0.7682212795973759)",0.64018439966448,0.768221279597376,140.194428907735,1482,687,"(1482.0, 687.0)",1263,1,raw_vertical_uncalibrated,,,,,,,,,,,,,,,,,,,,,,not_corrected
vertical,annotator_csv,vertical_20250120,69r,69r,69r_00034,vertical_20250120__69r__69r_00034,25,,vertical,,20250120,12:15:00,69r_00034_waggle_annotations.csv,/Users/fereshteh/Documents/Waggle dance/Ferehsteh/mp4/20250120/00034.mp4,"(1.0, 0.0)",1,0,90,1531,741,"(1531.0, 741.0)",1334,1,raw_vertical_uncalibrated,,,,,,,,,,,,,,,,,,,,,,not_corrected
vertical,annotator_csv,vertical_20250120,69r,69r,69r_00034,vertical_20250120__69r__69r_00034,26,,vertical,,20250120,12:15:00,69r_00034_waggle_annotations.csv,/Users/fereshteh/Documents/Waggle dance/Ferehsteh/mp4/20250120/00034.mp4,"(0.7071067811865475, 0.7071067811865475)",0.707106781186548,0.707106781186548,135,1584,700,"(1584.0, 700.0)",1391,1,raw_vertical_uncalibrated,,,,,,,,,,,,,,,,,,,,,,not_corrected
vertical,annotator_csv,vertical_20250120,69r,69r,69r_00034,vertical_20250120__69r__69r_00034,27,,vertical,,20250120,12:15:00,69r_00034_waggle_annotations.csv,/Users/fereshteh/Documents/Waggle dance/Ferehsteh/mp4/20250120/00034.mp4,"(0.9863939238321437, 0.1643989873053573)",0.986393923832144,0.164398987305357,99.4623222080256,1654,746,"(1654.0, 746.0)",1446,1,raw_vertical_uncalibrated,,,,,,,,,,,,,,,,,,,,,,not_corrected
vertical,annotator_csv,vertical_20250120,69r,69r,69r_00038,vertical_20250120__69r__69r_00038,1,,vertical,,20250120,12:25:00,69r_00038_waggle_annotations.csv,/Users/fereshteh/Documents/Waggle dance/Ferehsteh/mp4/20250120/00038.mp4,"(0.8944271909999159, 0.4472135954999579)",0.894427190999916,0.447213595499958,116.565051177078,1200,684,"(1200.0, 684.0)",11,1,raw_vertical_uncalibrated,,,,,,,,,,,,,,,,,,,,,,not_corrected
vertical,annotator_csv,vertical_20250120,69r,69r,69r_00038,vertical_20250120__69r__69r_00038,2,,vertical,,20250120,12:25:00,69r_00038_waggle_annotations.csv,/Users/fereshteh/Documents/Waggle dance/Ferehsteh/mp4/20250120/00038.mp4,"(0.7525766947068778, 0.658504607868518)",0.752576694706878,0.658504607868518,131.18592516571,1234,629,"(1234.0, 629.0)",64,1,raw_vertical_uncalibrated,,,,,,,,,,,,,,,,,,,,,,not_corrected
vertical,annotator_csv,vertical_20250120,69r,69r,69r_00038,vertical_20250120__69r__69r_00038,3,,vertical,,20250120,12:25:00,69r_00038_waggle_annotations.csv,/Users/fereshteh/Documents/Waggle dance/Ferehsteh/mp4/20250120/00038.mp4,"(0.7071067811865476, 0.7071067811865476)",0.707106781186548,0.707106781186548,135,1202,625,"(1202.0, 625.0)",114,1,raw_vertical_uncalibrated,,,,,,,,,,,,,,,,,,,,,,not_corrected
vertical,annotator_csv,vertical_20250120,69r,69r,69r_00038,vertical_20250120__69r__69r_00038,4,,vertical,,20250120,12:25:00,69r_00038_waggle_annotations.csv,/Users/fereshteh/Documents/Waggle dance/Ferehsteh/mp4/20250120/00038.mp4,"(0.8, 0.6)",0.8,0.6,126.869897645844,1257,614,"(1257.0, 614.0)",158,1,raw_vertical_uncalibrated,,,,,,,,,,,,,,,,,,,,,,not_corrected
vertical,annotator_csv,vertical_20250120,69r,69r,69r_00038,vertical_20250120__69r__69r_00038,5,,vertical,,20250120,12:25:00,69r_00038_waggle_annotations.csv,/Users/fereshteh/Documents/Waggle dance/Ferehsteh/mp4/20250120/00038.mp4,"(0.7071067811865476, 0.7071067811865476)",0.707106781186548,0.707106781186548,135,1265,640,"(1265.0, 640.0)",206,1,raw_vertical_uncalibrated,,,,,,,,,,,,,,,,,,,,,,not_corrected
vertical,annotator_csv,vertical_20250120,69r,69r,69r_00038,vertical_20250120__69r__69r_00038,6,,vertical,,20250120,12:25:00,69r_00038_waggle_annotations.csv,/Users/fereshteh/Documents/Waggle dance/Ferehsteh/mp4/20250120/00038.mp4,"(0.8, 0.6)",0.8,0.6,126.869897645844,1316,635,"(1316.0, 635.0)",254,2,raw_vertical_uncalibrated,,,,,,,,,,,,,,,,,,,,,,not_corrected
vertical,annotator_csv,vertical_20250120,69r,69r,69r_00038,vertical_20250120__69r__69r_00038,7,,vertical,,20250120,12:25:00,69r_00038_waggle_annotations.csv,/Users/fereshteh/Documents/Waggle dance/Ferehsteh/mp4/20250120/00038.mp4,"(0.8087360843031884, 0.5881716976750462)",0.808736084303188,0.588171697675046,126.027373385104,1332,636,"(1332.0, 636.0)",312,2,raw_vertical_uncalibrated,,,,,,,,,,,,,,,,,,,,,,not_corrected
vertical,annotator_csv,vertical_20250120,69r,69r,69r_00038,vertical_20250120__69r__69r_00038,8,,vertical,,20250120,12:25:00,69r_00038_waggle_annotations.csv,/Users/fereshteh/Documents/Waggle dance/Ferehsteh/mp4/20250120/00038.mp4,"(0.8320502943378437, 0.5547001962252291)",0.832050294337844,0.554700196225229,123.69006752598,1396,644,"(1396.0, 644.0)",355,2,raw_vertical_uncalibrated,,,,,,,,,,,,,,,,,,,,,,not_corrected
vertical,annotator_csv,vertical_20250120,69r,69r,69r_00038,vertical_20250120__69r__69r_00038,9,,vertical,,20250120,12:25:00,69r_00038_waggle_annotations.csv,/Users/fereshteh/Documents/Waggle dance/Ferehsteh/mp4/20250120/00038.mp4,"(0.8944271909999159, 0.4472135954999579)",0.894427190999916,0.447213595499958,116.565051177078,1373,619,"(1373.0, 619.0)",401,2,raw_vertical_uncalibrated,,,,,,,,,,,,,,,,,,,,,,not_corrected
vertical,annotator_csv,vertical_20250120,69r,69r,69r_00038,vertical_20250120__69r__69r_00038,10,,vertical,,20250120,12:25:00,69r_00038_waggle_annotations.csv,/Users/fereshteh/Documents/Waggle dance/Ferehsteh/mp4/20250120/00038.mp4,"(0.8320502943378437, 0.5547001962252291)",0.832050294337844,0.554700196225229,123.69006752598,1440,655,"(1440.0, 655.0)",449,2,raw_vertical_uncalibrated,,,,,,,,,,,,,,,,,,,,,,not_corrected
vertical,annotator_csv,vertical_20250120,73b,73b,73b_00002,vertical_20250120__73b__73b_00002,1,,vertical,,20250120,07:58:00,73b_00002_waggle_annotations.csv,/Users/fereshteh/Documents/Waggle dance/Ferehsteh/mp4/20250120/00002.mp4,"(-0.5643092286475101, -0.8255635011695055)",-0.56430922864751,-0.825563501169506,325.64566334496,873,645,"(873.0, 645.0)",2369,1,raw_vertical_uncalibrated,,,,,,,,,,,,,,,,,,,,,,not_corrected
vertical,annotator_csv,vertical_20250120,73b,73b,73b_00002,vertical_20250120__73b__73b_00002,2,,vertical,,20250120,07:58:00,73b_00002_waggle_annotations.csv,/Users/fereshteh/Documents/Waggle dance/Ferehsteh/mp4/20250120/00002.mp4,"(0.0, 1.0)",0,1,180,908,661,"(908.0, 661.0)",2413,1,raw_vertical_uncalibrated,,,,,,,,,,,,,,,,,,,,,,not_corrected
vertical,annotator_csv,vertical_20250120,73b,73b,73b_00002,vertical_20250120__73b__73b_00002,3,,vertical,,20250120,07:58:00,73b_00002_waggle_annotations.csv,/Users/fereshteh/Documents/Waggle dance/Ferehsteh/mp4/20250120/00002.mp4,"(-0.8, -0.6)",-0.8,-0.6,306.869897645844,847,670,"(847.0, 670.0)",2430,1,raw_vertical_uncalibrated,,,,,,,,,,,,,,,,,,,,,,not_corrected
vertical,annotator_csv,vertical_20250120,73b,73b,73b_00002,vertical_20250120__73b__73b_00002,4,,vertical,,20250120,07:58:00,73b_00002_waggle_annotations.csv,/Users/fereshteh/Documents/Waggle dance/Ferehsteh/mp4/20250120/00002.mp4,"(-0.7071067811865475, -0.7071067811865475)",-0.707106781186548,-0.707106781186548,315,911,656,"(911.0, 656.0)",2490,1,raw_vertical_uncalibrated,,,,,,,,,,,,,,,,,,,,,,not_corrected
vertical,annotator_csv,vertical_20250120,73b,73b,73b_00002,vertical_20250120__73b__73b_00002,5,,vertical,,20250120,07:58:00,73b_00002_waggle_annotations.csv,/Users/fereshteh/Documents/Waggle dance/Ferehsteh/mp4/20250120/00002.mp4,"(-0.6507913734559685, -0.7592566023652966)",-0.650791373455969,-0.759256602365297,319.398705354996,816,593,"(816.0, 593.0)",2596,1,raw_vertical_uncalibrated,,,,,,,,,,,,,,,,,,,,,,not_corrected
vertical,annotator_csv,vertical_20250120,73b,73b,73b_00002,vertical_20250120__73b__73b_00002,6,,vertical,,20250120,07:58:00,73b_00002_waggle_annotations.csv,/Users/fereshteh/Documents/Waggle dance/Ferehsteh/mp4/20250120/00002.mp4,"(-0.7071067811865475, -0.7071067811865475)",-0.707106781186548,-0.707106781186548,315,828,679,"(828.0, 679.0)",2646,1,raw_vertical_uncalibrated,,,,,,,,,,,,,,,,,,,,,,not_corrected
vertical,annotator_csv,vertical_20250120,73b,73b,73b_00002,vertical_20250120__73b__73b_00002,7,,vertical,,20250120,07:58:00,73b_00002_waggle_annotations.csv,/Users/fereshteh/Documents/Waggle dance/Ferehsteh/mp4/20250120/00002.mp4,"(-0.7270131525498175, -0.6866235329637165)",-0.727013152549818,-0.686623532963717,313.363422958383,827,693,"(827.0, 693.0)",2698,1,raw_vertical_uncalibrated,,,,,,,,,,,,,,,,,,,,,,not_corrected
vertical,annotator_csv,vertical_20250120,73b,73b,73b_00002,vertical_20250120__73b__73b_00002,8,,vertical,,20250120,07:58:00,73b_00002_waggle_annotations.csv,/Users/fereshteh/Documents/Waggle dance/Ferehsteh/mp4/20250120/00002.mp4,"(-0.7071067811865476, -0.7071067811865476)",-0.707106781186548,-0.707106781186548,315,852,692,"(852.0, 692.0)",2756,1,raw_vertical_uncalibrated,,,,,,,,,,,,,,,,,,,,,,not_corrected
vertical,annotator_csv,vertical_20250120,73b,73b,73b_00002,vertical_20250120__73b__73b_00002,9,,vertical,,20250120,07:58:00,73b_00002_waggle_annotations.csv,/Users/fereshteh/Documents/Waggle dance/Ferehsteh/mp4/20250120/00002.mp4,"(-0.6060432152628562, -0.7954317200324987)",-0.606043215262856,-0.795431720032499,322.696051722017,921,699,"(921.0, 699.0)",2809,1,raw_vertical_uncalibrated,,,,,,,,,,,,,,,,,,,,,,not_corrected
vertical,annotator_csv,vertical_20250120,73b,73b,73b_00002,vertical_20250120__73b__73b_00002,10,,vertical,,20250120,07:58:00,73b_00002_waggle_annotations.csv,/Users/fereshteh/Documents/Waggle dance/Ferehsteh/mp4/20250120/00002.mp4,"(-0.7633862853691145, -0.6459422414661737)",-0.763386285369115,-0.645942241466174,310.236358309274,957,751,"(957.0, 751.0)",2851,1,raw_vertical_uncalibrated,,,,,,,,,,,,,,,,,,,,,,not_corrected
vertical,annotator_csv,vertical_20250120,73b,73b,73b_00002,vertical_20250120__73b__73b_00002,11,,vertical,,20250120,07:58:00,73b_00002_waggle_annotations.csv,/Users/fereshteh/Documents/Waggle dance/Ferehsteh/mp4/20250120/00002.mp4,"(-0.8320502943378437, -0.5547001962252291)",-0.832050294337844,-0.554700196225229,303.69006752598,982,766,"(982.0, 766.0)",2905,1,raw_vertical_uncalibrated,,,,,,,,,,,,,,,,,,,,,,not_corrected
vertical,annotator_csv,vertical_20250120,73b,73b,73b_00002,vertical_20250120__73b__73b_00002,12,,vertical,,20250120,07:58:00,73b_00002_waggle_annotations.csv,/Users/fereshteh/Documents/Waggle dance/Ferehsteh/mp4/20250120/00002.mp4,"(-0.7474093186836597, -0.6643638388299198)",-0.74740931868366,-0.66436383882992,311.63353933657,977,793,"(977.0, 793.0)",2950,1,raw_vertical_uncalibrated,,,,,,,,,,,,,,,,,,,,,,not_corrected
vertical,annotator_csv,vertical_20250120,73b,73b,73b_00002,vertical_20250120__73b__73b_00002,13,,vertical,,20250120,07:58:00,73b_00002_waggle_annotations.csv,/Users/fereshteh/Documents/Waggle dance/Ferehsteh/mp4/20250120/00002.mp4,"(-0.7071067811865475, -0.7071067811865475)",-0.707106781186548,-0.707106781186548,315,965,810,"(965.0, 810.0)",3006,1,raw_vertical_uncalibrated,,,,,,,,,,,,,,,,,,,,,,not_corrected
vertical,annotator_csv,vertical_20250120,73b,73b,73b_00002,vertical_20250120__73b__73b_00002,14,,vertical,,20250120,07:58:00,73b_00002_waggle_annotations.csv,/Users/fereshteh/Documents/Waggle dance/Ferehsteh/mp4/20250120/00002.mp4,"(-0.7071067811865476, -0.7071067811865476)",-0.707106781186548,-0.707106781186548,315,973,825,"(973.0, 825.0)",3051,1,raw_vertical_uncalibrated,,,,,,,,,,,,,,,,,,,,,,not_corrected
vertical,annotator_csv,vertical_20250120,73b,73b,73b_00004,vertical_20250120__73b__73b_00004,1,,vertical,,20250120,08:04:00,73b_00004_waggle_annotations.csv,/Users/fereshteh/Documents/Waggle dance/Ferehsteh/mp4/20250120/00004.mp4,"(-0.413802944301184, -0.9103664774626047)",-0.413802944301184,-0.910366477462605,335.556045219583,1099,690,"(1099.0, 690.0)",566,1,raw_vertical_uncalibrated,,,,,,,,,,,,,,,,,,,,,,not_corrected
vertical,annotator_csv,vertical_20250120,73b,73b,73b_00004,vertical_20250120__73b__73b_00004,2,,vertical,,20250120,08:04:00,73b_00004_waggle_annotations.csv,/Users/fereshteh/Documents/Waggle dance/Ferehsteh/mp4/20250120/00004.mp4,"(-0.7432941462471664, -0.6689647316224497)",-0.743294146247166,-0.66896473162245,311.987212495817,1280,852,"(1280.0, 852.0)",642,1,raw_vertical_uncalibrated,,,,,,,,,,,,,,,,,,,,,,not_corrected
vertical,annotator_csv,vertical_20250120,73b,73b,73b_00004,vertical_20250120__73b__73b_00004,3,,vertical,,20250120,08:04:00,73b_00004_waggle_annotations.csv,/Users/fereshteh/Documents/Waggle dance/Ferehsteh/mp4/20250120/00004.mp4,"(-0.7592566023652966, -0.6507913734559685)",-0.759256602365297,-0.650791373455969,310.601294645005,1298,850,"(1298.0, 850.0)",704,1,raw_vertical_uncalibrated,,,,,,,,,,,,,,,,,,,,,,not_corrected
vertical,annotator_csv,vertical_20250120,73b,73b,73b_00004,vertical_20250120__73b__73b_00004,4,,vertical,,20250120,08:04:00,73b_00004_waggle_annotations.csv,/Users/fereshteh/Documents/Waggle dance/Ferehsteh/mp4/20250120/00004.mp4,"(-0.8, -0.6)",-0.8,-0.6,306.869897645844,777,594,"(777.0, 594.0)",821,1,raw_vertical_uncalibrated,,,,,,,,,,,,,,,,,,,,,,not_corrected
vertical,annotator_csv,vertical_20250120,73b,73b,73b_00004,vertical_20250120__73b__73b_00004,5,,vertical,,20250120,08:04:00,73b_00004_waggle_annotations.csv,/Users/fereshteh/Documents/Waggle dance/Ferehsteh/mp4/20250120/00004.mp4,"(-0.8087360843031884, -0.5881716976750462)",-0.808736084303188,-0.588171697675046,306.027373385104,766,679,"(766.0, 679.0)",882,1,raw_vertical_uncalibrated,,,,,,,,,,,,,,,,,,,,,,not_corrected
vertical,annotator_csv,vertical_20250120,73b,73b,73b_00004,vertical_20250120__73b__73b_00004,6,,vertical,,20250120,08:04:00,73b_00004_waggle_annotations.csv,/Users/fereshteh/Documents/Waggle dance/Ferehsteh/mp4/20250120/00004.mp4,"(-0.8, -0.6)",-0.8,-0.6,306.869897645844,755,685,"(755.0, 685.0)",934,1,raw_vertical_uncalibrated,,,,,,,,,,,,,,,,,,,,,,not_corrected
vertical,annotator_csv,vertical_20250120,73b,73b,73b_00004,vertical_20250120__73b__73b_00004,7,,vertical,,20250120,08:04:00,73b_00004_waggle_annotations.csv,/Users/fereshteh/Documents/Waggle dance/Ferehsteh/mp4/20250120/00004.mp4,"(-0.7719302356170498, -0.6357072528610997)",-0.77193023561705,-0.6357072528611,309.472459848344,782,720,"(782.0, 720.0)",979,1,raw_vertical_uncalibrated,,,,,,,,,,,,,,,,,,,,,,not_corrected
vertical,annotator_csv,vertical_20250120,73b,73b,73b_00004,vertical_20250120__73b__73b_00004,8,,vertical,,20250120,08:04:00,73b_00004_waggle_annotations.csv,/Users/fereshteh/Documents/Waggle dance/Ferehsteh/mp4/20250120/00004.mp4,"(-0.8178064193007666, -0.5754934061746135)",-0.817806419300767,-0.575493406174614,305.134193056916,782,704,"(782.0, 704.0)",1023,1,raw_vertical_uncalibrated,,,,,,,,,,,,,,,,,,,,,,not_corrected
vertical,annotator_csv,vertical_20250120,73b,73b,73b_00004,vertical_20250120__73b__73b_00004,9,,vertical,,20250120,08:04:00,73b_00004_waggle_annotations.csv,/Users/fereshteh/Documents/Waggle dance/Ferehsteh/mp4/20250120/00004.mp4,"(-0.7071067811865476, -0.7071067811865476)",-0.707106781186548,-0.707106781186548,315,841,699,"(841.0, 699.0)",1075,1,raw_vertical_uncalibrated,,,,,,,,,,,,,,,,,,,,,,not_corrected
vertical,annotator_csv,vertical_20250120,73b,73b,73b_00004,vertical_20250120__73b__73b_00004,10,,vertical,,20250120,08:04:00,73b_00004_waggle_annotations.csv,/Users/fereshteh/Documents/Waggle dance/Ferehsteh/mp4/20250120/00004.mp4,"(-0.8944271909999159, -0.4472135954999579)",-0.894427190999916,-0.447213595499958,296.565051177078,836,723,"(836.0, 723.0)",1118,1,raw_vertical_uncalibrated,,,,,,,,,,,,,,,,,,,,,,not_corrected
vertical,annotator_csv,vertical_20250120,73b,73b,73b_00004,vertical_20250120__73b__73b_00004,11,,vertical,,20250120,08:04:00,73b_00004_waggle_annotations.csv,/Users/fereshteh/Documents/Waggle dance/Ferehsteh/mp4/20250120/00004.mp4,"(-0.8682431421244593, -0.49613893835683387)",-0.868243142124459,-0.496138938356834,299.744881296942,903,717,"(903.0, 717.0)",1172,1,raw_vertical_uncalibrated,,,,,,,,,,,,,,,,,,,,,,not_corrected
vertical,annotator_csv,vertical_20250120,73b,73b,73b_00004,vertical_20250120__73b__73b_00004,12,,vertical,,20250120,08:04:00,73b_00004_waggle_annotations.csv,/Users/fereshteh/Documents/Waggle dance/Ferehsteh/mp4/20250120/00004.mp4,"(-0.847998304005088, -0.52999894000318)",-0.847998304005088,-0.52999894000318,302.005383208084,876,753,"(876.0, 753.0)",1221,1,raw_vertical_uncalibrated,,,,,,,,,,,,,,,,,,,,,,not_corrected
vertical,annotator_csv,vertical_20250120,73b,73b,73b_00004,vertical_20250120__73b__73b_00004,13,,vertical,,20250120,08:04:00,73b_00004_waggle_annotations.csv,/Users/fereshteh/Documents/Waggle dance/Ferehsteh/mp4/20250120/00004.mp4,"(-0.7071067811865476, -0.7071067811865476)",-0.707106781186548,-0.707106781186548,315,952,696,"(952.0, 696.0)",1287,1,raw_vertical_uncalibrated,,,,,,,,,,,,,,,,,,,,,,not_corrected
vertical,annotator_csv,vertical_20250120,73b,73b,73b_00004,vertical_20250120__73b__73b_00004,14,,vertical,,20250120,08:04:00,73b_00004_waggle_annotations.csv,/Users/fereshteh/Documents/Waggle dance/Ferehsteh/mp4/20250120/00004.mp4,"(-0.7071067811865475, -0.7071067811865475)",-0.707106781186548,-0.707106781186548,315,946,717,"(946.0, 717.0)",1327,1,raw_vertical_uncalibrated,,,,,,,,,,,,,,,,,,,,,,not_corrected
vertical,annotator_csv,vertical_20250120,73b,73b,73b_00004,vertical_20250120__73b__73b_00004,15,,vertical,,20250120,08:04:00,73b_00004_waggle_annotations.csv,/Users/fereshteh/Documents/Waggle dance/Ferehsteh/mp4/20250120/00004.mp4,"(-0.7071067811865476, -0.7071067811865476)",-0.707106781186548,-0.707106781186548,315,976,674,"(976.0, 674.0)",1382,1,raw_vertical_uncalibrated,,,,,,,,,,,,,,,,,,,,,,not_corrected
vertical,annotator_csv,vertical_20250120,73b,73b,73b_00004,vertical_20250120__73b__73b_00004,16,,vertical,,20250120,08:04:00,73b_00004_waggle_annotations.csv,/Users/fereshteh/Documents/Waggle dance/Ferehsteh/mp4/20250120/00004.mp4,"(-0.8087360843031884, -0.5881716976750462)",-0.808736084303188,-0.588171697675046,306.027373385104,981,550,"(981.0, 550.0)",1444,1,raw_vertical_uncalibrated,,,,,,,,,,,,,,,,,,,,,,not_corrected
vertical,annotator_csv,vertical_20250120,73b,73b,73b_00004,vertical_20250120__73b__73b_00004,17,,vertical,,20250120,08:04:00,73b_00004_waggle_annotations.csv,/Users/fereshteh/Documents/Waggle dance/Ferehsteh/mp4/20250120/00004.mp4,"(-0.7310552682428689, -0.682318250360011)",-0.731055268242869,-0.682318250360011,313.025065989118,1188,666,"(1188.0, 666.0)",1588,1,raw_vertical_uncalibrated,,,,,,,,,,,,,,,,,,,,,,not_corrected
vertical,annotator_csv,vertical_20250120,73b,73b,73b_00004,vertical_20250120__73b__73b_00004,18,,vertical,,20250120,08:04:00,73b_00004_waggle_annotations.csv,/Users/fereshteh/Documents/Waggle dance/Ferehsteh/mp4/20250120/00004.mp4,"(-0.7071067811865476, -0.7071067811865476)",-0.707106781186548,-0.707106781186548,315,1220,674,"(1220.0, 674.0)",1624,1,raw_vertical_uncalibrated,,,,,,,,,,,,,,,,,,,,,,not_corrected
vertical,annotator_csv,vertical_20250120,73b,73b,73b_00004,vertical_20250120__73b__73b_00004,19,,vertical,,20250120,08:04:00,73b_00004_waggle_annotations.csv,/Users/fereshteh/Documents/Waggle dance/Ferehsteh/mp4/20250120/00004.mp4,"(-0.6332377902572627, -0.773957299203321)",-0.633237790257263,-0.773957299203321,320.7105931375,1235,666,"(1235.0, 666.0)",1673,1,raw_vertical_uncalibrated,,,,,,,,,,,,,,,,,,,,,,not_corrected
vertical,annotator_csv,vertical_20250120,73b,73b,73b_00004,vertical_20250120__73b__73b_00004,20,,vertical,,20250120,08:04:00,73b_00004_waggle_annotations.csv,/Users/fereshteh/Documents/Waggle dance/Ferehsteh/mp4/20250120/00004.mp4,"(-0.7071067811865475, -0.7071067811865475)",-0.707106781186548,-0.707106781186548,315,1226,617,"(1226.0, 617.0)",1718,1,raw_vertical_uncalibrated,,,,,,,,,,,,,,,,,,,,,,not_corrected
vertical,annotator_csv,vertical_20250120,73b,73b,73b_00004,vertical_20250120__73b__73b_00004,21,,vertical,,20250120,08:04:00,73b_00004_waggle_annotations.csv,/Users/fereshteh/Documents/Waggle dance/Ferehsteh/mp4/20250120/00004.mp4,"(-0.7592566023652966, -0.6507913734559685)",-0.759256602365297,-0.650791373455969,310.601294645005,1296,617,"(1296.0, 617.0)",1760,1,raw_vertical_uncalibrated,,,,,,,,,,,,,,,,,,,,,,not_corrected
vertical,annotator_csv,vertical_20250120,73b,73b,73b_00004,vertical_20250120__73b__73b_00004,22,,vertical,,20250120,08:04:00,73b_00004_waggle_annotations.csv,/Users/fereshteh/Documents/Waggle dance/Ferehsteh/mp4/20250120/00004.mp4,"(-0.7071067811865475, -0.7071067811865475)",-0.707106781186548,-0.707106781186548,315,1269,660,"(1269.0, 660.0)",1811,1,raw_vertical_uncalibrated,,,,,,,,,,,,,,,,,,,,,,not_corrected
vertical,annotator_csv,vertical_20250120,73b,73b,73b_00004,vertical_20250120__73b__73b_00004,23,,vertical,,20250120,08:04:00,73b_00004_waggle_annotations.csv,/Users/fereshteh/Documents/Waggle dance/Ferehsteh/mp4/20250120/00004.mp4,"(-0.7592566023652966, -0.6507913734559685)",-0.759256602365297,-0.650791373455969,310.601294645005,1290,604,"(1290.0, 604.0)",1856,1,raw_vertical_uncalibrated,,,,,,,,,,,,,,,,,,,,,,not_corrected
vertical,annotator_csv,vertical_20250120,73b,73b,73b_00004,vertical_20250120__73b__73b_00004,24,,vertical,,20250120,08:04:00,73b_00004_waggle_annotations.csv,/Users/fereshteh/Documents/Waggle dance/Ferehsteh/mp4/20250120/00004.mp4,"(-0.7071067811865475, -0.7071067811865475)",-0.707106781186548,-0.707106781186548,315,1301,663,"(1301.0, 663.0)",1904,1,raw_vertical_uncalibrated,,,,,,,,,,,,,,,,,,,,,,not_corrected
vertical,annotator_csv,vertical_20250120,73b,73b,73b_00004,vertical_20250120__73b__73b_00004,25,,vertical,,20250120,08:04:00,73b_00004_waggle_annotations.csv,/Users/fereshteh/Documents/Waggle dance/Ferehsteh/mp4/20250120/00004.mp4,"(-0.6839411288813297, -0.7295372041400852)",-0.68394112888133,-0.729537204140085,316.847610265995,1231,701,"(1231.0, 701.0)",1967,1,raw_vertical_uncalibrated,,,,,,,,,,,,,,,,,,,,,,not_corrected
vertical,annotator_csv,vertical_20250120,73b,73b,73b_00004,vertical_20250120__73b__73b_00004,26,,vertical,,20250120,08:04:00,73b_00004_waggle_annotations.csv,/Users/fereshteh/Documents/Waggle dance/Ferehsteh/mp4/20250120/00004.mp4,"(-0.5984544832852713, -0.8011568082689923)",-0.598454483285271,-0.801156808268992,323.240711829708,1185,736,"(1185.0, 736.0)",2017,1,raw_vertical_uncalibrated,,,,,,,,,,,,,,,,,,,,,,not_corrected
vertical,annotator_csv,vertical_20250120,73b,73b,73b_00004,vertical_20250120__73b__73b_00004,27,,vertical,,20250120,08:04:00,73b_00004_waggle_annotations.csv,/Users/fereshteh/Documents/Waggle dance/Ferehsteh/mp4/20250120/00004.mp4,"(-0.6912226459673644, -0.7226418571476991)",-0.691222645967364,-0.722641857147699,316.273030020057,1218,641,"(1218.0, 641.0)",2071,1,raw_vertical_uncalibrated,,,,,,,,,,,,,,,,,,,,,,not_corrected
vertical,annotator_csv,vertical_20250120,73b,73b,73b_00007,vertical_20250120__73b__73b_00007,1,,vertical,,20250120,08:15:00,73b_00007_waggle_annotations.csv,/Users/fereshteh/Documents/Waggle dance/Ferehsteh/mp4/20250120/00007.mp4,"(-0.6401843996644799, -0.7682212795973759)",-0.64018439966448,-0.768221279597376,320.194428907735,1268,699,"(1268.0, 699.0)",31,1,raw_vertical_uncalibrated,,,,,,,,,,,,,,,,,,,,,,not_corrected
vertical,annotator_csv,vertical_20250120,73b,73b,73b_00007,vertical_20250120__73b__73b_00007,2,,vertical,,20250120,08:15:00,73b_00007_waggle_annotations.csv,/Users/fereshteh/Documents/Waggle dance/Ferehsteh/mp4/20250120/00007.mp4,"(-0.6246950475544243, -0.7808688094430304)",-0.624695047554424,-0.78086880944303,321.34019174591,1261,714,"(1261.0, 714.0)",86,1,raw_vertical_uncalibrated,,,,,,,,,,,,,,,,,,,,,,not_corrected
vertical,annotator_csv,vertical_20250120,73b,73b,73b_00007,vertical_20250120__73b__73b_00007,3,,vertical,,20250120,08:15:00,73b_00007_waggle_annotations.csv,/Users/fereshteh/Documents/Waggle dance/Ferehsteh/mp4/20250120/00007.mp4,"(-0.49026123963255896, -0.8715755371245493)",-0.490261239632559,-0.871575537124549,330.642246457209,1285,665,"(1285.0, 665.0)",128,1,raw_vertical_uncalibrated,,,,,,,,,,,,,,,,,,,,,,not_corrected
vertical,annotator_csv,vertical_20250120,73b,73b,73b_00007,vertical_20250120__73b__73b_00007,4,,vertical,,20250120,08:15:00,73b_00007_waggle_annotations.csv,/Users/fereshteh/Documents/Waggle dance/Ferehsteh/mp4/20250120/00007.mp4,"(-0.5766831975986553, -0.8169678632647616)",-0.576683197598655,-0.816967863264762,324.782407031807,1242,666,"(1242.0, 666.0)",185,1,raw_vertical_uncalibrated,,,,,,,,,,,,,,,,,,,,,,not_corrected
vertical,annotator_csv,vertical_20250120,73b,73b,73b_00007,vertical_20250120__73b__73b_00007,5,,vertical,,20250120,08:15:00,73b_00007_waggle_annotations.csv,/Users/fereshteh/Documents/Waggle dance/Ferehsteh/mp4/20250120/00007.mp4,"(-0.5734623443633283, -0.8192319205190405)",-0.573462344363328,-0.819231920519041,325.007979801441,1272,689,"(1272.0, 689.0)",225,1,raw_vertical_uncalibrated,,,,,,,,,,,,,,,,,,,,,,not_corrected
vertical,annotator_csv,vertical_20250120,73b,73b,73b_00007,vertical_20250120__73b__73b_00007,6,,vertical,,20250120,08:15:00,73b_00007_waggle_annotations.csv,/Users/fereshteh/Documents/Waggle dance/Ferehsteh/mp4/20250120/00007.mp4,"(-0.6, -0.8)",-0.6,-0.8,323.130102354156,1264,645,"(1264.0, 645.0)",276,1,raw_vertical_uncalibrated,,,,,,,,,,,,,,,,,,,,,,not_corrected
vertical,annotator_csv,vertical_20250120,73b,73b,73b_00007,vertical_20250120__73b__73b_00007,7,,vertical,,20250120,08:15:00,73b_00007_waggle_annotations.csv,/Users/fereshteh/Documents/Waggle dance/Ferehsteh/mp4/20250120/00007.mp4,"(-0.5368754921931592, -0.8436614877321075)",-0.536875492193159,-0.843661487732108,327.528807709152,1286,656,"(1286.0, 656.0)",329,1,raw_vertical_uncalibrated,,,,,,,,,,,,,,,,,,,,,,not_corrected
vertical,annotator_csv,vertical_20250120,73b,73b,73b_00007,vertical_20250120__73b__73b_00007,8,,vertical,,20250120,08:15:00,73b_00007_waggle_annotations.csv,/Users/fereshteh/Documents/Waggle dance/Ferehsteh/mp4/20250120/00007.mp4,"(-0.5717926616881727, -0.8203981667699868)",-0.571792661688173,-0.820398166769987,325.124671655398,1297,673,"(1297.0, 673.0)",378,1,raw_vertical_uncalibrated,,,,,,,,,,,,,,,,,,,,,,not_corrected
vertical,annotator_csv,vertical_20250120,73b,73b,73b_00007,vertical_20250120__73b__73b_00007,9,,vertical,,20250120,08:15:00,73b_00007_waggle_annotations.csv,/Users/fereshteh/Documents/Waggle dance/Ferehsteh/mp4/20250120/00007.mp4,"(-0.5240974256643347, -0.851658316704544)",-0.524097425664335,-0.851658316704544,328.392497753751,1346,684,"(1346.0, 684.0)",427,1,raw_vertical_uncalibrated,,,,,,,,,,,,,,,,,,,,,,not_corrected
vertical,annotator_csv,vertical_20250120,73b,73b,73b_00007,vertical_20250120__73b__73b_00007,10,,vertical,,20250120,08:15:00,73b_00007_waggle_annotations.csv,/Users/fereshteh/Documents/Waggle dance/Ferehsteh/mp4/20250120/00007.mp4,"(-0.5547001962252291, -0.8320502943378437)",-0.554700196225229,-0.832050294337844,326.30993247402,1323,695,"(1323.0, 695.0)",485,1,raw_vertical_uncalibrated,,,,,,,,,,,,,,,,,,,,,,not_corrected
vertical,annotator_csv,vertical_20250120,73b,73b,73b_00007,vertical_20250120__73b__73b_00007,11,,vertical,,20250120,08:15:00,73b_00007_waggle_annotations.csv,/Users/fereshteh/Documents/Waggle dance/Ferehsteh/mp4/20250120/00007.mp4,"(-0.5214500094539749, -0.853281833651959)",-0.521450009453975,-0.853281833651959,328.570434385162,1324,750,"(1324.0, 750.0)",536,1,raw_vertical_uncalibrated,,,,,,,,,,,,,,,,,,,,,,not_corrected
vertical,annotator_csv,vertical_20250120,73b,73b,73b_00007,vertical_20250120__73b__73b_00007,12,,vertical,,20250120,08:15:00,73b_00007_waggle_annotations.csv,/Users/fereshteh/Documents/Waggle dance/Ferehsteh/mp4/20250120/00007.mp4,"(-0.554700196225229, -0.8320502943378436)",-0.554700196225229,-0.832050294337844,326.30993247402,1792,671,"(1792.0, 671.0)",631,1,raw_vertical_uncalibrated,,,,,,,,,,,,,,,,,,,,,,not_corrected
vertical,annotator_csv,vertical_20250120,73b,73b,73b_00007,vertical_20250120__73b__73b_00007,13,,vertical,,20250120,08:15:00,73b_00007_waggle_annotations.csv,/Users/fereshteh/Documents/Waggle dance/Ferehsteh/mp4/20250120/00007.mp4,"(-0.6476484200955405, -0.7619393177594593)",-0.647648420095541,-0.761939317759459,319.635463426903,1385,704,"(1385.0, 704.0)",838,1,raw_vertical_uncalibrated,,,,,,,,,,,,,,,,,,,,,,not_corrected
vertical,annotator_csv,vertical_20250120,73b,73b,73b_00007,vertical_20250120__73b__73b_00007,14,,vertical,,20250120,08:15:00,73b_00007_waggle_annotations.csv,/Users/fereshteh/Documents/Waggle dance/Ferehsteh/mp4/20250120/00007.mp4,"(-0.6459422414661737, -0.7633862853691145)",-0.645942241466174,-0.763386285369115,319.763641690726,1300,700,"(1300.0, 700.0)",889,1,raw_vertical_uncalibrated,,,,,,,,,,,,,,,,,,,,,,not_corrected
vertical,annotator_csv,vertical_20250120,73b,73b,73b_00007,vertical_20250120__73b__73b_00007,15,,vertical,,20250120,08:15:00,73b_00007_waggle_annotations.csv,/Users/fereshteh/Documents/Waggle dance/Ferehsteh/mp4/20250120/00007.mp4,"(-0.6, -0.8)",-0.6,-0.8,323.130102354156,1312,720,"(1312.0, 720.0)",932,1,raw_vertical_uncalibrated,,,,,,,,,,,,,,,,,,,,,,not_corrected
vertical,annotator_csv,vertical_20250120,73b,73b,73b_00007,vertical_20250120__73b__73b_00007,16,,vertical,,20250120,08:15:00,73b_00007_waggle_annotations.csv,/Users/fereshteh/Documents/Waggle dance/Ferehsteh/mp4/20250120/00007.mp4,"(-0.6097107608496923, -0.7926239891046)",-0.609710760849692,-0.7926239891046,322.431407971173,1253,730,"(1253.0, 730.0)",979,1,raw_vertical_uncalibrated,,,,,,,,,,,,,,,,,,,,,,not_corrected
vertical,annotator_csv,vertical_20250120,73b,73b,73b_00007,vertical_20250120__73b__73b_00007,17,,vertical,,20250120,08:15:00,73b_00007_waggle_annotations.csv,/Users/fereshteh/Documents/Waggle dance/Ferehsteh/mp4/20250120/00007.mp4,"(-0.5449883505954141, -0.838443616300637)",-0.544988350595414,-0.838443616300637,326.976132444203,1234,687,"(1234.0, 687.0)",1043,1,raw_vertical_uncalibrated,,,,,,,,,,,,,,,,,,,,,,not_corrected
vertical,annotator_csv,vertical_20250120,73b,73b,73b_00007,vertical_20250120__73b__73b_00007,18,,vertical,,20250120,08:15:00,73b_00007_waggle_annotations.csv,/Users/fereshteh/Documents/Waggle dance/Ferehsteh/mp4/20250120/00007.mp4,"(-0.5449883505954141, -0.838443616300637)",-0.544988350595414,-0.838443616300637,326.976132444203,1247,691,"(1247.0, 691.0)",1139,1,raw_vertical_uncalibrated,,,,,,,,,,,,,,,,,,,,,,not_corrected
vertical,annotator_csv,vertical_20250120,73b,73b,73b_00007,vertical_20250120__73b__73b_00007,19,,vertical,,20250120,08:15:00,73b_00007_waggle_annotations.csv,/Users/fereshteh/Documents/Waggle dance/Ferehsteh/mp4/20250120/00007.mp4,"(-0.7071067811865476, -0.7071067811865476)",-0.707106781186548,-0.707106781186548,315,1190,665,"(1190.0, 665.0)",1185,1,raw_vertical_uncalibrated,,,,,,,,,,,,,,,,,,,,,,not_corrected
vertical,annotator_csv,vertical_20250120,73b,73b,73b_00007,vertical_20250120__73b__73b_00007,20,,vertical,,20250120,08:15:00,73b_00007_waggle_annotations.csv,/Users/fereshteh/Documents/Waggle dance/Ferehsteh/mp4/20250120/00007.mp4,"(-0.6709133239691262, -0.7415357791237711)",-0.670913323969126,-0.741535779123771,317.862405226112,1199,691,"(1199.0, 691.0)",1238,1,raw_vertical_uncalibrated,,,,,,,,,,,,,,,,,,,,,,not_corrected
vertical,annotator_csv,vertical_20250120,73b,73b,73b_00007,vertical_20250120__73b__73b_00007,21,,vertical,,20250120,08:15:00,73b_00007_waggle_annotations.csv,/Users/fereshteh/Documents/Waggle dance/Ferehsteh/mp4/20250120/00007.mp4,"(-0.5913636636275174, -0.8064049958557055)",-0.591363663627517,-0.806404995855706,323.746162262555,1212,726,"(1212.0, 726.0)",1289,1,raw_vertical_uncalibrated,,,,,,,,,,,,,,,,,,,,,,not_corrected
vertical,annotator_csv,vertical_20250120,73b,73b,73b_00007,vertical_20250120__73b__73b_00007,22,,vertical,,20250120,08:15:00,73b_00007_waggle_annotations.csv,/Users/fereshteh/Documents/Waggle dance/Ferehsteh/mp4/20250120/00007.mp4,"(-0.6074501075707971, -0.7943578329771962)",-0.607450107570797,-0.794357832977196,322.594643368591,1243,728,"(1243.0, 728.0)",1342,1,raw_vertical_uncalibrated,,,,,,,,,,,,,,,,,,,,,,not_corrected
vertical,annotator_csv,vertical_20250120,73b,73b,73b_00007,vertical_20250120__73b__73b_00007,23,,vertical,,20250120,08:15:00,73b_00007_waggle_annotations.csv,/Users/fereshteh/Documents/Waggle dance/Ferehsteh/mp4/20250120/00007.mp4,"(-0.5854905538443584, -0.8106792283998809)",-0.585490553844358,-0.810679228399881,324.162347045722,1234,769,"(1234.0, 769.0)",1389,1,raw_vertical_uncalibrated,,,,,,,,,,,,,,,,,,,,,,not_corrected
vertical,annotator_csv,vertical_20250120,73b,73b,73b_00007,vertical_20250120__73b__73b_00007,24,,vertical,,20250120,08:15:00,73b_00007_waggle_annotations.csv,/Users/fereshteh/Documents/Waggle dance/Ferehsteh/mp4/20250120/00007.mp4,"(-0.5368754921931592, -0.8436614877321075)",-0.536875492193159,-0.843661487732108,327.528807709152,1290,619,"(1290.0, 619.0)",1474,1,raw_vertical_uncalibrated,,,,,,,,,,,,,,,,,,,,,,not_corrected
vertical,annotator_csv,vertical_20250120,73b,73b,73b_00012,vertical_20250120__73b__73b_00012,1,,vertical,,20250120,08:24:00,73b_00012_waggle_annotations.csv,/Users/fereshteh/Documents/Waggle dance/Ferehsteh/mp4/20250120/00012.mp4,"(-0.5449883505954141, -0.838443616300637)",-0.544988350595414,-0.838443616300637,326.976132444203,685,621,"(685.0, 621.0)",1230,1,raw_vertical_uncalibrated,,,,,,,,,,,,,,,,,,,,,,not_corrected
vertical,annotator_csv,vertical_20250120,73b,73b,73b_00012,vertical_20250120__73b__73b_00012,2,,vertical,,20250120,08:24:00,73b_00012_waggle_annotations.csv,/Users/fereshteh/Documents/Waggle dance/Ferehsteh/mp4/20250120/00012.mp4,"(-0.5144957554275266, -0.8574929257125442)",-0.514495755427527,-0.857492925712544,329.036243467926,677,629,"(677.0, 629.0)",1302,1,raw_vertical_uncalibrated,,,,,,,,,,,,,,,,,,,,,,not_corrected
vertical,annotator_csv,vertical_20250120,73b,73b,73b_00012,vertical_20250120__73b__73b_00012,3,,vertical,,20250120,08:24:00,73b_00012_waggle_annotations.csv,/Users/fereshteh/Documents/Waggle dance/Ferehsteh/mp4/20250120/00012.mp4,"(-0.5070201265633938, -0.8619342151577695)",-0.507020126563394,-0.86193421515777,329.53445508054,778,659,"(778.0, 659.0)",1361,1,raw_vertical_uncalibrated,,,,,,,,,,,,,,,,,,,,,,not_corrected
vertical,annotator_csv,vertical_20250120,73b,73b,73b_00012,vertical_20250120__73b__73b_00012,4,,vertical,,20250120,08:24:00,73b_00012_waggle_annotations.csv,/Users/fereshteh/Documents/Waggle dance/Ferehsteh/mp4/20250120/00012.mp4,"(-0.5449883505954141, -0.838443616300637)",-0.544988350595414,-0.838443616300637,326.976132444203,741,619,"(741.0, 619.0)",1427,1,raw_vertical_uncalibrated,,,,,,,,,,,,,,,,,,,,,,not_corrected
vertical,annotator_csv,vertical_20250120,73b,73b,73b_00012,vertical_20250120__73b__73b_00012,5,,vertical,,20250120,08:24:00,73b_00012_waggle_annotations.csv,/Users/fereshteh/Documents/Waggle dance/Ferehsteh/mp4/20250120/00012.mp4,"(-0.5144957554275266, -0.8574929257125442)",-0.514495755427527,-0.857492925712544,329.036243467926,724,643,"(724.0, 643.0)",1495,1,raw_vertical_uncalibrated,,,,,,,,,,,,,,,,,,,,,,not_corrected
vertical,annotator_csv,vertical_20250120,73b,73b,73b_00012,vertical_20250120__73b__73b_00012,6,,vertical,,20250120,08:24:00,73b_00012_waggle_annotations.csv,/Users/fereshteh/Documents/Waggle dance/Ferehsteh/mp4/20250120/00012.mp4,"(-0.5547001962252291, -0.8320502943378437)",-0.554700196225229,-0.832050294337844,326.30993247402,699,615,"(699.0, 615.0)",1539,1,raw_vertical_uncalibrated,,,,,,,,,,,,,,,,,,,,,,not_corrected
vertical,annotator_csv,vertical_20250120,73b,73b,73b_00012,vertical_20250120__73b__73b_00012,7,,vertical,,20250120,08:24:00,73b_00012_waggle_annotations.csv,/Users/fereshteh/Documents/Waggle dance/Ferehsteh/mp4/20250120/00012.mp4,"(-0.5038710255240862, -0.8637789008984335)",-0.503871025524086,-0.863778900898434,329.743562836471,703,666,"(703.0, 666.0)",1607,1,raw_vertical_uncalibrated,,,,,,,,,,,,,,,,,,,,,,not_corrected
vertical,annotator_csv,vertical_20250120,73b,73b,73b_00012,vertical_20250120__73b__73b_00012,8,,vertical,,20250120,08:24:00,73b_00012_waggle_annotations.csv,/Users/fereshteh/Documents/Waggle dance/Ferehsteh/mp4/20250120/00012.mp4,"(-0.5263546146162954, -0.8502651466878618)",-0.526354614616295,-0.850265146687862,328.240519915187,705,706,"(705.0, 706.0)",1660,1,raw_vertical_uncalibrated,,,,,,,,,,,,,,,,,,,,,,not_corrected
vertical,annotator_csv,vertical_20250120,73b,73b,73b_00012,vertical_20250120__73b__73b_00012,9,,vertical,,20250120,08:24:00,73b_00012_waggle_annotations.csv,/Users/fereshteh/Documents/Waggle dance/Ferehsteh/mp4/20250120/00012.mp4,"(-0.5547001962252291, -0.8320502943378437)",-0.554700196225229,-0.832050294337844,326.30993247402,713,757,"(713.0, 757.0)",1713,1,raw_vertical_uncalibrated,,,,,,,,,,,,,,,,,,,,,,not_corrected
vertical,annotator_csv,vertical_20250120,73b,73b,73b_00012,vertical_20250120__73b__73b_00012,10,,vertical,,20250120,08:24:00,73b_00012_waggle_annotations.csv,/Users/fereshteh/Documents/Waggle dance/Ferehsteh/mp4/20250120/00012.mp4,"(-0.5623100214072791, -0.8269265020695281)",-0.562310021407279,-0.826926502069528,325.784297867563,706,776,"(706.0, 776.0)",1765,1,raw_vertical_uncalibrated,,,,,,,,,,,,,,,,,,,,,,not_corrected
vertical,annotator_csv,vertical_20250120,73b,73b,73b_00012,vertical_20250120__73b__73b_00012,11,,vertical,,20250120,08:24:00,73b_00012_waggle_annotations.csv,/Users/fereshteh/Documents/Waggle dance/Ferehsteh/mp4/20250120/00012.mp4,"(-0.5547001962252291, -0.8320502943378437)",-0.554700196225229,-0.832050294337844,326.30993247402,731,833,"(731.0, 833.0)",1821,1,raw_vertical_uncalibrated,,,,,,,,,,,,,,,,,,,,,,not_corrected
vertical,annotator_csv,vertical_20250120,73b,73b,73b_00012,vertical_20250120__73b__73b_00012,12,,vertical,,20250120,08:24:00,73b_00012_waggle_annotations.csv,/Users/fereshteh/Documents/Waggle dance/Ferehsteh/mp4/20250120/00012.mp4,"(-0.5734623443633283, -0.8192319205190405)",-0.573462344363328,-0.819231920519041,325.007979801441,734,840,"(734.0, 840.0)",1878,1,raw_vertical_uncalibrated,,,,,,,,,,,,,,,,,,,,,,not_corrected
vertical,annotator_csv,vertical_20250120,73b,73b,73b_00012,vertical_20250120__73b__73b_00012,13,,vertical,,20250120,08:24:00,73b_00012_waggle_annotations.csv,/Users/fereshteh/Documents/Waggle dance/Ferehsteh/mp4/20250120/00012.mp4,"(-0.5881716976750462, -0.8087360843031884)",-0.588171697675046,-0.808736084303188,323.972626614896,755,785,"(755.0, 785.0)",1933,1,raw_vertical_uncalibrated,,,,,,,,,,,,,,,,,,,,,,not_corrected
vertical,annotator_csv,vertical_20250120,73b,73b,73b_00012,vertical_20250120__73b__73b_00012,14,,vertical,,20250120,08:24:00,73b_00012_waggle_annotations.csv,/Users/fereshteh/Documents/Waggle dance/Ferehsteh/mp4/20250120/00012.mp4,"(-0.554700196225229, -0.8320502943378436)",-0.554700196225229,-0.832050294337844,326.30993247402,747,797,"(747.0, 797.0)",1982,1,raw_vertical_uncalibrated,,,,,,,,,,,,,,,,,,,,,,not_corrected
vertical,annotator_csv,vertical_20250120,73b,73b,73b_00012,vertical_20250120__73b__73b_00012,15,,vertical,,20250120,08:24:00,73b_00012_waggle_annotations.csv,/Users/fereshteh/Documents/Waggle dance/Ferehsteh/mp4/20250120/00012.mp4,"(-0.48564293117863205, -0.8741572761215377)",-0.485642931178632,-0.874157276121538,330.945395900923,785,689,"(785.0, 689.0)",2027,1,raw_vertical_uncalibrated,,,,,,,,,,,,,,,,,,,,,,not_corrected
vertical,annotator_csv,vertical_20250120,73b,73b,73b_00012,vertical_20250120__73b__73b_00012,16,,vertical,,20250120,08:24:00,73b_00012_waggle_annotations.csv,/Users/fereshteh/Documents/Waggle dance/Ferehsteh/mp4/20250120/00012.mp4,"(-0.49613893835683387, -0.8682431421244593)",-0.496138938356834,-0.868243142124459,330.255118703058,774,467,"(774.0, 467.0)",2081,1,raw_vertical_uncalibrated,,,,,,,,,,,,,,,,,,,,,,not_corrected
vertical,annotator_csv,vertical_20250120,84b,84b,84b_00004,vertical_20250120__84b__84b_00004,1,,vertical,,20250120,08:07:00,84b_00004_waggle_annotations.csv,/Users/fereshteh/Documents/Waggle dance/Ferehsteh/mp4/20250120/00004.mp4,"(-0.35713746626659143, -0.9340518348510853)",-0.357137466266591,-0.934051834851085,339.075498255079,722,582,"(722.0, 582.0)",3629,1,raw_vertical_uncalibrated,,,,,,,,,,,,,,,,,,,,,,not_corrected
vertical,annotator_csv,vertical_20250120,84b,84b,84b_00004,vertical_20250120__84b__84b_00004,2,,vertical,,20250120,08:07:00,84b_00004_waggle_annotations.csv,/Users/fereshteh/Documents/Waggle dance/Ferehsteh/mp4/20250120/00004.mp4,"(-0.4740998230350174, -0.8804710999221752)",-0.474099823035017,-0.880471099922175,331.699244233994,823,516,"(823.0, 516.0)",4346,1,raw_vertical_uncalibrated,,,,,,,,,,,,,,,,,,,,,,not_corrected
vertical,annotator_csv,vertical_20250120,84b,84b,84b_00004,vertical_20250120__84b__84b_00004,3,,vertical,,20250120,08:07:00,84b_00004_waggle_annotations.csv,/Users/fereshteh/Documents/Waggle dance/Ferehsteh/mp4/20250120/00004.mp4,"(-0.4472135954999579, -0.8944271909999159)",-0.447213595499958,-0.894427190999916,333.434948822922,914,583,"(914.0, 583.0)",4429,1,raw_vertical_uncalibrated,,,,,,,,,,,,,,,,,,,,,,not_corrected
vertical,annotator_csv,vertical_20250120,84b,84b,84b_00004,vertical_20250120__84b__84b_00004,4,,vertical,,20250120,08:07:00,84b_00004_waggle_annotations.csv,/Users/fereshteh/Documents/Waggle dance/Ferehsteh/mp4/20250120/00004.mp4,"(-0.6139406135149205, -0.7893522173763263)",-0.613940613514921,-0.789352217376326,322.125016348902,1056,559,"(1056.0, 559.0)",4490,1,raw_vertical_uncalibrated,,,,,,,,,,,,,,,,,,,,,,not_corrected
vertical,annotator_csv,vertical_20250120,84b,84b,84b_00004,vertical_20250120__84b__84b_00004,5,,vertical,,20250120,08:07:00,84b_00004_waggle_annotations.csv,/Users/fereshteh/Documents/Waggle dance/Ferehsteh/mp4/20250120/00004.mp4,"(-0.7912850013921671, -0.6114475010757654)",-0.791285001392167,-0.611447501075765,307.694240466689,1498,720,"(1498.0, 720.0)",4611,1,raw_vertical_uncalibrated,,,,,,,,,,,,,,,,,,,,,,not_corrected
vertical,annotator_csv,vertical_20250120,84b,84b,84b_00004,vertical_20250120__84b__84b_00004,6,,vertical,,20250120,08:07:00,84b_00004_waggle_annotations.csv,/Users/fereshteh/Documents/Waggle dance/Ferehsteh/mp4/20250120/00004.mp4,"(-0.6332377902572627, -0.773957299203321)",-0.633237790257263,-0.773957299203321,320.7105931375,1100,863,"(1100.0, 863.0)",4774,1,raw_vertical_uncalibrated,,,,,,,,,,,,,,,,,,,,,,not_corrected
vertical,annotator_csv,vertical_20250120,84b,84b,84b_00004,vertical_20250120__84b__84b_00004,7,,vertical,,20250120,08:07:00,84b_00004_waggle_annotations.csv,/Users/fereshteh/Documents/Waggle dance/Ferehsteh/mp4/20250120/00004.mp4,"(-0.6401843996644799, -0.7682212795973759)",-0.64018439966448,-0.768221279597376,320.194428907735,1124,815,"(1124.0, 815.0)",4820,1,raw_vertical_uncalibrated,,,,,,,,,,,,,,,,,,,,,,not_corrected
vertical,annotator_csv,vertical_20250120,84b,84b,84b_00004,vertical_20250120__84b__84b_00004,8,,vertical,,20250120,08:07:00,84b_00004_waggle_annotations.csv,/Users/fereshteh/Documents/Waggle dance/Ferehsteh/mp4/20250120/00004.mp4,"(-0.5881716976750462, -0.8087360843031884)",-0.588171697675046,-0.808736084303188,323.972626614896,1054,903,"(1054.0, 903.0)",4882,1,raw_vertical_uncalibrated,,,,,,,,,,,,,,,,,,,,,,not_corrected
vertical,annotator_csv,vertical_20250120,84b,84b,84b_00004,vertical_20250120__84b__84b_00004,9,,vertical,,20250120,08:07:00,84b_00004_waggle_annotations.csv,/Users/fereshteh/Documents/Waggle dance/Ferehsteh/mp4/20250120/00004.mp4,"(-0.6305926250944657, -0.7761140001162655)",-0.630592625094466,-0.776114000116266,320.906141113771,1094,882,"(1094.0, 882.0)",4950,1,raw_vertical_uncalibrated,,,,,,,,,,,,,,,,,,,,,,not_corrected
vertical,annotator_csv,vertical_20250120,84b,84b,84b_00010,vertical_20250120__84b__84b_00010,1,,vertical,,20250120,08:19:00,84b_00010_waggle_annotations.csv,C:\Users\frida\Documents\PhD\Waggle_dance\wd_SA2025\wd_annotator\mp4\Fereshteh\20250120\00010.mp4,"(-0.3319062115909338, -0.9433123908373908)",-0.331906211590934,-0.943312390837391,340.615484320642,1249,511,"(1249.0, 511.0)",65,1,raw_vertical_uncalibrated,,,,,,,,,,,,,,,,,,,,,,not_corrected
vertical,annotator_csv,vertical_20250120,84b,84b,84b_00010,vertical_20250120__84b__84b_00010,2,,vertical,,20250120,08:19:00,84b_00010_waggle_annotations.csv,C:\Users\frida\Documents\PhD\Waggle_dance\wd_SA2025\wd_annotator\mp4\Fereshteh\20250120\00010.mp4,"(-0.2457466701883614, -0.9693340879652034)",-0.245746670188361,-0.969334087965203,345.774036101248,1204,499,"(1204.0, 499.0)",116,1,raw_vertical_uncalibrated,,,,,,,,,,,,,,,,,,,,,,not_corrected
vertical,annotator_csv,vertical_20250120,84b,84b,84b_00010,vertical_20250120__84b__84b_00010,3,,vertical,,20250120,08:19:00,84b_00010_waggle_annotations.csv,C:\Users\frida\Documents\PhD\Waggle_dance\wd_SA2025\wd_annotator\mp4\Fereshteh\20250120\00010.mp4,"(-0.1854078591978247, -0.9826616537484709)",-0.185407859197825,-0.982661653748471,349.315087599997,1206,486,"(1206.0, 486.0)",176,1,raw_vertical_uncalibrated,,,,,,,,,,,,,,,,,,,,,,not_corrected
vertical,annotator_csv,vertical_20250120,84b,84b,84b_00010,vertical_20250120__84b__84b_00010,4,,vertical,,20250120,08:19:00,84b_00010_waggle_annotations.csv,C:\Users\frida\Documents\PhD\Waggle_dance\wd_SA2025\wd_annotator\mp4\Fereshteh\20250120\00010.mp4,"(-0.2609090251427747, -0.9653633930282663)",-0.260909025142775,-0.965363393028266,344.875992691689,1167,403,"(1167.0, 403.0)",249,1,raw_vertical_uncalibrated,,,,,,,,,,,,,,,,,,,,,,not_corrected
vertical,annotator_csv,vertical_20250121,22b,22b,22b_00002,vertical_20250121__22b__22b_00002,1,,vertical,,20250121,10:32:00,22b_00002_waggle_annotations.csv,/media/geko/VERBATIM HD/SA2025_dances/George/mp4/20250121/00002.mp4,"(0.02468383475881755, -0.9996953077321107)",0.0246838347588176,-0.999695307732111,1.41442321140216,1176,685,"(1176.0, 685.0)",19,1,raw_vertical_uncalibrated,,,,,,,,,,,,,,,,,,,,,,not_corrected
vertical,annotator_csv,vertical_20250121,22b,22b,22b_00002,vertical_20250121__22b__22b_00002,2,,vertical,,20250121,10:32:00,22b_00002_waggle_annotations.csv,/media/geko/VERBATIM HD/SA2025_dances/George/mp4/20250121/00002.mp4,"(-0.25766265056033233, -0.9662349396012463)",-0.257662650560332,-0.966234939601246,345.068582821862,1108,754,"(1108.0, 754.0)",82,1,raw_vertical_uncalibrated,,,,,,,,,,,,,,,,,,,,,,not_corrected
vertical,annotator_csv,vertical_20250121,22b,22b,22b_00002,vertical_20250121__22b__22b_00002,3,,vertical,,20250121,10:32:00,22b_00002_waggle_annotations.csv,/media/geko/VERBATIM HD/SA2025_dances/George/mp4/20250121/00002.mp4,"(-0.22485950669875843, -0.9743911956946198)",-0.224859506698758,-0.97439119569462,347.005383208084,1167,673,"(1167.0, 673.0)",164,1,raw_vertical_uncalibrated,,,,,,,,,,,,,,,,,,,,,,not_corrected
vertical,annotator_csv,vertical_20250121,22b,22b,22b_00002,vertical_20250121__22b__22b_00002,4,,vertical,,20250121,10:32:00,22b_00002_waggle_annotations.csv,/media/geko/VERBATIM HD/SA2025_dances/George/mp4/20250121/00002.mp4,"(0.12933918406776806, -0.9916004111862218)",0.129339184067768,-0.991600411186222,7.43140797117251,1208,608,"(1208.0, 608.0)",285,1,raw_vertical_uncalibrated,,,,,,,,,,,,,,,,,,,,,,not_corrected
vertical,annotator_csv,vertical_20250121,22b,22b,22b_00002,vertical_20250121__22b__22b_00002,5,,vertical,,20250121,10:32:00,22b_00002_waggle_annotations.csv,/media/geko/VERBATIM HD/SA2025_dances/George/mp4/20250121/00002.mp4,"(-0.2567226118398505, -0.9664851269264961)",-0.256722611839851,-0.966485126926496,345.124317998361,1211,592,"(1211.0, 592.0)",337,1,raw_vertical_uncalibrated,,,,,,,,,,,,,,,,,,,,,,not_corrected
vertical,annotator_csv,vertical_20250121,22b,22b,22b_00009,vertical_20250121__22b__22b_00009,1,,vertical,,20250121,10:54:00,22b_00009_waggle_annotations.csv,/media/geko/VERBATIM HD/SA2025_dances/George/mp4/20250121/00009.mp4,"(0.0, -1.0)",0,-1,0,995,847,"(995.0, 847.0)",34,1,raw_vertical_uncalibrated,,,,,,,,,,,,,,,,,,,,,,not_corrected
vertical,annotator_csv,vertical_20250121,22b,22b,22b_00009,vertical_20250121__22b__22b_00009,2,,vertical,,20250121,10:54:00,22b_00009_waggle_annotations.csv,/media/geko/VERBATIM HD/SA2025_dances/George/mp4/20250121/00009.mp4,"(0.06316475399669104, -0.9980031131477184)",0.063164753996691,-0.998003113147718,3.62148470411734,947,841,"(947.0, 841.0)",93,1,raw_vertical_uncalibrated,,,,,,,,,,,,,,,,,,,,,,not_corrected
vertical,annotator_csv,vertical_20250121,22b,22b,22b_00009,vertical_20250121__22b__22b_00009,3,,vertical,,20250121,10:54:00,22b_00009_waggle_annotations.csv,/media/geko/VERBATIM HD/SA2025_dances/George/mp4/20250121/00009.mp4,"(0.025308346645483232, -0.9996796924965877)",0.0253083466454832,-0.999679692496588,1.45021629093343,965,812,"(965.0, 812.0)",145,1,raw_vertical_uncalibrated,,,,,,,,,,,,,,,,,,,,,,not_corrected
vertical,annotator_csv,vertical_20250121,22b,22b,22b_00009,vertical_20250121__22b__22b_00009,4,,vertical,,20250121,10:54:00,22b_00009_waggle_annotations.csv,/media/geko/VERBATIM HD/SA2025_dances/George/mp4/20250121/00009.mp4,"(-0.4304725248816458, -0.9026036812034508)",-0.430472524881646,-0.902603681203451,334.502448506662,909,811,"(909.0, 811.0)",335,1,raw_vertical_uncalibrated,,,,,,,,,,,,,,,,,,,,,,not_corrected
vertical,annotator_csv,vertical_20250121,22b,22b,22b_00014,vertical_20250121__22b__22b_00014,1,,vertical,,20250121,11:06:00,22b_00014_waggle_annotations.csv,/media/geko/VERBATIM HD/SA2025_dances/George/mp4/20250121/00014.mp4,"(0.2356000256215042, -0.9718501056887048)",0.235600025621504,-0.971850105688705,13.6269948598915,900,651,"(900.0, 651.0)",134,1,raw_vertical_uncalibrated,,,,,,,,,,,,,,,,,,,,,,not_corrected
vertical,annotator_csv,vertical_20250121,22b,22b,22b_00014,vertical_20250121__22b__22b_00014,2,,vertical,,20250121,11:06:00,22b_00014_waggle_annotations.csv,/media/geko/VERBATIM HD/SA2025_dances/George/mp4/20250121/00014.mp4,"(0.19611613513818404, -0.9805806756909201)",0.196116135138184,-0.98058067569092,11.3099324740202,871,648,"(871.0, 648.0)",185,1,raw_vertical_uncalibrated,,,,,,,,,,,,,,,,,,,,,,not_corrected
vertical,annotator_csv,vertical_20250121,22b,22b,22b_00014,vertical_20250121__22b__22b_00014,3,,vertical,,20250121,11:06:00,22b_00014_waggle_annotations.csv,/media/geko/VERBATIM HD/SA2025_dances/George/mp4/20250121/00014.mp4,"(0.2256083956226203, -0.9742180720067695)",0.22560839562262,-0.97421807200677,13.038656583023,917,608,"(917.0, 608.0)",234,1,raw_vertical_uncalibrated,,,,,,,,,,,,,,,,,,,,,,not_corrected
vertical,annotator_csv,vertical_20250121,22b,22b,22b_00014,vertical_20250121__22b__22b_00014,4,,vertical,,20250121,11:06:00,22b_00014_waggle_annotations.csv,/media/geko/VERBATIM HD/SA2025_dances/George/mp4/20250121/00014.mp4,"(0.2700654311493585, -0.9628419719237997)",0.270065431149359,-0.9628419719238,15.6681604217525,656,654,"(656.0, 654.0)",375,1,raw_vertical_uncalibrated,,,,,,,,,,,,,,,,,,,,,,not_corrected
vertical,annotator_csv,vertical_20250121,22b,22b,22b_00014,vertical_20250121__22b__22b_00014,5,,vertical,,20250121,11:06:00,22b_00014_waggle_annotations.csv,/media/geko/VERBATIM HD/SA2025_dances/George/mp4/20250121/00014.mp4,"(0.12716431598536546, -0.9918816646858506)",0.127164315985365,-0.991881664685851,7.30575953331083,711,634,"(711.0, 634.0)",427,1,raw_vertical_uncalibrated,,,,,,,,,,,,,,,,,,,,,,not_corrected
vertical,annotator_csv,vertical_20250121,22b,22b,22b_00014,vertical_20250121__22b__22b_00014,6,,vertical,,20250121,11:06:00,22b_00014_waggle_annotations.csv,/media/geko/VERBATIM HD/SA2025_dances/George/mp4/20250121/00014.mp4,"(0.389639990836698, -0.9209672510685588)",0.389639990836698,-0.920967251068559,22.9321004375898,745,595,"(745.0, 595.0)",486,1,raw_vertical_uncalibrated,,,,,,,,,,,,,,,,,,,,,,not_corrected
vertical,annotator_csv,vertical_20250121,22b,22b,22b_00014,vertical_20250121__22b__22b_00014,7,,vertical,,20250121,11:06:00,22b_00014_waggle_annotations.csv,/media/geko/VERBATIM HD/SA2025_dances/George/mp4/20250121/00014.mp4,"(0.3713906763541037, -0.9284766908852593)",0.371390676354104,-0.928476690885259,21.8014094863518,736,594,"(736.0, 594.0)",541,1,raw_vertical_uncalibrated,,,,,,,,,,,,,,,,,,,,,,not_corrected
vertical,annotator_csv,vertical_20250121,22b,22b,22b_00014,vertical_20250121__22b__22b_00014,8,,vertical,,20250121,11:06:00,22b_00014_waggle_annotations.csv,/media/geko/VERBATIM HD/SA2025_dances/George/mp4/20250121/00014.mp4,"(0.13391789600139503, -0.9909924304103233)",0.133917896001395,-0.990992430410323,7.69605172201657,716,579,"(716.0, 579.0)",598,1,raw_vertical_uncalibrated,,,,,,,,,,,,,,,,,,,,,,not_corrected
vertical,annotator_csv,vertical_20250121,22b,22b,22b_00014,vertical_20250121__22b__22b_00014,9,,vertical,,20250121,11:06:00,22b_00014_waggle_annotations.csv,/media/geko/VERBATIM HD/SA2025_dances/George/mp4/20250121/00014.mp4,"(0.3197786441581797, -0.9474922789871991)",0.31977864415818,-0.947492278987199,18.6495387540514,732,548,"(732.0, 548.0)",649,1,raw_vertical_uncalibrated,,,,,,,,,,,,,,,,,,,,,,not_corrected
vertical,annotator_csv,vertical_20250121,22b,22b,22b_00014,vertical_20250121__22b__22b_00014,10,,vertical,,20250121,11:06:00,22b_00014_waggle_annotations.csv,/media/geko/VERBATIM HD/SA2025_dances/George/mp4/20250121/00014.mp4,"(0.16007115855366244, -0.9871054777475851)",0.160071158553662,-0.987105477747585,9.21102654081667,875,596,"(875.0, 596.0)",802,1,raw_vertical_uncalibrated,,,,,,,,,,,,,,,,,,,,,,not_corrected
vertical,annotator_csv,vertical_20250121,22b,22b,22b_00014,vertical_20250121__22b__22b_00014,11,,vertical,,20250121,11:06:00,22b_00014_waggle_annotations.csv,/media/geko/VERBATIM HD/SA2025_dances/George/mp4/20250121/00014.mp4,"(0.15711504873513174, -0.9875803063351138)",0.157115048735132,-0.987580306335114,9.03948280335512,1173,605,"(1173.0, 605.0)",1020,1,raw_vertical_uncalibrated,,,,,,,,,,,,,,,,,,,,,,not_corrected
vertical,annotator_csv,vertical_20250121,22b,22b,22b_00014,vertical_20250121__22b__22b_00014,12,,vertical,,20250121,11:06:00,22b_00014_waggle_annotations.csv,/media/geko/VERBATIM HD/SA2025_dances/George/mp4/20250121/00014.mp4,"(0.11856081112470786, -0.9929467931694284)",0.118560811124708,-0.992946793169428,6.80905017961341,1141,611,"(1141.0, 611.0)",1074,1,raw_vertical_uncalibrated,,,,,,,,,,,,,,,,,,,,,,not_corrected
vertical,annotator_csv,vertical_20250121,22b,22b,22b_00014,vertical_20250121__22b__22b_00014,13,,vertical,,20250121,11:06:00,22b_00014_waggle_annotations.csv,/media/geko/VERBATIM HD/SA2025_dances/George/mp4/20250121/00014.mp4,"(0.23676822444686063, -0.9715661623853936)",0.236768224446861,-0.971566162385394,13.695876504409,1125,585,"(1125.0, 585.0)",1126,1,raw_vertical_uncalibrated,,,,,,,,,,,,,,,,,,,,,,not_corrected
vertical,annotator_csv,vertical_20250121,22b,22b,22b_00014,vertical_20250121__22b__22b_00014,14,,vertical,,20250121,11:06:00,22b_00014_waggle_annotations.csv,/media/geko/VERBATIM HD/SA2025_dances/George/mp4/20250121/00014.mp4,"(0.028157844768411915, -0.999603489278623)",0.0281578447684119,-0.999603489278623,1.61353893288118,1154,515,"(1154.0, 515.0)",1174,1,raw_vertical_uncalibrated,,,,,,,,,,,,,,,,,,,,,,not_corrected
vertical,annotator_csv,vertical_20250121,22b,22b,22b_00014,vertical_20250121__22b__22b_00014,15,,vertical,,20250121,11:06:00,22b_00014_waggle_annotations.csv,/media/geko/VERBATIM HD/SA2025_dances/George/mp4/20250121/00014.mp4,"(0.2940858488375231, -0.9557790087219501)",0.294085848837523,-0.95577900872195,17.1027289690524,1138,507,"(1138.0, 507.0)",1228,1,raw_vertical_uncalibrated,,,,,,,,,,,,,,,,,,,,,,not_corrected
vertical,annotator_csv,vertical_20250121,22b,22b,22b_00014,vertical_20250121__22b__22b_00014,16,,vertical,,20250121,11:06:00,22b_00014_waggle_annotations.csv,/media/geko/VERBATIM HD/SA2025_dances/George/mp4/20250121/00014.mp4,"(0.10910092800162416, -0.9940306773481312)",0.109100928001624,-0.994030677348131,6.26349061433454,1174,499,"(1174.0, 499.0)",1281,1,raw_vertical_uncalibrated,,,,,,,,,,,,,,,,,,,,,,not_corrected
vertical,annotator_csv,vertical_20250121,22b,22b,22b_00017,vertical_20250121__22b__22b_00017,1,,vertical,,20250121,11:16:00,22b_00017_waggle_annotations.csv,/media/geko/VERBATIM HD/SA2025_dances/George/mp4/20250121/00017.mp4,"(0.24253562503633297, -0.9701425001453319)",0.242535625036333,-0.970142500145332,14.0362434679265,1413,787,"(1413.0, 787.0)",44,1,raw_vertical_uncalibrated,,,,,,,,,,,,,,,,,,,,,,not_corrected
vertical,annotator_csv,vertical_20250121,22b,22b,22b_00017,vertical_20250121__22b__22b_00017,2,,vertical,,20250121,11:16:00,22b_00017_waggle_annotations.csv,/media/geko/VERBATIM HD/SA2025_dances/George/mp4/20250121/00017.mp4,"(0.37519275773318317, -0.9269468132231584)",0.375192757733183,-0.926946813223158,22.0362269401455,1432,740,"(1432.0, 740.0)",92,1,raw_vertical_uncalibrated,,,,,,,,,,,,,,,,,,,,,,not_corrected
vertical,annotator_csv,vertical_20250121,22b,22b,22b_00017,vertical_20250121__22b__22b_00017,3,,vertical,,20250121,11:16:00,22b_00017_waggle_annotations.csv,/media/geko/VERBATIM HD/SA2025_dances/George/mp4/20250121/00017.mp4,"(0.3346621565347964, -0.9423381776111373)",0.334662156534796,-0.942338177611137,19.5519951732406,1426,716,"(1426.0, 716.0)",145,1,raw_vertical_uncalibrated,,,,,,,,,,,,,,,,,,,,,,not_corrected
vertical,annotator_csv,vertical_20250121,22b,22b,22b_00017,vertical_20250121__22b__22b_00017,4,,vertical,,20250121,11:16:00,22b_00017_waggle_annotations.csv,/media/geko/VERBATIM HD/SA2025_dances/George/mp4/20250121/00017.mp4,"(0.35743331524511696, -0.9339386624146604)",0.357433315245117,-0.93393866241466,20.9426505499883,1437,715,"(1437.0, 715.0)",196,1,raw_vertical_uncalibrated,,,,,,,,,,,,,,,,,,,,,,not_corrected
vertical,annotator_csv,vertical_20250121,22b,22b,22b_00017,vertical_20250121__22b__22b_00017,5,,vertical,,20250121,11:16:00,22b_00017_waggle_annotations.csv,/media/geko/VERBATIM HD/SA2025_dances/George/mp4/20250121/00017.mp4,"(0.3619169554022714, -0.9322103396725173)",0.361916955402271,-0.932210339672517,21.2179695767786,1439,596,"(1439.0, 596.0)",311,1,raw_vertical_uncalibrated,,,,,,,,,,,,,,,,,,,,,,not_corrected
vertical,annotator_csv,vertical_20250121,22b,22b,22b_00017,vertical_20250121__22b__22b_00017,6,,vertical,,20250121,11:16:00,22b_00017_waggle_annotations.csv,/media/geko/VERBATIM HD/SA2025_dances/George/mp4/20250121/00017.mp4,"(0.3555728284470828, -0.934648577632332)",0.355572828447083,-0.934648577632332,20.8285557902068,1454,584,"(1454.0, 584.0)",357,1,raw_vertical_uncalibrated,,,,,,,,,,,,,,,,,,,,,,not_corrected
vertical,annotator_csv,vertical_20250121,22b,22b,22b_00017,vertical_20250121__22b__22b_00017,7,,vertical,,20250121,11:16:00,22b_00017_waggle_annotations.csv,/media/geko/VERBATIM HD/SA2025_dances/George/mp4/20250121/00017.mp4,"(0.2645613665651233, -0.96436885231803)",0.264561366565123,-0.96436885231803,15.3408907640049,1441,541,"(1441.0, 541.0)",406,1,raw_vertical_uncalibrated,,,,,,,,,,,,,,,,,,,,,,not_corrected
vertical,annotator_csv,vertical_20250121,22b,22b,22b_00017,vertical_20250121__22b__22b_00017,8,,vertical,,20250121,11:16:00,22b_00017_waggle_annotations.csv,/media/geko/VERBATIM HD/SA2025_dances/George/mp4/20250121/00017.mp4,"(0.2940858488375231, -0.95577900872195)",0.294085848837523,-0.95577900872195,17.1027289690524,1475,555,"(1475.0, 555.0)",454,1,raw_vertical_uncalibrated,,,,,,,,,,,,,,,,,,,,,,not_corrected
vertical,annotator_csv,vertical_20250121,22b,22b,22b_00017,vertical_20250121__22b__22b_00017,9,,vertical,,20250121,11:16:00,22b_00017_waggle_annotations.csv,/media/geko/VERBATIM HD/SA2025_dances/George/mp4/20250121/00017.mp4,"(0.10240004547398948, -0.9947432988901834)",0.102400045473989,-0.994743298890183,5.87739260664314,1453,519,"(1453.0, 519.0)",501,1,raw_vertical_uncalibrated,,,,,,,,,,,,,,,,,,,,,,not_corrected
vertical,annotator_csv,vertical_20250121,22b,22b,22b_00017,vertical_20250121__22b__22b_00017,10,,vertical,,20250121,11:16:00,22b_00017_waggle_annotations.csv,/media/geko/VERBATIM HD/SA2025_dances/George/mp4/20250121/00017.mp4,"(0.27282410027474047, -0.962063932547769)",0.27282410027474,-0.962063932547769,15.8323866204222,1486,507,"(1486.0, 507.0)",554,1,raw_vertical_uncalibrated,,,,,,,,,,,,,,,,,,,,,,not_corrected
vertical,annotator_csv,vertical_20250121,22b,22b,22b_00017,vertical_20250121__22b__22b_00017,11,,vertical,,20250121,11:16:00,22b_00017_waggle_annotations.csv,/media/geko/VERBATIM HD/SA2025_dances/George/mp4/20250121/00017.mp4,"(0.43026103142178973, -0.9027045169045392)",0.43026103142179,-0.902704516904539,25.4841269904173,1477,446,"(1477.0, 446.0)",621,1,raw_vertical_uncalibrated,,,,,,,,,,,,,,,,,,,,,,not_corrected
vertical,annotator_csv,vertical_20250121,22b,22b,22b_00017,vertical_20250121__22b__22b_00017,12,,vertical,,20250121,11:16:00,22b_00017_waggle_annotations.csv,/media/geko/VERBATIM HD/SA2025_dances/George/mp4/20250121/00017.mp4,"(0.3192188694853205, -0.9476810187845454)",0.319218869485321,-0.947681018784545,18.615692007331,1488,405,"(1488.0, 405.0)",668,1,raw_vertical_uncalibrated,,,,,,,,,,,,,,,,,,,,,,not_corrected
vertical,annotator_csv,vertical_20250121,22b,22b,22b_00017,vertical_20250121__22b__22b_00017,13,,vertical,,20250121,11:16:00,22b_00017_waggle_annotations.csv,/media/geko/VERBATIM HD/SA2025_dances/George/mp4/20250121/00017.mp4,"(0.4472135954999579, -0.8944271909999159)",0.447213595499958,-0.894427190999916,26.565051177078,1416,392,"(1416.0, 392.0)",714,1,raw_vertical_uncalibrated,,,,,,,,,,,,,,,,,,,,,,not_corrected
vertical,annotator_csv,vertical_20250121,22b,22b,22b_00017,vertical_20250121__22b__22b_00017,14,,vertical,,20250121,11:16:00,22b_00017_waggle_annotations.csv,/media/geko/VERBATIM HD/SA2025_dances/George/mp4/20250121/00017.mp4,"(0.50743848144227, -0.8616879873547982)",0.50743848144227,-0.861687987354798,30.4933584024757,1455,406,"(1455.0, 406.0)",777,1,raw_vertical_uncalibrated,,,,,,,,,,,,,,,,,,,,,,not_corrected
vertical,annotator_csv,vertical_20250121,22b,22b,22b_00017,vertical_20250121__22b__22b_00017,15,,vertical,,20250121,11:16:00,22b_00017_waggle_annotations.csv,/media/geko/VERBATIM HD/SA2025_dances/George/mp4/20250121/00017.mp4,"(0.4304725248816458, -0.9026036812034508)",0.430472524881646,-0.902603681203451,25.4975514933378,1457,353,"(1457.0, 353.0)",824,1,raw_vertical_uncalibrated,,,,,,,,,,,,,,,,,,,,,,not_corrected
vertical,annotator_csv,vertical_20250121,22b,22b,22b_00017,vertical_20250121__22b__22b_00017,16,,vertical,,20250121,11:16:00,22b_00017_waggle_annotations.csv,/media/geko/VERBATIM HD/SA2025_dances/George/mp4/20250121/00017.mp4,"(0.49416662494711616, -0.8693672105551118)",0.494166624947116,-0.869367210555112,29.6148116463464,1481,347,"(1481.0, 347.0)",886,1,raw_vertical_uncalibrated,,,,,,,,,,,,,,,,,,,,,,not_corrected
vertical,annotator_csv,vertical_20250121,22b,22b,22b_00034,vertical_20250121__22b__22b_00034,1,,vertical,,20250121,16:28:00,22b_00034_waggle_annotations.csv,/media/geko/VERBATIM HD/SA2025_dances/George/mp4/20250121/00034.mp4,"(-0.3699727235103678, 0.9290426168149236)",-0.369972723510368,0.929042616814924,201.713935081776,1206,895,"(1206.0, 895.0)",153,1,raw_vertical_uncalibrated,,,,,,,,,,,,,,,,,,,,,,not_corrected
vertical,annotator_csv,vertical_20250121,22b,22b,22b_00034,vertical_20250121__22b__22b_00034,2,,vertical,,20250121,16:28:00,22b_00034_waggle_annotations.csv,/media/geko/VERBATIM HD/SA2025_dances/George/mp4/20250121/00034.mp4,"(0.05121475197315839, 0.9986876634765887)",0.0512147519731584,0.998687663476589,177.064326553579,1250,859,"(1250.0, 859.0)",194,1,raw_vertical_uncalibrated,,,,,,,,,,,,,,,,,,,,,,not_corrected
vertical,annotator_csv,vertical_20250121,22b,22b,22b_00034,vertical_20250121__22b__22b_00034,3,,vertical,,20250121,16:28:00,22b_00034_waggle_annotations.csv,/media/geko/VERBATIM HD/SA2025_dances/George/mp4/20250121/00034.mp4,"(-0.3713906763541037, 0.9284766908852593)",-0.371390676354104,0.928476690885259,201.801409486352,1202,823,"(1202.0, 823.0)",244,1,raw_vertical_uncalibrated,,,,,,,,,,,,,,,,,,,,,,not_corrected
vertical,annotator_csv,vertical_20250121,22b,22b,22b_00034,vertical_20250121__22b__22b_00034,4,,vertical,,20250121,16:28:00,22b_00034_waggle_annotations.csv,/media/geko/VERBATIM HD/SA2025_dances/George/mp4/20250121/00034.mp4,"(-0.24837535026770383, 0.968663866044045)",-0.248375350267704,0.968663866044045,194.381394591091,1182,807,"(1182.0, 807.0)",301,1,raw_vertical_uncalibrated,,,,,,,,,,,,,,,,,,,,,,not_corrected
vertical,annotator_csv,vertical_20250121,22b,22b,22b_00034,vertical_20250121__22b__22b_00034,5,,vertical,,20250121,16:28:00,22b_00034_waggle_annotations.csv,/media/geko/VERBATIM HD/SA2025_dances/George/mp4/20250121/00034.mp4,"(-0.5350520811843448, 0.8448190755542286)",-0.535052081184345,0.844819075554229,212.347443499442,1128,823,"(1128.0, 823.0)",344,1,raw_vertical_uncalibrated,,,,,,,,,,,,,,,,,,,,,,not_corrected
vertical,annotator_csv,vertical_20250121,22b,22b,22b_00034,vertical_20250121__22b__22b_00034,6,,vertical,,20250121,16:28:00,22b_00034_waggle_annotations.csv,/media/geko/VERBATIM HD/SA2025_dances/George/mp4/20250121/00034.mp4,"(-0.4359284537270253, 0.8999813238235361)",-0.435928453727025,0.899981323823536,205.84438755456,1106,822,"(1106.0, 822.0)",400,1,raw_vertical_uncalibrated,,,,,,,,,,,,,,,,,,,,,,not_corrected
vertical,annotator_csv,vertical_20250121,22b,22b,22b_00034,vertical_20250121__22b__22b_00034,7,,vertical,,20250121,16:28:00,22b_00034_waggle_annotations.csv,/media/geko/VERBATIM HD/SA2025_dances/George/mp4/20250121/00034.mp4,"(0.18208926018230742, 0.9832820049844601)",0.182089260182307,0.98328200498446,169.508522987668,1099,842,"(1099.0, 842.0)",450,1,raw_vertical_uncalibrated,,,,,,,,,,,,,,,,,,,,,,not_corrected
vertical,annotator_csv,vertical_20250121,22b,22b,22b_00034,vertical_20250121__22b__22b_00034,8,,vertical,,20250121,16:28:00,22b_00034_waggle_annotations.csv,/media/geko/VERBATIM HD/SA2025_dances/George/mp4/20250121/00034.mp4,"(-0.4472135954999579, 0.8944271909999159)",-0.447213595499958,0.894427190999916,206.565051177078,1096,843,"(1096.0, 843.0)",499,1,raw_vertical_uncalibrated,,,,,,,,,,,,,,,,,,,,,,not_corrected
vertical,annotator_csv,vertical_20250121,22b,22b,22b_00034,vertical_20250121__22b__22b_00034,9,,vertical,,20250121,16:28:00,22b_00034_waggle_annotations.csv,/media/geko/VERBATIM HD/SA2025_dances/George/mp4/20250121/00034.mp4,"(0.11043152607484655, 0.9938837346736189)",0.110431526074847,0.993883734673619,173.65980825409,1128,875,"(1128.0, 875.0)",541,1,raw_vertical_uncalibrated,,,,,,,,,,,,,,,,,,,,,,not_corrected
vertical,annotator_csv,vertical_20250121,22b,22b,22b_00034,vertical_20250121__22b__22b_00034,10,,vertical,,20250121,16:28:00,22b_00034_waggle_annotations.csv,/media/geko/VERBATIM HD/SA2025_dances/George/mp4/20250121/00034.mp4,"(-0.5581766923163699, 0.8297221102000094)",-0.55817669231637,0.829722110200009,213.929797422061,1098,863,"(1098.0, 863.0)",588,1,raw_vertical_uncalibrated,,,,,,,,,,,,,,,,,,,,,,not_corrected
vertical,annotator_csv,vertical_20250121,22b,22b,22b_00034,vertical_20250121__22b__22b_00034,11,,vertical,,20250121,16:28:00,22b_00034_waggle_annotations.csv,/media/geko/VERBATIM HD/SA2025_dances/George/mp4/20250121/00034.mp4,"(0.042514716624813646, 0.9990958406831207)",0.0425147166248136,0.999095840683121,177.56335175319,1159,864,"(1159.0, 864.0)",638,1,raw_vertical_uncalibrated,,,,,,,,,,,,,,,,,,,,,,not_corrected
vertical,annotator_csv,vertical_20250121,22b,22b,22b_00034,vertical_20250121__22b__22b_00034,12,,vertical,,20250121,16:28:00,22b_00034_waggle_annotations.csv,/media/geko/VERBATIM HD/SA2025_dances/George/mp4/20250121/00034.mp4,"(-0.6270094052116179, 0.7790116852629191)",-0.627009405211618,0.779011685262919,218.82982490497,1145,866,"(1145.0, 866.0)",676,1,raw_vertical_uncalibrated,,,,,,,,,,,,,,,,,,,,,,not_corrected
vertical,annotator_csv,vertical_20250121,22b,22b,22b_00034,vertical_20250121__22b__22b_00034,13,,vertical,,20250121,16:28:00,22b_00034_waggle_annotations.csv,/media/geko/VERBATIM HD/SA2025_dances/George/mp4/20250121/00034.mp4,"(0.12252657200264647, 0.9924652332214364)",0.122526572002646,0.992465233221436,172.962059236815,1188,867,"(1188.0, 867.0)",723,1,raw_vertical_uncalibrated,,,,,,,,,,,,,,,,,,,,,,not_corrected
vertical,annotator_csv,vertical_20250121,22b,22b,22b_00034,vertical_20250121__22b__22b_00034,14,,vertical,,20250121,16:28:00,22b_00034_waggle_annotations.csv,/media/geko/VERBATIM HD/SA2025_dances/George/mp4/20250121/00034.mp4,"(-0.645180817826272, 0.764029915846901)",-0.645180817826272,0.764029915846901,220.179233921907,1166,882,"(1166.0, 882.0)",772,1,raw_vertical_uncalibrated,,,,,,,,,,,,,,,,,,,,,,not_corrected
vertical,annotator_csv,vertical_20250121,22b,22b,22b_00034,vertical_20250121__22b__22b_00034,15,,vertical,,20250121,16:28:00,22b_00034_waggle_annotations.csv,/media/geko/VERBATIM HD/SA2025_dances/George/mp4/20250121/00034.mp4,"(-0.04646139935246818, 0.9989200860780658)",-0.0464613993524682,0.998920086078066,182.663000766067,1151,901,"(1151.0, 901.0)",822,1,raw_vertical_uncalibrated,,,,,,,,,,,,,,,,,,,,,,not_corrected
vertical,annotator_csv,vertical_20250121,22b,22b,22b_00034,vertical_20250121__22b__22b_00034,16,,vertical,,20250121,16:28:00,22b_00034_waggle_annotations.csv,/media/geko/VERBATIM HD/SA2025_dances/George/mp4/20250121/00034.mp4,"(-0.6594378183081359, 0.7517591128712748)",-0.659437818308136,0.751759112871275,221.257011704313,1148,840,"(1148.0, 840.0)",854,1,raw_vertical_uncalibrated,,,,,,,,,,,,,,,,,,,,,,not_corrected
vertical,annotator_csv,vertical_20250121,22b,22b,22b_00034,vertical_20250121__22b__22b_00034,17,,vertical,,20250121,16:28:00,22b_00034_waggle_annotations.csv,/media/geko/VERBATIM HD/SA2025_dances/George/mp4/20250121/00034.mp4,"(0.31622776601683794, 0.9486832980505138)",0.316227766016838,0.948683298050514,161.565051177078,1195,870,"(1195.0, 870.0)",902,1,raw_vertical_uncalibrated,,,,,,,,,,,,,,,,,,,,,,not_corrected
vertical,annotator_csv,vertical_20250121,22b,22b,22b_00034,vertical_20250121__22b__22b_00034,18,,vertical,,20250121,16:28:00,22b_00034_waggle_annotations.csv,/media/geko/VERBATIM HD/SA2025_dances/George/mp4/20250121/00034.mp4,"(-0.5396661147204319, 0.8418791389638738)",-0.539666114720432,0.841879138963874,212.660912721674,1166,871,"(1166.0, 871.0)",959,1,raw_vertical_uncalibrated,,,,,,,,,,,,,,,,,,,,,,not_corrected
vertical,annotator_csv,vertical_20250121,22b,22b,22b_00034,vertical_20250121__22b__22b_00034,19,,vertical,,20250121,16:28:00,22b_00034_waggle_annotations.csv,/media/geko/VERBATIM HD/SA2025_dances/George/mp4/20250121/00034.mp4,"(0.25302774439352593, 0.9674590226811285)",0.253027744393526,0.967459022681129,165.34324888424,1171,897,"(1171.0, 897.0)",1003,1,raw_vertical_uncalibrated,,,,,,,,,,,,,,,,,,,,,,not_corrected
vertical,annotator_csv,vertical_20250121,22b,22b,22b_00034,vertical_20250121__22b__22b_00034,20,,vertical,,20250121,16:28:00,22b_00034_waggle_annotations.csv,/media/geko/VERBATIM HD/SA2025_dances/George/mp4/20250121/00034.mp4,"(-0.6804510993672779, 0.7327934916262993)",-0.680451099367278,0.732793491626299,222.878903603339,1173,907,"(1173.0, 907.0)",1045,1,raw_vertical_uncalibrated,,,,,,,,,,,,,,,,,,,,,,not_corrected
vertical,annotator_csv,vertical_20250121,22b,22b,22b_00034,vertical_20250121__22b__22b_00034,21,,vertical,,20250121,16:28:00,22b_00034_waggle_annotations.csv,/media/geko/VERBATIM HD/SA2025_dances/George/mp4/20250121/00034.mp4,"(0.17503333471749452, 0.9845625077859066)",0.175033334717495,0.984562507785907,169.919402012458,1161,908,"(1161.0, 908.0)",1092,1,raw_vertical_uncalibrated,,,,,,,,,,,,,,,,,,,,,,not_corrected
vertical,annotator_csv,vertical_20250121,22b,22b,22b_00034,vertical_20250121__22b__22b_00034,22,,vertical,,20250121,16:28:00,22b_00034_waggle_annotations.csv,/media/geko/VERBATIM HD/SA2025_dances/George/mp4/20250121/00034.mp4,"(-0.554700196225229, 0.8320502943378436)",-0.554700196225229,0.832050294337844,213.69006752598,1180,880,"(1180.0, 880.0)",1142,1,raw_vertical_uncalibrated,,,,,,,,,,,,,,,,,,,,,,not_corrected
vertical,annotator_csv,vertical_20250121,22b,22b,22b_00034,vertical_20250121__22b__22b_00034,23,,vertical,,20250121,16:28:00,22b_00034_waggle_annotations.csv,/media/geko/VERBATIM HD/SA2025_dances/George/mp4/20250121/00034.mp4,"(0.17888543819998318, 0.9838699100999075)",0.178885438199983,0.983869910099908,169.695153531234,1213,890,"(1213.0, 890.0)",1194,1,raw_vertical_uncalibrated,,,,,,,,,,,,,,,,,,,,,,not_corrected
vertical,annotator_csv,vertical_20250121,22b,22b,22b_00034,vertical_20250121__22b__22b_00034,24,,vertical,,20250121,16:28:00,22b_00034_waggle_annotations.csv,/media/geko/VERBATIM HD/SA2025_dances/George/mp4/20250121/00034.mp4,"(-0.2363515791475006, 0.9716676031619469)",-0.236351579147501,0.971667603161947,193.671307132196,1172,904,"(1172.0, 904.0)",1233,1,raw_vertical_uncalibrated,,,,,,,,,,,,,,,,,,,,,,not_corrected
vertical,annotator_csv,vertical_20250121,22b,22b,22b_00035,vertical_20250121__22b__22b_00035,1,,vertical,,20250121,16:35:00,22b_00035_waggle_annotations.csv,/media/geko/VERBATIM HD/SA2025_dances/George/mp4/20250121/00035.mp4,"(-0.25515426123101737, 0.9669003583491185)",-0.255154261231017,0.966900358349119,194.782726042616,1348,897,"(1348.0, 897.0)",5,1,raw_vertical_uncalibrated,,,,,,,,,,,,,,,,,,,,,,not_corrected
vertical,annotator_csv,vertical_20250121,22b,22b,22b_00035,vertical_20250121__22b__22b_00035,2,,vertical,,20250121,16:35:00,22b_00035_waggle_annotations.csv,/media/geko/VERBATIM HD/SA2025_dances/George/mp4/20250121/00035.mp4,"(-0.13819603191146362, 0.9904048953654893)",-0.138196031911464,0.990404895365489,187.94347181059,1423,895,"(1423.0, 895.0)",55,1,raw_vertical_uncalibrated,,,,,,,,,,,,,,,,,,,,,,not_corrected
vertical,annotator_csv,vertical_20250121,22b,22b,22b_00035,vertical_20250121__22b__22b_00035,3,,vertical,,20250121,16:35:00,22b_00035_waggle_annotations.csv,/media/geko/VERBATIM HD/SA2025_dances/George/mp4/20250121/00035.mp4,"(-0.3303504247281061, 0.9438583563660173)",-0.330350424728106,0.943858356366017,199.290046219189,1389,889,"(1389.0, 889.0)",101,1,raw_vertical_uncalibrated,,,,,,,,,,,,,,,,,,,,,,not_corrected
vertical,annotator_csv,vertical_20250121,22b,22b,22b_00035,vertical_20250121__22b__22b_00035,4,,vertical,,20250121,16:35:00,22b_00035_waggle_annotations.csv,/media/geko/VERBATIM HD/SA2025_dances/George/mp4/20250121/00035.mp4,"(-0.1643989873053573, 0.9863939238321437)",-0.164398987305357,0.986393923832144,189.462322208026,1410,893,"(1410.0, 893.0)",142,1,raw_vertical_uncalibrated,,,,,,,,,,,,,,,,,,,,,,not_corrected
vertical,annotator_csv,vertical_20250121,22b,22b,22b_00035,vertical_20250121__22b__22b_00035,5,,vertical,,20250121,16:35:00,22b_00035_waggle_annotations.csv,/media/geko/VERBATIM HD/SA2025_dances/George/mp4/20250121/00035.mp4,"(-0.48229654706436703, 0.8760080140556871)",-0.482296547064367,0.876008014055687,208.835500847743,1354,877,"(1354.0, 877.0)",184,1,raw_vertical_uncalibrated,,,,,,,,,,,,,,,,,,,,,,not_corrected
vertical,annotator_csv,vertical_20250121,22b,22b,22b_00035,vertical_20250121__22b__22b_00035,6,,vertical,,20250121,16:35:00,22b_00035_waggle_annotations.csv,/media/geko/VERBATIM HD/SA2025_dances/George/mp4/20250121/00035.mp4,"(-0.10468478451804275, 0.9945054529214061)",-0.104684784518043,0.994505452921406,186.009005957495,1452,837,"(1452.0, 837.0)",223,1,raw_vertical_uncalibrated,,,,,,,,,,,,,,,,,,,,,,not_corrected
vertical,annotator_csv,vertical_20250121,22b,22b,22b_00035,vertical_20250121__22b__22b_00035,7,,vertical,,20250121,16:35:00,22b_00035_waggle_annotations.csv,/media/geko/VERBATIM HD/SA2025_dances/George/mp4/20250121/00035.mp4,"(-0.18967497604922873, 0.9818469348430663)",-0.189674976049229,0.981846934843066,190.933816785756,1434,850,"(1434.0, 850.0)",271,1,raw_vertical_uncalibrated,,,,,,,,,,,,,,,,,,,,,,not_corrected
vertical,annotator_csv,vertical_20250121,22b,22b,22b_00035,vertical_20250121__22b__22b_00035,8,,vertical,,20250121,16:35:00,22b_00035_waggle_annotations.csv,/media/geko/VERBATIM HD/SA2025_dances/George/mp4/20250121/00035.mp4,"(-0.3047757271037837, 0.9524241471993241)",-0.304775727103784,0.952424147199324,197.744671625057,1428,857,"(1428.0, 857.0)",315,1,raw_vertical_uncalibrated,,,,,,,,,,,,,,,,,,,,,,not_corrected
vertical,annotator_csv,vertical_20250121,22b,22b,22b_00035,vertical_20250121__22b__22b_00035,9,,vertical,,20250121,16:35:00,22b_00035_waggle_annotations.csv,/media/geko/VERBATIM HD/SA2025_dances/George/mp4/20250121/00035.mp4,"(-0.2676438637860946, 0.9635179096299405)",-0.267643863786095,0.963517909629941,195.524110996754,1345,859,"(1345.0, 859.0)",361,1,raw_vertical_uncalibrated,,,,,,,,,,,,,,,,,,,,,,not_corrected
vertical,annotator_csv,vertical_20250121,22b,22b,22b_00035,vertical_20250121__22b__22b_00035,10,,vertical,,20250121,16:35:00,22b_00035_waggle_annotations.csv,/media/geko/VERBATIM HD/SA2025_dances/George/mp4/20250121/00035.mp4,"(0.01960407493444558, 0.9998078216567244)",0.0196040749344456,0.999807821656724,178.876697285925,1405,856,"(1405.0, 856.0)",398,1,raw_vertical_uncalibrated,,,,,,,,,,,,,,,,,,,,,,not_corrected
vertical,annotator_csv,vertical_20250121,22b,22b,22b_00035,vertical_20250121__22b__22b_00035,11,,vertical,,20250121,16:35:00,22b_00035_waggle_annotations.csv,/media/geko/VERBATIM HD/SA2025_dances/George/mp4/20250121/00035.mp4,"(-0.651591914527529, 0.7585696915395114)",-0.651591914527529,0.758569691539511,220.661733208572,1357,884,"(1357.0, 884.0)",452,1,raw_vertical_uncalibrated,,,,,,,,,,,,,,,,,,,,,,not_corrected
vertical,annotator_csv,vertical_20250121,22b,22b,22b_00035,vertical_20250121__22b__22b_00035,12,,vertical,,20250121,16:35:00,22b_00035_waggle_annotations.csv,/media/geko/VERBATIM HD/SA2025_dances/George/mp4/20250121/00035.mp4,"(0.0, 1.0)",0,1,180,1427,853,"(1427.0, 853.0)",492,1,raw_vertical_uncalibrated,,,,,,,,,,,,,,,,,,,,,,not_corrected
vertical,annotator_csv,vertical_20250121,22b,22b,22b_00035,vertical_20250121__22b__22b_00035,13,,vertical,,20250121,16:35:00,22b_00035_waggle_annotations.csv,/media/geko/VERBATIM HD/SA2025_dances/George/mp4/20250121/00035.mp4,"(-0.5881716976750462, 0.8087360843031884)",-0.588171697675046,0.808736084303188,216.027373385104,1402,835,"(1402.0, 835.0)",526,1,raw_vertical_uncalibrated,,,,,,,,,,,,,,,,,,,,,,not_corrected
vertical,annotator_csv,vertical_20250121,22b,22b,22b_00035,vertical_20250121__22b__22b_00035,14,,vertical,,20250121,16:35:00,22b_00035_waggle_annotations.csv,/media/geko/VERBATIM HD/SA2025_dances/George/mp4/20250121/00035.mp4,"(-0.31177041789731286, 0.9501574640680012)",-0.311770417897313,0.950157464068001,198.165956529226,1377,866,"(1377.0, 866.0)",579,1,raw_vertical_uncalibrated,,,,,,,,,,,,,,,,,,,,,,not_corrected
vertical,annotator_csv,vertical_20250121,22b,22b,22b_00035,vertical_20250121__22b__22b_00035,15,,vertical,,20250121,16:35:00,22b_00035_waggle_annotations.csv,/media/geko/VERBATIM HD/SA2025_dances/George/mp4/20250121/00035.mp4,"(-0.453049848125789, 0.8914851850217138)",-0.453049848125789,0.891485185021714,206.939528063801,1363,868,"(1363.0, 868.0)",616,1,raw_vertical_uncalibrated,,,,,,,,,,,,,,,,,,,,,,not_corrected
vertical,annotator_csv,vertical_20250121,22b,22b,22b_00035,vertical_20250121__22b__22b_00035,16,,vertical,,20250121,16:35:00,22b_00035_waggle_annotations.csv,/media/geko/VERBATIM HD/SA2025_dances/George/mp4/20250121/00035.mp4,"(-0.18428853505018536, 0.9828721869343219)",-0.184288535050185,0.982872186934322,190.619655276155,1379,886,"(1379.0, 886.0)",655,1,raw_vertical_uncalibrated,,,,,,,,,,,,,,,,,,,,,,not_corrected
vertical,annotator_csv,vertical_20250121,22b,22b,22b_00035,vertical_20250121__22b__22b_00035,17,,vertical,,20250121,16:35:00,22b_00035_waggle_annotations.csv,/media/geko/VERBATIM HD/SA2025_dances/George/mp4/20250121/00035.mp4,"(-0.5639616461575325, 0.8258009818735298)",-0.563961646157533,0.82580098187353,214.330217195503,1348,874,"(1348.0, 874.0)",694,1,raw_vertical_uncalibrated,,,,,,,,,,,,,,,,,,,,,,not_corrected
vertical,annotator_csv,vertical_20250121,22b,22b,22b_00035,vertical_20250121__22b__22b_00035,18,,vertical,,20250121,16:35:00,22b_00035_waggle_annotations.csv,/media/geko/VERBATIM HD/SA2025_dances/George/mp4/20250121/00035.mp4,"(0.06651901052377393, 0.997785157856609)",0.0665190105237739,0.997785157856609,176.18592516571,1363,855,"(1363.0, 855.0)",744,1,raw_vertical_uncalibrated,,,,,,,,,,,,,,,,,,,,,,not_corrected
vertical,annotator_csv,vertical_20250121,22b,22b,22b_00035,vertical_20250121__22b__22b_00035,19,,vertical,,20250121,16:35:00,22b_00035_waggle_annotations.csv,/media/geko/VERBATIM HD/SA2025_dances/George/mp4/20250121/00035.mp4,"(-0.5356999566253874, 0.8444084062061191)",-0.535699956625387,0.844408406206119,212.391393206634,1302,875,"(1302.0, 875.0)",778,1,raw_vertical_uncalibrated,,,,,,,,,,,,,,,,,,,,,,not_corrected
vertical,annotator_csv,vertical_20250121,22b,22b,22b_00035,vertical_20250121__22b__22b_00035,20,,vertical,,20250121,16:35:00,22b_00035_waggle_annotations.csv,/media/geko/VERBATIM HD/SA2025_dances/George/mp4/20250121/00035.mp4,"(-0.11462410798513052, 0.9934089358711311)",-0.114624107985131,0.993408935871131,186.581944655178,1329,873,"(1329.0, 873.0)",826,1,raw_vertical_uncalibrated,,,,,,,,,,,,,,,,,,,,,,not_corrected
vertical,annotator_csv,vertical_20250121,22b,22b,22b_00035,vertical_20250121__22b__22b_00035,21,,vertical,,20250121,16:35:00,22b_00035_waggle_annotations.csv,/media/geko/VERBATIM HD/SA2025_dances/George/mp4/20250121/00035.mp4,"(-0.6846754616640485, 0.7288480720939872)",-0.684675461664049,0.728848072093987,223.210089391754,1318,827,"(1318.0, 827.0)",879,1,raw_vertical_uncalibrated,,,,,,,,,,,,,,,,,,,,,,not_corrected
vertical,annotator_csv,vertical_20250121,73b,73b,73b_00014,vertical_20250121__73b__73b_00014,1,,vertical,,20250121,11:06:00,73b_00014_waggle_annotations.csv,/media/geko/VERBATIM HD/SA2025_dances/George/mp4/20250121/00014.mp4,"(0.21903834230671992, -0.9757162520935706)",0.21903834230672,-0.975716252093571,12.652556500558,705,789,"(705.0, 789.0)",376,1,raw_vertical_uncalibrated,,,,,,,,,,,,,,,,,,,,,,not_corrected
vertical,annotator_csv,vertical_20250121,73b,73b,73b_00014,vertical_20250121__73b__73b_00014,2,,vertical,,20250121,11:06:00,73b_00014_waggle_annotations.csv,/media/geko/VERBATIM HD/SA2025_dances/George/mp4/20250121/00014.mp4,"(0.18065152032833257, -0.9835471662320329)",0.180651520328333,-0.983547166232033,10.4077113124901,614,803,"(614.0, 803.0)",426,1,raw_vertical_uncalibrated,,,,,,,,,,,,,,,,,,,,,,not_corrected
vertical,annotator_csv,vertical_20250121,73b,73b,73b_00014,vertical_20250121__73b__73b_00014,3,,vertical,,20250121,11:06:00,73b_00014_waggle_annotations.csv,/media/geko/VERBATIM HD/SA2025_dances/George/mp4/20250121/00014.mp4,"(-0.48240600325266925, -0.8759477427482679)",-0.482406003252669,-0.875947742748268,331.157339864588,618,819,"(618.0, 819.0)",475,1,raw_vertical_uncalibrated,,,,,,,,,,,,,,,,,,,,,,not_corrected
vertical,annotator_csv,vertical_20250121,73b,73b,73b_00014,vertical_20250121__73b__73b_00014,4,,vertical,,20250121,11:06:00,73b_00014_waggle_annotations.csv,/media/geko/VERBATIM HD/SA2025_dances/George/mp4/20250121/00014.mp4,"(-0.09431454772041568, -0.9955424481599433)",-0.0943145477204157,-0.995542448159943,354.588130847683,641,780,"(641.0, 780.0)",541,1,raw_vertical_uncalibrated,,,,,,,,,,,,,,,,,,,,,,not_corrected
vertical,annotator_csv,vertical_20250121,73b,73b,73b_00014,vertical_20250121__73b__73b_00014,5,,vertical,,20250121,11:06:00,73b_00014_waggle_annotations.csv,/media/geko/VERBATIM HD/SA2025_dances/George/mp4/20250121/00014.mp4,"(-0.18259219384277636, -0.983188736076488)",-0.182592193842776,-0.983188736076488,349.479215686126,657,790,"(657.0, 790.0)",605,1,raw_vertical_uncalibrated,,,,,,,,,,,,,,,,,,,,,,not_corrected
vertical,annotator_csv,vertical_20250121,73b,73b,73b_00014,vertical_20250121__73b__73b_00014,6,,vertical,,20250121,11:06:00,73b_00014_waggle_annotations.csv,/media/geko/VERBATIM HD/SA2025_dances/George/mp4/20250121/00014.mp4,"(-0.23560002562150417, -0.9718501056887047)",-0.235600025621504,-0.971850105688705,346.373005140108,740,813,"(740.0, 813.0)",696,1,raw_vertical_uncalibrated,,,,,,,,,,,,,,,,,,,,,,not_corrected
vertical,annotator_csv,vertical_20250121,73b,73b,73b_00014,vertical_20250121__73b__73b_00014,7,,vertical,,20250121,11:06:00,73b_00014_waggle_annotations.csv,/media/geko/VERBATIM HD/SA2025_dances/George/mp4/20250121/00014.mp4,"(-0.15968884391337385, -0.9871673987372203)",-0.159688843913374,-0.98716739873722,350.811163922641,719,788,"(719.0, 788.0)",767,1,raw_vertical_uncalibrated,,,,,,,,,,,,,,,,,,,,,,not_corrected
vertical,annotator_csv,vertical_20250121,73b,73b,73b_00014,vertical_20250121__73b__73b_00014,8,,vertical,,20250121,11:06:00,73b_00014_waggle_annotations.csv,/media/geko/VERBATIM HD/SA2025_dances/George/mp4/20250121/00014.mp4,"(-0.11145083538809177, -0.9937699488771515)",-0.111450835388092,-0.993769948877152,353.601043372631,752,837,"(752.0, 837.0)",817,1,raw_vertical_uncalibrated,,,,,,,,,,,,,,,,,,,,,,not_corrected
vertical,annotator_csv,vertical_20250121,73b,73b,73b_00014,vertical_20250121__73b__73b_00014,9,,vertical,,20250121,11:06:00,73b_00014_waggle_annotations.csv,/media/geko/VERBATIM HD/SA2025_dances/George/mp4/20250121/00014.mp4,"(0.013332148306149432, -0.9999111229612074)",0.0133321483061494,-0.999911122961207,0.763898460929995,724,840,"(724.0, 840.0)",887,1,raw_vertical_uncalibrated,,,,,,,,,,,,,,,,,,,,,,not_corrected
vertical,annotator_csv,vertical_20250121,73b,73b,73b_00014,vertical_20250121__73b__73b_00014,10,,vertical,,20250121,11:06:00,73b_00014_waggle_annotations.csv,/media/geko/VERBATIM HD/SA2025_dances/George/mp4/20250121/00014.mp4,"(0.013887549490757716, -0.9999035633345557)",0.0138875494907577,-0.999903563334556,0.795723552739274,786,839,"(786.0, 839.0)",952,1,raw_vertical_uncalibrated,,,,,,,,,,,,,,,,,,,,,,not_corrected
vertical,annotator_csv,vertical_20250121,73b,73b,73b_00017,vertical_20250121__73b__73b_00017,1,,vertical,,20250121,11:17:00,73b_00017_waggle_annotations.csv,/media/geko/VERBATIM HD/SA2025_dances/George/mp4/20250121/00017.mp4,"(0.017854296416882943, -0.9998405993454448)",0.0178542964168829,-0.999840599345445,1.02303018866784,751,833,"(751.0, 833.0)",1334,1,raw_vertical_uncalibrated,,,,,,,,,,,,,,,,,,,,,,not_corrected
vertical,annotator_csv,vertical_20250121,73b,73b,73b_00017,vertical_20250121__73b__73b_00017,2,,vertical,,20250121,11:17:00,73b_00017_waggle_annotations.csv,/media/geko/VERBATIM HD/SA2025_dances/George/mp4/20250121/00017.mp4,"(0.01868832444887356, -0.9998253580147354)",0.0186883244488736,-0.999825358014735,1.07082445478696,778,815,"(778.0, 815.0)",1386,1,raw_vertical_uncalibrated,,,,,,,,,,,,,,,,,,,,,,not_corrected
vertical,annotator_csv,vertical_20250121,73b,73b,73b_00017,vertical_20250121__73b__73b_00017,3,,vertical,,20250121,11:17:00,73b_00017_waggle_annotations.csv,/media/geko/VERBATIM HD/SA2025_dances/George/mp4/20250121/00017.mp4,"(0.08038418992031009, -0.996763955011845)",0.0803841899203101,-0.996763955011845,4.61064931866061,672,774,"(672.0, 774.0)",1461,1,raw_vertical_uncalibrated,,,,,,,,,,,,,,,,,,,,,,not_corrected
vertical,annotator_csv,vertical_20250121,73b,73b,73b_00017,vertical_20250121__73b__73b_00017,4,,vertical,,20250121,11:17:00,73b_00017_waggle_annotations.csv,/media/geko/VERBATIM HD/SA2025_dances/George/mp4/20250121/00017.mp4,"(0.035066140133044446, -0.9993849937917667)",0.0350661401330444,-0.999384993791767,2.00955381302114,697,816,"(697.0, 816.0)",1523,1,raw_vertical_uncalibrated,,,,,,,,,,,,,,,,,,,,,,not_corrected
vertical,annotator_csv,vertical_20250121,73b,73b,73b_00017,vertical_20250121__73b__73b_00017,5,,vertical,,20250121,11:17:00,73b_00017_waggle_annotations.csv,/media/geko/VERBATIM HD/SA2025_dances/George/mp4/20250121/00017.mp4,"(0.09950371902099892, -0.9950371902099892)",0.0995037190209989,-0.995037190209989,5.71059313749964,671,803,"(671.0, 803.0)",1573,1,raw_vertical_uncalibrated,,,,,,,,,,,,,,,,,,,,,,not_corrected
vertical,annotator_csv,vertical_20250121,73b,73b,73b_00017,vertical_20250121__73b__73b_00017,6,,vertical,,20250121,11:17:00,73b_00017_waggle_annotations.csv,/media/geko/VERBATIM HD/SA2025_dances/George/mp4/20250121/00017.mp4,"(0.06303230445511408, -0.998011487205973)",0.0630323044551141,-0.998011487205973,3.61388075200364,714,837,"(714.0, 837.0)",1632,1,raw_vertical_uncalibrated,,,,,,,,,,,,,,,,,,,,,,not_corrected
vertical,annotator_csv,vertical_20250121,73b,73b,73b_00017,vertical_20250121__73b__73b_00017,7,,vertical,,20250121,11:17:00,73b_00017_waggle_annotations.csv,/media/geko/VERBATIM HD/SA2025_dances/George/mp4/20250121/00017.mp4,"(0.036560905850724974, -0.9993314265864826)",0.036560905850725,-0.999331426586483,2.09525256462385,685,822,"(685.0, 822.0)",1678,1,raw_vertical_uncalibrated,,,,,,,,,,,,,,,,,,,,,,not_corrected
vertical,annotator_csv,vertical_20250121,73b,73b,73b_00017,vertical_20250121__73b__73b_00017,8,,vertical,,20250121,11:17:00,73b_00017_waggle_annotations.csv,/media/geko/VERBATIM HD/SA2025_dances/George/mp4/20250121/00017.mp4,"(0.09156771056279918, -0.9957988523704411)",0.0915677105627992,-0.995798852370441,5.25380275126226,704,853,"(704.0, 853.0)",1736,1,raw_vertical_uncalibrated,,,,,,,,,,,,,,,,,,,,,,not_corrected
vertical,annotator_csv,vertical_20250121,73b,73b,73b_00017,vertical_20250121__73b__73b_00017,9,,vertical,,20250121,11:17:00,73b_00017_waggle_annotations.csv,/media/geko/VERBATIM HD/SA2025_dances/George/mp4/20250121/00017.mp4,"(0.09842092169996555, -0.9951448749663183)",0.0984209216999656,-0.995144874966318,5.64824737373526,692,870,"(692.0, 870.0)",1782,1,raw_vertical_uncalibrated,,,,,,,,,,,,,,,,,,,,,,not_corrected
vertical,annotator_csv,vertical_20250121,73b,73b,73b_00017,vertical_20250121__73b__73b_00017,10,,vertical,,20250121,11:17:00,73b_00017_waggle_annotations.csv,/media/geko/VERBATIM HD/SA2025_dances/George/mp4/20250121/00017.mp4,"(0.2486902473553997, -0.9685830686473463)",0.2486902473554,-0.968583068647346,14.4000213067911,669,806,"(669.0, 806.0)",1853,1,raw_vertical_uncalibrated,,,,,,,,,,,,,,,,,,,,,,not_corrected
vertical,annotator_csv,vertical_20250121,73b,73b,73b_00017,vertical_20250121__73b__73b_00017,11,,vertical,,20250121,11:17:00,73b_00017_waggle_annotations.csv,/media/geko/VERBATIM HD/SA2025_dances/George/mp4/20250121/00017.mp4,"(-0.18428853505018536, -0.9828721869343219)",-0.184288535050185,-0.982872186934322,349.380344723845,708,753,"(708.0, 753.0)",1919,1,raw_vertical_uncalibrated,,,,,,,,,,,,,,,,,,,,,,not_corrected
vertical,annotator_csv,vertical_20250121,73b,73b,73b_00017,vertical_20250121__73b__73b_00017,12,,vertical,,20250121,11:17:00,73b_00017_waggle_annotations.csv,/media/geko/VERBATIM HD/SA2025_dances/George/mp4/20250121/00017.mp4,"(0.27589637888379054, -0.961187384498367)",0.275896378883791,-0.961187384498367,16.0154396062657,693,809,"(693.0, 809.0)",1981,1,raw_vertical_uncalibrated,,,,,,,,,,,,,,,,,,,,,,not_corrected
vertical,annotator_csv,vertical_20250121,87r,87r,87r_00015,vertical_20250121__87r__87r_00015,1,,vertical,,20250121,11:11:00,87r_00015_waggle_annotations.csv,/media/geko/VERBATIM HD/SA2025_dances/George/mp4/20250121/00015.mp4,"(0.1414213562373095, -0.9899494936611665)",0.14142135623731,-0.989949493661167,8.13010235415598,703,781,"(703.0, 781.0)",465,1,raw_vertical_uncalibrated,,,,,,,,,,,,,,,,,,,,,,not_corrected
vertical,annotator_csv,vertical_20250121,87r,87r,87r_00015,vertical_20250121__87r__87r_00015,2,,vertical,,20250121,11:11:00,87r_00015_waggle_annotations.csv,/media/geko/VERBATIM HD/SA2025_dances/George/mp4/20250121/00015.mp4,"(0.1559625734730109, -0.987762965329069)",0.155962573473011,-0.987762965329069,8.97262661489639,679,752,"(679.0, 752.0)",510,1,raw_vertical_uncalibrated,,,,,,,,,,,,,,,,,,,,,,not_corrected
vertical,annotator_csv,vertical_20250121,87r,87r,87r_00015,vertical_20250121__87r__87r_00015,3,,vertical,,20250121,11:11:00,87r_00015_waggle_annotations.csv,/media/geko/VERBATIM HD/SA2025_dances/George/mp4/20250121/00015.mp4,"(0.1788854381999832, -0.9838699100999075)",0.178885438199983,-0.983869910099908,10.304846468766,744,756,"(744.0, 756.0)",553,1,raw_vertical_uncalibrated,,,,,,,,,,,,,,,,,,,,,,not_corrected
vertical,annotator_csv,vertical_20250121,87r,87r,87r_00015,vertical_20250121__87r__87r_00015,4,,vertical,,20250121,11:11:00,87r_00015_waggle_annotations.csv,/media/geko/VERBATIM HD/SA2025_dances/George/mp4/20250121/00015.mp4,"(0.2995381059616237, -0.9540843375073941)",0.299538105961624,-0.954084337507394,17.4298628176678,700,728,"(700.0, 728.0)",600,1,raw_vertical_uncalibrated,,,,,,,,,,,,,,,,,,,,,,not_corrected
vertical,annotator_csv,vertical_20250121,87r,87r,87r_00015,vertical_20250121__87r__87r_00015,5,,vertical,,20250121,11:11:00,87r_00015_waggle_annotations.csv,/media/geko/VERBATIM HD/SA2025_dances/George/mp4/20250121/00015.mp4,"(0.16955204051065, -0.9855212354681531)",0.16955204051065,-0.985521235468153,9.76177477504225,761,698,"(761.0, 698.0)",652,1,raw_vertical_uncalibrated,,,,,,,,,,,,,,,,,,,,,,not_corrected
vertical,annotator_csv,vertical_20250121,87r,87r,87r_00016,vertical_20250121__87r__87r_00016,1,,vertical,,20250121,11:15:00,87r_00016_waggle_annotations.csv,/media/geko/VERBATIM HD/SA2025_dances/George/mp4/20250121/00016.mp4,"(0.3919874566020799, -0.9199705614130447)",0.39198745660208,-0.919970561413045,23.0782214060409,726,660,"(726.0, 660.0)",35,1,raw_vertical_uncalibrated,,,,,,,,,,,,,,,,,,,,,,not_corrected
vertical,annotator_csv,vertical_20250121,87r,87r,87r_00016,vertical_20250121__87r__87r_00016,2,,vertical,,20250121,11:15:00,87r_00016_waggle_annotations.csv,/media/geko/VERBATIM HD/SA2025_dances/George/mp4/20250121/00016.mp4,"(-0.10691060611702005, -0.9942686368882865)",-0.10691060611702,-0.994268636888287,353.862744050738,754,641,"(754.0, 641.0)",91,1,raw_vertical_uncalibrated,,,,,,,,,,,,,,,,,,,,,,not_corrected
vertical,annotator_csv,vertical_20250121,87r,87r,87r_00016,vertical_20250121__87r__87r_00016,3,,vertical,,20250121,11:15:00,87r_00016_waggle_annotations.csv,/media/geko/VERBATIM HD/SA2025_dances/George/mp4/20250121/00016.mp4,"(0.2272296156064184, -0.9738412097417932)",0.227229615606418,-0.973841209741793,13.1340223063963,778,638,"(778.0, 638.0)",154,1,raw_vertical_uncalibrated,,,,,,,,,,,,,,,,,,,,,,not_corrected
vertical,annotator_csv,vertical_20250121,87r,87r,87r_00016,vertical_20250121__87r__87r_00016,4,,vertical,,20250121,11:15:00,87r_00016_waggle_annotations.csv,/media/geko/VERBATIM HD/SA2025_dances/George/mp4/20250121/00016.mp4,"(0.08304547985373997, -0.9965457582448797)",0.08304547985374,-0.99654575824488,4.76364169072618,771,619,"(771.0, 619.0)",206,1,raw_vertical_uncalibrated,,,,,,,,,,,,,,,,,,,,,,not_corrected
vertical,annotator_csv,vertical_20250121,87r,87r,87r_00016,vertical_20250121__87r__87r_00016,5,,vertical,,20250121,11:15:00,87r_00016_waggle_annotations.csv,/media/geko/VERBATIM HD/SA2025_dances/George/mp4/20250121/00016.mp4,"(0.07053098106038297, -0.9975095892825592)",0.070530981060383,-0.997509589282559,4.0444855741811,800,569,"(800.0, 569.0)",275,1,raw_vertical_uncalibrated,,,,,,,,,,,,,,,,,,,,,,not_corrected
vertical,annotator_csv,vertical_20250121,87r,87r,87r_00018,vertical_20250121__87r__87r_00018,1,,vertical,,20250121,11:19:00,87r_00018_waggle_annotations.csv,/media/geko/VERBATIM HD/SA2025_dances/George/mp4/20250121/00018.mp4,"(0.19274530403092788, -0.9812488205210874)",0.192745304030928,-0.981248820521087,11.1130405359483,885,881,"(885.0, 881.0)",50,1,raw_vertical_uncalibrated,,,,,,,,,,,,,,,,,,,,,,not_corrected
vertical,annotator_csv,vertical_20250121,87r,87r,87r_00018,vertical_20250121__87r__87r_00018,2,,vertical,,20250121,11:19:00,87r_00018_waggle_annotations.csv,/media/geko/VERBATIM HD/SA2025_dances/George/mp4/20250121/00018.mp4,"(0.27282410027474047, -0.962063932547769)",0.27282410027474,-0.962063932547769,15.8323866204222,885,866,"(885.0, 866.0)",91,1,raw_vertical_uncalibrated,,,,,,,,,,,,,,,,,,,,,,not_corrected
vertical,annotator_csv,vertical_20250121,87r,87r,87r_00018,vertical_20250121__87r__87r_00018,3,,vertical,,20250121,11:19:00,87r_00018_waggle_annotations.csv,/media/geko/VERBATIM HD/SA2025_dances/George/mp4/20250121/00018.mp4,"(0.060131954023683556, -0.998190436793147)",0.0601319540236836,-0.998190436793147,3.4473868518652,868,873,"(868.0, 873.0)",137,1,raw_vertical_uncalibrated,,,,,,,,,,,,,,,,,,,,,,not_corrected
vertical,annotator_csv,vertical_20250121,87r,87r,87r_00018,vertical_20250121__87r__87r_00018,4,,vertical,,20250121,11:19:00,87r_00018_waggle_annotations.csv,/media/geko/VERBATIM HD/SA2025_dances/George/mp4/20250121/00018.mp4,"(0.17469122462117812, -0.9846232660466403)",0.174691224621178,-0.98462326604664,10.060689795323,926,847,"(926.0, 847.0)",197,1,raw_vertical_uncalibrated,,,,,,,,,,,,,,,,,,,,,,not_corrected
vertical,annotator_csv,vertical_20250121,87r,87r,87r_00018,vertical_20250121__87r__87r_00018,5,,vertical,,20250121,11:19:00,87r_00018_waggle_annotations.csv,/media/geko/VERBATIM HD/SA2025_dances/George/mp4/20250121/00018.mp4,"(0.2631174057921088, -0.9647638212377322)",0.263117405792109,-0.964763821237732,15.2551187030578,877,792,"(877.0, 792.0)",252,1,raw_vertical_uncalibrated,,,,,,,,,,,,,,,,,,,,,,not_corrected
vertical,annotator_csv,vertical_20250121,87r,87r,87r_00018,vertical_20250121__87r__87r_00018,6,,vertical,,20250121,11:19:00,87r_00018_waggle_annotations.csv,/media/geko/VERBATIM HD/SA2025_dances/George/mp4/20250121/00018.mp4,"(0.21693045781865616, -0.9761870601839527)",0.216930457818656,-0.976187060183953,12.5288077091515,918,833,"(918.0, 833.0)",294,1,raw_vertical_uncalibrated,,,,,,,,,,,,,,,,,,,,,,not_corrected
vertical,annotator_csv,vertical_20250121,87r,87r,87r_00018,vertical_20250121__87r__87r_00018,7,,vertical,,20250121,11:19:00,87r_00018_waggle_annotations.csv,/media/geko/VERBATIM HD/SA2025_dances/George/mp4/20250121/00018.mp4,"(0.14980537942799493, -0.9887155042247666)",0.149805379427995,-0.988715504224767,8.61564818416411,908,792,"(908.0, 792.0)",345,1,raw_vertical_uncalibrated,,,,,,,,,,,,,,,,,,,,,,not_corrected
vertical,annotator_csv,vertical_20250121,87r,87r,87r_00018,vertical_20250121__87r__87r_00018,8,,vertical,,20250121,11:19:00,87r_00018_waggle_annotations.csv,/media/geko/VERBATIM HD/SA2025_dances/George/mp4/20250121/00018.mp4,"(0.17746552773600113, -0.9841270174450972)",0.177465527736001,-0.984127017445097,10.2221686336361,966,767,"(966.0, 767.0)",396,1,raw_vertical_uncalibrated,,,,,,,,,,,,,,,,,,,,,,not_corrected
vertical,annotator_csv,vertical_20250121,87r,87r,87r_00018,vertical_20250121__87r__87r_00018,9,,vertical,,20250121,11:19:00,87r_00018_waggle_annotations.csv,/media/geko/VERBATIM HD/SA2025_dances/George/mp4/20250121/00018.mp4,"(0.23107243079589565, -0.9729365507195606)",0.231072430795896,-0.972936550719561,13.3602184447645,907,742,"(907.0, 742.0)",433,1,raw_vertical_uncalibrated,,,,,,,,,,,,,,,,,,,,,,not_corrected
vertical,annotator_csv,vertical_20250121,87r,87r,87r_00018,vertical_20250121__87r__87r_00018,10,,vertical,,20250121,11:19:00,87r_00018_waggle_annotations.csv,/media/geko/VERBATIM HD/SA2025_dances/George/mp4/20250121/00018.mp4,"(0.34013608165443815, -0.9403762257505054)",0.340136081654438,-0.940376225750505,19.8851651138554,900,689,"(900.0, 689.0)",489,1,raw_vertical_uncalibrated,,,,,,,,,,,,,,,,,,,,,,not_corrected
vertical,annotator_csv,vertical_20250121,87r,87r,87r_00018,vertical_20250121__87r__87r_00018,11,,vertical,,20250121,11:19:00,87r_00018_waggle_annotations.csv,/media/geko/VERBATIM HD/SA2025_dances/George/mp4/20250121/00018.mp4,"(0.18514836986616265, -0.9827105785204018)",0.185148369866163,-0.982710578520402,10.6697828044967,961,663,"(961.0, 663.0)",537,1,raw_vertical_uncalibrated,,,,,,,,,,,,,,,,,,,,,,not_corrected
vertical,annotator_csv,vertical_20250121,87r,87r,87r_00018,vertical_20250121__87r__87r_00018,12,,vertical,,20250121,11:19:00,87r_00018_waggle_annotations.csv,/media/geko/VERBATIM HD/SA2025_dances/George/mp4/20250121/00018.mp4,"(0.320065965992108, -0.9473952593366397)",0.320065965992108,-0.94739525933664,18.6669142742202,905,635,"(905.0, 635.0)",586,1,raw_vertical_uncalibrated,,,,,,,,,,,,,,,,,,,,,,not_corrected
vertical,annotator_csv,vertical_20250121,87r,87r,87r_00018,vertical_20250121__87r__87r_00018,13,,vertical,,20250121,11:19:00,87r_00018_waggle_annotations.csv,/media/geko/VERBATIM HD/SA2025_dances/George/mp4/20250121/00018.mp4,"(0.24253562503633297, -0.9701425001453319)",0.242535625036333,-0.970142500145332,14.0362434679265,951,646,"(951.0, 646.0)",634,1,raw_vertical_uncalibrated,,,,,,,,,,,,,,,,,,,,,,not_corrected
vertical,annotator_csv,vertical_20250121,87r,87r,87r_00018,vertical_20250121__87r__87r_00018,14,,vertical,,20250121,11:19:00,87r_00018_waggle_annotations.csv,/media/geko/VERBATIM HD/SA2025_dances/George/mp4/20250121/00018.mp4,"(0.3523297588062604, -0.9358759218291293)",0.35232975880626,-0.935875921829129,20.6298799461262,937,592,"(937.0, 592.0)",680,1,raw_vertical_uncalibrated,,,,,,,,,,,,,,,,,,,,,,not_corrected
vertical,annotator_csv,vertical_20250122,11r,11r,11r_00028,vertical_20250122__11r__11r_00028,1,,vertical,,20250122,15:22:00,11r_00028_waggle_annotations.csv,/media/geko/VERBATIM HD/SA2025_dances/George/mp4/20250122/00028.mp4,"(0.2494342360332474, 0.968391739893784)",0.249434236033247,0.968391739893784,165.555964275508,989,877,"(989.0, 877.0)",22,1,raw_vertical_uncalibrated,,,,,,,,,,,,,,,,,,,,,,not_corrected
vertical,annotator_csv,vertical_20250122,11r,11r,11r_00028,vertical_20250122__11r__11r_00028,2,,vertical,,20250122,15:22:00,11r_00028_waggle_annotations.csv,/media/geko/VERBATIM HD/SA2025_dances/George/mp4/20250122/00028.mp4,"(-0.16990691650764622, 0.985460115744348)",-0.169906916507646,0.985460115744348,189.782407031807,924,890,"(924.0, 890.0)",74,1,raw_vertical_uncalibrated,,,,,,,,,,,,,,,,,,,,,,not_corrected
vertical,annotator_csv,vertical_20250122,11r,11r,11r_00028,vertical_20250122__11r__11r_00028,3,,vertical,,20250122,15:22:00,11r_00028_waggle_annotations.csv,/media/geko/VERBATIM HD/SA2025_dances/George/mp4/20250122/00028.mp4,"(0.17888543819998318, 0.9838699100999075)",0.178885438199983,0.983869910099908,169.695153531234,986,856,"(986.0, 856.0)",114,1,raw_vertical_uncalibrated,,,,,,,,,,,,,,,,,,,,,,not_corrected
vertical,annotator_csv,vertical_20250122,11r,11r,11r_00028,vertical_20250122__11r__11r_00028,4,,vertical,,20250122,15:22:00,11r_00028_waggle_annotations.csv,/media/geko/VERBATIM HD/SA2025_dances/George/mp4/20250122/00028.mp4,"(-0.058722021951470346, 0.9982743731749958)",-0.0587220219514703,0.998274373174996,183.36646066343,945,853,"(945.0, 853.0)",162,1,raw_vertical_uncalibrated,,,,,,,,,,,,,,,,,,,,,,not_corrected
vertical,annotator_csv,vertical_20250122,11r,11r,11r_00028,vertical_20250122__11r__11r_00028,5,,vertical,,20250122,15:22:00,11r_00028_waggle_annotations.csv,/media/geko/VERBATIM HD/SA2025_dances/George/mp4/20250122/00028.mp4,"(-0.031234752377721213, 0.9995120760870788)",-0.0312347523777212,0.999512076087079,181.789910608246,828,884,"(828.0, 884.0)",215,1,raw_vertical_uncalibrated,,,,,,,,,,,,,,,,,,,,,,not_corrected
vertical,annotator_csv,vertical_20250122,11r,11r,11r_00028,vertical_20250122__11r__11r_00028,6,,vertical,,20250122,15:22:00,11r_00028_waggle_annotations.csv,/media/geko/VERBATIM HD/SA2025_dances/George/mp4/20250122/00028.mp4,"(0.27472112789737807, 0.9615239476408232)",0.274721127897378,0.961523947640823,164.054604099077,872,835,"(872.0, 835.0)",254,1,raw_vertical_uncalibrated,,,,,,,,,,,,,,,,,,,,,,not_corrected
vertical,annotator_csv,vertical_20250122,11r,11r,11r_00028,vertical_20250122__11r__11r_00028,7,,vertical,,20250122,15:22:00,11r_00028_waggle_annotations.csv,/media/geko/VERBATIM HD/SA2025_dances/George/mp4/20250122/00028.mp4,"(-0.1559625734730109, 0.9877629653290692)",-0.155962573473011,0.987762965329069,188.972626614896,850,849,"(850.0, 849.0)",301,1,raw_vertical_uncalibrated,,,,,,,,,,,,,,,,,,,,,,not_corrected
vertical,annotator_csv,vertical_20250122,11r,11r,11r_00028,vertical_20250122__11r__11r_00028,8,,vertical,,20250122,15:22:00,11r_00028_waggle_annotations.csv,/media/geko/VERBATIM HD/SA2025_dances/George/mp4/20250122/00028.mp4,"(0.045407660918649985, 0.9989685402102997)",0.04540766091865,0.9989685402103,177.3974377975,878,835,"(878.0, 835.0)",338,1,raw_vertical_uncalibrated,,,,,,,,,,,,,,,,,,,,,,not_corrected
vertical,annotator_csv,vertical_20250122,11r,11r,11r_00034,vertical_20250122__11r__11r_00034,1,,vertical,,20250122,15:34:00,11r_00034_waggle_annotations.csv,/media/geko/VERBATIM HD/SA2025_dances/George/mp4/20250122/00034.mp4,"(-0.6213947110020441, 0.7834976790895338)",-0.621394711002044,0.783497679089534,218.418055344822,572,946,"(572.0, 946.0)",8,1,raw_vertical_uncalibrated,,,,,,,,,,,,,,,,,,,,,,not_corrected
vertical,annotator_csv,vertical_20250122,11r,11r,11r_00034,vertical_20250122__11r__11r_00034,2,,vertical,,20250122,15:34:00,11r_00034_waggle_annotations.csv,/media/geko/VERBATIM HD/SA2025_dances/George/mp4/20250122/00034.mp4,"(-0.26592899812581344, 0.9639926182060737)",-0.265928998125813,0.963992618206074,195.422161318739,562,933,"(562.0, 933.0)",59,1,raw_vertical_uncalibrated,,,,,,,,,,,,,,,,,,,,,,not_corrected
vertical,annotator_csv,vertical_20250122,11r,11r,11r_00034,vertical_20250122__11r__11r_00034,3,,vertical,,20250122,15:34:00,11r_00034_waggle_annotations.csv,/media/geko/VERBATIM HD/SA2025_dances/George/mp4/20250122/00034.mp4,"(-0.3285206249412727, 0.944496796706159)",-0.328520624941273,0.944496796706159,199.179008025811,605,873,"(605.0, 873.0)",112,1,raw_vertical_uncalibrated,,,,,,,,,,,,,,,,,,,,,,not_corrected
vertical,annotator_csv,vertical_20250122,11r,11r,11r_00034,vertical_20250122__11r__11r_00034,4,,vertical,,20250122,15:34:00,11r_00034_waggle_annotations.csv,/media/geko/VERBATIM HD/SA2025_dances/George/mp4/20250122/00034.mp4,"(0.0, 1.0)",0,1,180,596,876,"(596.0, 876.0)",154,1,raw_vertical_uncalibrated,,,,,,,,,,,,,,,,,,,,,,not_corrected
vertical,annotator_csv,vertical_20250122,11r,11r,11r_00034,vertical_20250122__11r__11r_00034,5,,vertical,,20250122,15:34:00,11r_00034_waggle_annotations.csv,/media/geko/VERBATIM HD/SA2025_dances/George/mp4/20250122/00034.mp4,"(-0.48564293117863205, 0.8741572761215377)",-0.485642931178632,0.874157276121538,209.054604099077,564,886,"(564.0, 886.0)",195,1,raw_vertical_uncalibrated,,,,,,,,,,,,,,,,,,,,,,not_corrected
vertical,annotator_csv,vertical_20250122,11r,11r,11r_00034,vertical_20250122__11r__11r_00034,6,,vertical,,20250122,15:34:00,11r_00034_waggle_annotations.csv,/media/geko/VERBATIM HD/SA2025_dances/George/mp4/20250122/00034.mp4,"(-0.06370015422533788, 0.9979690828636267)",-0.0637001542253379,0.997969082863627,183.652222780306,626,890,"(626.0, 890.0)",239,1,raw_vertical_uncalibrated,,,,,,,,,,,,,,,,,,,,,,not_corrected
vertical,annotator_csv,vertical_20250122,11r,11r,11r_00034,vertical_20250122__11r__11r_00034,7,,vertical,,20250122,15:34:00,11r_00034_waggle_annotations.csv,/media/geko/VERBATIM HD/SA2025_dances/George/mp4/20250122/00034.mp4,"(-0.5547001962252291, 0.8320502943378436)",-0.554700196225229,0.832050294337844,213.69006752598,594,861,"(594.0, 861.0)",273,1,raw_vertical_uncalibrated,,,,,,,,,,,,,,,,,,,,,,not_corrected
vertical,annotator_csv,vertical_20250122,11r,11r,11r_00034,vertical_20250122__11r__11r_00034,8,,vertical,,20250122,15:34:00,11r_00034_waggle_annotations.csv,/media/geko/VERBATIM HD/SA2025_dances/George/mp4/20250122/00034.mp4,"(-0.23464053310389682, 0.9720822085732868)",-0.234640533103897,0.972082208573287,193.570434385162,665,895,"(665.0, 895.0)",320,1,raw_vertical_uncalibrated,,,,,,,,,,,,,,,,,,,,,,not_corrected
vertical,annotator_csv,vertical_20250122,11r,11r,11r_00034,vertical_20250122__11r__11r_00034,9,,vertical,,20250122,15:34:00,11r_00034_waggle_annotations.csv,/media/geko/VERBATIM HD/SA2025_dances/George/mp4/20250122/00034.mp4,"(-0.2940858488375231, 0.95577900872195)",-0.294085848837523,0.95577900872195,197.102728969052,673,933,"(673.0, 933.0)",363,1,raw_vertical_uncalibrated,,,,,,,,,,,,,,,,,,,,,,not_corrected
vertical,annotator_csv,vertical_20250122,11r,11r,11r_00034,vertical_20250122__11r__11r_00034,10,,vertical,,20250122,15:34:00,11r_00034_waggle_annotations.csv,/media/geko/VERBATIM HD/SA2025_dances/George/mp4/20250122/00034.mp4,"(0.086629616364842, 0.996240588195683)",0.086629616364842,0.996240588195683,175.03025927189,710,957,"(710.0, 957.0)",410,1,raw_vertical_uncalibrated,,,,,,,,,,,,,,,,,,,,,,not_corrected
vertical,annotator_csv,vertical_20250122,11r,11r,11r_00034,vertical_20250122__11r__11r_00034,11,,vertical,,20250122,15:34:00,11r_00034_waggle_annotations.csv,/media/geko/VERBATIM HD/SA2025_dances/George/mp4/20250122/00034.mp4,"(-0.1414213562373095, 0.9899494936611665)",-0.14142135623731,0.989949493661167,188.130102354156,706,956,"(706.0, 956.0)",450,1,raw_vertical_uncalibrated,,,,,,,,,,,,,,,,,,,,,,not_corrected
vertical,annotator_csv,vertical_20250122,11r,11r,11r_00034,vertical_20250122__11r__11r_00034,12,,vertical,,20250122,15:34:00,11r_00034_waggle_annotations.csv,/media/geko/VERBATIM HD/SA2025_dances/George/mp4/20250122/00034.mp4,"(-0.04343722427630694, 0.9990561583550596)",-0.0434372242763069,0.99905615835506,182.489552921999,611,967,"(611.0, 967.0)",499,1,raw_vertical_uncalibrated,,,,,,,,,,,,,,,,,,,,,,not_corrected
vertical,annotator_csv,vertical_20250122,11r,11r,11r_00034,vertical_20250122__11r__11r_00034,13,,vertical,,20250122,15:34:00,11r_00034_waggle_annotations.csv,/media/geko/VERBATIM HD/SA2025_dances/George/mp4/20250122/00034.mp4,"(0.0, 1.0)",0,1,180,601,946,"(601.0, 946.0)",543,1,raw_vertical_uncalibrated,,,,,,,,,,,,,,,,,,,,,,not_corrected
vertical,annotator_csv,vertical_20250122,11r,11r,11r_00034,vertical_20250122__11r__11r_00034,14,,vertical,,20250122,15:34:00,11r_00034_waggle_annotations.csv,/media/geko/VERBATIM HD/SA2025_dances/George/mp4/20250122/00034.mp4,"(-0.2696299255199709, 0.9629640197141817)",-0.269629925519971,0.962964019714182,195.642246457209,583,933,"(583.0, 933.0)",578,1,raw_vertical_uncalibrated,,,,,,,,,,,,,,,,,,,,,,not_corrected
vertical,annotator_csv,vertical_20250122,11r,11r,11r_00034,vertical_20250122__11r__11r_00034,15,,vertical,,20250122,15:34:00,11r_00034_waggle_annotations.csv,/media/geko/VERBATIM HD/SA2025_dances/George/mp4/20250122/00034.mp4,"(0.04993761694389223, 0.9987523388778445)",0.0499376169438922,0.998752338877845,177.137594773888,584,949,"(584.0, 949.0)",626,1,raw_vertical_uncalibrated,,,,,,,,,,,,,,,,,,,,,,not_corrected
vertical,annotator_csv,vertical_20250122,11r,11r,11r_00034,vertical_20250122__11r__11r_00034,16,,vertical,,20250122,15:34:00,11r_00034_waggle_annotations.csv,/media/geko/VERBATIM HD/SA2025_dances/George/mp4/20250122/00034.mp4,"(-0.28734788556634544, 0.9578262852211514)",-0.287347885566345,0.957826285221151,196.699244233994,525,928,"(525.0, 928.0)",666,1,raw_vertical_uncalibrated,,,,,,,,,,,,,,,,,,,,,,not_corrected
vertical,annotator_csv,vertical_20250122,22b,22b,22b_00028,vertical_20250122__22b__22b_00028,1,,vertical,,20250122,15:22:00,22b_00028_waggle_annotations.csv,/media/geko/VERBATIM HD/SA2025_dances/George/mp4/20250122/00028.mp4,"(0.06438227799796505, 0.9979253089684582)",0.0643822779979651,0.997925308968458,176.308614013549,845,884,"(845.0, 884.0)",12,1,raw_vertical_uncalibrated,,,,,,,,,,,,,,,,,,,,,,not_corrected
vertical,annotator_csv,vertical_20250122,22b,22b,22b_00028,vertical_20250122__22b__22b_00028,2,,vertical,,20250122,15:22:00,22b_00028_waggle_annotations.csv,/media/geko/VERBATIM HD/SA2025_dances/George/mp4/20250122/00028.mp4,"(0.3656523724229935, 0.9307514934403471)",0.365652372422994,0.930751493440347,158.552263672895,872,815,"(872.0, 815.0)",76,1,raw_vertical_uncalibrated,,,,,,,,,,,,,,,,,,,,,,not_corrected
vertical,annotator_csv,vertical_20250122,22b,22b,22b_00028,vertical_20250122__22b__22b_00028,3,,vertical,,20250122,15:22:00,22b_00028_waggle_annotations.csv,/media/geko/VERBATIM HD/SA2025_dances/George/mp4/20250122/00028.mp4,"(-0.03331483023263848, 0.9994449069791543)",-0.0333148302326385,0.999444906979154,181.909152432996,858,836,"(858.0, 836.0)",131,1,raw_vertical_uncalibrated,,,,,,,,,,,,,,,,,,,,,,not_corrected
vertical,annotator_csv,vertical_20250122,22b,22b,22b_00028,vertical_20250122__22b__22b_00028,4,,vertical,,20250122,15:22:00,22b_00028_waggle_annotations.csv,/media/geko/VERBATIM HD/SA2025_dances/George/mp4/20250122/00028.mp4,"(0.1520571842539411, 0.9883716976506172)",0.152057184253941,0.988371697650617,171.253837737445,886,809,"(886.0, 809.0)",187,1,raw_vertical_uncalibrated,,,,,,,,,,,,,,,,,,,,,,not_corrected
vertical,annotator_csv,vertical_20250122,22b,22b,22b_00032,vertical_20250122__22b__22b_00032,1,,vertical,,20250122,15:30:00,22b_00032_waggle_annotations.csv,/media/geko/VERBATIM HD/SA2025_dances/George/mp4/20250122/00032.mp4,"(-0.4819187497721559, 0.8762159086766471)",-0.481918749772156,0.876215908676647,208.810793742973,700,950,"(700.0, 950.0)",30,1,raw_vertical_uncalibrated,,,,,,,,,,,,,,,,,,,,,,not_corrected
vertical,annotator_csv,vertical_20250122,22b,22b,22b_00032,vertical_20250122__22b__22b_00032,2,,vertical,,20250122,15:30:00,22b_00032_waggle_annotations.csv,/media/geko/VERBATIM HD/SA2025_dances/George/mp4/20250122/00032.mp4,"(-0.36064519288355346, 0.9327030850436727)",-0.360645192883553,0.932703085043673,201.139824808658,736,915,"(736.0, 915.0)",163,1,raw_vertical_uncalibrated,,,,,,,,,,,,,,,,,,,,,,not_corrected
vertical,annotator_csv,vertical_20250122,22b,22b,22b_00032,vertical_20250122__22b__22b_00032,3,,vertical,,20250122,15:30:00,22b_00032_waggle_annotations.csv,/media/geko/VERBATIM HD/SA2025_dances/George/mp4/20250122/00032.mp4,"(0.053494721371611896, 0.9985681322700888)",0.0534947213716119,0.998568132270089,176.933514498874,763,897,"(763.0, 897.0)",209,1,raw_vertical_uncalibrated,,,,,,,,,,,,,,,,,,,,,,not_corrected
vertical,annotator_csv,vertical_20250122,22b,22b,22b_00032,vertical_20250122__22b__22b_00032,4,,vertical,,20250122,15:30:00,22b_00032_waggle_annotations.csv,/media/geko/VERBATIM HD/SA2025_dances/George/mp4/20250122/00032.mp4,"(-0.3609941025577121, 0.9325680982740896)",-0.360994102557712,0.93256809827409,201.161259816828,713,844,"(713.0, 844.0)",258,1,raw_vertical_uncalibrated,,,,,,,,,,,,,,,,,,,,,,not_corrected
vertical,annotator_csv,vertical_20250122,22b,22b,22b_00032,vertical_20250122__22b__22b_00032,5,,vertical,,20250122,15:30:00,22b_00032_waggle_annotations.csv,/media/geko/VERBATIM HD/SA2025_dances/George/mp4/20250122/00032.mp4,"(0.19611613513818404, 0.9805806756909202)",0.196116135138184,0.98058067569092,168.69006752598,730,844,"(730.0, 844.0)",318,1,raw_vertical_uncalibrated,,,,,,,,,,,,,,,,,,,,,,not_corrected
vertical,annotator_csv,vertical_20250122,22b,22b,22b_00032,vertical_20250122__22b__22b_00032,6,,vertical,,20250122,15:30:00,22b_00032_waggle_annotations.csv,/media/geko/VERBATIM HD/SA2025_dances/George/mp4/20250122/00032.mp4,"(-0.35713746626659143, 0.9340518348510853)",-0.357137466266591,0.934051834851085,200.924501744921,699,843,"(699.0, 843.0)",366,1,raw_vertical_uncalibrated,,,,,,,,,,,,,,,,,,,,,,not_corrected
vertical,annotator_csv,vertical_20250122,22b,22b,22b_00032,vertical_20250122__22b__22b_00032,7,,vertical,,20250122,15:30:00,22b_00032_waggle_annotations.csv,/media/geko/VERBATIM HD/SA2025_dances/George/mp4/20250122/00032.mp4,"(0.17378533390904768, 0.9847835588179369)",0.173785333909048,0.984783558817937,169.992020198559,720,860,"(720.0, 860.0)",410,1,raw_vertical_uncalibrated,,,,,,,,,,,,,,,,,,,,,,not_corrected
vertical,annotator_csv,vertical_20250122,22b,22b,22b_00036,vertical_20250122__22b__22b_00036,1,,vertical,,20250122,15:39:00,22b_00036_waggle_annotations.csv,/media/geko/VERBATIM HD/SA2025_dances/George/mp4/20250122/00036.mp4,"(0.19151035941964858, 0.981490592025699)",0.191510359419649,0.981490592025699,168.959059819676,1656,783,"(1656.0, 783.0)",782,1,raw_vertical_uncalibrated,,,,,,,,,,,,,,,,,,,,,,not_corrected
vertical,annotator_csv,vertical_20250122,22b,22b,22b_00036,vertical_20250122__22b__22b_00036,2,,vertical,,20250122,15:39:00,22b_00036_waggle_annotations.csv,/media/geko/VERBATIM HD/SA2025_dances/George/mp4/20250122/00036.mp4,"(-0.09950371902099892, 0.9950371902099892)",-0.0995037190209989,0.995037190209989,185.7105931375,1662,823,"(1662.0, 823.0)",819,1,raw_vertical_uncalibrated,,,,,,,,,,,,,,,,,,,,,,not_corrected
vertical,annotator_csv,vertical_20250122,22b,22b,22b_00036,vertical_20250122__22b__22b_00036,3,,vertical,,20250122,15:39:00,22b_00036_waggle_annotations.csv,/media/geko/VERBATIM HD/SA2025_dances/George/mp4/20250122/00036.mp4,"(-0.28216632399155017, 0.9593655015712707)",-0.28216632399155,0.959365501571271,196.389540334035,1382,863,"(1382.0, 863.0)",895,1,raw_vertical_uncalibrated,,,,,,,,,,,,,,,,,,,,,,not_corrected
vertical,annotator_csv,vertical_20250122,22b,22b,22b_00036,vertical_20250122__22b__22b_00036,4,,vertical,,20250122,15:39:00,22b_00036_waggle_annotations.csv,/media/geko/VERBATIM HD/SA2025_dances/George/mp4/20250122/00036.mp4,"(-0.06237828615518053, 0.9980525784828885)",-0.0623782861551805,0.998052578482889,183.576334374997,1260,746,"(1260.0, 746.0)",967,1,raw_vertical_uncalibrated,,,,,,,,,,,,,,,,,,,,,,not_corrected
vertical,annotator_csv,vertical_20250122,22b,22b,22b_00036,vertical_20250122__22b__22b_00036,5,,vertical,,20250122,15:39:00,22b_00036_waggle_annotations.csv,/media/geko/VERBATIM HD/SA2025_dances/George/mp4/20250122/00036.mp4,"(-0.5665288228870652, 0.8240419241993676)",-0.566528822887065,0.824041924199368,214.508522987668,1175,755,"(1175.0, 755.0)",1200,1,raw_vertical_uncalibrated,,,,,,,,,,,,,,,,,,,,,,not_corrected
vertical,annotator_csv,vertical_20250122,22b,22b,22b_00048,vertical_20250122__22b__22b_00048,1,,vertical,,20250122,17:55:00,22b_00048_waggle_annotations.csv,/media/geko/VERBATIM HD/SA2025_dances/George/mp4/20250122/00048.mp4,"(-0.32599068331940423, 0.9453729816262721)",-0.325990683319404,0.945372981626272,199.025606037569,802,846,"(802.0, 846.0)",800,1,raw_vertical_uncalibrated,,,,,,,,,,,,,,,,,,,,,,not_corrected
vertical,annotator_csv,vertical_20250122,22b,22b,22b_00048,vertical_20250122__22b__22b_00048,2,,vertical,,20250122,17:55:00,22b_00048_waggle_annotations.csv,/media/geko/VERBATIM HD/SA2025_dances/George/mp4/20250122/00048.mp4,"(0.11043152607484653, 0.9938837346736188)",0.110431526074847,0.993883734673619,173.65980825409,833,847,"(833.0, 847.0)",845,1,raw_vertical_uncalibrated,,,,,,,,,,,,,,,,,,,,,,not_corrected
vertical,annotator_csv,vertical_20250122,22b,22b,22b_00048,vertical_20250122__22b__22b_00048,3,,vertical,,20250122,17:55:00,22b_00048_waggle_annotations.csv,/media/geko/VERBATIM HD/SA2025_dances/George/mp4/20250122/00048.mp4,"(-0.4472135954999579, 0.8944271909999159)",-0.447213595499958,0.894427190999916,206.565051177078,810,834,"(810.0, 834.0)",883,1,raw_vertical_uncalibrated,,,,,,,,,,,,,,,,,,,,,,not_corrected
vertical,annotator_csv,vertical_20250122,22b,22b,22b_00048,vertical_20250122__22b__22b_00048,4,,vertical,,20250122,17:55:00,22b_00048_waggle_annotations.csv,/media/geko/VERBATIM HD/SA2025_dances/George/mp4/20250122/00048.mp4,"(0.21693045781865616, 0.9761870601839528)",0.216930457818656,0.976187060183953,167.471192290848,797,833,"(797.0, 833.0)",924,1,raw_vertical_uncalibrated,,,,,,,,,,,,,,,,,,,,,,not_corrected
vertical,annotator_csv,vertical_20250122,22b,22b,22b_00048,vertical_20250122__22b__22b_00048,5,,vertical,,20250122,17:55:00,22b_00048_waggle_annotations.csv,/media/geko/VERBATIM HD/SA2025_dances/George/mp4/20250122/00048.mp4,"(-0.49972245348957717, 0.8661855860486004)",-0.499722453489577,0.8661855860486,209.981639368849,766,781,"(766.0, 781.0)",968,1,raw_vertical_uncalibrated,,,,,,,,,,,,,,,,,,,,,,not_corrected
vertical,annotator_csv,vertical_20250122,22b,22b,22b_00048,vertical_20250122__22b__22b_00048,6,,vertical,,20250122,17:55:00,22b_00048_waggle_annotations.csv,/media/geko/VERBATIM HD/SA2025_dances/George/mp4/20250122/00048.mp4,"(0.1643989873053573, 0.9863939238321437)",0.164398987305357,0.986393923832144,170.537677791974,842,880,"(842.0, 880.0)",999,1,raw_vertical_uncalibrated,,,,,,,,,,,,,,,,,,,,,,not_corrected
vertical,annotator_csv,vertical_20250122,22b,22b,22b_00048,vertical_20250122__22b__22b_00048,7,,vertical,,20250122,17:55:00,22b_00048_waggle_annotations.csv,/media/geko/VERBATIM HD/SA2025_dances/George/mp4/20250122/00048.mp4,"(0.08789381029635715, 0.996129850025381)",0.0878938102963572,0.996129850025381,174.957548930829,843,855,"(843.0, 855.0)",1044,1,raw_vertical_uncalibrated,,,,,,,,,,,,,,,,,,,,,,not_corrected
vertical,annotator_csv,vertical_20250122,22b,22b,22b_00048,vertical_20250122__22b__22b_00048,8,,vertical,,20250122,17:55:00,22b_00048_waggle_annotations.csv,/media/geko/VERBATIM HD/SA2025_dances/George/mp4/20250122/00048.mp4,"(-0.7071067811865476, 0.7071067811865476)",-0.707106781186548,0.707106781186548,225,831,817,"(831.0, 817.0)",1079,1,raw_vertical_uncalibrated,,,,,,,,,,,,,,,,,,,,,,not_corrected
vertical,annotator_csv,vertical_20250122,22b,22b,22b_00048,vertical_20250122__22b__22b_00048,9,,vertical,,20250122,17:55:00,22b_00048_waggle_annotations.csv,/media/geko/VERBATIM HD/SA2025_dances/George/mp4/20250122/00048.mp4,"(0.12403473458920847, 0.9922778767136677)",0.124034734589208,0.992277876713668,172.874983651098,867,846,"(867.0, 846.0)",1125,1,raw_vertical_uncalibrated,,,,,,,,,,,,,,,,,,,,,,not_corrected
vertical,annotator_csv,vertical_20250122,22b,22b,22b_00048,vertical_20250122__22b__22b_00048,10,,vertical,,20250122,17:55:00,22b_00048_waggle_annotations.csv,/media/geko/VERBATIM HD/SA2025_dances/George/mp4/20250122/00048.mp4,"(-0.7474093186836597, 0.6643638388299198)",-0.74740931868366,0.66436383882992,228.36646066343,1049,907,"(1049.0, 907.0)",1354,1,raw_vertical_uncalibrated,,,,,,,,,,,,,,,,,,,,,,not_corrected
vertical,annotator_csv,vertical_20250122,22b,22b,22b_00048,vertical_20250122__22b__22b_00048,11,,vertical,,20250122,17:55:00,22b_00048_waggle_annotations.csv,/media/geko/VERBATIM HD/SA2025_dances/George/mp4/20250122/00048.mp4,"(-0.03770900990025203, 0.9992887623566787)",-0.037709009900252,0.999288762356679,182.161079488226,1030,903,"(1030.0, 903.0)",1405,1,raw_vertical_uncalibrated,,,,,,,,,,,,,,,,,,,,,,not_corrected
vertical,annotator_csv,vertical_20250122,22b,22b,22b_00048,vertical_20250122__22b__22b_00048,12,,vertical,,20250122,17:55:00,22b_00048_waggle_annotations.csv,/media/geko/VERBATIM HD/SA2025_dances/George/mp4/20250122/00048.mp4,"(-0.12403473458920847, 0.9922778767136677)",-0.124034734589208,0.992277876713668,187.125016348902,995,887,"(995.0, 887.0)",1450,1,raw_vertical_uncalibrated,,,,,,,,,,,,,,,,,,,,,,not_corrected
vertical,annotator_csv,vertical_20250122,22b,22b,22b_00048,vertical_20250122__22b__22b_00048,13,,vertical,,20250122,17:55:00,22b_00048_waggle_annotations.csv,/media/geko/VERBATIM HD/SA2025_dances/George/mp4/20250122/00048.mp4,"(0.09950371902099892, 0.9950371902099892)",0.0995037190209989,0.995037190209989,174.2894068625,1034,905,"(1034.0, 905.0)",1488,1,raw_vertical_uncalibrated,,,,,,,,,,,,,,,,,,,,,,not_corrected
vertical,annotator_csv,vertical_20250122,22b,22b,22b_00048,vertical_20250122__22b__22b_00048,14,,vertical,,20250122,17:55:00,22b_00048_waggle_annotations.csv,/media/geko/VERBATIM HD/SA2025_dances/George/mp4/20250122/00048.mp4,"(-0.3396444637775567, 0.9405538996916954)",-0.339644463777557,0.940553899691695,199.855214369321,1054,877,"(1054.0, 877.0)",1534,1,raw_vertical_uncalibrated,,,,,,,,,,,,,,,,,,,,,,not_corrected
vertical,annotator_csv,vertical_20250122,22b,22b,22b_00048,vertical_20250122__22b__22b_00048,15,,vertical,,20250122,17:55:00,22b_00048_waggle_annotations.csv,/media/geko/VERBATIM HD/SA2025_dances/George/mp4/20250122/00048.mp4,"(0.49613893835683387, 0.8682431421244593)",0.496138938356834,0.868243142124459,150.255118703058,1038,865,"(1038.0, 865.0)",1574,1,raw_vertical_uncalibrated,,,,,,,,,,,,,,,,,,,,,,not_corrected
vertical,annotator_csv,vertical_20250122,22b,22b,22b_00048,vertical_20250122__22b__22b_00048,16,,vertical,,20250122,17:55:00,22b_00048_waggle_annotations.csv,/media/geko/VERBATIM HD/SA2025_dances/George/mp4/20250122/00048.mp4,"(-0.24253562503633297, 0.9701425001453319)",-0.242535625036333,0.970142500145332,194.036243467926,984,874,"(984.0, 874.0)",1620,1,raw_vertical_uncalibrated,,,,,,,,,,,,,,,,,,,,,,not_corrected
vertical,annotator_csv,vertical_20250122,22b,22b,22b_00048,vertical_20250122__22b__22b_00048,17,,vertical,,20250122,17:55:00,22b_00048_waggle_annotations.csv,/media/geko/VERBATIM HD/SA2025_dances/George/mp4/20250122/00048.mp4,"(0.13120871902808304, 0.9913547659899606)",0.131208719028083,0.991354765989961,172.460554860491,1017,870,"(1017.0, 870.0)",1665,1,raw_vertical_uncalibrated,,,,,,,,,,,,,,,,,,,,,,not_corrected
vertical,annotator_csv,vertical_20250122,22b,22b,22b_00048,vertical_20250122__22b__22b_00048,18,,vertical,,20250122,17:55:00,22b_00048_waggle_annotations.csv,/media/geko/VERBATIM HD/SA2025_dances/George/mp4/20250122/00048.mp4,"(-0.38074980525429486, 0.924678098474716)",-0.380749805254295,0.924678098474716,202.38013505196,995,878,"(995.0, 878.0)",1701,1,raw_vertical_uncalibrated,,,,,,,,,,,,,,,,,,,,,,not_corrected
vertical,annotator_csv,vertical_20250122,22b,22b,22b_00048,vertical_20250122__22b__22b_00048,19,,vertical,,20250122,17:55:00,22b_00048_waggle_annotations.csv,/media/geko/VERBATIM HD/SA2025_dances/George/mp4/20250122/00048.mp4,"(0.4008188340197078, 0.9161573349021892)",0.400818834019708,0.916157334902189,156.370622269343,1007,891,"(1007.0, 891.0)",1747,1,raw_vertical_uncalibrated,,,,,,,,,,,,,,,,,,,,,,not_corrected
vertical,annotator_csv,vertical_20250122,22b,22b,22b_00048,vertical_20250122__22b__22b_00048,20,,vertical,,20250122,17:55:00,22b_00048_waggle_annotations.csv,/media/geko/VERBATIM HD/SA2025_dances/George/mp4/20250122/00048.mp4,"(-0.3643993485805122, 0.9312427797057534)",-0.364399348580512,0.931242779705753,201.370622269343,950,881,"(950.0, 881.0)",1784,1,raw_vertical_uncalibrated,,,,,,,,,,,,,,,,,,,,,,not_corrected
vertical,annotator_csv,vertical_20250122,22b,22b,22b_00048,vertical_20250122__22b__22b_00048,21,,vertical,,20250122,17:55:00,22b_00048_waggle_annotations.csv,/media/geko/VERBATIM HD/SA2025_dances/George/mp4/20250122/00048.mp4,"(0.3624462611549484, 0.9320046715412958)",0.362446261154948,0.932004671541296,158.749494492867,959,894,"(959.0, 894.0)",1837,1,raw_vertical_uncalibrated,,,,,,,,,,,,,,,,,,,,,,not_corrected
vertical,annotator_csv,vertical_20250122,22b,22b,22b_00048,vertical_20250122__22b__22b_00048,22,,vertical,,20250122,17:55:00,22b_00048_waggle_annotations.csv,/media/geko/VERBATIM HD/SA2025_dances/George/mp4/20250122/00048.mp4,"(-0.25766265056033233, 0.9662349396012463)",-0.257662650560332,0.966234939601246,194.931417178138,925,895,"(925.0, 895.0)",1879,1,raw_vertical_uncalibrated,,,,,,,,,,,,,,,,,,,,,,not_corrected
vertical,annotator_csv,vertical_20250122,22b,22b,22b_00048,vertical_20250122__22b__22b_00048,23,,vertical,,20250122,17:55:00,22b_00048_waggle_annotations.csv,/media/geko/VERBATIM HD/SA2025_dances/George/mp4/20250122/00048.mp4,"(0.5038710255240862, 0.8637789008984335)",0.503871025524086,0.863778900898434,149.743562836471,994,884,"(994.0, 884.0)",1955,1,raw_vertical_uncalibrated,,,,,,,,,,,,,,,,,,,,,,not_corrected
vertical,annotator_csv,vertical_20250122,22b,22b,22b_00048,vertical_20250122__22b__22b_00048,24,,vertical,,20250122,17:55:00,22b_00048_waggle_annotations.csv,/media/geko/VERBATIM HD/SA2025_dances/George/mp4/20250122/00048.mp4,"(-0.52999894000318, 0.847998304005088)",-0.52999894000318,0.847998304005088,212.005383208084,979,899,"(979.0, 899.0)",1996,1,raw_vertical_uncalibrated,,,,,,,,,,,,,,,,,,,,,,not_corrected
vertical,annotator_csv,vertical_20250122,22b,22b,22b_00048,vertical_20250122__22b__22b_00048,25,,vertical,,20250122,17:55:00,22b_00048_waggle_annotations.csv,/media/geko/VERBATIM HD/SA2025_dances/George/mp4/20250122/00048.mp4,"(-0.22485950669875843, 0.9743911956946198)",-0.224859506698758,0.97439119569462,192.994616791917,972,902,"(972.0, 902.0)",2077,1,raw_vertical_uncalibrated,,,,,,,,,,,,,,,,,,,,,,not_corrected
vertical,annotator_csv,vertical_20250122,22b,22b,22b_00048,vertical_20250122__22b__22b_00048,26,,vertical,,20250122,17:55:00,22b_00048_waggle_annotations.csv,/media/geko/VERBATIM HD/SA2025_dances/George/mp4/20250122/00048.mp4,"(-0.6316729511622358, 0.7752349855172893)",-0.631672951162236,0.775234985517289,219.173657970444,921,884,"(921.0, 884.0)",2134,1,raw_vertical_uncalibrated,,,,,,,,,,,,,,,,,,,,,,not_corrected
vertical,annotator_csv,vertical_20250122,22b,22b,22b_00048,vertical_20250122__22b__22b_00048,27,,vertical,,20250122,17:55:00,22b_00048_waggle_annotations.csv,/media/geko/VERBATIM HD/SA2025_dances/George/mp4/20250122/00048.mp4,"(0.02630668208823282, 0.9996539193528472)",0.0263066820882328,0.999653919352847,178.492564241225,954,884,"(954.0, 884.0)",2969,1,raw_vertical_uncalibrated,,,,,,,,,,,,,,,,,,,,,,not_corrected
vertical,annotator_csv,vertical_20250122,22b,22b,22b_00048,vertical_20250122__22b__22b_00048,28,,vertical,,20250122,17:55:00,22b_00048_waggle_annotations.csv,/media/geko/VERBATIM HD/SA2025_dances/George/mp4/20250122/00048.mp4,"(-0.11043152607484653, 0.9938837346736188)",-0.110431526074847,0.993883734673619,186.34019174591,900,924,"(900.0, 924.0)",3025,1,raw_vertical_uncalibrated,,,,,,,,,,,,,,,,,,,,,,not_corrected
vertical,annotator_csv,vertical_20250122,22b,22b,22b_00048,vertical_20250122__22b__22b_00048,29,,vertical,,20250122,17:55:00,22b_00048_waggle_annotations.csv,/media/geko/VERBATIM HD/SA2025_dances/George/mp4/20250122/00048.mp4,"(-0.6097107608496923, 0.7926239891046)",-0.609710760849692,0.7926239891046,217.568592028827,912,953,"(912.0, 953.0)",3120,1,raw_vertical_uncalibrated,,,,,,,,,,,,,,,,,,,,,,not_corrected
vertical,annotator_csv,vertical_20250122,22b,22b,22b_00048,vertical_20250122__22b__22b_00048,30,,vertical,,20250122,17:55:00,22b_00048_waggle_annotations.csv,/media/geko/VERBATIM HD/SA2025_dances/George/mp4/20250122/00048.mp4,"(-0.7348034446274879, 0.6782801027330658)",-0.734803444627488,0.678280102733066,227.290610042639,820,887,"(820.0, 887.0)",3394,1,raw_vertical_uncalibrated,,,,,,,,,,,,,,,,,,,,,,not_corrected
vertical,annotator_csv,vertical_20250122,22b,22b,22b_00048,vertical_20250122__22b__22b_00048,31,,vertical,,20250122,17:55:00,22b_00048_waggle_annotations.csv,/media/geko/VERBATIM HD/SA2025_dances/George/mp4/20250122/00048.mp4,"(-0.12033136751923737, 0.9927337820337083)",-0.120331367519237,0.992733782033708,186.911227119025,866,913,"(866.0, 913.0)",3453,1,raw_vertical_uncalibrated,,,,,,,,,,,,,,,,,,,,,,not_corrected
vertical,annotator_csv,vertical_20250122,22b,22b,22b_00048,vertical_20250122__22b__22b_00048,32,,vertical,,20250122,17:55:00,22b_00048_waggle_annotations.csv,/media/geko/VERBATIM HD/SA2025_dances/George/mp4/20250122/00048.mp4,"(-0.5279341211256219, 0.8492853252890439)",-0.527934121125622,0.849285325289044,211.865977693604,773,921,"(773.0, 921.0)",3610,1,raw_vertical_uncalibrated,,,,,,,,,,,,,,,,,,,,,,not_corrected
vertical,annotator_csv,vertical_20250122,22b,22b,22b_00048,vertical_20250122__22b__22b_00048,33,,vertical,,20250122,17:55:00,22b_00048_waggle_annotations.csv,/media/geko/VERBATIM HD/SA2025_dances/George/mp4/20250122/00048.mp4,"(0.46483389898992034, 0.8853979028379435)",0.46483389898992,0.885397902837944,152.300527191945,786,917,"(786.0, 917.0)",3647,1,raw_vertical_uncalibrated,,,,,,,,,,,,,,,,,,,,,,not_corrected
vertical,annotator_csv,vertical_20250122,22b,22b,22b_00048,vertical_20250122__22b__22b_00048,34,,vertical,,20250122,17:55:00,22b_00048_waggle_annotations.csv,/media/geko/VERBATIM HD/SA2025_dances/George/mp4/20250122/00048.mp4,"(-0.29116161578269606, 0.9566738804288585)",-0.291161615782696,0.956673880428859,196.927513064147,757,915,"(757.0, 915.0)",3879,1,raw_vertical_uncalibrated,,,,,,,,,,,,,,,,,,,,,,not_corrected
vertical,annotator_csv,vertical_20250122,22b,22b,22b_00048,vertical_20250122__22b__22b_00048,35,,vertical,,20250122,17:55:00,22b_00048_waggle_annotations.csv,/media/geko/VERBATIM HD/SA2025_dances/George/mp4/20250122/00048.mp4,"(0.4558758698056578, 0.8900433648586652)",0.455875869805658,0.890043364858665,152.878696595841,766,931,"(766.0, 931.0)",3927,1,raw_vertical_uncalibrated,,,,,,,,,,,,,,,,,,,,,,not_corrected
vertical,annotator_csv,vertical_20250122,66b,66b,66b_00049,vertical_20250122__66b__66b_00049,1,,vertical,,20250122,17:59:00,66b_00049_waggle_annotations.csv,/media/geko/VERBATIM HD/SA2025_dances/George/mp4/20250122/00049.mp4,"(-0.2731522098761525, 0.9619708260855807)",-0.273152209876153,0.961970826085581,195.851928154287,834,924,"(834.0, 924.0)",10,1,raw_vertical_uncalibrated,,,,,,,,,,,,,,,,,,,,,,not_corrected
vertical,annotator_csv,vertical_20250122,66b,66b,66b_00049,vertical_20250122__66b__66b_00049,2,,vertical,,20250122,17:59:00,66b_00049_waggle_annotations.csv,/media/geko/VERBATIM HD/SA2025_dances/George/mp4/20250122/00049.mp4,"(-0.2233761563293962, 0.9747323185282742)",-0.223376156329396,0.974732318528274,192.907408671266,813,911,"(813.0, 911.0)",61,1,raw_vertical_uncalibrated,,,,,,,,,,,,,,,,,,,,,,not_corrected
vertical,annotator_csv,vertical_20250122,66b,66b,66b_00049,vertical_20250122__66b__66b_00049,3,,vertical,,20250122,17:59:00,66b_00049_waggle_annotations.csv,/media/geko/VERBATIM HD/SA2025_dances/George/mp4/20250122/00049.mp4,"(-0.02082881368183567, 0.9997830567281121)",-0.0208288136818357,0.999783056728112,181.193489423982,826,921,"(826.0, 921.0)",113,1,raw_vertical_uncalibrated,,,,,,,,,,,,,,,,,,,,,,not_corrected
vertical,annotator_csv,vertical_20250122,66b,66b,66b_00049,vertical_20250122__66b__66b_00049,4,,vertical,,20250122,17:59:00,66b_00049_waggle_annotations.csv,/media/geko/VERBATIM HD/SA2025_dances/George/mp4/20250122/00049.mp4,"(-0.4016614950850655, 0.9157882087939493)",-0.401661495085066,0.915788208793949,203.682087724538,804,860,"(804.0, 860.0)",161,1,raw_vertical_uncalibrated,,,,,,,,,,,,,,,,,,,,,,not_corrected
vertical,annotator_csv,vertical_20250123,11r,11r,11r_00048,vertical_20250123__11r__11r_00048,1,,vertical,,20250123,15:36:00,11r_00048_waggle_annotations.csv,/media/geko/VERBATIM HD/SA2025_dances/George/mp4/20250123/00048.mp4,"(0.49026123963255896, 0.8715755371245493)",0.490261239632559,0.871575537124549,150.642246457209,1412,912,"(1412.0, 912.0)",872,1,raw_vertical_uncalibrated,,,,,,,,,,,,,,,,,,,,,,not_corrected
vertical,annotator_csv,vertical_20250123,11r,11r,11r_00048,vertical_20250123__11r__11r_00048,2,,vertical,,20250123,15:36:00,11r_00048_waggle_annotations.csv,/media/geko/VERBATIM HD/SA2025_dances/George/mp4/20250123/00048.mp4,"(-0.24253562503633297, 0.9701425001453319)",-0.242535625036333,0.970142500145332,194.036243467926,1344,928,"(1344.0, 928.0)",924,1,raw_vertical_uncalibrated,,,,,,,,,,,,,,,,,,,,,,not_corrected
vertical,annotator_csv,vertical_20250123,11r,11r,11r_00048,vertical_20250123__11r__11r_00048,3,,vertical,,20250123,15:36:00,11r_00048_waggle_annotations.csv,/media/geko/VERBATIM HD/SA2025_dances/George/mp4/20250123/00048.mp4,"(0.1871121078899952, 0.9823385664224747)",0.187112107889995,0.982338566422475,169.215702132437,1545,953,"(1545.0, 953.0)",1052,1,raw_vertical_uncalibrated,,,,,,,,,,,,,,,,,,,,,,not_corrected
vertical,annotator_csv,vertical_20250123,11r,11r,11r_00048,vertical_20250123__11r__11r_00048,4,,vertical,,20250123,15:36:00,11r_00048_waggle_annotations.csv,/media/geko/VERBATIM HD/SA2025_dances/George/mp4/20250123/00048.mp4,"(-0.15968884391337385, 0.9871673987372203)",-0.159688843913374,0.98716739873722,189.188836077359,1609,812,"(1609.0, 812.0)",1158,1,raw_vertical_uncalibrated,,,,,,,,,,,,,,,,,,,,,,not_corrected
vertical,annotator_csv,vertical_20250123,11r,11r,11r_00048,vertical_20250123__11r__11r_00048,5,,vertical,,20250123,15:36:00,11r_00048_waggle_annotations.csv,/media/geko/VERBATIM HD/SA2025_dances/George/mp4/20250123/00048.mp4,"(0.1414213562373095, 0.9899494936611665)",0.14142135623731,0.989949493661167,171.869897645844,1662,875,"(1662.0, 875.0)",1206,1,raw_vertical_uncalibrated,,,,,,,,,,,,,,,,,,,,,,not_corrected
vertical,annotator_csv,vertical_20250123,11r,11r,11r_00048,vertical_20250123__11r__11r_00048,6,,vertical,,20250123,15:36:00,11r_00048_waggle_annotations.csv,/media/geko/VERBATIM HD/SA2025_dances/George/mp4/20250123/00048.mp4,"(-0.030289126640769135, 0.9995411791453814)",-0.0302891266407691,0.999541179145381,181.735704588928,1629,888,"(1629.0, 888.0)",1252,1,raw_vertical_uncalibrated,,,,,,,,,,,,,,,,,,,,,,not_corrected
vertical,annotator_csv,vertical_20250123,11r,11r,11r_00048,vertical_20250123__11r__11r_00048,7,,vertical,,20250123,15:36:00,11r_00048_waggle_annotations.csv,/media/geko/VERBATIM HD/SA2025_dances/George/mp4/20250123/00048.mp4,"(0.4008188340197078, 0.9161573349021892)",0.400818834019708,0.916157334902189,156.370622269343,1678,870,"(1678.0, 870.0)",1291,1,raw_vertical_uncalibrated,,,,,,,,,,,,,,,,,,,,,,not_corrected
vertical,annotator_csv,vertical_20250123,11r,11r,11r_00048,vertical_20250123__11r__11r_00048,8,,vertical,,20250123,15:36:00,11r_00048_waggle_annotations.csv,/media/geko/VERBATIM HD/SA2025_dances/George/mp4/20250123/00048.mp4,"(-0.11043152607484653, 0.9938837346736188)",-0.110431526074847,0.993883734673619,186.34019174591,1662,911,"(1662.0, 911.0)",1334,1,raw_vertical_uncalibrated,,,,,,,,,,,,,,,,,,,,,,not_corrected
vertical,annotator_csv,vertical_20250123,11r,11r,11r_00048,vertical_20250123__11r__11r_00048,9,,vertical,,20250123,15:36:00,11r_00048_waggle_annotations.csv,/media/geko/VERBATIM HD/SA2025_dances/George/mp4/20250123/00048.mp4,"(0.48564293117863205, 0.8741572761215377)",0.485642931178632,0.874157276121538,150.945395900923,1651,895,"(1651.0, 895.0)",1383,1,raw_vertical_uncalibrated,,,,,,,,,,,,,,,,,,,,,,not_corrected
vertical,annotator_csv,vertical_20250123,11r,11r,11r_00048,vertical_20250123__11r__11r_00048,10,,vertical,,20250123,15:36:00,11r_00048_waggle_annotations.csv,/media/geko/VERBATIM HD/SA2025_dances/George/mp4/20250123/00048.mp4,"(-0.2333729524753242, 0.9723873019805175)",-0.233372952475324,0.972387301980518,193.495733280796,1611,902,"(1611.0, 902.0)",1419,1,raw_vertical_uncalibrated,,,,,,,,,,,,,,,,,,,,,,not_corrected
vertical,annotator_csv,vertical_20250123,11r,11r,11r_00048,vertical_20250123__11r__11r_00048,11,,vertical,,20250123,15:36:00,11r_00048_waggle_annotations.csv,/media/geko/VERBATIM HD/SA2025_dances/George/mp4/20250123/00048.mp4,"(0.04163054471218133, 0.999133073092352)",0.0416305447121813,0.999133073092352,177.614055969611,1653,874,"(1653.0, 874.0)",1469,1,raw_vertical_uncalibrated,,,,,,,,,,,,,,,,,,,,,,not_corrected
vertical,annotator_csv,vertical_20250123,11r,11r,11r_00048,vertical_20250123__11r__11r_00048,12,,vertical,,20250123,15:36:00,11r_00048_waggle_annotations.csv,/media/geko/VERBATIM HD/SA2025_dances/George/mp4/20250123/00048.mp4,"(0.0, 1.0)",0,1,180,1640,914,"(1640.0, 914.0)",1509,1,raw_vertical_uncalibrated,,,,,,,,,,,,,,,,,,,,,,not_corrected
vertical,annotator_csv,vertical_20250123,11r,11r,11r_00048,vertical_20250123__11r__11r_00048,13,,vertical,,20250123,15:36:00,11r_00048_waggle_annotations.csv,/media/geko/VERBATIM HD/SA2025_dances/George/mp4/20250123/00048.mp4,"(0.13663739713703102, 0.9906211292434748)",0.136637397137031,0.990621129243475,172.146686698022,1692,884,"(1692.0, 884.0)",1558,1,raw_vertical_uncalibrated,,,,,,,,,,,,,,,,,,,,,,not_corrected
vertical,annotator_csv,vertical_20250123,11r,11r,11r_00048,vertical_20250123__11r__11r_00048,14,,vertical,,20250123,15:36:00,11r_00048_waggle_annotations.csv,/media/geko/VERBATIM HD/SA2025_dances/George/mp4/20250123/00048.mp4,"(0.0, 1.0)",0,1,180,1594,901,"(1594.0, 901.0)",1598,1,raw_vertical_uncalibrated,,,,,,,,,,,,,,,,,,,,,,not_corrected
vertical,annotator_csv,vertical_20250123,11r,11r,11r_00048,vertical_20250123__11r__11r_00048,15,,vertical,,20250123,15:36:00,11r_00048_waggle_annotations.csv,/media/geko/VERBATIM HD/SA2025_dances/George/mp4/20250123/00048.mp4,"(0.2982749931359468, 0.9544799780350297)",0.298274993135947,0.95447997803503,162.645975363739,1628,916,"(1628.0, 916.0)",1646,1,raw_vertical_uncalibrated,,,,,,,,,,,,,,,,,,,,,,not_corrected
vertical,annotator_csv,vertical_20250123,11r,11r,11r_00048,vertical_20250123__11r__11r_00048,16,,vertical,,20250123,15:36:00,11r_00048_waggle_annotations.csv,/media/geko/VERBATIM HD/SA2025_dances/George/mp4/20250123/00048.mp4,"(-0.24253562503633297, 0.9701425001453319)",-0.242535625036333,0.970142500145332,194.036243467926,1592,879,"(1592.0, 879.0)",1682,1,raw_vertical_uncalibrated,,,,,,,,,,,,,,,,,,,,,,not_corrected
vertical,annotator_csv,vertical_20250123,11r,11r,11r_00048,vertical_20250123__11r__11r_00048,17,,vertical,,20250123,15:36:00,11r_00048_waggle_annotations.csv,/media/geko/VERBATIM HD/SA2025_dances/George/mp4/20250123/00048.mp4,"(0.21693045781865616, 0.9761870601839528)",0.216930457818656,0.976187060183953,167.471192290848,1551,897,"(1551.0, 897.0)",1751,1,raw_vertical_uncalibrated,,,,,,,,,,,,,,,,,,,,,,not_corrected
vertical,annotator_csv,vertical_20250123,11r,11r,11r_00048,vertical_20250123__11r__11r_00048,18,,vertical,,20250123,15:36:00,11r_00048_waggle_annotations.csv,/media/geko/VERBATIM HD/SA2025_dances/George/mp4/20250123/00048.mp4,"(-0.34570535882735637, 0.9383431168171101)",-0.345705358827356,0.93834311681711,200.224859431168,1619,827,"(1619.0, 827.0)",1802,1,raw_vertical_uncalibrated,,,,,,,,,,,,,,,,,,,,,,not_corrected
vertical,annotator_csv,vertical_20250123,11r,11r,11r_00048,vertical_20250123__11r__11r_00048,19,,vertical,,20250123,15:36:00,11r_00048_waggle_annotations.csv,/media/geko/VERBATIM HD/SA2025_dances/George/mp4/20250123/00048.mp4,"(0.3643993485805122, 0.9312427797057534)",0.364399348580512,0.931242779705753,158.629377730657,1677,843,"(1677.0, 843.0)",1854,1,raw_vertical_uncalibrated,,,,,,,,,,,,,,,,,,,,,,not_corrected
vertical,annotator_csv,vertical_20250123,11r,11r,11r_00048,vertical_20250123__11r__11r_00048,20,,vertical,,20250123,15:36:00,11r_00048_waggle_annotations.csv,/media/geko/VERBATIM HD/SA2025_dances/George/mp4/20250123/00048.mp4,"(-0.1168412475673972, 0.9931506043228762)",-0.116841247567397,0.993150604322876,186.709836807757,1598,834,"(1598.0, 834.0)",1898,1,raw_vertical_uncalibrated,,,,,,,,,,,,,,,,,,,,,,not_corrected
vertical,annotator_csv,vertical_20250123,11r,11r,11r_00048,vertical_20250123__11r__11r_00048,21,,vertical,,20250123,15:36:00,11r_00048_waggle_annotations.csv,/media/geko/VERBATIM HD/SA2025_dances/George/mp4/20250123/00048.mp4,"(0.1689638151108457, 0.9856222548132667)",0.168963815110846,0.985622254813267,170.272421448598,1612,869,"(1612.0, 869.0)",1948,1,raw_vertical_uncalibrated,,,,,,,,,,,,,,,,,,,,,,not_corrected
vertical,annotator_csv,vertical_20250123,11r,11r,11r_00048,vertical_20250123__11r__11r_00048,22,,vertical,,20250123,15:36:00,11r_00048_waggle_annotations.csv,/media/geko/VERBATIM HD/SA2025_dances/George/mp4/20250123/00048.mp4,"(-0.12033136751923737, 0.9927337820337083)",-0.120331367519237,0.992733782033708,186.911227119025,1625,864,"(1625.0, 864.0)",1993,1,raw_vertical_uncalibrated,,,,,,,,,,,,,,,,,,,,,,not_corrected
vertical,annotator_csv,vertical_20250123,11r,11r,11r_00048,vertical_20250123__11r__11r_00048,23,,vertical,,20250123,15:36:00,11r_00048_waggle_annotations.csv,/media/geko/VERBATIM HD/SA2025_dances/George/mp4/20250123/00048.mp4,"(0.21693045781865616, 0.9761870601839528)",0.216930457818656,0.976187060183953,167.471192290848,1600,856,"(1600.0, 856.0)",2039,1,raw_vertical_uncalibrated,,,,,,,,,,,,,,,,,,,,,,not_corrected
vertical,annotator_csv,vertical_20250123,11r,11r,11r_00048,vertical_20250123__11r__11r_00048,24,,vertical,,20250123,15:36:00,11r_00048_waggle_annotations.csv,/media/geko/VERBATIM HD/SA2025_dances/George/mp4/20250123/00048.mp4,"(0.12933918406776806, 0.9916004111862218)",0.129339184067768,0.991600411186222,172.568592028827,1568,892,"(1568.0, 892.0)",2094,1,raw_vertical_uncalibrated,,,,,,,,,,,,,,,,,,,,,,not_corrected
vertical,annotator_csv,vertical_20250123,11r,11r,11r_00048,vertical_20250123__11r__11r_00048,25,,vertical,,20250123,15:36:00,11r_00048_waggle_annotations.csv,/media/geko/VERBATIM HD/SA2025_dances/George/mp4/20250123/00048.mp4,"(0.31622776601683794, 0.9486832980505138)",0.316227766016838,0.948683298050514,161.565051177078,1571,923,"(1571.0, 923.0)",2131,1,raw_vertical_uncalibrated,,,,,,,,,,,,,,,,,,,,,,not_corrected
vertical,annotator_csv,vertical_20250123,11r,11r,11r_00048,vertical_20250123__11r__11r_00048,26,,vertical,,20250123,15:36:00,11r_00048_waggle_annotations.csv,/media/geko/VERBATIM HD/SA2025_dances/George/mp4/20250123/00048.mp4,"(0.0, 1.0)",0,1,180,1538,919,"(1538.0, 919.0)",2180,1,raw_vertical_uncalibrated,,,,,,,,,,,,,,,,,,,,,,not_corrected
vertical,annotator_csv,vertical_20250123,11r,11r,11r_00048,vertical_20250123__11r__11r_00048,27,,vertical,,20250123,15:36:00,11r_00048_waggle_annotations.csv,/media/geko/VERBATIM HD/SA2025_dances/George/mp4/20250123/00048.mp4,"(0.0, 1.0)",0,1,180,1532,942,"(1532.0, 942.0)",2220,1,raw_vertical_uncalibrated,,,,,,,,,,,,,,,,,,,,,,not_corrected
vertical,annotator_csv,vertical_20250123,11r,11r,11r_00048,vertical_20250123__11r__11r_00048,28,,vertical,,20250123,15:36:00,11r_00048_waggle_annotations.csv,/media/geko/VERBATIM HD/SA2025_dances/George/mp4/20250123/00048.mp4,"(-0.21693045781865616, 0.9761870601839528)",-0.216930457818656,0.976187060183953,192.528807709152,1530,890,"(1530.0, 890.0)",2270,1,raw_vertical_uncalibrated,,,,,,,,,,,,,,,,,,,,,,not_corrected
vertical,annotator_csv,vertical_20250123,11r,11r,11r_00048,vertical_20250123__11r__11r_00048,29,,vertical,,20250123,15:36:00,11r_00048_waggle_annotations.csv,/media/geko/VERBATIM HD/SA2025_dances/George/mp4/20250123/00048.mp4,"(0.31622776601683794, 0.9486832980505138)",0.316227766016838,0.948683298050514,161.565051177078,1627,909,"(1627.0, 909.0)",2392,1,raw_vertical_uncalibrated,,,,,,,,,,,,,,,,,,,,,,not_corrected
vertical,annotator_csv,vertical_20250123,11r,11r,11r_00048,vertical_20250123__11r__11r_00048,30,,vertical,,20250123,15:36:00,11r_00048_waggle_annotations.csv,/media/geko/VERBATIM HD/SA2025_dances/George/mp4/20250123/00048.mp4,"(-0.4103646773287979, 0.9119215051751064)",-0.410364677328798,0.911921505175106,204.227745317954,1594,887,"(1594.0, 887.0)",2447,1,raw_vertical_uncalibrated,,,,,,,,,,,,,,,,,,,,,,not_corrected
vertical,annotator_csv,vertical_20250123,11r,11r,11r_00048,vertical_20250123__11r__11r_00048,31,,vertical,,20250123,15:36:00,11r_00048_waggle_annotations.csv,/media/geko/VERBATIM HD/SA2025_dances/George/mp4/20250123/00048.mp4,"(-0.3528038948697904, 0.935697286393792)",-0.35280389486979,0.935697286393792,200.658910063308,1308,816,"(1308.0, 816.0)",3085,1,raw_vertical_uncalibrated,,,,,,,,,,,,,,,,,,,,,,not_corrected
vertical,annotator_csv,vertical_20250123,11r,11r,11r_00048,vertical_20250123__11r__11r_00048,32,,vertical,,20250123,15:36:00,11r_00048_waggle_annotations.csv,/media/geko/VERBATIM HD/SA2025_dances/George/mp4/20250123/00048.mp4,"(0.303203657276947, 0.9529257800132619)",0.303203657276947,0.952925780013262,162.34987578007,1333,849,"(1333.0, 849.0)",3135,1,raw_vertical_uncalibrated,,,,,,,,,,,,,,,,,,,,,,not_corrected
vertical,annotator_csv,vertical_20250123,11r,11r,11r_00048,vertical_20250123__11r__11r_00048,33,,vertical,,20250123,15:36:00,11r_00048_waggle_annotations.csv,/media/geko/VERBATIM HD/SA2025_dances/George/mp4/20250123/00048.mp4,"(-0.3511234415883917, 0.9363291775690445)",-0.351123441588392,0.936329177569045,200.556045219583,1316,878,"(1316.0, 878.0)",3171,1,raw_vertical_uncalibrated,,,,,,,,,,,,,,,,,,,,,,not_corrected
vertical,annotator_csv,vertical_20250123,11r,11r,11r_00048,vertical_20250123__11r__11r_00048,34,,vertical,,20250123,15:36:00,11r_00048_waggle_annotations.csv,/media/geko/VERBATIM HD/SA2025_dances/George/mp4/20250123/00048.mp4,"(0.4338156187728999, 0.9010016697590998)",0.4338156187729,0.9010016697591,154.290046219189,1357,897,"(1357.0, 897.0)",3208,1,raw_vertical_uncalibrated,,,,,,,,,,,,,,,,,,,,,,not_corrected
vertical,annotator_csv,vertical_20250123,11r,11r,11r_00048,vertical_20250123__11r__11r_00048,35,,vertical,,20250123,15:36:00,11r_00048_waggle_annotations.csv,/media/geko/VERBATIM HD/SA2025_dances/George/mp4/20250123/00048.mp4,"(0.17378533390904768, 0.9847835588179369)",0.173785333909048,0.984783558817937,169.992020198559,1316,930,"(1316.0, 930.0)",3253,1,raw_vertical_uncalibrated,,,,,,,,,,,,,,,,,,,,,,not_corrected
vertical,annotator_csv,vertical_20250123,11r,11r,11r_00048,vertical_20250123__11r__11r_00048,36,,vertical,,20250123,15:36:00,11r_00048_waggle_annotations.csv,/media/geko/VERBATIM HD/SA2025_dances/George/mp4/20250123/00048.mp4,"(0.5812381937190965, 0.813733471206735)",0.581238193719097,0.813733471206735,144.462322208026,1335,928,"(1335.0, 928.0)",3296,1,raw_vertical_uncalibrated,,,,,,,,,,,,,,,,,,,,,,not_corrected
vertical,annotator_csv,vertical_20250123,11r,11r,11r_00048,vertical_20250123__11r__11r_00048,37,,vertical,,20250123,15:36:00,11r_00048_waggle_annotations.csv,/media/geko/VERBATIM HD/SA2025_dances/George/mp4/20250123/00048.mp4,"(0.06880209161537815, 0.997630328422983)",0.0688020916153782,0.997630328422983,176.054813770962,1309,888,"(1309.0, 888.0)",3333,1,raw_vertical_uncalibrated,,,,,,,,,,,,,,,,,,,,,,not_corrected
vertical,annotator_csv,vertical_20250123,11r,11r,11r_00048,vertical_20250123__11r__11r_00048,38,,vertical,,20250123,15:36:00,11r_00048_waggle_annotations.csv,/media/geko/VERBATIM HD/SA2025_dances/George/mp4/20250123/00048.mp4,"(0.4472135954999579, 0.8944271909999159)",0.447213595499958,0.894427190999916,153.434948822922,1349,900,"(1349.0, 900.0)",3377,1,raw_vertical_uncalibrated,,,,,,,,,,,,,,,,,,,,,,not_corrected
vertical,annotator_csv,vertical_20250123,11r,11r,11r_00048,vertical_20250123__11r__11r_00048,39,,vertical,,20250123,15:36:00,11r_00048_waggle_annotations.csv,/media/geko/VERBATIM HD/SA2025_dances/George/mp4/20250123/00048.mp4,"(0.0, 1.0)",0,1,180,1370,939,"(1370.0, 939.0)",3415,1,raw_vertical_uncalibrated,,,,,,,,,,,,,,,,,,,,,,not_corrected
vertical,annotator_csv,vertical_20250123,11r,11r,11r_00048,vertical_20250123__11r__11r_00048,40,,vertical,,20250123,15:36:00,11r_00048_waggle_annotations.csv,/media/geko/VERBATIM HD/SA2025_dances/George/mp4/20250123/00048.mp4,"(0.7071067811865475, 0.7071067811865475)",0.707106781186548,0.707106781186548,135,1358,942,"(1358.0, 942.0)",3458,1,raw_vertical_uncalibrated,,,,,,,,,,,,,,,,,,,,,,not_corrected
vertical,annotator_csv,vertical_20250123,11r,11r,11r_00048,vertical_20250123__11r__11r_00048,41,,vertical,,20250123,15:36:00,11r_00048_waggle_annotations.csv,/media/geko/VERBATIM HD/SA2025_dances/George/mp4/20250123/00048.mp4,"(0.3511234415883917, 0.9363291775690445)",0.351123441588392,0.936329177569045,159.443954780417,1424,933,"(1424.0, 933.0)",3543,1,raw_vertical_uncalibrated,,,,,,,,,,,,,,,,,,,,,,not_corrected
vertical,annotator_csv,vertical_20250123,11r,11r,11r_00048,vertical_20250123__11r__11r_00048,42,,vertical,,20250123,15:36:00,11r_00048_waggle_annotations.csv,/media/geko/VERBATIM HD/SA2025_dances/George/mp4/20250123/00048.mp4,"(0.15799050110667284, 0.9874406319167053)",0.157990501106673,0.987440631916705,170.909723079178,1404,925,"(1404.0, 925.0)",3576,1,raw_vertical_uncalibrated,,,,,,,,,,,,,,,,,,,,,,not_corrected
vertical,annotator_csv,vertical_20250123,11r,11r,11r_00048,vertical_20250123__11r__11r_00048,43,,vertical,,20250123,15:36:00,11r_00048_waggle_annotations.csv,/media/geko/VERBATIM HD/SA2025_dances/George/mp4/20250123/00048.mp4,"(0.35389209741589106, 0.9352862574562836)",0.353892097415891,0.935286257456284,159.274441134439,1421,932,"(1421.0, 932.0)",3620,1,raw_vertical_uncalibrated,,,,,,,,,,,,,,,,,,,,,,not_corrected
vertical,annotator_csv,vertical_20250123,11r,11r,11r_00048,vertical_20250123__11r__11r_00048,44,,vertical,,20250123,15:36:00,11r_00048_waggle_annotations.csv,/media/geko/VERBATIM HD/SA2025_dances/George/mp4/20250123/00048.mp4,"(-0.23162052730603974, 0.9728062146853669)",-0.23162052730604,0.972806214685367,193.392497753751,1402,920,"(1402.0, 920.0)",3665,1,raw_vertical_uncalibrated,,,,,,,,,,,,,,,,,,,,,,not_corrected
vertical,annotator_csv,vertical_20250123,11r,11r,11r_00048,vertical_20250123__11r__11r_00048,45,,vertical,,20250123,15:36:00,11r_00048_waggle_annotations.csv,/media/geko/VERBATIM HD/SA2025_dances/George/mp4/20250123/00048.mp4,"(0.25766265056033233, 0.9662349396012463)",0.257662650560332,0.966234939601246,165.068582821862,1357,905,"(1357.0, 905.0)",3716,1,raw_vertical_uncalibrated,,,,,,,,,,,,,,,,,,,,,,not_corrected
vertical,annotator_csv,vertical_20250123,11r,11r,11r_00048,vertical_20250123__11r__11r_00048,46,,vertical,,20250123,15:36:00,11r_00048_waggle_annotations.csv,/media/geko/VERBATIM HD/SA2025_dances/George/mp4/20250123/00048.mp4,"(-0.058722021951470346, 0.9982743731749959)",-0.0587220219514703,0.998274373174996,183.36646066343,1350,888,"(1350.0, 888.0)",3762,1,raw_vertical_uncalibrated,,,,,,,,,,,,,,,,,,,,,,not_corrected
vertical,annotator_csv,vertical_20250123,11r,11r,11r_00048,vertical_20250123__11r__11r_00048,47,,vertical,,20250123,15:36:00,11r_00048_waggle_annotations.csv,/media/geko/VERBATIM HD/SA2025_dances/George/mp4/20250123/00048.mp4,"(0.38461538461538464, 0.9230769230769231)",0.384615384615385,0.923076923076923,157.38013505196,1402,906,"(1402.0, 906.0)",3812,1,raw_vertical_uncalibrated,,,,,,,,,,,,,,,,,,,,,,not_corrected
vertical,annotator_csv,vertical_20250123,11r,11r,11r_00048,vertical_20250123__11r__11r_00048,48,,vertical,,20250123,15:36:00,11r_00048_waggle_annotations.csv,/media/geko/VERBATIM HD/SA2025_dances/George/mp4/20250123/00048.mp4,"(-0.2564346990245533, 0.9665615578617778)",-0.256434699024553,0.966561557861778,194.858614447925,1366,908,"(1366.0, 908.0)",3848,1,raw_vertical_uncalibrated,,,,,,,,,,,,,,,,,,,,,,not_corrected
vertical,annotator_csv,vertical_20250123,11r,11r,11r_00048,vertical_20250123__11r__11r_00048,49,,vertical,,20250123,15:36:00,11r_00048_waggle_annotations.csv,/media/geko/VERBATIM HD/SA2025_dances/George/mp4/20250123/00048.mp4,"(0.4472135954999579, 0.8944271909999159)",0.447213595499958,0.894427190999916,153.434948822922,1406,909,"(1406.0, 909.0)",3891,1,raw_vertical_uncalibrated,,,,,,,,,,,,,,,,,,,,,,not_corrected
vertical,annotator_csv,vertical_20250123,11r,11r,11r_00048,vertical_20250123__11r__11r_00048,50,,vertical,,20250123,15:36:00,11r_00048_waggle_annotations.csv,/media/geko/VERBATIM HD/SA2025_dances/George/mp4/20250123/00048.mp4,"(0.0, 1.0)",0,1,180,1403,929,"(1403.0, 929.0)",3933,1,raw_vertical_uncalibrated,,,,,,,,,,,,,,,,,,,,,,not_corrected
vertical,annotator_csv,vertical_20250123,11r,11r,11r_00048,vertical_20250123__11r__11r_00048,51,,vertical,,20250123,15:36:00,11r_00048_waggle_annotations.csv,/media/geko/VERBATIM HD/SA2025_dances/George/mp4/20250123/00048.mp4,"(0.2982749931359468, 0.9544799780350297)",0.298274993135947,0.95447997803503,162.645975363739,1385,893,"(1385.0, 893.0)",3984,1,raw_vertical_uncalibrated,,,,,,,,,,,,,,,,,,,,,,not_corrected
vertical,annotator_csv,vertical_20250123,11r,11r,11r_00048,vertical_20250123__11r__11r_00048,52,,vertical,,20250123,15:36:00,11r_00048_waggle_annotations.csv,/media/geko/VERBATIM HD/SA2025_dances/George/mp4/20250123/00048.mp4,"(-0.03843312210120439, 0.9992611746313143)",-0.0384331221012044,0.999261174631314,182.202598161766,1369,938,"(1369.0, 938.0)",4045,1,raw_vertical_uncalibrated,,,,,,,,,,,,,,,,,,,,,,not_corrected
vertical,annotator_csv,vertical_20250123,11r,11r,11r_00048,vertical_20250123__11r__11r_00048,53,,vertical,,20250123,15:36:00,11r_00048_waggle_annotations.csv,/media/geko/VERBATIM HD/SA2025_dances/George/mp4/20250123/00048.mp4,"(0.4008188340197078, 0.9161573349021892)",0.400818834019708,0.916157334902189,156.370622269343,1418,907,"(1418.0, 907.0)",4085,1,raw_vertical_uncalibrated,,,,,,,,,,,,,,,,,,,,,,not_corrected
vertical,annotator_csv,vertical_20250123,11r,11r,11r_00048,vertical_20250123__11r__11r_00048,54,,vertical,,20250123,15:36:00,11r_00048_waggle_annotations.csv,/media/geko/VERBATIM HD/SA2025_dances/George/mp4/20250123/00048.mp4,"(0.024382992454708537, 0.9997026906430501)",0.0243829924547085,0.99970269064305,178.602818972704,1355,901,"(1355.0, 901.0)",4137,1,raw_vertical_uncalibrated,,,,,,,,,,,,,,,,,,,,,,not_corrected
vertical,annotator_csv,vertical_20250123,11r,11r,11r_00048,vertical_20250123__11r__11r_00048,55,,vertical,,20250123,15:36:00,11r_00048_waggle_annotations.csv,/media/geko/VERBATIM HD/SA2025_dances/George/mp4/20250123/00048.mp4,"(0.303203657276947, 0.9529257800132619)",0.303203657276947,0.952925780013262,162.34987578007,1392,929,"(1392.0, 929.0)",4184,1,raw_vertical_uncalibrated,,,,,,,,,,,,,,,,,,,,,,not_corrected
vertical,annotator_csv,vertical_20250123,11r,11r,11r_00048,vertical_20250123__11r__11r_00048,56,,vertical,,20250123,15:36:00,11r_00048_waggle_annotations.csv,/media/geko/VERBATIM HD/SA2025_dances/George/mp4/20250123/00048.mp4,"(0.3271105638831663, 0.9449860734402582)",0.327110563883166,0.944986073440258,160.906507999514,1405,942,"(1405.0, 942.0)",4292,1,raw_vertical_uncalibrated,,,,,,,,,,,,,,,,,,,,,,not_corrected
vertical,annotator_csv,vertical_20250123,16b,16b,16b_00049,vertical_20250123__16b__16b_00049,1,,vertical,,20250123,15:45:00,16b_00049_waggle_annotations.csv,/media/geko/VERBATIM HD/SA2025_dances/George/mp4/20250123/00049.mp4,"(0.33722636159351954, 0.9414235927819087)",0.33722636159352,0.941423592781909,160.292021157021,1804,832,"(1804.0, 832.0)",6983,1,raw_vertical_uncalibrated,,,,,,,,,,,,,,,,,,,,,,not_corrected
vertical,annotator_csv,vertical_20250123,16b,16b,16b_00049,vertical_20250123__16b__16b_00049,2,,vertical,,20250123,15:45:00,16b_00049_waggle_annotations.csv,/media/geko/VERBATIM HD/SA2025_dances/George/mp4/20250123/00049.mp4,"(-0.0256326007925508, 0.9996714309094813)",-0.0256326007925508,0.999671430909481,181.468800714386,1762,855,"(1762.0, 855.0)",7040,1,raw_vertical_uncalibrated,,,,,,,,,,,,,,,,,,,,,,not_corrected
vertical,annotator_csv,vertical_20250123,16b,16b,16b_00049,vertical_20250123__16b__16b_00049,3,,vertical,,20250123,15:45:00,16b_00049_waggle_annotations.csv,/media/geko/VERBATIM HD/SA2025_dances/George/mp4/20250123/00049.mp4,"(0.1386478445344062, 0.9903417466743302)",0.138647844534406,0.99034174667433,172.030389605679,1627,884,"(1627.0, 884.0)",7541,1,raw_vertical_uncalibrated,,,,,,,,,,,,,,,,,,,,,,not_corrected
vertical,annotator_csv,vertical_20250123,16b,16b,16b_00049,vertical_20250123__16b__16b_00049,4,,vertical,,20250123,15:45:00,16b_00049_waggle_annotations.csv,/media/geko/VERBATIM HD/SA2025_dances/George/mp4/20250123/00049.mp4,"(-0.14834045293024464, 0.9889363528682976)",-0.148340452930245,0.988936352868298,188.530765609948,1635,828,"(1635.0, 828.0)",7599,1,raw_vertical_uncalibrated,,,,,,,,,,,,,,,,,,,,,,not_corrected
vertical,annotator_csv,vertical_20250123,16b,16b,16b_00049,vertical_20250123__16b__16b_00049,5,,vertical,,20250123,15:45:00,16b_00049_waggle_annotations.csv,/media/geko/VERBATIM HD/SA2025_dances/George/mp4/20250123/00049.mp4,"(0.3110390604146254, 0.9503971290446889)",0.311039060414625,0.950397129044689,161.878139752099,1651,794,"(1651.0, 794.0)",7643,1,raw_vertical_uncalibrated,,,,,,,,,,,,,,,,,,,,,,not_corrected
vertical,annotator_csv,vertical_20250123,16b,16b,16b_00049,vertical_20250123__16b__16b_00049,6,,vertical,,20250123,15:45:00,16b_00049_waggle_annotations.csv,/media/geko/VERBATIM HD/SA2025_dances/George/mp4/20250123/00049.mp4,"(-0.2544932992796438, 0.9670745372626465)",-0.254493299279644,0.967074537262647,194.743562836471,1697,795,"(1697.0, 795.0)",7723,1,raw_vertical_uncalibrated,,,,,,,,,,,,,,,,,,,,,,not_corrected
vertical,annotator_csv,vertical_20250123,20y,20y,20y_00030,vertical_20250123__20y__20y_00030,1,,vertical,,20250123,11:31:00,20y_00030_waggle_annotations.csv,/media/geko/VERBATIM HD/SA2025_dances/George/mp4/20250123/00030.mp4,"(0.07000328148073091, -0.9975467611004155)",0.0700032814807309,-0.997546761100416,4.01417569541103,389,904,"(389.0, 904.0)",12,1,raw_vertical_uncalibrated,,,,,,,,,,,,,,,,,,,,,,not_corrected
vertical,annotator_csv,vertical_20250123,20y,20y,20y_00030,vertical_20250123__20y__20y_00030,2,,vertical,,20250123,11:31:00,20y_00030_waggle_annotations.csv,/media/geko/VERBATIM HD/SA2025_dances/George/mp4/20250123/00030.mp4,"(0.40765084037388893, -0.9131378824375113)",0.407650840373889,-0.913137882437511,24.0573494500117,410,882,"(410.0, 882.0)",342,1,raw_vertical_uncalibrated,,,,,,,,,,,,,,,,,,,,,,not_corrected
vertical,annotator_csv,vertical_20250123,20y,20y,20y_00030,vertical_20250123__20y__20y_00030,3,,vertical,,20250123,11:31:00,20y_00030_waggle_annotations.csv,/media/geko/VERBATIM HD/SA2025_dances/George/mp4/20250123/00030.mp4,"(0.18589166810485064, -0.9825702456970676)",0.185891668104851,-0.982570245697068,10.713123022791,364,914,"(364.0, 914.0)",385,1,raw_vertical_uncalibrated,,,,,,,,,,,,,,,,,,,,,,not_corrected
vertical,annotator_csv,vertical_20250123,20y,20y,20y_00030,vertical_20250123__20y__20y_00030,4,,vertical,,20250123,11:31:00,20y_00030_waggle_annotations.csv,/media/geko/VERBATIM HD/SA2025_dances/George/mp4/20250123/00030.mp4,"(0.33786475360676677, -0.9411946707617075)",0.337864753606767,-0.941194670761708,19.7468366054261,364,863,"(364.0, 863.0)",442,1,raw_vertical_uncalibrated,,,,,,,,,,,,,,,,,,,,,,not_corrected
vertical,annotator_csv,vertical_20250123,20y,20y,20y_00030,vertical_20250123__20y__20y_00030,5,,vertical,,20250123,11:31:00,20y_00030_waggle_annotations.csv,/media/geko/VERBATIM HD/SA2025_dances/George/mp4/20250123/00030.mp4,"(0.052558833122763673, -0.9986178293325098)",0.0525588331227637,-0.99861782933251,3.01278750418334,389,877,"(389.0, 877.0)",496,1,raw_vertical_uncalibrated,,,,,,,,,,,,,,,,,,,,,,not_corrected
vertical,annotator_csv,vertical_20250123,20y,20y,20y_00030,vertical_20250123__20y__20y_00030,6,,vertical,,20250123,11:31:00,20y_00030_waggle_annotations.csv,/media/geko/VERBATIM HD/SA2025_dances/George/mp4/20250123/00030.mp4,"(0.4249071370138707, -0.9052369440730288)",0.424907137013871,-0.905236944073029,25.1447856306789,375,841,"(375.0, 841.0)",544,1,raw_vertical_uncalibrated,,,,,,,,,,,,,,,,,,,,,,not_corrected
vertical,annotator_csv,vertical_20250123,20y,20y,20y_00030,vertical_20250123__20y__20y_00030,7,,vertical,,20250123,11:31:00,20y_00030_waggle_annotations.csv,/media/geko/VERBATIM HD/SA2025_dances/George/mp4/20250123/00030.mp4,"(0.3417430630867044, -0.939793423488437)",0.341743063086704,-0.939793423488437,19.9831065219,586,886,"(586.0, 886.0)",1626,1,raw_vertical_uncalibrated,,,,,,,,,,,,,,,,,,,,,,not_corrected
vertical,annotator_csv,vertical_20250123,20y,20y,20y_00030,vertical_20250123__20y__20y_00030,8,,vertical,,20250123,11:31:00,20y_00030_waggle_annotations.csv,/media/geko/VERBATIM HD/SA2025_dances/George/mp4/20250123/00030.mp4,"(0.23695618019100723, -0.9715203387831297)",0.236956180191007,-0.97152033878313,13.7069610040798,540,893,"(540.0, 893.0)",1673,1,raw_vertical_uncalibrated,,,,,,,,,,,,,,,,,,,,,,not_corrected
vertical,annotator_csv,vertical_20250123,20y,20y,20y_00030,vertical_20250123__20y__20y_00030,9,,vertical,,20250123,11:31:00,20y_00030_waggle_annotations.csv,/media/geko/VERBATIM HD/SA2025_dances/George/mp4/20250123/00030.mp4,"(0.6846754616640485, -0.7288480720939872)",0.684675461664049,-0.728848072093987,43.2100893917539,621,890,"(621.0, 890.0)",1738,1,raw_vertical_uncalibrated,,,,,,,,,,,,,,,,,,,,,,not_corrected
vertical,annotator_csv,vertical_20250123,20y,20y,20y_00030,vertical_20250123__20y__20y_00030,10,,vertical,,20250123,11:31:00,20y_00030_waggle_annotations.csv,/media/geko/VERBATIM HD/SA2025_dances/George/mp4/20250123/00030.mp4,"(0.4257970363298796, -0.9048187022009941)",0.42579703632988,-0.904818702200994,25.2011236454751,544,889,"(544.0, 889.0)",1783,1,raw_vertical_uncalibrated,,,,,,,,,,,,,,,,,,,,,,not_corrected
vertical,annotator_csv,vertical_20250123,20y,20y,20y_00030,vertical_20250123__20y__20y_00030,11,,vertical,,20250123,11:31:00,20y_00030_waggle_annotations.csv,/media/geko/VERBATIM HD/SA2025_dances/George/mp4/20250123/00030.mp4,"(0.303203657276947, -0.9529257800132619)",0.303203657276947,-0.952925780013262,17.6501242199301,624,855,"(624.0, 855.0)",1911,1,raw_vertical_uncalibrated,,,,,,,,,,,,,,,,,,,,,,not_corrected
vertical,annotator_csv,vertical_20250123,20y,20y,20y_00030,vertical_20250123__20y__20y_00030,12,,vertical,,20250123,11:31:00,20y_00030_waggle_annotations.csv,/media/geko/VERBATIM HD/SA2025_dances/George/mp4/20250123/00030.mp4,"(0.35389209741589106, -0.9352862574562836)",0.353892097415891,-0.935286257456284,20.7255588655605,651,855,"(651.0, 855.0)",1961,1,raw_vertical_uncalibrated,,,,,,,,,,,,,,,,,,,,,,not_corrected
vertical,annotator_csv,vertical_20250123,20y,20y,20y_00033,vertical_20250123__20y__20y_00033,1,,vertical,,20250123,11:42:00,20y_00033_waggle_annotations.csv,/media/geko/VERBATIM HD/SA2025_dances/George/mp4/20250123/00033.mp4,"(0.6954214275160555, -0.7186021417665908)",0.695421427516056,-0.718602141766591,44.0608090542644,379,795,"(379.0, 795.0)",425,1,raw_vertical_uncalibrated,,,,,,,,,,,,,,,,,,,,,,not_corrected
vertical,annotator_csv,vertical_20250123,20y,20y,20y_00033,vertical_20250123__20y__20y_00033,2,,vertical,,20250123,11:42:00,20y_00033_waggle_annotations.csv,/media/geko/VERBATIM HD/SA2025_dances/George/mp4/20250123/00033.mp4,"(0.8507979973592923, -0.5254928807219158)",0.850797997359292,-0.525492880721916,58.2985703304943,430,793,"(430.0, 793.0)",480,1,raw_vertical_uncalibrated,,,,,,,,,,,,,,,,,,,,,,not_corrected
vertical,annotator_csv,vertical_20250123,20y,20y,20y_00033,vertical_20250123__20y__20y_00033,3,,vertical,,20250123,11:42:00,20y_00033_waggle_annotations.csv,/media/geko/VERBATIM HD/SA2025_dances/George/mp4/20250123/00033.mp4,"(0.5491778866608372, -0.8357054797012741)",0.549177886660837,-0.835705479701274,33.3106308245608,484,768,"(484.0, 768.0)",531,1,raw_vertical_uncalibrated,,,,,,,,,,,,,,,,,,,,,,not_corrected
vertical,annotator_csv,vertical_20250123,20y,20y,20y_00033,vertical_20250123__20y__20y_00033,4,,vertical,,20250123,11:42:00,20y_00033_waggle_annotations.csv,/media/geko/VERBATIM HD/SA2025_dances/George/mp4/20250123/00033.mp4,"(0.7071067811865476, -0.7071067811865476)",0.707106781186548,-0.707106781186548,45,533,781,"(533.0, 781.0)",591,1,raw_vertical_uncalibrated,,,,,,,,,,,,,,,,,,,,,,not_corrected
vertical,annotator_csv,vertical_20250123,20y,20y,20y_00033,vertical_20250123__20y__20y_00033,5,,vertical,,20250123,11:42:00,20y_00033_waggle_annotations.csv,/media/geko/VERBATIM HD/SA2025_dances/George/mp4/20250123/00033.mp4,"(0.9417419115948374, -0.33633639699815626)",0.941741911594837,-0.336336396998156,70.3461759419467,529,799,"(529.0, 799.0)",648,1,raw_vertical_uncalibrated,,,,,,,,,,,,,,,,,,,,,,not_corrected
vertical,annotator_csv,vertical_20250123,20y,20y,20y_00033,vertical_20250123__20y__20y_00033,6,,vertical,,20250123,11:42:00,20y_00033_waggle_annotations.csv,/media/geko/VERBATIM HD/SA2025_dances/George/mp4/20250123/00033.mp4,"(0.5646839155919902, -0.8253072612498318)",0.56468391559199,-0.825307261249832,34.3803447238449,504,837,"(504.0, 837.0)",705,1,raw_vertical_uncalibrated,,,,,,,,,,,,,,,,,,,,,,not_corrected
vertical,annotator_csv,vertical_20250123,20y,20y,20y_00033,vertical_20250123__20y__20y_00033,7,,vertical,,20250123,11:42:00,20y_00033_waggle_annotations.csv,/media/geko/VERBATIM HD/SA2025_dances/George/mp4/20250123/00033.mp4,"(0.7071067811865475, -0.7071067811865475)",0.707106781186548,-0.707106781186548,45,469,773,"(469.0, 773.0)",781,1,raw_vertical_uncalibrated,,,,,,,,,,,,,,,,,,,,,,not_corrected
vertical,annotator_csv,vertical_20250123,20y,20y,20y_00033,vertical_20250123__20y__20y_00033,8,,vertical,,20250123,11:42:00,20y_00033_waggle_annotations.csv,/media/geko/VERBATIM HD/SA2025_dances/George/mp4/20250123/00033.mp4,"(0.6585046078685182, -0.7525766947068778)",0.658504607868518,-0.752576694706878,41.1859251657097,502,847,"(502.0, 847.0)",822,1,raw_vertical_uncalibrated,,,,,,,,,,,,,,,,,,,,,,not_corrected
vertical,annotator_csv,vertical_20250123,20y,20y,20y_00033,vertical_20250123__20y__20y_00033,9,,vertical,,20250123,11:42:00,20y_00033_waggle_annotations.csv,/media/geko/VERBATIM HD/SA2025_dances/George/mp4/20250123/00033.mp4,"(0.7525766947068778, -0.658504607868518)",0.752576694706878,-0.658504607868518,48.8140748342904,535,834,"(535.0, 834.0)",868,1,raw_vertical_uncalibrated,,,,,,,,,,,,,,,,,,,,,,not_corrected
vertical,annotator_csv,vertical_20250123,20y,20y,20y_00033,vertical_20250123__20y__20y_00033,10,,vertical,,20250123,11:42:00,20y_00033_waggle_annotations.csv,/media/geko/VERBATIM HD/SA2025_dances/George/mp4/20250123/00033.mp4,"(0.6737538576856826, -0.7389558439133294)",0.673753857685683,-0.738955843913329,42.3574547059353,513,840,"(513.0, 840.0)",922,1,raw_vertical_uncalibrated,,,,,,,,,,,,,,,,,,,,,,not_corrected
vertical,annotator_csv,vertical_20250123,20y,20y,20y_00033,vertical_20250123__20y__20y_00033,11,,vertical,,20250123,11:42:00,20y_00033_waggle_annotations.csv,/media/geko/VERBATIM HD/SA2025_dances/George/mp4/20250123/00033.mp4,"(0.5754934061746135, -0.8178064193007666)",0.575493406174614,-0.817806419300767,35.1341930569156,549,799,"(549.0, 799.0)",970,1,raw_vertical_uncalibrated,,,,,,,,,,,,,,,,,,,,,,not_corrected
vertical,annotator_csv,vertical_20250123,20y,20y,20y_00033,vertical_20250123__20y__20y_00033,12,,vertical,,20250123,11:42:00,20y_00033_waggle_annotations.csv,/media/geko/VERBATIM HD/SA2025_dances/George/mp4/20250123/00033.mp4,"(0.6401843996644799, -0.7682212795973759)",0.64018439966448,-0.768221279597376,39.8055710922652,533,816,"(533.0, 816.0)",1028,1,raw_vertical_uncalibrated,,,,,,,,,,,,,,,,,,,,,,not_corrected
vertical,annotator_csv,vertical_20250123,20y,20y,20y_00033,vertical_20250123__20y__20y_00033,13,,vertical,,20250123,11:42:00,20y_00033_waggle_annotations.csv,/media/geko/VERBATIM HD/SA2025_dances/George/mp4/20250123/00033.mp4,"(0.6737538576856826, -0.7389558439133294)",0.673753857685683,-0.738955843913329,42.3574547059353,517,805,"(517.0, 805.0)",1078,1,raw_vertical_uncalibrated,,,,,,,,,,,,,,,,,,,,,,not_corrected
vertical,annotator_csv,vertical_20250123,20y,20y,20y_00033,vertical_20250123__20y__20y_00033,14,,vertical,,20250123,11:42:00,20y_00033_waggle_annotations.csv,/media/geko/VERBATIM HD/SA2025_dances/George/mp4/20250123/00033.mp4,"(0.6866235329637165, -0.7270131525498175)",0.686623532963717,-0.727013152549818,43.3634229583833,539,820,"(539.0, 820.0)",1124,1,raw_vertical_uncalibrated,,,,,,,,,,,,,,,,,,,,,,not_corrected
vertical,annotator_csv,vertical_20250123,20y,20y,20y_00033,vertical_20250123__20y__20y_00033,15,,vertical,,20250123,11:42:00,20y_00033_waggle_annotations.csv,/media/geko/VERBATIM HD/SA2025_dances/George/mp4/20250123/00033.mp4,"(0.5038710255240862, -0.8637789008984335)",0.503871025524086,-0.863778900898434,30.2564371635293,534,787,"(534.0, 787.0)",1180,1,raw_vertical_uncalibrated,,,,,,,,,,,,,,,,,,,,,,not_corrected
vertical,annotator_csv,vertical_20250123,20y,20y,20y_00033,vertical_20250123__20y__20y_00033,16,,vertical,,20250123,11:42:00,20y_00033_waggle_annotations.csv,/media/geko/VERBATIM HD/SA2025_dances/George/mp4/20250123/00033.mp4,"(0.6156440419723151, -0.7880243737245634)",0.615644041972315,-0.788024373724563,37.9987324425047,561,867,"(561.0, 867.0)",1233,1,raw_vertical_uncalibrated,,,,,,,,,,,,,,,,,,,,,,not_corrected
vertical,annotator_csv,vertical_20250123,20y,20y,20y_00033,vertical_20250123__20y__20y_00033,17,,vertical,,20250123,11:42:00,20y_00033_waggle_annotations.csv,/media/geko/VERBATIM HD/SA2025_dances/George/mp4/20250123/00033.mp4,"(0.6316729511622358, -0.7752349855172893)",0.631672951162236,-0.775234985517289,39.1736579704442,560,880,"(560.0, 880.0)",1278,1,raw_vertical_uncalibrated,,,,,,,,,,,,,,,,,,,,,,not_corrected
vertical,annotator_csv,vertical_20250123,20y,20y,20y_00033,vertical_20250123__20y__20y_00033,18,,vertical,,20250123,11:42:00,20y_00033_waggle_annotations.csv,/media/geko/VERBATIM HD/SA2025_dances/George/mp4/20250123/00033.mp4,"(0.5615014183372645, -0.8274757743917583)",0.561501418337265,-0.827475774391758,34.1596945456694,578,859,"(578.0, 859.0)",1334,1,raw_vertical_uncalibrated,,,,,,,,,,,,,,,,,,,,,,not_corrected
vertical,annotator_csv,vertical_20250123,22b,22b,22b_00047,vertical_20250123__22b__22b_00047,1,,vertical,,20250123,15:33:00,22b_00047_waggle_annotations.csv,/media/geko/VERBATIM HD/SA2025_dances/George/mp4/20250123/00047.mp4,"(0.5759535324331855, 0.8174824331309729)",0.575953532433186,0.817482433130973,144.833563964207,1352,913,"(1352.0, 913.0)",377,1,raw_vertical_uncalibrated,,,,,,,,,,,,,,,,,,,,,,not_corrected
vertical,annotator_csv,vertical_20250123,22b,22b,22b_00047,vertical_20250123__22b__22b_00047,2,,vertical,,20250123,15:33:00,22b_00047_waggle_annotations.csv,/media/geko/VERBATIM HD/SA2025_dances/George/mp4/20250123/00047.mp4,"(-0.3624462611549484, 0.9320046715412958)",-0.362446261154948,0.932004671541296,201.250505507133,1302,942,"(1302.0, 942.0)",436,1,raw_vertical_uncalibrated,,,,,,,,,,,,,,,,,,,,,,not_corrected
vertical,annotator_csv,vertical_20250123,22b,22b,22b_00047,vertical_20250123__22b__22b_00047,3,,vertical,,20250123,15:33:00,22b_00047_waggle_annotations.csv,/media/geko/VERBATIM HD/SA2025_dances/George/mp4/20250123/00047.mp4,"(0.27472112789737807, 0.9615239476408232)",0.274721127897378,0.961523947640823,164.054604099077,1345,902,"(1345.0, 902.0)",511,1,raw_vertical_uncalibrated,,,,,,,,,,,,,,,,,,,,,,not_corrected
vertical,annotator_csv,vertical_20250123,22b,22b,22b_00047,vertical_20250123__22b__22b_00047,4,,vertical,,20250123,15:33:00,22b_00047_waggle_annotations.csv,/media/geko/VERBATIM HD/SA2025_dances/George/mp4/20250123/00047.mp4,"(-0.4696129729783403, 0.8828723891992798)",-0.46961297297834,0.88287238919928,208.009176708014,1220,843,"(1220.0, 843.0)",563,1,raw_vertical_uncalibrated,,,,,,,,,,,,,,,,,,,,,,not_corrected
vertical,annotator_csv,vertical_20250123,22b,22b,22b_00048,vertical_20250123__22b__22b_00048,1,,vertical,,20250123,15:38:00,22b_00048_waggle_annotations.csv,/media/geko/VERBATIM HD/SA2025_dances/George/mp4/20250123/00048.mp4,"(0.09950371902099892, 0.9950371902099892)",0.0995037190209989,0.995037190209989,174.2894068625,1828,768,"(1828.0, 768.0)",5696,1,raw_vertical_uncalibrated,,,,,,,,,,,,,,,,,,,,,,not_corrected
vertical,annotator_csv,vertical_20250123,22b,22b,22b_00048,vertical_20250123__22b__22b_00048,2,,vertical,,20250123,15:38:00,22b_00048_waggle_annotations.csv,/media/geko/VERBATIM HD/SA2025_dances/George/mp4/20250123/00048.mp4,"(0.09950371902099892, 0.9950371902099892)",0.0995037190209989,0.995037190209989,174.2894068625,1802,796,"(1802.0, 796.0)",5833,1,raw_vertical_uncalibrated,,,,,,,,,,,,,,,,,,,,,,not_corrected
vertical,annotator_csv,vertical_20250123,22b,22b,22b_00048,vertical_20250123__22b__22b_00048,3,,vertical,,20250123,15:38:00,22b_00048_waggle_annotations.csv,/media/geko/VERBATIM HD/SA2025_dances/George/mp4/20250123/00048.mp4,"(0.26311740579210874, 0.9647638212377321)",0.263117405792109,0.964763821237732,164.744881296942,1784,843,"(1784.0, 843.0)",5880,1,raw_vertical_uncalibrated,,,,,,,,,,,,,,,,,,,,,,not_corrected
vertical,annotator_csv,vertical_20250123,22b,22b,22b_00048,vertical_20250123__22b__22b_00048,4,,vertical,,20250123,15:38:00,22b_00048_waggle_annotations.csv,/media/geko/VERBATIM HD/SA2025_dances/George/mp4/20250123/00048.mp4,"(0.029399051601892736, 0.999567754464353)",0.0293990516018927,0.999567754464353,178.315315682104,1759,899,"(1759.0, 899.0)",5923,1,raw_vertical_uncalibrated,,,,,,,,,,,,,,,,,,,,,,not_corrected
vertical,annotator_csv,vertical_20250123,22b,22b,22b_00048,vertical_20250123__22b__22b_00048,5,,vertical,,20250123,15:38:00,22b_00048_waggle_annotations.csv,/media/geko/VERBATIM HD/SA2025_dances/George/mp4/20250123/00048.mp4,"(0.4579565896743105, 0.8889745564266028)",0.457956589674311,0.888974556426603,152.744671625057,1728,845,"(1728.0, 845.0)",5990,1,raw_vertical_uncalibrated,,,,,,,,,,,,,,,,,,,,,,not_corrected
vertical,annotator_csv,vertical_20250123,22b,22b,22b_00048,vertical_20250123__22b__22b_00048,6,,vertical,,20250123,15:38:00,22b_00048_waggle_annotations.csv,/media/geko/VERBATIM HD/SA2025_dances/George/mp4/20250123/00048.mp4,"(-0.1811624294769345, 0.983453188589073)",-0.181162429476935,0.983453188589073,190.437475351118,1587,850,"(1587.0, 850.0)",6038,1,raw_vertical_uncalibrated,,,,,,,,,,,,,,,,,,,,,,not_corrected
vertical,annotator_csv,vertical_20250123,22b,22b,22b_00048,vertical_20250123__22b__22b_00048,7,,vertical,,20250123,15:38:00,22b_00048_waggle_annotations.csv,/media/geko/VERBATIM HD/SA2025_dances/George/mp4/20250123/00048.mp4,"(0.2060104810498419, 0.9785497849867489)",0.206010481049842,0.978549784986749,168.111341960372,1616,822,"(1616.0, 822.0)",6083,1,raw_vertical_uncalibrated,,,,,,,,,,,,,,,,,,,,,,not_corrected
vertical,annotator_csv,vertical_20250123,22b,22b,22b_00048,vertical_20250123__22b__22b_00048,8,,vertical,,20250123,15:38:00,22b_00048_waggle_annotations.csv,/media/geko/VERBATIM HD/SA2025_dances/George/mp4/20250123/00048.mp4,"(-0.14834045293024462, 0.9889363528682975)",-0.148340452930245,0.988936352868298,188.530765609948,1579,876,"(1579.0, 876.0)",6130,1,raw_vertical_uncalibrated,,,,,,,,,,,,,,,,,,,,,,not_corrected
vertical,annotator_csv,vertical_20250123,22b,22b,22b_00048,vertical_20250123__22b__22b_00048,9,,vertical,,20250123,15:38:00,22b_00048_waggle_annotations.csv,/media/geko/VERBATIM HD/SA2025_dances/George/mp4/20250123/00048.mp4,"(0.32599068331940423, 0.9453729816262721)",0.325990683319404,0.945372981626272,160.974393962431,1589,850,"(1589.0, 850.0)",6181,1,raw_vertical_uncalibrated,,,,,,,,,,,,,,,,,,,,,,not_corrected
vertical,annotator_csv,vertical_20250123,22b,22b,22b_00048,vertical_20250123__22b__22b_00048,10,,vertical,,20250123,15:38:00,22b_00048_waggle_annotations.csv,/media/geko/VERBATIM HD/SA2025_dances/George/mp4/20250123/00048.mp4,"(0.37789699742661165, 0.9258476436951986)",0.377896997426612,0.925847643695199,157.796521467943,1546,831,"(1546.0, 831.0)",6230,1,raw_vertical_uncalibrated,,,,,,,,,,,,,,,,,,,,,,not_corrected
vertical,annotator_csv,vertical_20250123,22b,22b,22b_00048,vertical_20250123__22b__22b_00048,11,,vertical,,20250123,15:38:00,22b_00048_waggle_annotations.csv,/media/geko/VERBATIM HD/SA2025_dances/George/mp4/20250123/00048.mp4,"(0.17134117475124774, 0.9852117548196745)",0.171341174751248,0.985211754819675,170.134193056916,1593,803,"(1593.0, 803.0)",6277,1,raw_vertical_uncalibrated,,,,,,,,,,,,,,,,,,,,,,not_corrected
vertical,annotator_csv,vertical_20250123,22b,22b,22b_00048,vertical_20250123__22b__22b_00048,12,,vertical,,20250123,15:38:00,22b_00048_waggle_annotations.csv,/media/geko/VERBATIM HD/SA2025_dances/George/mp4/20250123/00048.mp4,"(-0.039968038348871575, 0.9992009587217894)",-0.0399680383488716,0.999200958721789,182.290610042639,1524,777,"(1524.0, 777.0)",6321,1,raw_vertical_uncalibrated,,,,,,,,,,,,,,,,,,,,,,not_corrected
vertical,annotator_csv,vertical_20250123,22b,22b,22b_00048,vertical_20250123__22b__22b_00048,13,,vertical,,20250123,15:38:00,22b_00048_waggle_annotations.csv,/media/geko/VERBATIM HD/SA2025_dances/George/mp4/20250123/00048.mp4,"(0.3022438607339301, 0.953230637699318)",0.30224386073393,0.953230637699318,162.407575437818,1563,814,"(1563.0, 814.0)",6371,1,raw_vertical_uncalibrated,,,,,,,,,,,,,,,,,,,,,,not_corrected
vertical,annotator_csv,vertical_20250123,22b,22b,22b_00048,vertical_20250123__22b__22b_00048,14,,vertical,,20250123,15:38:00,22b_00048_waggle_annotations.csv,/media/geko/VERBATIM HD/SA2025_dances/George/mp4/20250123/00048.mp4,"(-0.447213595499958, 0.894427190999916)",-0.447213595499958,0.894427190999916,206.565051177078,1488,841,"(1488.0, 841.0)",6416,1,raw_vertical_uncalibrated,,,,,,,,,,,,,,,,,,,,,,not_corrected
vertical,annotator_csv,vertical_20250123,22b,22b,22b_00048,vertical_20250123__22b__22b_00048,15,,vertical,,20250123,15:38:00,22b_00048_waggle_annotations.csv,/media/geko/VERBATIM HD/SA2025_dances/George/mp4/20250123/00048.mp4,"(0.1537070062818706, 0.9881164689548823)",0.153707006281871,0.988116468954882,171.158185439808,1501,838,"(1501.0, 838.0)",6466,1,raw_vertical_uncalibrated,,,,,,,,,,,,,,,,,,,,,,not_corrected
vertical,annotator_csv,vertical_20250123,22b,22b,22b_00048,vertical_20250123__22b__22b_00048,16,,vertical,,20250123,15:38:00,22b_00048_waggle_annotations.csv,/media/geko/VERBATIM HD/SA2025_dances/George/mp4/20250123/00048.mp4,"(0.03446227583977888, 0.9994059993535875)",0.0344622758397789,0.999405999353588,178.025065989118,1488,839,"(1488.0, 839.0)",6507,1,raw_vertical_uncalibrated,,,,,,,,,,,,,,,,,,,,,,not_corrected
vertical,annotator_csv,vertical_20250123,22b,22b,22b_00048,vertical_20250123__22b__22b_00048,17,,vertical,,20250123,15:38:00,22b_00048_waggle_annotations.csv,/media/geko/VERBATIM HD/SA2025_dances/George/mp4/20250123/00048.mp4,"(0.34570535882735637, 0.9383431168171101)",0.345705358827356,0.93834311681711,159.775140568832,1544,821,"(1544.0, 821.0)",6558,1,raw_vertical_uncalibrated,,,,,,,,,,,,,,,,,,,,,,not_corrected
vertical,annotator_csv,vertical_20250123,22b,22b,22b_00048,vertical_20250123__22b__22b_00048,18,,vertical,,20250123,15:38:00,22b_00048_waggle_annotations.csv,/media/geko/VERBATIM HD/SA2025_dances/George/mp4/20250123/00048.mp4,"(-0.0808158687660548, 0.9967290481146759)",-0.0808158687660548,0.996729048114676,184.635463426903,1488,822,"(1488.0, 822.0)",6599,1,raw_vertical_uncalibrated,,,,,,,,,,,,,,,,,,,,,,not_corrected
vertical,annotator_csv,vertical_20250123,22b,22b,22b_00048,vertical_20250123__22b__22b_00048,19,,vertical,,20250123,15:38:00,22b_00048_waggle_annotations.csv,/media/geko/VERBATIM HD/SA2025_dances/George/mp4/20250123/00048.mp4,"(0.3905498468561695, 0.9205817818752566)",0.39054984685617,0.920581781875257,157.011283197919,1546,852,"(1546.0, 852.0)",6645,1,raw_vertical_uncalibrated,,,,,,,,,,,,,,,,,,,,,,not_corrected
vertical,annotator_csv,vertical_20250123,22b,22b,22b_00048,vertical_20250123__22b__22b_00048,20,,vertical,,20250123,15:38:00,22b_00048_waggle_annotations.csv,/media/geko/VERBATIM HD/SA2025_dances/George/mp4/20250123/00048.mp4,"(-0.06336447318278195, 0.9979904526288157)",-0.063364473182782,0.997990452628816,183.632950739488,1471,841,"(1471.0, 841.0)",6690,1,raw_vertical_uncalibrated,,,,,,,,,,,,,,,,,,,,,,not_corrected
vertical,annotator_csv,vertical_20250123,22b,22b,22b_00048,vertical_20250123__22b__22b_00048,21,,vertical,,20250123,15:38:00,22b_00048_waggle_annotations.csv,/media/geko/VERBATIM HD/SA2025_dances/George/mp4/20250123/00048.mp4,"(0.284088329691374, 0.9587981127083872)",0.284088329691374,0.958798112708387,163.495638618245,1515,823,"(1515.0, 823.0)",6740,1,raw_vertical_uncalibrated,,,,,,,,,,,,,,,,,,,,,,not_corrected
vertical,annotator_csv,vertical_20250123,22b,22b,22b_00048,vertical_20250123__22b__22b_00048,22,,vertical,,20250123,15:38:00,22b_00048_waggle_annotations.csv,/media/geko/VERBATIM HD/SA2025_dances/George/mp4/20250123/00048.mp4,"(-0.0847998304005088, 0.9963980072059784)",-0.0847998304005088,0.996398007205978,184.864514437761,1422,814,"(1422.0, 814.0)",6780,1,raw_vertical_uncalibrated,,,,,,,,,,,,,,,,,,,,,,not_corrected
vertical,annotator_csv,vertical_20250123,22b,22b,22b_00048,vertical_20250123__22b__22b_00048,23,,vertical,,20250123,15:38:00,22b_00048_waggle_annotations.csv,/media/geko/VERBATIM HD/SA2025_dances/George/mp4/20250123/00048.mp4,"(0.13511320473331348, 0.9908301680442989)",0.135113204733313,0.990830168044299,172.234833981575,1495,810,"(1495.0, 810.0)",6824,1,raw_vertical_uncalibrated,,,,,,,,,,,,,,,,,,,,,,not_corrected
vertical,annotator_csv,vertical_20250123,22b,22b,22b_00048,vertical_20250123__22b__22b_00048,24,,vertical,,20250123,15:38:00,22b_00048_waggle_annotations.csv,/media/geko/VERBATIM HD/SA2025_dances/George/mp4/20250123/00048.mp4,"(-0.24837535026770383, 0.968663866044045)",-0.248375350267704,0.968663866044045,194.381394591091,1455,836,"(1455.0, 836.0)",6863,1,raw_vertical_uncalibrated,,,,,,,,,,,,,,,,,,,,,,not_corrected
vertical,annotator_csv,vertical_20250123,22b,22b,22b_00048,vertical_20250123__22b__22b_00048,25,,vertical,,20250123,15:38:00,22b_00048_waggle_annotations.csv,/media/geko/VERBATIM HD/SA2025_dances/George/mp4/20250123/00048.mp4,"(0.23464053310389682, 0.9720822085732868)",0.234640533103897,0.972082208573287,166.429565614839,1498,775,"(1498.0, 775.0)",6912,1,raw_vertical_uncalibrated,,,,,,,,,,,,,,,,,,,,,,not_corrected
vertical,annotator_csv,vertical_20250123,22b,22b,22b_00048,vertical_20250123__22b__22b_00048,26,,vertical,,20250123,15:38:00,22b_00048_waggle_annotations.csv,/media/geko/VERBATIM HD/SA2025_dances/George/mp4/20250123/00048.mp4,"(-0.13391789600139503, 0.9909924304103233)",-0.133917896001395,0.990992430410323,187.696051722017,1405,782,"(1405.0, 782.0)",6954,1,raw_vertical_uncalibrated,,,,,,,,,,,,,,,,,,,,,,not_corrected
vertical,annotator_csv,vertical_20250123,22b,22b,22b_00048,vertical_20250123__22b__22b_00048,27,,vertical,,20250123,15:38:00,22b_00048_waggle_annotations.csv,/media/geko/VERBATIM HD/SA2025_dances/George/mp4/20250123/00048.mp4,"(0.3271105638831663, 0.9449860734402582)",0.327110563883166,0.944986073440258,160.906507999514,1448,768,"(1448.0, 768.0)",6997,1,raw_vertical_uncalibrated,,,,,,,,,,,,,,,,,,,,,,not_corrected
vertical,annotator_csv,vertical_20250123,22b,22b,22b_00048,vertical_20250123__22b__22b_00048,28,,vertical,,20250123,15:38:00,22b_00048_waggle_annotations.csv,/media/geko/VERBATIM HD/SA2025_dances/George/mp4/20250123/00048.mp4,"(-0.31622776601683794, 0.9486832980505138)",-0.316227766016838,0.948683298050514,198.434948822922,1370,780,"(1370.0, 780.0)",7048,1,raw_vertical_uncalibrated,,,,,,,,,,,,,,,,,,,,,,not_corrected
vertical,annotator_csv,vertical_20250123,22b,22b,22b_00049,vertical_20250123__22b__22b_00049,1,,vertical,,20250123,15:43:00,22b_00049_waggle_annotations.csv,/media/geko/VERBATIM HD/SA2025_dances/George/mp4/20250123/00049.mp4,"(0.36039927920216236, 0.9327981344055968)",0.360399279202162,0.932798134405597,158.875280853928,1823,826,"(1823.0, 826.0)",4653,1,raw_vertical_uncalibrated,,,,,,,,,,,,,,,,,,,,,,not_corrected
vertical,annotator_csv,vertical_20250123,22b,22b,22b_00049,vertical_20250123__22b__22b_00049,2,,vertical,,20250123,15:43:00,22b_00049_waggle_annotations.csv,/media/geko/VERBATIM HD/SA2025_dances/George/mp4/20250123/00049.mp4,"(-0.2564346990245533, 0.9665615578617778)",-0.256434699024553,0.966561557861778,194.858614447925,1802,855,"(1802.0, 855.0)",4701,1,raw_vertical_uncalibrated,,,,,,,,,,,,,,,,,,,,,,not_corrected
vertical,annotator_csv,vertical_20250123,22b,22b,22b_00049,vertical_20250123__22b__22b_00049,3,,vertical,,20250123,15:43:00,22b_00049_waggle_annotations.csv,/media/geko/VERBATIM HD/SA2025_dances/George/mp4/20250123/00049.mp4,"(0.2533593918376833, 0.9673722233802453)",0.253359391837683,0.967372223380245,165.32360686255,1836,852,"(1836.0, 852.0)",4741,1,raw_vertical_uncalibrated,,,,,,,,,,,,,,,,,,,,,,not_corrected
vertical,annotator_csv,vertical_20250123,22b,22b,22b_00049,vertical_20250123__22b__22b_00049,4,,vertical,,20250123,15:43:00,22b_00049_waggle_annotations.csv,/media/geko/VERBATIM HD/SA2025_dances/George/mp4/20250123/00049.mp4,"(-0.2676438637860946, 0.9635179096299405)",-0.267643863786095,0.963517909629941,195.524110996754,1805,827,"(1805.0, 827.0)",4791,1,raw_vertical_uncalibrated,,,,,,,,,,,,,,,,,,,,,,not_corrected
vertical,annotator_csv,vertical_20250123,22b,22b,22b_00049,vertical_20250123__22b__22b_00049,5,,vertical,,20250123,15:43:00,22b_00049_waggle_annotations.csv,/media/geko/VERBATIM HD/SA2025_dances/George/mp4/20250123/00049.mp4,"(0.2290393337255473, 0.973417168333576)",0.229039333725547,0.973417168333576,166.759480084813,1817,806,"(1817.0, 806.0)",4847,1,raw_vertical_uncalibrated,,,,,,,,,,,,,,,,,,,,,,not_corrected
vertical,annotator_csv,vertical_20250123,22b,22b,22b_00049,vertical_20250123__22b__22b_00049,6,,vertical,,20250123,15:43:00,22b_00049_waggle_annotations.csv,/media/geko/VERBATIM HD/SA2025_dances/George/mp4/20250123/00049.mp4,"(0.0, 1.0)",0,1,180,1748,817,"(1748.0, 817.0)",4913,1,raw_vertical_uncalibrated,,,,,,,,,,,,,,,,,,,,,,not_corrected
vertical,annotator_csv,vertical_20250123,22b,22b,22b_00049,vertical_20250123__22b__22b_00049,7,,vertical,,20250123,15:43:00,22b_00049_waggle_annotations.csv,/media/geko/VERBATIM HD/SA2025_dances/George/mp4/20250123/00049.mp4,"(-0.058722021951470346, 0.9982743731749959)",-0.0587220219514703,0.998274373174996,183.36646066343,1653,844,"(1653.0, 844.0)",4970,1,raw_vertical_uncalibrated,,,,,,,,,,,,,,,,,,,,,,not_corrected
vertical,annotator_csv,vertical_20250123,22b,22b,22b_00049,vertical_20250123__22b__22b_00049,8,,vertical,,20250123,15:43:00,22b_00049_waggle_annotations.csv,/media/geko/VERBATIM HD/SA2025_dances/George/mp4/20250123/00049.mp4,"(0.14834045293024462, 0.9889363528682975)",0.148340452930245,0.988936352868298,171.469234390052,1603,855,"(1603.0, 855.0)",5021,1,raw_vertical_uncalibrated,,,,,,,,,,,,,,,,,,,,,,not_corrected
vertical,annotator_csv,vertical_20250123,22b,22b,22b_00049,vertical_20250123__22b__22b_00049,9,,vertical,,20250123,15:43:00,22b_00049_waggle_annotations.csv,/media/geko/VERBATIM HD/SA2025_dances/George/mp4/20250123/00049.mp4,"(-0.17503333471749452, 0.9845625077859066)",-0.175033334717495,0.984562507785907,190.080597987542,1597,843,"(1597.0, 843.0)",5067,1,raw_vertical_uncalibrated,,,,,,,,,,,,,,,,,,,,,,not_corrected
vertical,annotator_csv,vertical_20250123,22b,22b,22b_00049,vertical_20250123__22b__22b_00049,10,,vertical,,20250123,15:43:00,22b_00049_waggle_annotations.csv,/media/geko/VERBATIM HD/SA2025_dances/George/mp4/20250123/00049.mp4,"(0.12933918406776806, 0.9916004111862218)",0.129339184067768,0.991600411186222,172.568592028827,1660,853,"(1660.0, 853.0)",5116,1,raw_vertical_uncalibrated,,,,,,,,,,,,,,,,,,,,,,not_corrected
vertical,annotator_csv,vertical_20250123,22b,22b,22b_00049,vertical_20250123__22b__22b_00049,11,,vertical,,20250123,15:43:00,22b_00049_waggle_annotations.csv,/media/geko/VERBATIM HD/SA2025_dances/George/mp4/20250123/00049.mp4,"(-0.1900219065658609, 0.9817798505902814)",-0.190021906565861,0.981779850590281,190.954062643398,1533,837,"(1533.0, 837.0)",5191,1,raw_vertical_uncalibrated,,,,,,,,,,,,,,,,,,,,,,not_corrected
vertical,annotator_csv,vertical_20250123,22b,22b,22b_00049,vertical_20250123__22b__22b_00049,12,,vertical,,20250123,15:43:00,22b_00049_waggle_annotations.csv,/media/geko/VERBATIM HD/SA2025_dances/George/mp4/20250123/00049.mp4,"(0.2940858488375231, 0.95577900872195)",0.294085848837523,0.95577900872195,162.897271030948,1561,868,"(1561.0, 868.0)",5240,1,raw_vertical_uncalibrated,,,,,,,,,,,,,,,,,,,,,,not_corrected
vertical,annotator_csv,vertical_20250123,22b,22b,22b_00049,vertical_20250123__22b__22b_00049,13,,vertical,,20250123,15:43:00,22b_00049_waggle_annotations.csv,/media/geko/VERBATIM HD/SA2025_dances/George/mp4/20250123/00049.mp4,"(-0.19151035941964858, 0.981490592025699)",-0.191510359419649,0.981490592025699,191.040940180324,1463,913,"(1463.0, 913.0)",5296,1,raw_vertical_uncalibrated,,,,,,,,,,,,,,,,,,,,,,not_corrected
vertical,annotator_csv,vertical_20250123,22b,22b,22b_00049,vertical_20250123__22b__22b_00049,14,,vertical,,20250123,15:43:00,22b_00049_waggle_annotations.csv,/media/geko/VERBATIM HD/SA2025_dances/George/mp4/20250123/00049.mp4,"(0.35389209741589106, 0.9352862574562836)",0.353892097415891,0.935286257456284,159.274441134439,1510,874,"(1510.0, 874.0)",5352,1,raw_vertical_uncalibrated,,,,,,,,,,,,,,,,,,,,,,not_corrected
vertical,annotator_csv,vertical_20250123,22b,22b,22b_00049,vertical_20250123__22b__22b_00049,15,,vertical,,20250123,15:43:00,22b_00049_waggle_annotations.csv,/media/geko/VERBATIM HD/SA2025_dances/George/mp4/20250123/00049.mp4,"(-0.2940858488375231, 0.9557790087219501)",-0.294085848837523,0.95577900872195,197.102728969052,1479,863,"(1479.0, 863.0)",5395,1,raw_vertical_uncalibrated,,,,,,,,,,,,,,,,,,,,,,not_corrected
vertical,annotator_csv,vertical_20250123,22b,22b,22b_00049,vertical_20250123__22b__22b_00049,16,,vertical,,20250123,15:43:00,22b_00049_waggle_annotations.csv,/media/geko/VERBATIM HD/SA2025_dances/George/mp4/20250123/00049.mp4,"(0.32432432432432434, 0.9459459459459459)",0.324324324324324,0.945945945945946,161.075355583949,1544,921,"(1544.0, 921.0)",5466,1,raw_vertical_uncalibrated,,,,,,,,,,,,,,,,,,,,,,not_corrected
vertical,annotator_csv,vertical_20250123,22b,22b,22b_00049,vertical_20250123__22b__22b_00049,17,,vertical,,20250123,15:43:00,22b_00049_waggle_annotations.csv,/media/geko/VERBATIM HD/SA2025_dances/George/mp4/20250123/00049.mp4,"(0.03843312210120439, 0.9992611746313143)",0.0384331221012044,0.999261174631314,177.797401838234,1509,950,"(1509.0, 950.0)",5506,1,raw_vertical_uncalibrated,,,,,,,,,,,,,,,,,,,,,,not_corrected
vertical,annotator_csv,vertical_20250123,22b,22b,22b_00049,vertical_20250123__22b__22b_00049,18,,vertical,,20250123,15:43:00,22b_00049_waggle_annotations.csv,/media/geko/VERBATIM HD/SA2025_dances/George/mp4/20250123/00049.mp4,"(-0.42046101278394726, 0.9073106065337809)",-0.420461012783947,0.907310606533781,204.863696571752,1500,923,"(1500.0, 923.0)",5600,1,raw_vertical_uncalibrated,,,,,,,,,,,,,,,,,,,,,,not_corrected
vertical,annotator_csv,vertical_20250123,22b,22b,22b_00049,vertical_20250123__22b__22b_00049,19,,vertical,,20250123,15:43:00,22b_00049_waggle_annotations.csv,/media/geko/VERBATIM HD/SA2025_dances/George/mp4/20250123/00049.mp4,"(0.3363363969981562, 0.9417419115948374)",0.336336396998156,0.941741911594837,160.346175941947,1557,914,"(1557.0, 914.0)",5651,1,raw_vertical_uncalibrated,,,,,,,,,,,,,,,,,,,,,,not_corrected
vertical,annotator_csv,vertical_20250123,22b,22b,22b_00049,vertical_20250123__22b__22b_00049,20,,vertical,,20250123,15:43:00,22b_00049_waggle_annotations.csv,/media/geko/VERBATIM HD/SA2025_dances/George/mp4/20250123/00049.mp4,"(-0.02855977389887699, 0.9995920864606946)",-0.028559773898877,0.999592086460695,181.636577041617,1537,891,"(1537.0, 891.0)",5696,1,raw_vertical_uncalibrated,,,,,,,,,,,,,,,,,,,,,,not_corrected
vertical,annotator_csv,vertical_20250123,22b,22b,22b_00049,vertical_20250123__22b__22b_00049,21,,vertical,,20250123,15:43:00,22b_00049_waggle_annotations.csv,/media/geko/VERBATIM HD/SA2025_dances/George/mp4/20250123/00049.mp4,"(0.25163385176495073, 0.9678225067882721)",0.251633851764951,0.967822506788272,165.425783801961,1541,927,"(1541.0, 927.0)",5771,1,raw_vertical_uncalibrated,,,,,,,,,,,,,,,,,,,,,,not_corrected
vertical,annotator_csv,vertical_20250123,48b,48b,48b_00049,vertical_20250123__48b__48b_00049,1,,vertical,,20250123,15:40:00,48b_00049_waggle_annotations.csv,/media/geko/VERBATIM HD/SA2025_dances/George/mp4/20250123/00049.mp4,"(-0.05547001962252291, 0.9984603532054125)",-0.0554700196225229,0.998460353205413,183.179830119864,1534,895,"(1534.0, 895.0)",839,1,raw_vertical_uncalibrated,,,,,,,,,,,,,,,,,,,,,,not_corrected
vertical,annotator_csv,vertical_20250123,48b,48b,48b_00049,vertical_20250123__48b__48b_00049,2,,vertical,,20250123,15:40:00,48b_00049_waggle_annotations.csv,/media/geko/VERBATIM HD/SA2025_dances/George/mp4/20250123/00049.mp4,"(0.3713906763541037, 0.9284766908852594)",0.371390676354104,0.928476690885259,158.198590513648,1519,945,"(1519.0, 945.0)",885,1,raw_vertical_uncalibrated,,,,,,,,,,,,,,,,,,,,,,not_corrected
vertical,annotator_csv,vertical_20250123,48b,48b,48b_00049,vertical_20250123__48b__48b_00049,3,,vertical,,20250123,15:40:00,48b_00049_waggle_annotations.csv,/media/geko/VERBATIM HD/SA2025_dances/George/mp4/20250123/00049.mp4,"(0.0, 1.0)",0,1,180,1819,888,"(1819.0, 888.0)",968,1,raw_vertical_uncalibrated,,,,,,,,,,,,,,,,,,,,,,not_corrected
vertical,annotator_csv,vertical_20250123,48b,48b,48b_00049,vertical_20250123__48b__48b_00049,4,,vertical,,20250123,15:40:00,48b_00049_waggle_annotations.csv,/media/geko/VERBATIM HD/SA2025_dances/George/mp4/20250123/00049.mp4,"(0.17888543819998318, 0.9838699100999075)",0.178885438199983,0.983869910099908,169.695153531234,1264,911,"(1264.0, 911.0)",1342,1,raw_vertical_uncalibrated,,,,,,,,,,,,,,,,,,,,,,not_corrected
vertical,annotator_csv,vertical_20250123,48b,48b,48b_00049,vertical_20250123__48b__48b_00049,5,,vertical,,20250123,15:40:00,48b_00049_waggle_annotations.csv,/media/geko/VERBATIM HD/SA2025_dances/George/mp4/20250123/00049.mp4,"(-0.1643989873053573, 0.9863939238321437)",-0.164398987305357,0.986393923832144,189.462322208026,1227,944,"(1227.0, 944.0)",1392,1,raw_vertical_uncalibrated,,,,,,,,,,,,,,,,,,,,,,not_corrected
vertical,annotator_csv,vertical_20250123,48b,48b,48b_00049,vertical_20250123__48b__48b_00049,6,,vertical,,20250123,15:40:00,48b_00049_waggle_annotations.csv,/media/geko/VERBATIM HD/SA2025_dances/George/mp4/20250123/00049.mp4,"(0.0, 1.0)",0,1,180,1286,948,"(1286.0, 948.0)",1442,1,raw_vertical_uncalibrated,,,,,,,,,,,,,,,,,,,,,,not_corrected
vertical,annotator_csv,vertical_20250123,48b,48b,48b_00049,vertical_20250123__48b__48b_00049,7,,vertical,,20250123,15:40:00,48b_00049_waggle_annotations.csv,/media/geko/VERBATIM HD/SA2025_dances/George/mp4/20250123/00049.mp4,"(0.0, 1.0)",0,1,180,1205,942,"(1205.0, 942.0)",1486,1,raw_vertical_uncalibrated,,,,,,,,,,,,,,,,,,,,,,not_corrected
vertical,annotator_csv,vertical_20250123,48b,48b,48b_00049,vertical_20250123__48b__48b_00049,8,,vertical,,20250123,15:40:00,48b_00049_waggle_annotations.csv,/media/geko/VERBATIM HD/SA2025_dances/George/mp4/20250123/00049.mp4,"(0.2922185355990202, 0.956351571051339)",0.29221853559902,0.956351571051339,163.009176708014,1243,924,"(1243.0, 924.0)",1528,1,raw_vertical_uncalibrated,,,,,,,,,,,,,,,,,,,,,,not_corrected
vertical,annotator_csv,vertical_20250123,48b,48b,48b_00049,vertical_20250123__48b__48b_00049,9,,vertical,,20250123,15:40:00,48b_00049_waggle_annotations.csv,/media/geko/VERBATIM HD/SA2025_dances/George/mp4/20250123/00049.mp4,"(-0.22282480150214112, 0.9748585065718673)",-0.222824801502141,0.974858506571867,192.875001559612,1213,902,"(1213.0, 902.0)",1577,1,raw_vertical_uncalibrated,,,,,,,,,,,,,,,,,,,,,,not_corrected
vertical,annotator_csv,vertical_20250123,48b,48b,48b_00049,vertical_20250123__48b__48b_00049,10,,vertical,,20250123,15:40:00,48b_00049_waggle_annotations.csv,/media/geko/VERBATIM HD/SA2025_dances/George/mp4/20250123/00049.mp4,"(0.3676588893710892, 0.9299607201739315)",0.367658889371089,0.929960720173932,158.428692808745,1267,944,"(1267.0, 944.0)",1627,1,raw_vertical_uncalibrated,,,,,,,,,,,,,,,,,,,,,,not_corrected
vertical,annotator_csv,vertical_20250123,48b,48b,48b_00049,vertical_20250123__48b__48b_00049,11,,vertical,,20250123,15:40:00,48b_00049_waggle_annotations.csv,/media/geko/VERBATIM HD/SA2025_dances/George/mp4/20250123/00049.mp4,"(-0.1643989873053573, 0.9863939238321437)",-0.164398987305357,0.986393923832144,189.462322208026,1199,943,"(1199.0, 943.0)",1664,1,raw_vertical_uncalibrated,,,,,,,,,,,,,,,,,,,,,,not_corrected
vertical,annotator_csv,vertical_20250123,48b,48b,48b_00049,vertical_20250123__48b__48b_00049,12,,vertical,,20250123,15:40:00,48b_00049_waggle_annotations.csv,/media/geko/VERBATIM HD/SA2025_dances/George/mp4/20250123/00049.mp4,"(0.3085046980374365, 0.9512228189487626)",0.308504698037437,0.951222818948763,162.030860259843,1255,921,"(1255.0, 921.0)",1708,1,raw_vertical_uncalibrated,,,,,,,,,,,,,,,,,,,,,,not_corrected
vertical,annotator_csv,vertical_20250123,48b,48b,48b_00049,vertical_20250123__48b__48b_00049,13,,vertical,,20250123,15:40:00,48b_00049_waggle_annotations.csv,/media/geko/VERBATIM HD/SA2025_dances/George/mp4/20250123/00049.mp4,"(-0.3085046980374365, 0.9512228189487626)",-0.308504698037437,0.951222818948763,197.969139740157,1167,922,"(1167.0, 922.0)",1754,1,raw_vertical_uncalibrated,,,,,,,,,,,,,,,,,,,,,,not_corrected
vertical,annotator_csv,vertical_20250123,48b,48b,48b_00049,vertical_20250123__48b__48b_00049,14,,vertical,,20250123,15:40:00,48b_00049_waggle_annotations.csv,/media/geko/VERBATIM HD/SA2025_dances/George/mp4/20250123/00049.mp4,"(0.42905681456828765, 0.9032775043542898)",0.429056814568288,0.90327750435429,154.592281891052,1252,912,"(1252.0, 912.0)",1796,1,raw_vertical_uncalibrated,,,,,,,,,,,,,,,,,,,,,,not_corrected
vertical,annotator_csv,vertical_20250123,48b,48b,48b_00049,vertical_20250123__48b__48b_00049,15,,vertical,,20250123,15:40:00,48b_00049_waggle_annotations.csv,/media/geko/VERBATIM HD/SA2025_dances/George/mp4/20250123/00049.mp4,"(-0.10202886549856946, 0.9947814386110523)",-0.102028865498569,0.994781438611052,185.856013585429,1253,893,"(1253.0, 893.0)",1847,1,raw_vertical_uncalibrated,,,,,,,,,,,,,,,,,,,,,,not_corrected
vertical,annotator_csv,vertical_20250123,48b,48b,48b_00049,vertical_20250123__48b__48b_00049,16,,vertical,,20250123,15:40:00,48b_00049_waggle_annotations.csv,/media/geko/VERBATIM HD/SA2025_dances/George/mp4/20250123/00049.mp4,"(0.09632419486019034, 0.9953500135553002)",0.0963241948601903,0.9953500135553,174.472459848344,1293,927,"(1293.0, 927.0)",1888,1,raw_vertical_uncalibrated,,,,,,,,,,,,,,,,,,,,,,not_corrected
vertical,annotator_csv,vertical_20250123,65r,65r,65r_00047,vertical_20250123__65r__65r_00047,1,,vertical,,20250123,15:33:00,65r_00047_waggle_annotations.csv,/media/geko/VERBATIM HD/SA2025_dances/George/mp4/20250123/00047.mp4,"(0.3303504247281061, 0.9438583563660173)",0.330350424728106,0.943858356366017,160.709953780811,1639,862,"(1639.0, 862.0)",1663,1,raw_vertical_uncalibrated,,,,,,,,,,,,,,,,,,,,,,not_corrected
vertical,annotator_csv,vertical_20250123,65r,65r,65r_00047,vertical_20250123__65r__65r_00047,2,,vertical,,20250123,15:33:00,65r_00047_waggle_annotations.csv,/media/geko/VERBATIM HD/SA2025_dances/George/mp4/20250123/00047.mp4,"(0.10468478451804275, 0.9945054529214061)",0.104684784518043,0.994505452921406,173.990994042505,1550,919,"(1550.0, 919.0)",1722,1,raw_vertical_uncalibrated,,,,,,,,,,,,,,,,,,,,,,not_corrected
vertical,annotator_csv,vertical_20250123,65r,65r,65r_00047,vertical_20250123__65r__65r_00047,3,,vertical,,20250123,15:33:00,65r_00047_waggle_annotations.csv,/media/geko/VERBATIM HD/SA2025_dances/George/mp4/20250123/00047.mp4,"(0.20395425411200105, 0.9789804197376051)",0.203954254112001,0.978980419737605,168.231711067979,1627,913,"(1627.0, 913.0)",1776,1,raw_vertical_uncalibrated,,,,,,,,,,,,,,,,,,,,,,not_corrected
vertical,annotator_csv,vertical_20250123,65r,65r,65r_00047,vertical_20250123__65r__65r_00047,4,,vertical,,20250123,15:33:00,65r_00047_waggle_annotations.csv,/media/geko/VERBATIM HD/SA2025_dances/George/mp4/20250123/00047.mp4,"(-0.1414213562373095, 0.9899494936611665)",-0.14142135623731,0.989949493661167,188.130102354156,1568,888,"(1568.0, 888.0)",1820,1,raw_vertical_uncalibrated,,,,,,,,,,,,,,,,,,,,,,not_corrected
vertical,annotator_csv,vertical_20250123,65r,65r,65r_00047,vertical_20250123__65r__65r_00047,5,,vertical,,20250123,15:33:00,65r_00047_waggle_annotations.csv,/media/geko/VERBATIM HD/SA2025_dances/George/mp4/20250123/00047.mp4,"(0.1643989873053573, 0.9863939238321437)",0.164398987305357,0.986393923832144,170.537677791974,1592,877,"(1592.0, 877.0)",1870,1,raw_vertical_uncalibrated,,,,,,,,,,,,,,,,,,,,,,not_corrected
vertical,annotator_csv,vertical_20250123,65r,65r,65r_00047,vertical_20250123__65r__65r_00047,6,,vertical,,20250123,15:33:00,65r_00047_waggle_annotations.csv,/media/geko/VERBATIM HD/SA2025_dances/George/mp4/20250123/00047.mp4,"(0.25997347344787264, 0.9656157585206697)",0.259973473447873,0.96561575852067,164.931511840508,1536,926,"(1536.0, 926.0)",1927,1,raw_vertical_uncalibrated,,,,,,,,,,,,,,,,,,,,,,not_corrected
vertical,annotator_csv,vertical_20250123,65r,65r,65r_00047,vertical_20250123__65r__65r_00047,7,,vertical,,20250123,15:33:00,65r_00047_waggle_annotations.csv,/media/geko/VERBATIM HD/SA2025_dances/George/mp4/20250123/00047.mp4,"(0.29116161578269606, 0.9566738804288585)",0.291161615782696,0.956673880428859,163.072486935853,1631,883,"(1631.0, 883.0)",1990,1,raw_vertical_uncalibrated,,,,,,,,,,,,,,,,,,,,,,not_corrected
vertical,annotator_csv,vertical_20250123,65r,65r,65r_00047,vertical_20250123__65r__65r_00047,8,,vertical,,20250123,15:33:00,65r_00047_waggle_annotations.csv,/media/geko/VERBATIM HD/SA2025_dances/George/mp4/20250123/00047.mp4,"(-0.22236033676906386, 0.9749645535258954)",-0.222360336769064,0.974964553525895,192.847704858718,1594,908,"(1594.0, 908.0)",2034,1,raw_vertical_uncalibrated,,,,,,,,,,,,,,,,,,,,,,not_corrected
vertical,annotator_csv,vertical_20250123,65r,65r,65r_00047,vertical_20250123__65r__65r_00047,9,,vertical,,20250123,15:33:00,65r_00047_waggle_annotations.csv,/media/geko/VERBATIM HD/SA2025_dances/George/mp4/20250123/00047.mp4,"(0.28938950127632374, 0.9572114272986093)",0.289389501276324,0.957211427298609,163.178590109959,1597,862,"(1597.0, 862.0)",2084,1,raw_vertical_uncalibrated,,,,,,,,,,,,,,,,,,,,,,not_corrected
vertical,annotator_csv,vertical_20250123,65r,65r,65r_00047,vertical_20250123__65r__65r_00047,10,,vertical,,20250123,15:33:00,65r_00047_waggle_annotations.csv,/media/geko/VERBATIM HD/SA2025_dances/George/mp4/20250123/00047.mp4,"(0.11914522061843064, 0.992876838486922)",0.119145220618431,0.992876838486922,173.157226587369,1586,921,"(1586.0, 921.0)",2134,1,raw_vertical_uncalibrated,,,,,,,,,,,,,,,,,,,,,,not_corrected
vertical,annotator_csv,vertical_20250123,65r,65r,65r_00047,vertical_20250123__65r__65r_00047,11,,vertical,,20250123,15:33:00,65r_00047_waggle_annotations.csv,/media/geko/VERBATIM HD/SA2025_dances/George/mp4/20250123/00047.mp4,"(0.27472112789737807, 0.9615239476408232)",0.274721127897378,0.961523947640823,164.054604099077,1631,908,"(1631.0, 908.0)",2179,1,raw_vertical_uncalibrated,,,,,,,,,,,,,,,,,,,,,,not_corrected
vertical,annotator_csv,vertical_20250123,65r,65r,65r_00047,vertical_20250123__65r__65r_00047,12,,vertical,,20250123,15:33:00,65r_00047_waggle_annotations.csv,/media/geko/VERBATIM HD/SA2025_dances/George/mp4/20250123/00047.mp4,"(0.045407660918649985, 0.9989685402102997)",0.04540766091865,0.9989685402103,177.3974377975,1556,899,"(1556.0, 899.0)",2221,1,raw_vertical_uncalibrated,,,,,,,,,,,,,,,,,,,,,,not_corrected
vertical,annotator_csv,vertical_20250123,65r,65r,65r_00047,vertical_20250123__65r__65r_00047,13,,vertical,,20250123,15:33:00,65r_00047_waggle_annotations.csv,/media/geko/VERBATIM HD/SA2025_dances/George/mp4/20250123/00047.mp4,"(0.2849702680829619, 0.9585363562790536)",0.284970268082962,0.958536356279054,163.442928624363,1626,877,"(1626.0, 877.0)",2268,1,raw_vertical_uncalibrated,,,,,,,,,,,,,,,,,,,,,,not_corrected
vertical,annotator_csv,vertical_20250123,65r,65r,65r_00047,vertical_20250123__65r__65r_00047,14,,vertical,,20250123,15:33:00,65r_00047_waggle_annotations.csv,/media/geko/VERBATIM HD/SA2025_dances/George/mp4/20250123/00047.mp4,"(0.04163054471218133, 0.999133073092352)",0.0416305447121813,0.999133073092352,177.614055969611,1585,877,"(1585.0, 877.0)",2316,1,raw_vertical_uncalibrated,,,,,,,,,,,,,,,,,,,,,,not_corrected
vertical,annotator_csv,vertical_20250123,65r,65r,65r_00047,vertical_20250123__65r__65r_00047,15,,vertical,,20250123,15:33:00,65r_00047_waggle_annotations.csv,/media/geko/VERBATIM HD/SA2025_dances/George/mp4/20250123/00047.mp4,"(0.4788521306805733, 0.8778955729143844)",0.478852130680573,0.877895572914384,151.389540334035,1744,879,"(1744.0, 879.0)",2374,1,raw_vertical_uncalibrated,,,,,,,,,,,,,,,,,,,,,,not_corrected
vertical,annotator_csv,vertical_20250123,65r,65r,65r_00047,vertical_20250123__65r__65r_00047,16,,vertical,,20250123,15:33:00,65r_00047_waggle_annotations.csv,/media/geko/VERBATIM HD/SA2025_dances/George/mp4/20250123/00047.mp4,"(-0.04343722427630694, 0.9990561583550596)",-0.0434372242763069,0.99905615835506,182.489552921999,1636,906,"(1636.0, 906.0)",2420,1,raw_vertical_uncalibrated,,,,,,,,,,,,,,,,,,,,,,not_corrected
vertical,annotator_csv,vertical_20250123,65r,65r,65r_00047,vertical_20250123__65r__65r_00047,17,,vertical,,20250123,15:33:00,65r_00047_waggle_annotations.csv,/media/geko/VERBATIM HD/SA2025_dances/George/mp4/20250123/00047.mp4,"(0.2060104810498419, 0.9785497849867489)",0.206010481049842,0.978549784986749,168.111341960372,1679,924,"(1679.0, 924.0)",2490,1,raw_vertical_uncalibrated,,,,,,,,,,,,,,,,,,,,,,not_corrected
vertical,annotator_csv,vertical_20250123,73b,73b,73b_00003,vertical_20250123__73b__73b_00003,1,,vertical,,20250123,08:05:00,73b_00003_waggle_annotations.csv,/media/geko/VERBATIM HD/SA2025_dances/George/mp4/20250123/00003.mp4,"(-0.6616216370868463, -0.7498378553650925)",-0.661621637086846,-0.749837855365093,318.576334374997,766,867,"(766.0, 867.0)",741,1,raw_vertical_uncalibrated,,,,,,,,,,,,,,,,,,,,,,not_corrected
vertical,annotator_csv,vertical_20250123,73b,73b,73b_00003,vertical_20250123__73b__73b_00003,2,,vertical,,20250123,08:05:00,73b_00003_waggle_annotations.csv,/media/geko/VERBATIM HD/SA2025_dances/George/mp4/20250123/00003.mp4,"(-0.95577900872195, -0.2940858488375231)",-0.95577900872195,-0.294085848837523,287.102728969052,803,895,"(803.0, 895.0)",793,1,raw_vertical_uncalibrated,,,,,,,,,,,,,,,,,,,,,,not_corrected
vertical,annotator_csv,vertical_20250123,73b,73b,73b_00003,vertical_20250123__73b__73b_00003,3,,vertical,,20250123,08:05:00,73b_00003_waggle_annotations.csv,/media/geko/VERBATIM HD/SA2025_dances/George/mp4/20250123/00003.mp4,"(-0.8541985556144386, -0.5199469468957453)",-0.854198555614439,-0.519946946895745,301.328692867804,808,799,"(808.0, 799.0)",900,1,raw_vertical_uncalibrated,,,,,,,,,,,,,,,,,,,,,,not_corrected
vertical,annotator_csv,vertical_20250123,73b,73b,73b_00003,vertical_20250123__73b__73b_00003,4,,vertical,,20250123,08:05:00,73b_00003_waggle_annotations.csv,/media/geko/VERBATIM HD/SA2025_dances/George/mp4/20250123/00003.mp4,"(-0.6726727939963124, -0.7399400733959437)",-0.672672793996312,-0.739940073395944,317.726310993906,814,950,"(814.0, 950.0)",1352,1,raw_vertical_uncalibrated,,,,,,,,,,,,,,,,,,,,,,not_corrected
vertical,annotator_csv,vertical_20250123,73b,73b,73b_00003,vertical_20250123__73b__73b_00003,5,,vertical,,20250123,08:05:00,73b_00003_waggle_annotations.csv,/media/geko/VERBATIM HD/SA2025_dances/George/mp4/20250123/00003.mp4,"(-0.9191450300180578, -0.39391929857916763)",-0.919145030018058,-0.393919298579168,293.198590513648,822,955,"(822.0, 955.0)",1400,1,raw_vertical_uncalibrated,,,,,,,,,,,,,,,,,,,,,,not_corrected
vertical,annotator_csv,vertical_20250123,73b,73b,73b_00003,vertical_20250123__73b__73b_00003,6,,vertical,,20250123,08:05:00,73b_00003_waggle_annotations.csv,/media/geko/VERBATIM HD/SA2025_dances/George/mp4/20250123/00003.mp4,"(-0.6904757466825006, -0.7233555441435721)",-0.690475746682501,-0.723355544143572,316.33221985387,855,966,"(855.0, 966.0)",1514,1,raw_vertical_uncalibrated,,,,,,,,,,,,,,,,,,,,,,not_corrected
vertical,annotator_csv,vertical_20250123,73b,73b,73b_00003,vertical_20250123__73b__73b_00003,7,,vertical,,20250123,08:05:00,73b_00003_waggle_annotations.csv,/media/geko/VERBATIM HD/SA2025_dances/George/mp4/20250123/00003.mp4,"(-0.847998304005088, -0.52999894000318)",-0.847998304005088,-0.52999894000318,302.005383208084,902,940,"(902.0, 940.0)",1582,1,raw_vertical_uncalibrated,,,,,,,,,,,,,,,,,,,,,,not_corrected
vertical,annotator_csv,vertical_20250123,73b,73b,73b_00007,vertical_20250123__73b__73b_00007,1,,vertical,,20250123,08:15:00,73b_00007_waggle_annotations.csv,/media/geko/VERBATIM HD/SA2025_dances/George/mp4/20250123/00007.mp4,"(-0.7452413135250994, -0.6667948594698258)",-0.745241313525099,-0.666794859469826,311.820169880136,796,978,"(796.0, 978.0)",714,1,raw_vertical_uncalibrated,,,,,,,,,,,,,,,,,,,,,,not_corrected
vertical,annotator_csv,vertical_20250123,73b,73b,73b_00007,vertical_20250123__73b__73b_00007,2,,vertical,,20250123,08:15:00,73b_00007_waggle_annotations.csv,/media/geko/VERBATIM HD/SA2025_dances/George/mp4/20250123/00007.mp4,"(-0.5958469241734657, -0.8030980282338017)",-0.595846924173466,-0.803098028233802,323.426969021481,797,957,"(797.0, 957.0)",771,1,raw_vertical_uncalibrated,,,,,,,,,,,,,,,,,,,,,,not_corrected
vertical,annotator_csv,vertical_20250123,73b,73b,73b_00007,vertical_20250123__73b__73b_00007,3,,vertical,,20250123,08:15:00,73b_00007_waggle_annotations.csv,/media/geko/VERBATIM HD/SA2025_dances/George/mp4/20250123/00007.mp4,"(-0.7840458244617614, -0.6207029443655612)",-0.784045824461761,-0.620702944365561,308.367485384862,801,942,"(801.0, 942.0)",818,1,raw_vertical_uncalibrated,,,,,,,,,,,,,,,,,,,,,,not_corrected
vertical,annotator_csv,vertical_20250123,73b,73b,73b_00007,vertical_20250123__73b__73b_00007,4,,vertical,,20250123,08:15:00,73b_00007_waggle_annotations.csv,/media/geko/VERBATIM HD/SA2025_dances/George/mp4/20250123/00007.mp4,"(-0.9175556253099241, -0.3976074376343004)",-0.917555625309924,-0.3976074376343,293.428692808745,958,969,"(958.0, 969.0)",978,1,raw_vertical_uncalibrated,,,,,,,,,,,,,,,,,,,,,,not_corrected
vertical,annotator_csv,vertical_20250123,73b,73b,73b_00007,vertical_20250123__73b__73b_00007,5,,vertical,,20250123,08:15:00,73b_00007_waggle_annotations.csv,/media/geko/VERBATIM HD/SA2025_dances/George/mp4/20250123/00007.mp4,"(-0.6782801027330658, -0.7348034446274879)",-0.678280102733066,-0.734803444627488,317.290610042639,1047,845,"(1047.0, 845.0)",1643,1,raw_vertical_uncalibrated,,,,,,,,,,,,,,,,,,,,,,not_corrected
vertical,annotator_csv,vertical_20250123,73b,73b,73b_00007,vertical_20250123__73b__73b_00007,6,,vertical,,20250123,08:15:00,73b_00007_waggle_annotations.csv,/media/geko/VERBATIM HD/SA2025_dances/George/mp4/20250123/00007.mp4,"(-0.9240168324218909, -0.3823517927262997)",-0.924016832421891,-0.3823517927263,292.479434397103,1001,816,"(1001.0, 816.0)",1722,1,raw_vertical_uncalibrated,,,,,,,,,,,,,,,,,,,,,,not_corrected
vertical,annotator_csv,vertical_20250123,73b,73b,73b_00047,vertical_20250123__73b__73b_00047,1,,vertical,,20250123,15:33:00,73b_00047_waggle_annotations.csv,/media/geko/VERBATIM HD/SA2025_dances/George/mp4/20250123/00047.mp4,"(-0.39691115068546706, 0.9178570359601427)",-0.396911150685467,0.917857035960143,203.385221057214,1787,881,"(1787.0, 881.0)",1023,1,raw_vertical_uncalibrated,,,,,,,,,,,,,,,,,,,,,,not_corrected
vertical,annotator_csv,vertical_20250123,73b,73b,73b_00047,vertical_20250123__73b__73b_00047,2,,vertical,,20250123,15:33:00,73b_00047_waggle_annotations.csv,/media/geko/VERBATIM HD/SA2025_dances/George/mp4/20250123/00047.mp4,"(0.3417430630867044, 0.939793423488437)",0.341743063086704,0.939793423488437,160.0168934781,1731,833,"(1731.0, 833.0)",1142,1,raw_vertical_uncalibrated,,,,,,,,,,,,,,,,,,,,,,not_corrected
vertical,annotator_csv,vertical_20250123,73b,73b,73b_00047,vertical_20250123__73b__73b_00047,3,,vertical,,20250123,15:33:00,73b_00047_waggle_annotations.csv,/media/geko/VERBATIM HD/SA2025_dances/George/mp4/20250123/00047.mp4,"(-0.3656523724229935, 0.9307514934403471)",-0.365652372422994,0.930751493440347,201.447736327105,1803,849,"(1803.0, 849.0)",1206,1,raw_vertical_uncalibrated,,,,,,,,,,,,,,,,,,,,,,not_corrected
vertical,annotator_csv,vertical_20250123,73b,73b,73b_00047,vertical_20250123__73b__73b_00047,4,,vertical,,20250123,15:33:00,73b_00047_waggle_annotations.csv,/media/geko/VERBATIM HD/SA2025_dances/George/mp4/20250123/00047.mp4,"(0.34358153126353214, 0.9391228521203211)",0.343581531263532,0.939122852120321,159.904768808095,1830,848,"(1830.0, 848.0)",1260,1,raw_vertical_uncalibrated,,,,,,,,,,,,,,,,,,,,,,not_corrected
vertical,annotator_csv,vertical_20250123,73b,73b,73b_00047,vertical_20250123__73b__73b_00047,5,,vertical,,20250123,15:33:00,73b_00047_waggle_annotations.csv,/media/geko/VERBATIM HD/SA2025_dances/George/mp4/20250123/00047.mp4,"(-0.14430689307172856, 0.9895329810632816)",-0.144306893071729,0.989532981063282,188.297144969837,1829,808,"(1829.0, 808.0)",1323,1,raw_vertical_uncalibrated,,,,,,,,,,,,,,,,,,,,,,not_corrected
vertical,annotator_csv,vertical_20250123,73b,73b,73b_00047,vertical_20250123__73b__73b_00047,6,,vertical,,20250123,15:33:00,73b_00047_waggle_annotations.csv,/media/geko/VERBATIM HD/SA2025_dances/George/mp4/20250123/00047.mp4,"(0.6050832675335579, 0.7961621941231025)",0.605083267533558,0.796162194123103,142.765166018425,1811,846,"(1811.0, 846.0)",1374,1,raw_vertical_uncalibrated,,,,,,,,,,,,,,,,,,,,,,not_corrected
vertical,annotator_csv,vertical_20250123,73b,73b,73b_00047,vertical_20250123__73b__73b_00047,7,,vertical,,20250123,15:33:00,73b_00047_waggle_annotations.csv,/media/geko/VERBATIM HD/SA2025_dances/George/mp4/20250123/00047.mp4,"(-0.389639990836698, 0.9209672510685588)",-0.389639990836698,0.920967251068559,202.93210043759,1711,849,"(1711.0, 849.0)",1428,1,raw_vertical_uncalibrated,,,,,,,,,,,,,,,,,,,,,,not_corrected
vertical,annotator_csv,vertical_20250123,73b,73b,73b_00047,vertical_20250123__73b__73b_00047,8,,vertical,,20250123,15:33:00,73b_00047_waggle_annotations.csv,/media/geko/VERBATIM HD/SA2025_dances/George/mp4/20250123/00047.mp4,"(0.16007115855366244, 0.9871054777475851)",0.160071158553662,0.987105477747585,170.788973459183,1766,823,"(1766.0, 823.0)",1471,1,raw_vertical_uncalibrated,,,,,,,,,,,,,,,,,,,,,,not_corrected
vertical,annotator_csv,vertical_20250123,73b,73b,73b_00047,vertical_20250123__73b__73b_00047,9,,vertical,,20250123,15:33:00,73b_00047_waggle_annotations.csv,/media/geko/VERBATIM HD/SA2025_dances/George/mp4/20250123/00047.mp4,"(-0.039968038348871575, 0.9992009587217894)",-0.0399680383488716,0.999200958721789,182.290610042639,1792,810,"(1792.0, 810.0)",1522,1,raw_vertical_uncalibrated,,,,,,,,,,,,,,,,,,,,,,not_corrected
vertical,annotator_csv,vertical_20250123,73b,73b,73b_00047,vertical_20250123__73b__73b_00047,10,,vertical,,20250123,15:33:00,73b_00047_waggle_annotations.csv,/media/geko/VERBATIM HD/SA2025_dances/George/mp4/20250123/00047.mp4,"(0.23162052730603974, 0.9728062146853669)",0.23162052730604,0.972806214685367,166.607502246249,1808,820,"(1808.0, 820.0)",1566,1,raw_vertical_uncalibrated,,,,,,,,,,,,,,,,,,,,,,not_corrected
vertical,annotator_csv,vertical_20250123,73b,73b,73b_00047,vertical_20250123__73b__73b_00047,11,,vertical,,20250123,15:33:00,73b_00047_waggle_annotations.csv,/media/geko/VERBATIM HD/SA2025_dances/George/mp4/20250123/00047.mp4,"(0.09950371902099892, 0.9950371902099892)",0.0995037190209989,0.995037190209989,174.2894068625,1815,817,"(1815.0, 817.0)",1668,1,raw_vertical_uncalibrated,,,,,,,,,,,,,,,,,,,,,,not_corrected
vertical,annotator_csv,vertical_20250123,80b,80b,80b_00049,vertical_20250123__80b__80b_00049,1,,vertical,,20250123,15:43:00,80b_00049_waggle_annotations.csv,/media/geko/VERBATIM HD/SA2025_dances/George/mp4/20250123/00049.mp4,"(0.3123210749415851, 0.9499766029473213)",0.312321074941585,0.949976602947321,161.800834946955,1600,861,"(1600.0, 861.0)",5895,1,raw_vertical_uncalibrated,,,,,,,,,,,,,,,,,,,,,,not_corrected
vertical,annotator_csv,vertical_20250123,80b,80b,80b_00049,vertical_20250123__80b__80b_00049,2,,vertical,,20250123,15:43:00,80b_00049_waggle_annotations.csv,/media/geko/VERBATIM HD/SA2025_dances/George/mp4/20250123/00049.mp4,"(0.4413196554691367, 0.8973499661205779)",0.441319655469137,0.897349966120578,153.811889302519,1697,846,"(1697.0, 846.0)",5949,1,raw_vertical_uncalibrated,,,,,,,,,,,,,,,,,,,,,,not_corrected
vertical,annotator_csv,vertical_20250123,80b,80b,80b_00049,vertical_20250123__80b__80b_00049,3,,vertical,,20250123,15:43:00,80b_00049_waggle_annotations.csv,/media/geko/VERBATIM HD/SA2025_dances/George/mp4/20250123/00049.mp4,"(-0.06764133573679162, 0.9977097021176764)",-0.0676413357367916,0.997709702117676,183.878524502848,1513,793,"(1513.0, 793.0)",6131,1,raw_vertical_uncalibrated,,,,,,,,,,,,,,,,,,,,,,not_corrected
vertical,annotator_csv,vertical_20250123,80b,80b,80b_00049,vertical_20250123__80b__80b_00049,4,,vertical,,20250123,15:43:00,80b_00049_waggle_annotations.csv,/media/geko/VERBATIM HD/SA2025_dances/George/mp4/20250123/00049.mp4,"(0.5206074242646561, 0.853796175794036)",0.520607424264656,0.853796175794036,148.626994859892,1532,800,"(1532.0, 800.0)",6176,1,raw_vertical_uncalibrated,,,,,,,,,,,,,,,,,,,,,,not_corrected
vertical,annotator_csv,vertical_20250123,80b,80b,80b_00049,vertical_20250123__80b__80b_00049,5,,vertical,,20250123,15:43:00,80b_00049_waggle_annotations.csv,/media/geko/VERBATIM HD/SA2025_dances/George/mp4/20250123/00049.mp4,"(0.10606498139220576, 0.994359200551929)",0.106064981392206,0.994359200551929,173.911471845805,1513,814,"(1513.0, 814.0)",6229,1,raw_vertical_uncalibrated,,,,,,,,,,,,,,,,,,,,,,not_corrected
vertical,annotator_csv,vertical_20250123,80b,80b,80b_00049,vertical_20250123__80b__80b_00049,6,,vertical,,20250123,15:43:00,80b_00049_waggle_annotations.csv,/media/geko/VERBATIM HD/SA2025_dances/George/mp4/20250123/00049.mp4,"(0.48031462286558435, 0.8770962678415019)",0.480314622865584,0.877096267841502,151.294047456599,1551,812,"(1551.0, 812.0)",6272,1,raw_vertical_uncalibrated,,,,,,,,,,,,,,,,,,,,,,not_corrected
vertical,annotator_csv,vertical_20250123,80b,80b,80b_00049,vertical_20250123__80b__80b_00049,7,,vertical,,20250123,15:43:00,80b_00049_waggle_annotations.csv,/media/geko/VERBATIM HD/SA2025_dances/George/mp4/20250123/00049.mp4,"(0.28, 0.96)",0.28,0.96,163.739795291688,1569,889,"(1569.0, 889.0)",6338,1,raw_vertical_uncalibrated,,,,,,,,,,,,,,,,,,,,,,not_corrected
vertical,annotator_csv,vertical_20250123,84r,84r,84r_00048,vertical_20250123__84r__84r_00048,1,,vertical,,20250123,15:36:00,84r_00048_waggle_annotations.csv,/media/geko/VERBATIM HD/SA2025_dances/George/mp4/20250123/00048.mp4,"(0.2498780190217697, 0.9682773237093576)",0.24987801902177,0.968277323709358,165.529705899934,1850,613,"(1850.0, 613.0)",1964,1,raw_vertical_uncalibrated,,,,,,,,,,,,,,,,,,,,,,not_corrected
vertical,annotator_csv,vertical_20250123,84r,84r,84r_00048,vertical_20250123__84r__84r_00048,2,,vertical,,20250123,15:36:00,84r_00048_waggle_annotations.csv,/media/geko/VERBATIM HD/SA2025_dances/George/mp4/20250123/00048.mp4,"(0.0, 1.0)",0,1,180,1759,642,"(1759.0, 642.0)",2018,1,raw_vertical_uncalibrated,,,,,,,,,,,,,,,,,,,,,,not_corrected
vertical,annotator_csv,vertical_20250123,84r,84r,84r_00048,vertical_20250123__84r__84r_00048,3,,vertical,,20250123,15:36:00,84r_00048_waggle_annotations.csv,/media/geko/VERBATIM HD/SA2025_dances/George/mp4/20250123/00048.mp4,"(0.358979079308869, 0.9333456062030595)",0.358979079308869,0.93334560620306,158.962488974578,1793,657,"(1793.0, 657.0)",2056,1,raw_vertical_uncalibrated,,,,,,,,,,,,,,,,,,,,,,not_corrected
vertical,annotator_csv,vertical_20250123,84r,84r,84r_00048,vertical_20250123__84r__84r_00048,4,,vertical,,20250123,15:36:00,84r_00048_waggle_annotations.csv,/media/geko/VERBATIM HD/SA2025_dances/George/mp4/20250123/00048.mp4,"(0.29116161578269606, 0.9566738804288585)",0.291161615782696,0.956673880428859,163.072486935853,1738,659,"(1738.0, 659.0)",2099,1,raw_vertical_uncalibrated,,,,,,,,,,,,,,,,,,,,,,not_corrected
vertical,annotator_csv,vertical_20250123,84r,84r,84r_00048,vertical_20250123__84r__84r_00048,5,,vertical,,20250123,15:36:00,84r_00048_waggle_annotations.csv,/media/geko/VERBATIM HD/SA2025_dances/George/mp4/20250123/00048.mp4,"(0.4808326112068523, 0.8768124086713189)",0.480832611206852,0.876812408671319,151.260204708312,1791,646,"(1791.0, 646.0)",2149,1,raw_vertical_uncalibrated,,,,,,,,,,,,,,,,,,,,,,not_corrected
vertical,annotator_csv,vertical_20250123,84r,84r,84r_00048,vertical_20250123__84r__84r_00048,6,,vertical,,20250123,15:36:00,84r_00048_waggle_annotations.csv,/media/geko/VERBATIM HD/SA2025_dances/George/mp4/20250123/00048.mp4,"(0.086629616364842, 0.996240588195683)",0.086629616364842,0.996240588195683,175.03025927189,1367,730,"(1367.0, 730.0)",2213,1,raw_vertical_uncalibrated,,,,,,,,,,,,,,,,,,,,,,not_corrected
vertical,annotator_csv,vertical_20250123,84r,84r,84r_00048,vertical_20250123__84r__84r_00048,7,,vertical,,20250123,15:36:00,84r_00048_waggle_annotations.csv,/media/geko/VERBATIM HD/SA2025_dances/George/mp4/20250123/00048.mp4,"(-0.03843312210120439, 0.9992611746313143)",-0.0384331221012044,0.999261174631314,182.202598161766,1625,811,"(1625.0, 811.0)",2401,1,raw_vertical_uncalibrated,,,,,,,,,,,,,,,,,,,,,,not_corrected
vertical,annotator_csv,vertical_20250123,84r,84r,84r_00048,vertical_20250123__84r__84r_00048,8,,vertical,,20250123,15:36:00,84r_00048_waggle_annotations.csv,/media/geko/VERBATIM HD/SA2025_dances/George/mp4/20250123/00048.mp4,"(0.43627350651936947, 0.8998141071961995)",0.436273506519369,0.8998141071962,154.133643205905,1867,676,"(1867.0, 676.0)",2852,1,raw_vertical_uncalibrated,,,,,,,,,,,,,,,,,,,,,,not_corrected
vertical,annotator_csv,vertical_20250123,84r,84r,84r_00048,vertical_20250123__84r__84r_00048,9,,vertical,,20250123,15:36:00,84r_00048_waggle_annotations.csv,/media/geko/VERBATIM HD/SA2025_dances/George/mp4/20250123/00048.mp4,"(0.0, 1.0)",0,1,180,1881,720,"(1881.0, 720.0)",2903,1,raw_vertical_uncalibrated,,,,,,,,,,,,,,,,,,,,,,not_corrected
vertical,annotator_csv,vertical_20250123,84r,84r,84r_00048,vertical_20250123__84r__84r_00048,10,,vertical,,20250123,15:36:00,84r_00048_waggle_annotations.csv,/media/geko/VERBATIM HD/SA2025_dances/George/mp4/20250123/00048.mp4,"(0.2849702680829619, 0.9585363562790536)",0.284970268082962,0.958536356279054,163.442928624363,1885,702,"(1885.0, 702.0)",2940,1,raw_vertical_uncalibrated,,,,,,,,,,,,,,,,,,,,,,not_corrected
vertical,annotator_csv,vertical_20250123,84r,84r,84r_00048,vertical_20250123__84r__84r_00048,11,,vertical,,20250123,15:36:00,84r_00048_waggle_annotations.csv,/media/geko/VERBATIM HD/SA2025_dances/George/mp4/20250123/00048.mp4,"(0.07554111272939015, 0.9971426880279499)",0.0755411127293902,0.99714268802795,175.667686016812,1825,720,"(1825.0, 720.0)",2976,1,raw_vertical_uncalibrated,,,,,,,,,,,,,,,,,,,,,,not_corrected
vertical,annotator_csv,vertical_20250123,84r,84r,84r_00048,vertical_20250123__84r__84r_00048,12,,vertical,,20250123,15:36:00,84r_00048_waggle_annotations.csv,/media/geko/VERBATIM HD/SA2025_dances/George/mp4/20250123/00048.mp4,"(0.18428853505018536, 0.9828721869343219)",0.184288535050185,0.982872186934322,169.380344723845,1858,681,"(1858.0, 681.0)",3017,1,raw_vertical_uncalibrated,,,,,,,,,,,,,,,,,,,,,,not_corrected
vertical,annotator_csv,vertical_20250123,84r,84r,84r_00048,vertical_20250123__84r__84r_00048,13,,vertical,,20250123,15:36:00,84r_00048_waggle_annotations.csv,/media/geko/VERBATIM HD/SA2025_dances/George/mp4/20250123/00048.mp4,"(0.1880722707878578, 0.9821551918921463)",0.188072270787858,0.982155191892146,169.159694545669,1852,721,"(1852.0, 721.0)",3071,1,raw_vertical_uncalibrated,,,,,,,,,,,,,,,,,,,,,,not_corrected
vertical,annotator_csv,vertical_20250123,84r,84r,84r_00048,vertical_20250123__84r__84r_00048,14,,vertical,,20250123,15:36:00,84r_00048_waggle_annotations.csv,/media/geko/VERBATIM HD/SA2025_dances/George/mp4/20250123/00048.mp4,"(0.43072958621493823, 0.90248103778368)",0.430729586214938,0.90248103778368,154.486129572466,1830,706,"(1830.0, 706.0)",3110,1,raw_vertical_uncalibrated,,,,,,,,,,,,,,,,,,,,,,not_corrected
vertical,annotator_csv,vertical_20250123,84r,84r,84r_00048,vertical_20250123__84r__84r_00048,15,,vertical,,20250123,15:36:00,84r_00048_waggle_annotations.csv,/media/geko/VERBATIM HD/SA2025_dances/George/mp4/20250123/00048.mp4,"(-0.06303230445511408, 0.998011487205973)",-0.0630323044551141,0.998011487205973,183.613880752004,1707,705,"(1707.0, 705.0)",3145,1,raw_vertical_uncalibrated,,,,,,,,,,,,,,,,,,,,,,not_corrected
vertical,annotator_csv,vertical_20250123,84r,84r,84r_00048,vertical_20250123__84r__84r_00048,16,,vertical,,20250123,15:36:00,84r_00048_waggle_annotations.csv,/media/geko/VERBATIM HD/SA2025_dances/George/mp4/20250123/00048.mp4,"(0.421111306454629, 0.9070089677484316)",0.421111306454629,0.907008967748432,155.095231191905,1738,699,"(1738.0, 699.0)",3191,1,raw_vertical_uncalibrated,,,,,,,,,,,,,,,,,,,,,,not_corrected
vertical,annotator_csv,vertical_20250123,84r,84r,84r_00048,vertical_20250123__84r__84r_00048,17,,vertical,,20250123,15:36:00,84r_00048_waggle_annotations.csv,/media/geko/VERBATIM HD/SA2025_dances/George/mp4/20250123/00048.mp4,"(0.19241446072101123, 0.9813137496771572)",0.192414460721011,0.981313749677157,168.906276988442,1637,708,"(1637.0, 708.0)",3232,1,raw_vertical_uncalibrated,,,,,,,,,,,,,,,,,,,,,,not_corrected
vertical,annotator_csv,vertical_20250123,84r,84r,84r_00048,vertical_20250123__84r__84r_00048,18,,vertical,,20250123,15:36:00,84r_00048_waggle_annotations.csv,/media/geko/VERBATIM HD/SA2025_dances/George/mp4/20250123/00048.mp4,"(0.11354659116073192, 0.9935326726564043)",0.113546591160732,0.993532672656404,173.480198248343,1666,698,"(1666.0, 698.0)",3273,1,raw_vertical_uncalibrated,,,,,,,,,,,,,,,,,,,,,,not_corrected
vertical,annotator_csv,vertical_20250123,84r,84r,84r_00048,vertical_20250123__84r__84r_00048,19,,vertical,,20250123,15:36:00,84r_00048_waggle_annotations.csv,/media/geko/VERBATIM HD/SA2025_dances/George/mp4/20250123/00048.mp4,"(0.1543768802736096, 0.9880120337511015)",0.15437688027361,0.988012033751102,171.11934084948,1543,703,"(1543.0, 703.0)",3312,1,raw_vertical_uncalibrated,,,,,,,,,,,,,,,,,,,,,,not_corrected
vertical,annotator_csv,vertical_20250123,84r,84r,84r_00048,vertical_20250123__84r__84r_00048,20,,vertical,,20250123,15:36:00,84r_00048_waggle_annotations.csv,/media/geko/VERBATIM HD/SA2025_dances/George/mp4/20250123/00048.mp4,"(0.2665860545383951, 0.9638111202541978)",0.266586054538395,0.963811120254198,164.538782259558,1509,703,"(1509.0, 703.0)",3366,1,raw_vertical_uncalibrated,,,,,,,,,,,,,,,,,,,,,,not_corrected
vertical,annotator_csv,vertical_20250123,84r,84r,84r_00048,vertical_20250123__84r__84r_00048,21,,vertical,,20250123,15:36:00,84r_00048_waggle_annotations.csv,/media/geko/VERBATIM HD/SA2025_dances/George/mp4/20250123/00048.mp4,"(-0.04281783839218584, 0.9990828958176697)",-0.0428178383921858,0.99908289581767,182.454031674527,1497,702,"(1497.0, 702.0)",3404,1,raw_vertical_uncalibrated,,,,,,,,,,,,,,,,,,,,,,not_corrected
vertical,annotator_csv,vertical_20250123,84r,84r,84r_00048,vertical_20250123__84r__84r_00048,22,,vertical,,20250123,15:36:00,84r_00048_waggle_annotations.csv,/media/geko/VERBATIM HD/SA2025_dances/George/mp4/20250123/00048.mp4,"(0.3823517927262997, 0.9240168324218909)",0.3823517927263,0.924016832421891,157.520565602897,1464,695,"(1464.0, 695.0)",3454,1,raw_vertical_uncalibrated,,,,,,,,,,,,,,,,,,,,,,not_corrected
vertical,annotator_csv,vertical_20250123,84r,84r,84r_00048,vertical_20250123__84r__84r_00048,23,,vertical,,20250123,15:36:00,84r_00048_waggle_annotations.csv,/media/geko/VERBATIM HD/SA2025_dances/George/mp4/20250123/00048.mp4,"(-0.058722021951470346, 0.9982743731749958)",-0.0587220219514703,0.998274373174996,183.36646066343,1456,719,"(1456.0, 719.0)",3494,1,raw_vertical_uncalibrated,,,,,,,,,,,,,,,,,,,,,,not_corrected
vertical,annotator_csv,vertical_20250123,84r,84r,84r_00048,vertical_20250123__84r__84r_00048,24,,vertical,,20250123,15:36:00,84r_00048_waggle_annotations.csv,/media/geko/VERBATIM HD/SA2025_dances/George/mp4/20250123/00048.mp4,"(0.5472493629827029, 0.8369696139735456)",0.547249362982703,0.836969613973546,146.821488340607,1509,721,"(1509.0, 721.0)",3546,1,raw_vertical_uncalibrated,,,,,,,,,,,,,,,,,,,,,,not_corrected
vertical,annotator_csv,vertical_20250123,84r,84r,84r_00048,vertical_20250123__84r__84r_00048,25,,vertical,,20250123,15:36:00,84r_00048_waggle_annotations.csv,/media/geko/VERBATIM HD/SA2025_dances/George/mp4/20250123/00048.mp4,"(-0.10202886549856946, 0.9947814386110523)",-0.102028865498569,0.994781438611052,185.856013585429,1496,708,"(1496.0, 708.0)",3584,1,raw_vertical_uncalibrated,,,,,,,,,,,,,,,,,,,,,,not_corrected
vertical,annotator_csv,vertical_20250123,84r,84r,84r_00048,vertical_20250123__84r__84r_00048,26,,vertical,,20250123,15:36:00,84r_00048_waggle_annotations.csv,/media/geko/VERBATIM HD/SA2025_dances/George/mp4/20250123/00048.mp4,"(0.24837535026770383, 0.968663866044045)",0.248375350267704,0.968663866044045,165.618605408909,1493,695,"(1493.0, 695.0)",3635,1,raw_vertical_uncalibrated,,,,,,,,,,,,,,,,,,,,,,not_corrected
vertical,annotator_csv,vertical_20250123,84r,84r,84r_00048,vertical_20250123__84r__84r_00048,27,,vertical,,20250123,15:36:00,84r_00048_waggle_annotations.csv,/media/geko/VERBATIM HD/SA2025_dances/George/mp4/20250123/00048.mp4,"(-0.23852473529359491, 0.9711364222667793)",-0.238524735293595,0.971136422266779,193.799485396019,1434,699,"(1434.0, 699.0)",3667,1,raw_vertical_uncalibrated,,,,,,,,,,,,,,,,,,,,,,not_corrected
vertical,annotator_csv,vertical_20250123,84r,84r,84r_00048,vertical_20250123__84r__84r_00048,28,,vertical,,20250123,15:36:00,84r_00048_waggle_annotations.csv,/media/geko/VERBATIM HD/SA2025_dances/George/mp4/20250123/00048.mp4,"(0.17503333471749452, 0.9845625077859066)",0.175033334717495,0.984562507785907,169.919402012458,1493,708,"(1493.0, 708.0)",3704,1,raw_vertical_uncalibrated,,,,,,,,,,,,,,,,,,,,,,not_corrected
vertical,annotator_csv,vertical_20250123,84r,84r,84r_00048,vertical_20250123__84r__84r_00048,29,,vertical,,20250123,15:36:00,84r_00048_waggle_annotations.csv,/media/geko/VERBATIM HD/SA2025_dances/George/mp4/20250123/00048.mp4,"(-0.029399051601892736, 0.999567754464353)",-0.0293990516018927,0.999567754464353,181.684684317896,1449,715,"(1449.0, 715.0)",3740,1,raw_vertical_uncalibrated,,,,,,,,,,,,,,,,,,,,,,not_corrected
vertical,annotator_csv,vertical_20250123,84r,84r,84r_00048,vertical_20250123__84r__84r_00048,30,,vertical,,20250123,15:36:00,84r_00048_waggle_annotations.csv,/media/geko/VERBATIM HD/SA2025_dances/George/mp4/20250123/00048.mp4,"(0.19611613513818404, 0.9805806756909202)",0.196116135138184,0.98058067569092,168.69006752598,1440,675,"(1440.0, 675.0)",3790,1,raw_vertical_uncalibrated,,,,,,,,,,,,,,,,,,,,,,not_corrected
vertical,annotator_csv,vertical_20250123,84r,84r,84r_00048,vertical_20250123__84r__84r_00048,31,,vertical,,20250123,15:36:00,84r_00048_waggle_annotations.csv,/media/geko/VERBATIM HD/SA2025_dances/George/mp4/20250123/00048.mp4,"(0.13216372009101796, 0.9912279006826347)",0.132163720091018,0.991227900682635,172.405356631409,1301,747,"(1301.0, 747.0)",3831,1,raw_vertical_uncalibrated,,,,,,,,,,,,,,,,,,,,,,not_corrected
vertical,annotator_csv,vertical_20250123,84r,84r,84r_00048,vertical_20250123__84r__84r_00048,32,,vertical,,20250123,15:36:00,84r_00048_waggle_annotations.csv,/media/geko/VERBATIM HD/SA2025_dances/George/mp4/20250123/00048.mp4,"(0.0854011413464358, 0.996346649041751)",0.0854011413464358,0.996346649041751,175.100907546212,1504,746,"(1504.0, 746.0)",3868,1,raw_vertical_uncalibrated,,,,,,,,,,,,,,,,,,,,,,not_corrected
vertical,annotator_csv,vertical_20250123,84r,84r,84r_00048,vertical_20250123__84r__84r_00048,33,,vertical,,20250123,15:36:00,84r_00048_waggle_annotations.csv,/media/geko/VERBATIM HD/SA2025_dances/George/mp4/20250123/00048.mp4,"(0.379556356256306, 0.925168618374746)",0.379556356256306,0.925168618374746,157.693794945092,1691,644,"(1691.0, 644.0)",3940,1,raw_vertical_uncalibrated,,,,,,,,,,,,,,,,,,,,,,not_corrected
vertical,annotator_csv,vertical_20250123,84r,84r,84r_00048,vertical_20250123__84r__84r_00048,34,,vertical,,20250123,15:36:00,84r_00048_waggle_annotations.csv,/media/geko/VERBATIM HD/SA2025_dances/George/mp4/20250123/00048.mp4,"(0.4558758698056578, 0.8900433648586652)",0.455875869805658,0.890043364858665,152.878696595841,1634,855,"(1634.0, 855.0)",4755,1,raw_vertical_uncalibrated,,,,,,,,,,,,,,,,,,,,,,not_corrected
vertical,annotator_csv,vertical_20250123,84r,84r,84r_00048,vertical_20250123__84r__84r_00048,35,,vertical,,20250123,15:36:00,84r_00048_waggle_annotations.csv,/media/geko/VERBATIM HD/SA2025_dances/George/mp4/20250123/00048.mp4,"(-0.02855977389887699, 0.9995920864606946)",-0.028559773898877,0.999592086460695,181.636577041617,1615,836,"(1615.0, 836.0)",4785,1,raw_vertical_uncalibrated,,,,,,,,,,,,,,,,,,,,,,not_corrected
vertical,annotator_csv,vertical_20250123,84r,84r,84r_00048,vertical_20250123__84r__84r_00048,36,,vertical,,20250123,15:36:00,84r_00048_waggle_annotations.csv,/media/geko/VERBATIM HD/SA2025_dances/George/mp4/20250123/00048.mp4,"(0.46675861955812287, 0.8843847528469696)",0.466758619558123,0.88438475284697,152.175903615747,1628,837,"(1628.0, 837.0)",4829,1,raw_vertical_uncalibrated,,,,,,,,,,,,,,,,,,,,,,not_corrected
vertical,annotator_csv,vertical_20250123,84r,84r,84r_00048,vertical_20250123__84r__84r_00048,37,,vertical,,20250123,15:36:00,84r_00048_waggle_annotations.csv,/media/geko/VERBATIM HD/SA2025_dances/George/mp4/20250123/00048.mp4,"(-0.02173399540921557, 0.9997637888239163)",-0.0217339954092156,0.999763788823916,181.245364266768,1597,796,"(1597.0, 796.0)",4864,1,raw_vertical_uncalibrated,,,,,,,,,,,,,,,,,,,,,,not_corrected
vertical,annotator_csv,vertical_20250123,84r,84r,84r_00048,vertical_20250123__84r__84r_00048,38,,vertical,,20250123,15:36:00,84r_00048_waggle_annotations.csv,/media/geko/VERBATIM HD/SA2025_dances/George/mp4/20250123/00048.mp4,"(0.3861380881261297, 0.9224409883013098)",0.38613808812613,0.92244098830131,157.285587646833,1620,824,"(1620.0, 824.0)",4912,1,raw_vertical_uncalibrated,,,,,,,,,,,,,,,,,,,,,,not_corrected
vertical,annotator_csv,vertical_20250123,84r,84r,84r_00048,vertical_20250123__84r__84r_00048,39,,vertical,,20250123,15:36:00,84r_00048_waggle_annotations.csv,/media/geko/VERBATIM HD/SA2025_dances/George/mp4/20250123/00048.mp4,"(-0.024382992454708537, 0.9997026906430501)",-0.0243829924547085,0.99970269064305,181.397181027296,1588,828,"(1588.0, 828.0)",4950,1,raw_vertical_uncalibrated,,,,,,,,,,,,,,,,,,,,,,not_corrected
vertical,annotator_csv,vertical_20250123,84r,84r,84r_00048,vertical_20250123__84r__84r_00048,40,,vertical,,20250123,15:36:00,84r_00048_waggle_annotations.csv,/media/geko/VERBATIM HD/SA2025_dances/George/mp4/20250123/00048.mp4,"(0.39391929857916763, 0.9191450300180578)",0.393919298579168,0.919145030018058,156.801409486352,1608,819,"(1608.0, 819.0)",5006,1,raw_vertical_uncalibrated,,,,,,,,,,,,,,,,,,,,,,not_corrected
vertical,annotator_csv,vertical_20250123,84r,84r,84r_00048,vertical_20250123__84r__84r_00048,41,,vertical,,20250123,15:36:00,84r_00048_waggle_annotations.csv,/media/geko/VERBATIM HD/SA2025_dances/George/mp4/20250123/00048.mp4,"(-0.09950371902099892, 0.9950371902099892)",-0.0995037190209989,0.995037190209989,185.7105931375,1571,821,"(1571.0, 821.0)",5044,1,raw_vertical_uncalibrated,,,,,,,,,,,,,,,,,,,,,,not_corrected
vertical,annotator_csv,vertical_20250123,84r,84r,84r_00048,vertical_20250123__84r__84r_00048,42,,vertical,,20250123,15:36:00,84r_00048_waggle_annotations.csv,/media/geko/VERBATIM HD/SA2025_dances/George/mp4/20250123/00048.mp4,"(0.14925269233005106, 0.9887990866865883)",0.149252692330051,0.988799086686588,171.416378519886,1573,801,"(1573.0, 801.0)",5093,1,raw_vertical_uncalibrated,,,,,,,,,,,,,,,,,,,,,,not_corrected
vertical,annotator_csv,vertical_20250123,84r,84r,84r_00048,vertical_20250123__84r__84r_00048,43,,vertical,,20250123,15:36:00,84r_00048_waggle_annotations.csv,/media/geko/VERBATIM HD/SA2025_dances/George/mp4/20250123/00048.mp4,"(0.07124704998790965, 0.9974586998307351)",0.0712470499879097,0.997458699830735,175.914383220025,1575,821,"(1575.0, 821.0)",5134,1,raw_vertical_uncalibrated,,,,,,,,,,,,,,,,,,,,,,not_corrected
vertical,annotator_csv,vertical_20250123,84r,84r,84r_00048,vertical_20250123__84r__84r_00048,44,,vertical,,20250123,15:36:00,84r_00048_waggle_annotations.csv,/media/geko/VERBATIM HD/SA2025_dances/George/mp4/20250123/00048.mp4,"(0.3656523724229935, 0.9307514934403471)",0.365652372422994,0.930751493440347,158.552263672895,1569,814,"(1569.0, 814.0)",5181,1,raw_vertical_uncalibrated,,,,,,,,,,,,,,,,,,,,,,not_corrected
vertical,annotator_csv,vertical_20250123,84r,84r,84r_00048,vertical_20250123__84r__84r_00048,45,,vertical,,20250123,15:36:00,84r_00048_waggle_annotations.csv,/media/geko/VERBATIM HD/SA2025_dances/George/mp4/20250123/00048.mp4,"(0.47409982303501746, 0.8804710999221753)",0.474099823035017,0.880471099922175,151.699244233994,1566,815,"(1566.0, 815.0)",5219,1,raw_vertical_uncalibrated,,,,,,,,,,,,,,,,,,,,,,not_corrected
vertical,annotator_csv,vertical_20250123,84r,84r,84r_00048,vertical_20250123__84r__84r_00048,46,,vertical,,20250123,15:36:00,84r_00048_waggle_annotations.csv,/media/geko/VERBATIM HD/SA2025_dances/George/mp4/20250123/00048.mp4,"(0.2696299255199709, 0.9629640197141817)",0.269629925519971,0.962964019714182,164.357753542791,1613,832,"(1613.0, 832.0)",5271,1,raw_vertical_uncalibrated,,,,,,,,,,,,,,,,,,,,,,not_corrected
vertical,annotator_csv,vertical_20250123,84r,84r,84r_00048,vertical_20250123__84r__84r_00048,47,,vertical,,20250123,15:36:00,84r_00048_waggle_annotations.csv,/media/geko/VERBATIM HD/SA2025_dances/George/mp4/20250123/00048.mp4,"(0.048136903485688005, 0.9988407473280261)",0.048136903485688,0.998840747328026,177.24089234138,1564,803,"(1564.0, 803.0)",5317,1,raw_vertical_uncalibrated,,,,,,,,,,,,,,,,,,,,,,not_corrected
vertical,annotator_csv,vertical_20250123,84r,84r,84r_00048,vertical_20250123__84r__84r_00048,48,,vertical,,20250123,15:36:00,84r_00048_waggle_annotations.csv,/media/geko/VERBATIM HD/SA2025_dances/George/mp4/20250123/00048.mp4,"(0.34873371202141834, 0.9372218510575618)",0.348733712021418,0.937221851057562,159.590117166196,1611,799,"(1611.0, 799.0)",5362,1,raw_vertical_uncalibrated,,,,,,,,,,,,,,,,,,,,,,not_corrected
vertical,annotator_csv,vertical_20250123,84r,84r,84r_00048,vertical_20250123__84r__84r_00048,49,,vertical,,20250123,15:36:00,84r_00048_waggle_annotations.csv,/media/geko/VERBATIM HD/SA2025_dances/George/mp4/20250123/00048.mp4,"(-0.14479918011718576, 0.9894610641341027)",-0.144799180117186,0.989461064134103,188.325650330427,1593,801,"(1593.0, 801.0)",5398,1,raw_vertical_uncalibrated,,,,,,,,,,,,,,,,,,,,,,not_corrected
vertical,annotator_csv,vertical_20250123,84r,84r,84r_00048,vertical_20250123__84r__84r_00048,50,,vertical,,20250123,15:36:00,84r_00048_waggle_annotations.csv,/media/geko/VERBATIM HD/SA2025_dances/George/mp4/20250123/00048.mp4,"(0.39691115068546706, 0.9178570359601427)",0.396911150685467,0.917857035960143,156.614778942786,1620,803,"(1620.0, 803.0)",5446,1,raw_vertical_uncalibrated,,,,,,,,,,,,,,,,,,,,,,not_corrected
vertical,annotator_csv,vertical_20250123,84r,84r,84r_00048,vertical_20250123__84r__84r_00048,51,,vertical,,20250123,15:36:00,84r_00048_waggle_annotations.csv,/media/geko/VERBATIM HD/SA2025_dances/George/mp4/20250123/00048.mp4,"(0.14834045293024464, 0.9889363528682976)",0.148340452930245,0.988936352868298,171.469234390052,1597,830,"(1597.0, 830.0)",5491,1,raw_vertical_uncalibrated,,,,,,,,,,,,,,,,,,,,,,not_corrected
vertical,annotator_csv,vertical_20250123,84r,84r,84r_00048,vertical_20250123__84r__84r_00048,52,,vertical,,20250123,15:36:00,84r_00048_waggle_annotations.csv,/media/geko/VERBATIM HD/SA2025_dances/George/mp4/20250123/00048.mp4,"(0.31622776601683794, 0.9486832980505138)",0.316227766016838,0.948683298050514,161.565051177078,1615,823,"(1615.0, 823.0)",5528,1,raw_vertical_uncalibrated,,,,,,,,,,,,,,,,,,,,,,not_corrected
vertical,annotator_csv,vertical_20250123,84r,84r,84r_00048,vertical_20250123__84r__84r_00048,53,,vertical,,20250123,15:36:00,84r_00048_waggle_annotations.csv,/media/geko/VERBATIM HD/SA2025_dances/George/mp4/20250123/00048.mp4,"(0.09709996428542596, 0.9952746339256161)",0.097099964285426,0.995274633925616,174.427802196036,1553,866,"(1553.0, 866.0)",5570,1,raw_vertical_uncalibrated,,,,,,,,,,,,,,,,,,,,,,not_corrected
vertical,annotator_csv,vertical_20250123,84r,84r,84r_00048,vertical_20250123__84r__84r_00048,54,,vertical,,20250123,15:36:00,84r_00048_waggle_annotations.csv,/media/geko/VERBATIM HD/SA2025_dances/George/mp4/20250123/00048.mp4,"(0.32040387864264824, 0.9472810325086992)",0.320403878642648,0.947281032508699,161.312648494789,1581,863,"(1581.0, 863.0)",5609,1,raw_vertical_uncalibrated,,,,,,,,,,,,,,,,,,,,,,not_corrected
vertical,annotator_csv,vertical_20250123,84r,84r,84r_00048,vertical_20250123__84r__84r_00048,55,,vertical,,20250123,15:36:00,84r_00048_waggle_annotations.csv,/media/geko/VERBATIM HD/SA2025_dances/George/mp4/20250123/00048.mp4,"(0.1414213562373095, 0.9899494936611665)",0.14142135623731,0.989949493661167,171.869897645844,1547,850,"(1547.0, 850.0)",5652,1,raw_vertical_uncalibrated,,,,,,,,,,,,,,,,,,,,,,not_corrected
vertical,annotator_csv,vertical_20250123,84r,84r,84r_00048,vertical_20250123__84r__84r_00048,56,,vertical,,20250123,15:36:00,84r_00048_waggle_annotations.csv,/media/geko/VERBATIM HD/SA2025_dances/George/mp4/20250123/00048.mp4,"(0.2544932992796438, 0.9670745372626464)",0.254493299279644,0.967074537262646,165.256437163529,1582,817,"(1582.0, 817.0)",5696,1,raw_vertical_uncalibrated,,,,,,,,,,,,,,,,,,,,,,not_corrected
vertical,annotator_csv,vertical_20250123,84r,84r,84r_00048,vertical_20250123__84r__84r_00048,57,,vertical,,20250123,15:36:00,84r_00048_waggle_annotations.csv,/media/geko/VERBATIM HD/SA2025_dances/George/mp4/20250123/00048.mp4,"(0.3417430630867044, 0.939793423488437)",0.341743063086704,0.939793423488437,160.0168934781,1524,810,"(1524.0, 810.0)",5741,1,raw_vertical_uncalibrated,,,,,,,,,,,,,,,,,,,,,,not_corrected
vertical,annotator_csv,vertical_20250123,84r,84r,84r_00049,vertical_20250123__84r__84r_00049,1,,vertical,,20250123,15:45:00,84r_00049_waggle_annotations.csv,/media/geko/VERBATIM HD/SA2025_dances/George/mp4/20250123/00049.mp4,"(0.18560677475807524, 0.9826241016603984)",0.185606774758075,0.982624101660398,169.303489264222,1900,823,"(1900.0, 823.0)",7427,1,raw_vertical_uncalibrated,,,,,,,,,,,,,,,,,,,,,,not_corrected
vertical,annotator_csv,vertical_20250123,84r,84r,84r_00049,vertical_20250123__84r__84r_00049,2,,vertical,,20250123,15:45:00,84r_00049_waggle_annotations.csv,/media/geko/VERBATIM HD/SA2025_dances/George/mp4/20250123/00049.mp4,"(0.1880722707878578, 0.9821551918921463)",0.188072270787858,0.982155191892146,169.159694545669,1818,824,"(1818.0, 824.0)",7469,1,raw_vertical_uncalibrated,,,,,,,,,,,,,,,,,,,,,,not_corrected
vertical,annotator_csv,vertical_20250123,84r,84r,84r_00049,vertical_20250123__84r__84r_00049,3,,vertical,,20250123,15:45:00,84r_00049_waggle_annotations.csv,/media/geko/VERBATIM HD/SA2025_dances/George/mp4/20250123/00049.mp4,"(0.3511234415883917, 0.9363291775690445)",0.351123441588392,0.936329177569045,159.443954780417,1820,842,"(1820.0, 842.0)",7519,1,raw_vertical_uncalibrated,,,,,,,,,,,,,,,,,,,,,,not_corrected
vertical,annotator_csv,vertical_20250123,84r,84r,84r_00049,vertical_20250123__84r__84r_00049,4,,vertical,,20250123,15:45:00,84r_00049_waggle_annotations.csv,/media/geko/VERBATIM HD/SA2025_dances/George/mp4/20250123/00049.mp4,"(-0.13663739713703102, 0.9906211292434748)",-0.136637397137031,0.990621129243475,187.853313301978,1813,830,"(1813.0, 830.0)",7556,1,raw_vertical_uncalibrated,,,,,,,,,,,,,,,,,,,,,,not_corrected
vertical,annotator_csv,vertical_20250123,84r,84r,84r_00049,vertical_20250123__84r__84r_00049,5,,vertical,,20250123,15:45:00,84r_00049_waggle_annotations.csv,/media/geko/VERBATIM HD/SA2025_dances/George/mp4/20250123/00049.mp4,"(0.1832824286167243, 0.9830602989442486)",0.183282428616724,0.983060298944249,169.438989308804,1907,848,"(1907.0, 848.0)",7595,1,raw_vertical_uncalibrated,,,,,,,,,,,,,,,,,,,,,,not_corrected
vertical,annotator_csv,vertical_20250123,84r,84r,84r_00049,vertical_20250123__84r__84r_00049,6,,vertical,,20250123,15:45:00,84r_00049_waggle_annotations.csv,/media/geko/VERBATIM HD/SA2025_dances/George/mp4/20250123/00049.mp4,"(0.3392654862413474, 0.9406906663964633)",0.339265486241347,0.940690666396463,160.167870149782,1855,802,"(1855.0, 802.0)",7641,1,raw_vertical_uncalibrated,,,,,,,,,,,,,,,,,,,,,,not_corrected
vertical,annotator_csv,vertical_20250123,84r,84r,84r_00049,vertical_20250123__84r__84r_00049,7,,vertical,,20250123,15:45:00,84r_00049_waggle_annotations.csv,/media/geko/VERBATIM HD/SA2025_dances/George/mp4/20250123/00049.mp4,"(-0.11043152607484653, 0.9938837346736188)",-0.110431526074847,0.993883734673619,186.34019174591,1817,801,"(1817.0, 801.0)",7681,1,raw_vertical_uncalibrated,,,,,,,,,,,,,,,,,,,,,,not_corrected
vertical,annotator_csv,vertical_20250123,84r,84r,84r_00049,vertical_20250123__84r__84r_00049,8,,vertical,,20250123,15:45:00,84r_00049_waggle_annotations.csv,/media/geko/VERBATIM HD/SA2025_dances/George/mp4/20250123/00049.mp4,"(0.4338156187728999, 0.9010016697590998)",0.4338156187729,0.9010016697591,154.290046219189,1852,796,"(1852.0, 796.0)",7724,1,raw_vertical_uncalibrated,,,,,,,,,,,,,,,,,,,,,,not_corrected
vertical,annotator_csv,vertical_20250123,84r,84r,84r_00049,vertical_20250123__84r__84r_00049,9,,vertical,,20250123,15:45:00,84r_00049_waggle_annotations.csv,/media/geko/VERBATIM HD/SA2025_dances/George/mp4/20250123/00049.mp4,"(0.28459828842630996, 0.9586468662780967)",0.28459828842631,0.958646866278097,163.465162142655,1795,769,"(1795.0, 769.0)",7766,1,raw_vertical_uncalibrated,,,,,,,,,,,,,,,,,,,,,,not_corrected
vertical,annotator_csv,vertical_20250123,84r,84r,84r_00049,vertical_20250123__84r__84r_00049,10,,vertical,,20250123,15:45:00,84r_00049_waggle_annotations.csv,/media/geko/VERBATIM HD/SA2025_dances/George/mp4/20250123/00049.mp4,"(0.38672667625067425, 0.922194381828531)",0.386726676250674,0.922194381828531,157.249023657212,1902,781,"(1902.0, 781.0)",7819,1,raw_vertical_uncalibrated,,,,,,,,,,,,,,,,,,,,,,not_corrected
vertical,annotator_csv,vertical_20250123,84r,84r,84r_00049,vertical_20250123__84r__84r_00049,11,,vertical,,20250123,15:45:00,84r_00049_waggle_annotations.csv,/media/geko/VERBATIM HD/SA2025_dances/George/mp4/20250123/00049.mp4,"(0.052558833122763673, 0.9986178293325098)",0.0525588331227637,0.99861782933251,176.987212495817,1818,756,"(1818.0, 756.0)",7870,1,raw_vertical_uncalibrated,,,,,,,,,,,,,,,,,,,,,,not_corrected
vertical,annotator_csv,vertical_20250123,84r,84r,84r_00049,vertical_20250123__84r__84r_00049,12,,vertical,,20250123,15:45:00,84r_00049_waggle_annotations.csv,/media/geko/VERBATIM HD/SA2025_dances/George/mp4/20250123/00049.mp4,"(0.2202608714346434, 0.9754410020677065)",0.220260871434643,0.975441002067707,167.275644314578,1834,722,"(1834.0, 722.0)",7912,1,raw_vertical_uncalibrated,,,,,,,,,,,,,,,,,,,,,,not_corrected
vertical,annotator_csv,vertical_20250123,84r,84r,84r_00049,vertical_20250123__84r__84r_00049,13,,vertical,,20250123,15:45:00,84r_00049_waggle_annotations.csv,/media/geko/VERBATIM HD/SA2025_dances/George/mp4/20250123/00049.mp4,"(-0.2763074248798415, 0.9610693039298835)",-0.276307424879842,0.961069303929884,196.03994330605,1757,757,"(1757.0, 757.0)",7965,1,raw_vertical_uncalibrated,,,,,,,,,,,,,,,,,,,,,,not_corrected
vertical,annotator_csv,vertical_20250123,84r,84r,84r_00049,vertical_20250123__84r__84r_00049,14,,vertical,,20250123,15:45:00,84r_00049_waggle_annotations.csv,/media/geko/VERBATIM HD/SA2025_dances/George/mp4/20250123/00049.mp4,"(-0.020403914662519312, 0.9997918184634463)",-0.0204039146625193,0.999791818463446,181.169139327907,1791,786,"(1791.0, 786.0)",8010,1,raw_vertical_uncalibrated,,,,,,,,,,,,,,,,,,,,,,not_corrected
vertical,annotator_csv,vertical_20250123,84r,84r,84r_00049,vertical_20250123__84r__84r_00049,15,,vertical,,20250123,15:45:00,84r_00049_waggle_annotations.csv,/media/geko/VERBATIM HD/SA2025_dances/George/mp4/20250123/00049.mp4,"(-0.2060104810498419, 0.9785497849867489)",-0.206010481049842,0.978549784986749,191.888658039628,1743,777,"(1743.0, 777.0)",8045,1,raw_vertical_uncalibrated,,,,,,,,,,,,,,,,,,,,,,not_corrected
vertical,annotator_csv,vertical_20250123,84r,84r,84r_00049,vertical_20250123__84r__84r_00049,16,,vertical,,20250123,15:45:00,84r_00049_waggle_annotations.csv,/media/geko/VERBATIM HD/SA2025_dances/George/mp4/20250123/00049.mp4,"(0.3110390604146254, 0.9503971290446889)",0.311039060414625,0.950397129044689,161.878139752099,1797,793,"(1797.0, 793.0)",8096,1,raw_vertical_uncalibrated,,,,,,,,,,,,,,,,,,,,,,not_corrected
vertical,annotator_csv,vertical_20250123,84r,84r,84r_00049,vertical_20250123__84r__84r_00049,17,,vertical,,20250123,15:45:00,84r_00049_waggle_annotations.csv,/media/geko/VERBATIM HD/SA2025_dances/George/mp4/20250123/00049.mp4,"(0.19611613513818402, 0.9805806756909201)",0.196116135138184,0.98058067569092,168.69006752598,1738,795,"(1738.0, 795.0)",8134,1,raw_vertical_uncalibrated,,,,,,,,,,,,,,,,,,,,,,not_corrected
vertical,annotator_csv,vertical_20250123,84r,84r,84r_00049,vertical_20250123__84r__84r_00049,18,,vertical,,20250123,15:45:00,84r_00049_waggle_annotations.csv,/media/geko/VERBATIM HD/SA2025_dances/George/mp4/20250123/00049.mp4,"(0.20127429834951432, 0.9795349186343031)",0.201274298349514,0.979534918634303,168.388513576112,1778,806,"(1778.0, 806.0)",8174,1,raw_vertical_uncalibrated,,,,,,,,,,,,,,,,,,,,,,not_corrected
vertical,annotator_csv,vertical_20250123,84r,84r,84r_00049,vertical_20250123__84r__84r_00049,19,,vertical,,20250123,15:45:00,84r_00049_waggle_annotations.csv,/media/geko/VERBATIM HD/SA2025_dances/George/mp4/20250123/00049.mp4,"(0.1689638151108457, 0.9856222548132667)",0.168963815110846,0.985622254813267,170.272421448598,1765,801,"(1765.0, 801.0)",8212,1,raw_vertical_uncalibrated,,,,,,,,,,,,,,,,,,,,,,not_corrected
vertical,annotator_csv,vertical_20250123,84r,84r,84r_00049,vertical_20250123__84r__84r_00049,20,,vertical,,20250123,15:45:00,84r_00049_waggle_annotations.csv,/media/geko/VERBATIM HD/SA2025_dances/George/mp4/20250123/00049.mp4,"(0.2775396528207745, 0.9607141828411424)",0.277539652820775,0.960714182841142,163.886581766911,1785,765,"(1785.0, 765.0)",8260,1,raw_vertical_uncalibrated,,,,,,,,,,,,,,,,,,,,,,not_corrected
vertical,annotator_csv,vertical_20250123,85b,85b,85b_00024,vertical_20250123__85b__85b_00024,1,,vertical,,20250123,11:09:00,85b_00024_waggle_annotations.csv,/media/geko/VERBATIM HD/SA2025_dances/George/mp4/20250123/00024.mp4,"(0.38672667625067425, -0.922194381828531)",0.386726676250674,-0.922194381828531,22.7509763427876,170,799,"(170.0, 799.0)",56,1,raw_vertical_uncalibrated,,,,,,,,,,,,,,,,,,,,,,not_corrected
vertical,annotator_csv,vertical_20250123,85b,85b,85b_00024,vertical_20250123__85b__85b_00024,2,,vertical,,20250123,11:09:00,85b_00024_waggle_annotations.csv,/media/geko/VERBATIM HD/SA2025_dances/George/mp4/20250123/00024.mp4,"(0.1811624294769345, -0.983453188589073)",0.181162429476935,-0.983453188589073,10.4374753511182,178,766,"(178.0, 766.0)",191,1,raw_vertical_uncalibrated,,,,,,,,,,,,,,,,,,,,,,not_corrected
vertical,annotator_csv,vertical_20250123,85b,85b,85b_00024,vertical_20250123__85b__85b_00024,3,,vertical,,20250123,11:09:00,85b_00024_waggle_annotations.csv,/media/geko/VERBATIM HD/SA2025_dances/George/mp4/20250123/00024.mp4,"(-0.3085046980374365, -0.9512228189487626)",-0.308504698037437,-0.951222818948763,342.030860259843,168,794,"(168.0, 794.0)",243,1,raw_vertical_uncalibrated,,,,,,,,,,,,,,,,,,,,,,not_corrected
vertical,annotator_csv,vertical_20250123,85b,85b,85b_00024,vertical_20250123__85b__85b_00024,4,,vertical,,20250123,11:09:00,85b_00024_waggle_annotations.csv,/media/geko/VERBATIM HD/SA2025_dances/George/mp4/20250123/00024.mp4,"(0.20750420835506328, -0.9782341251024412)",0.207504208355063,-0.978234125102441,11.9761324442034,212,807,"(212.0, 807.0)",310,1,raw_vertical_uncalibrated,,,,,,,,,,,,,,,,,,,,,,not_corrected
vertical,annotator_csv,vertical_20250123,85b,85b,85b_00024,vertical_20250123__85b__85b_00024,5,,vertical,,20250123,11:09:00,85b_00024_waggle_annotations.csv,/media/geko/VERBATIM HD/SA2025_dances/George/mp4/20250123/00024.mp4,"(-0.07387168551531177, -0.997267754456709)",-0.0738716855153118,-0.997267754456709,355.763605200941,174,825,"(174.0, 825.0)",369,1,raw_vertical_uncalibrated,,,,,,,,,,,,,,,,,,,,,,not_corrected
vertical,annotator_csv,vertical_20250123,85b,85b,85b_00024,vertical_20250123__85b__85b_00024,6,,vertical,,20250123,11:09:00,85b_00024_waggle_annotations.csv,/media/geko/VERBATIM HD/SA2025_dances/George/mp4/20250123/00024.mp4,"(0.3463740827591587, -0.9380964741393881)",0.346374082759159,-0.938096474139388,20.2656974709475,191,825,"(191.0, 825.0)",435,1,raw_vertical_uncalibrated,,,,,,,,,,,,,,,,,,,,,,not_corrected
vertical,annotator_csv,vertical_20250123,85b,85b,85b_00024,vertical_20250123__85b__85b_00024,7,,vertical,,20250123,11:09:00,85b_00024_waggle_annotations.csv,/media/geko/VERBATIM HD/SA2025_dances/George/mp4/20250123/00024.mp4,"(-0.07669649888473705, -0.9970544855015816)",-0.0766964988847371,-0.997054485501582,355.601294645005,174,826,"(174.0, 826.0)",499,1,raw_vertical_uncalibrated,,,,,,,,,,,,,,,,,,,,,,not_corrected
vertical,annotator_csv,vertical_20250123,85b,85b,85b_00024,vertical_20250123__85b__85b_00024,8,,vertical,,20250123,11:09:00,85b_00024_waggle_annotations.csv,/media/geko/VERBATIM HD/SA2025_dances/George/mp4/20250123/00024.mp4,"(0.6383358695945244, -0.769757960393397)",0.638335869594524,-0.769757960393397,39.6678411183405,215,817,"(215.0, 817.0)",552,1,raw_vertical_uncalibrated,,,,,,,,,,,,,,,,,,,,,,not_corrected
vertical,annotator_csv,vertical_20250123,85b,85b,85b_00024,vertical_20250123__85b__85b_00024,9,,vertical,,20250123,11:09:00,85b_00024_waggle_annotations.csv,/media/geko/VERBATIM HD/SA2025_dances/George/mp4/20250123/00024.mp4,"(0.05397525801500045, -0.9985422732775083)",0.0539752580150005,-0.998542273277508,3.09405805891711,191,827,"(191.0, 827.0)",605,1,raw_vertical_uncalibrated,,,,,,,,,,,,,,,,,,,,,,not_corrected
vertical,annotator_csv,vertical_20250123,85b,85b,85b_00024,vertical_20250123__85b__85b_00024,10,,vertical,,20250123,11:09:00,85b_00024_waggle_annotations.csv,/media/geko/VERBATIM HD/SA2025_dances/George/mp4/20250123/00024.mp4,"(0.4369039627369131, -0.8995081585759976)",0.436903962736913,-0.899508158575998,25.9065079995144,158,836,"(158.0, 836.0)",656,1,raw_vertical_uncalibrated,,,,,,,,,,,,,,,,,,,,,,not_corrected
vertical,annotator_csv,vertical_20250123,87r,87r,87r_00046,vertical_20250123__87r__87r_00046,1,,vertical,,20250123,15:30:00,87r_00046_waggle_annotations.csv,/media/geko/VERBATIM HD/SA2025_dances/George/mp4/20250123/00046.mp4,"(0.045407660918649985, 0.9989685402102997)",0.04540766091865,0.9989685402103,177.3974377975,356,912,"(356.0, 912.0)",1017,1,raw_vertical_uncalibrated,,,,,,,,,,,,,,,,,,,,,,not_corrected
vertical,annotator_csv,vertical_20250123,87r,87r,87r_00046,vertical_20250123__87r__87r_00046,2,,vertical,,20250123,15:30:00,87r_00046_waggle_annotations.csv,/media/geko/VERBATIM HD/SA2025_dances/George/mp4/20250123/00046.mp4,"(-0.242535625036333, 0.970142500145332)",-0.242535625036333,0.970142500145332,194.036243467926,374,902,"(374.0, 902.0)",1062,1,raw_vertical_uncalibrated,,,,,,,,,,,,,,,,,,,,,,not_corrected
vertical,annotator_csv,vertical_20250123,87r,87r,87r_00046,vertical_20250123__87r__87r_00046,3,,vertical,,20250123,15:30:00,87r_00046_waggle_annotations.csv,/media/geko/VERBATIM HD/SA2025_dances/George/mp4/20250123/00046.mp4,"(0.1643989873053573, 0.9863939238321437)",0.164398987305357,0.986393923832144,170.537677791974,375,910,"(375.0, 910.0)",1128,1,raw_vertical_uncalibrated,,,,,,,,,,,,,,,,,,,,,,not_corrected
vertical,annotator_csv,vertical_20250123,87r,87r,87r_00046,vertical_20250123__87r__87r_00046,4,,vertical,,20250123,15:30:00,87r_00046_waggle_annotations.csv,/media/geko/VERBATIM HD/SA2025_dances/George/mp4/20250123/00046.mp4,"(-0.2060104810498419, 0.9785497849867489)",-0.206010481049842,0.978549784986749,191.888658039628,393,884,"(393.0, 884.0)",1196,1,raw_vertical_uncalibrated,,,,,,,,,,,,,,,,,,,,,,not_corrected
vertical,annotator_csv,vertical_20250123,87r,87r,87r_00047,vertical_20250123__87r__87r_00047,1,,vertical,,20250123,15:33:00,87r_00047_waggle_annotations.csv,/media/geko/VERBATIM HD/SA2025_dances/George/mp4/20250123/00047.mp4,"(0.19086965910222414, 0.9816153896685813)",0.190869659102224,0.981615389668581,168.996459148251,1220,890,"(1220.0, 890.0)",2705,1,raw_vertical_uncalibrated,,,,,,,,,,,,,,,,,,,,,,not_corrected
vertical,annotator_csv,vertical_20250123,87r,87r,87r_00047,vertical_20250123__87r__87r_00047,2,,vertical,,20250123,15:33:00,87r_00047_waggle_annotations.csv,/media/geko/VERBATIM HD/SA2025_dances/George/mp4/20250123/00047.mp4,"(-0.23560002562150417, 0.9718501056887047)",-0.235600025621504,0.971850105688705,193.626994859892,1191,841,"(1191.0, 841.0)",2750,1,raw_vertical_uncalibrated,,,,,,,,,,,,,,,,,,,,,,not_corrected
vertical,annotator_csv,vertical_20250123,87r,87r,87r_00047,vertical_20250123__87r__87r_00047,3,,vertical,,20250123,15:33:00,87r_00047_waggle_annotations.csv,/media/geko/VERBATIM HD/SA2025_dances/George/mp4/20250123/00047.mp4,"(0.2982749931359468, 0.9544799780350297)",0.298274993135947,0.95447997803503,162.645975363739,1260,829,"(1260.0, 829.0)",2789,1,raw_vertical_uncalibrated,,,,,,,,,,,,,,,,,,,,,,not_corrected
vertical,annotator_csv,vertical_20250123,87r,87r,87r_00047,vertical_20250123__87r__87r_00047,4,,vertical,,20250123,15:33:00,87r_00047_waggle_annotations.csv,/media/geko/VERBATIM HD/SA2025_dances/George/mp4/20250123/00047.mp4,"(-0.26592899812581344, 0.9639926182060737)",-0.265928998125813,0.963992618206074,195.422161318739,1253,805,"(1253.0, 805.0)",2842,1,raw_vertical_uncalibrated,,,,,,,,,,,,,,,,,,,,,,not_corrected
vertical,annotator_csv,vertical_20250123,87r,87r,87r_00047,vertical_20250123__87r__87r_00047,5,,vertical,,20250123,15:33:00,87r_00047_waggle_annotations.csv,/media/geko/VERBATIM HD/SA2025_dances/George/mp4/20250123/00047.mp4,"(0.07124704998790965, 0.9974586998307351)",0.0712470499879097,0.997458699830735,175.914383220025,1298,789,"(1298.0, 789.0)",2876,1,raw_vertical_uncalibrated,,,,,,,,,,,,,,,,,,,,,,not_corrected
vertical,annotator_csv,vertical_20250123,87r,87r,87r_00047,vertical_20250123__87r__87r_00047,6,,vertical,,20250123,15:33:00,87r_00047_waggle_annotations.csv,/media/geko/VERBATIM HD/SA2025_dances/George/mp4/20250123/00047.mp4,"(-0.1643989873053573, 0.9863939238321437)",-0.164398987305357,0.986393923832144,189.462322208026,1322,797,"(1322.0, 797.0)",2937,1,raw_vertical_uncalibrated,,,,,,,,,,,,,,,,,,,,,,not_corrected
vertical,annotator_csv,vertical_20250123,87r,87r,87r_00047,vertical_20250123__87r__87r_00047,7,,vertical,,20250123,15:33:00,87r_00047_waggle_annotations.csv,/media/geko/VERBATIM HD/SA2025_dances/George/mp4/20250123/00047.mp4,"(-0.025308346645483232, 0.9996796924965877)",-0.0253083466454832,0.999679692496588,181.450216290933,1464,824,"(1464.0, 824.0)",2989,1,raw_vertical_uncalibrated,,,,,,,,,,,,,,,,,,,,,,not_corrected
vertical,annotator_csv,vertical_20250123,87r,87r,87r_00049,vertical_20250123__87r__87r_00049,1,,vertical,,20250123,15:42:00,87r_00049_waggle_annotations.csv,/media/geko/VERBATIM HD/SA2025_dances/George/mp4/20250123/00049.mp4,"(0.2387881212550341, 0.9710716931038054)",0.238788121255034,0.971071693103805,166.184974658738,1729,767,"(1729.0, 767.0)",2827,1,raw_vertical_uncalibrated,,,,,,,,,,,,,,,,,,,,,,not_corrected
vertical,annotator_csv,vertical_20250123,87r,87r,87r_00049,vertical_20250123__87r__87r_00049,2,,vertical,,20250123,15:42:00,87r_00049_waggle_annotations.csv,/media/geko/VERBATIM HD/SA2025_dances/George/mp4/20250123/00049.mp4,"(-0.1559625734730109, 0.9877629653290692)",-0.155962573473011,0.987762965329069,188.972626614896,1683,783,"(1683.0, 783.0)",2870,1,raw_vertical_uncalibrated,,,,,,,,,,,,,,,,,,,,,,not_corrected
vertical,annotator_csv,vertical_20250123,87r,87r,87r_00049,vertical_20250123__87r__87r_00049,3,,vertical,,20250123,15:42:00,87r_00049_waggle_annotations.csv,/media/geko/VERBATIM HD/SA2025_dances/George/mp4/20250123/00049.mp4,"(0.37419403419213776, 0.9273504325631241)",0.374194034192138,0.927350432563124,158.025492008528,1707,766,"(1707.0, 766.0)",2918,1,raw_vertical_uncalibrated,,,,,,,,,,,,,,,,,,,,,,not_corrected
vertical,annotator_csv,vertical_20250123,87r,87r,87r_00049,vertical_20250123__87r__87r_00049,4,,vertical,,20250123,15:42:00,87r_00049_waggle_annotations.csv,/media/geko/VERBATIM HD/SA2025_dances/George/mp4/20250123/00049.mp4,"(-0.1643989873053573, 0.9863939238321437)",-0.164398987305357,0.986393923832144,189.462322208026,1669,747,"(1669.0, 747.0)",2958,1,raw_vertical_uncalibrated,,,,,,,,,,,,,,,,,,,,,,not_corrected
vertical,annotator_csv,vertical_20250123,87r,87r,87r_00049,vertical_20250123__87r__87r_00049,5,,vertical,,20250123,15:42:00,87r_00049_waggle_annotations.csv,/media/geko/VERBATIM HD/SA2025_dances/George/mp4/20250123/00049.mp4,"(0.06237828615518053, 0.9980525784828885)",0.0623782861551805,0.998052578482889,176.423665625003,1715,768,"(1715.0, 768.0)",3001,1,raw_vertical_uncalibrated,,,,,,,,,,,,,,,,,,,,,,not_corrected
vertical,annotator_csv,vertical_20250123,87r,87r,87r_00049,vertical_20250123__87r__87r_00049,6,,vertical,,20250123,15:42:00,87r_00049_waggle_annotations.csv,/media/geko/VERBATIM HD/SA2025_dances/George/mp4/20250123/00049.mp4,"(-0.1757906384836575, 0.984427575508482)",-0.175790638483658,0.984427575508482,190.124671655398,1713,749,"(1713.0, 749.0)",3038,1,raw_vertical_uncalibrated,,,,,,,,,,,,,,,,,,,,,,not_corrected
vertical,annotator_csv,vertical_20250123,87r,87r,87r_00049,vertical_20250123__87r__87r_00049,7,,vertical,,20250123,15:42:00,87r_00049_waggle_annotations.csv,/media/geko/VERBATIM HD/SA2025_dances/George/mp4/20250123/00049.mp4,"(0.310020599830917, 0.9507298394814788)",0.310020599830917,0.950729839481479,161.939528063801,1770,754,"(1770.0, 754.0)",3092,1,raw_vertical_uncalibrated,,,,,,,,,,,,,,,,,,,,,,not_corrected
vertical,annotator_csv,vertical_20250123,87r,87r,87r_00049,vertical_20250123__87r__87r_00049,8,,vertical,,20250123,15:42:00,87r_00049_waggle_annotations.csv,/media/geko/VERBATIM HD/SA2025_dances/George/mp4/20250123/00049.mp4,"(-0.2676438637860946, 0.9635179096299405)",-0.267643863786095,0.963517909629941,195.524110996754,1727,739,"(1727.0, 739.0)",3130,1,raw_vertical_uncalibrated,,,,,,,,,,,,,,,,,,,,,,not_corrected
vertical,annotator_csv,vertical_20250123,87r,87r,87r_00049,vertical_20250123__87r__87r_00049,9,,vertical,,20250123,15:42:00,87r_00049_waggle_annotations.csv,/media/geko/VERBATIM HD/SA2025_dances/George/mp4/20250123/00049.mp4,"(0.20750420835506328, 0.9782341251024412)",0.207504208355063,0.978234125102441,168.023867555797,1790,759,"(1790.0, 759.0)",3172,1,raw_vertical_uncalibrated,,,,,,,,,,,,,,,,,,,,,,not_corrected
vertical,annotator_csv,vertical_20250123,87r,87r,87r_00049,vertical_20250123__87r__87r_00049,10,,vertical,,20250123,15:42:00,87r_00049_waggle_annotations.csv,/media/geko/VERBATIM HD/SA2025_dances/George/mp4/20250123/00049.mp4,"(-0.03224129401095805, 0.9994801143396995)",-0.0322412940109581,0.9994801143397,181.847610265995,1643,812,"(1643.0, 812.0)",3219,1,raw_vertical_uncalibrated,,,,,,,,,,,,,,,,,,,,,,not_corrected
vertical,annotator_csv,vertical_20250123,87r,87r,87r_00049,vertical_20250123__87r__87r_00049,11,,vertical,,20250123,15:42:00,87r_00049_waggle_annotations.csv,/media/geko/VERBATIM HD/SA2025_dances/George/mp4/20250123/00049.mp4,"(-0.03224129401095805, 0.9994801143396995)",-0.0322412940109581,0.9994801143397,181.847610265995,1627,788,"(1627.0, 788.0)",3264,1,raw_vertical_uncalibrated,,,,,,,,,,,,,,,,,,,,,,not_corrected
vertical,annotator_csv,vertical_20250123,87r,87r,87r_00049,vertical_20250123__87r__87r_00049,12,,vertical,,20250123,15:42:00,87r_00049_waggle_annotations.csv,/media/geko/VERBATIM HD/SA2025_dances/George/mp4/20250123/00049.mp4,"(0.31622776601683794, 0.9486832980505138)",0.316227766016838,0.948683298050514,161.565051177078,1669,797,"(1669.0, 797.0)",3310,1,raw_vertical_uncalibrated,,,,,,,,,,,,,,,,,,,,,,not_corrected
vertical,annotator_csv,vertical_20250123,90r,90r,90r_00049,vertical_20250123__90r__90r_00049,1,,vertical,,20250123,15:45:00,90r_00049_waggle_annotations.csv,/media/geko/VERBATIM HD/SA2025_dances/George/mp4/20250123/00049.mp4,"(0.6964753771686599, 0.7175806916283163)",0.69647537716866,0.717580691628316,135.855097396267,1389,884,"(1389.0, 884.0)",6384,1,raw_vertical_uncalibrated,,,,,,,,,,,,,,,,,,,,,,not_corrected
vertical,annotator_csv,vertical_20250123,90r,90r,90r_00049,vertical_20250123__90r__90r_00049,2,,vertical,,20250123,15:45:00,90r_00049_waggle_annotations.csv,/media/geko/VERBATIM HD/SA2025_dances/George/mp4/20250123/00049.mp4,"(0.08304547985373997, 0.9965457582448796)",0.08304547985374,0.99654575824488,175.236358309274,1488,761,"(1488.0, 761.0)",6466,1,raw_vertical_uncalibrated,,,,,,,,,,,,,,,,,,,,,,not_corrected
vertical,annotator_csv,vertical_20250123,90r,90r,90r_00049,vertical_20250123__90r__90r_00049,3,,vertical,,20250123,15:45:00,90r_00049_waggle_annotations.csv,/media/geko/VERBATIM HD/SA2025_dances/George/mp4/20250123/00049.mp4,"(0.23162052730603974, 0.9728062146853669)",0.23162052730604,0.972806214685367,166.607502246249,1319,846,"(1319.0, 846.0)",6511,1,raw_vertical_uncalibrated,,,,,,,,,,,,,,,,,,,,,,not_corrected
vertical,annotator_csv,vertical_20250123,90r,90r,90r_00049,vertical_20250123__90r__90r_00049,4,,vertical,,20250123,15:45:00,90r_00049_waggle_annotations.csv,/media/geko/VERBATIM HD/SA2025_dances/George/mp4/20250123/00049.mp4,"(0.24837535026770383, 0.968663866044045)",0.248375350267704,0.968663866044045,165.618605408909,1380,852,"(1380.0, 852.0)",6562,1,raw_vertical_uncalibrated,,,,,,,,,,,,,,,,,,,,,,not_corrected
vertical,annotator_csv,vertical_20250123,90r,90r,90r_00049,vertical_20250123__90r__90r_00049,5,,vertical,,20250123,15:45:00,90r_00049_waggle_annotations.csv,/media/geko/VERBATIM HD/SA2025_dances/George/mp4/20250123/00049.mp4,"(-0.1080591807684192, 0.9941444630694566)",-0.108059180768419,0.994144463069457,186.203447901692,1352,861,"(1352.0, 861.0)",6612,1,raw_vertical_uncalibrated,,,,,,,,,,,,,,,,,,,,,,not_corrected
vertical,annotator_csv,vertical_20250123,90r,90r,90r_00049,vertical_20250123__90r__90r_00049,6,,vertical,,20250123,15:45:00,90r_00049_waggle_annotations.csv,/media/geko/VERBATIM HD/SA2025_dances/George/mp4/20250123/00049.mp4,"(0.06438227799796505, 0.9979253089684582)",0.0643822779979651,0.997925308968458,176.308614013549,1423,785,"(1423.0, 785.0)",6668,1,raw_vertical_uncalibrated,,,,,,,,,,,,,,,,,,,,,,not_corrected
vertical,annotator_csv,vertical_20250123,90r,90r,90r_00049,vertical_20250123__90r__90r_00049,7,,vertical,,20250123,15:45:00,90r_00049_waggle_annotations.csv,/media/geko/VERBATIM HD/SA2025_dances/George/mp4/20250123/00049.mp4,"(-0.036120991231393645, 0.9993474240685576)",-0.0361209912313936,0.999347424068558,182.070030653041,1396,796,"(1396.0, 796.0)",6730,1,raw_vertical_uncalibrated,,,,,,,,,,,,,,,,,,,,,,not_corrected
vertical,annotator_csv,vertical_20250123,90r,90r,90r_00049,vertical_20250123__90r__90r_00049,8,,vertical,,20250123,15:45:00,90r_00049_waggle_annotations.csv,/media/geko/VERBATIM HD/SA2025_dances/George/mp4/20250123/00049.mp4,"(0.48564293117863205, 0.8741572761215377)",0.485642931178632,0.874157276121538,150.945395900923,1499,787,"(1499.0, 787.0)",7088,1,raw_vertical_uncalibrated,,,,,,,,,,,,,,,,,,,,,,not_corrected
vertical,annotator_csv,vertical_20250123,90r,90r,90r_00049,vertical_20250123__90r__90r_00049,9,,vertical,,20250123,15:45:00,90r_00049_waggle_annotations.csv,/media/geko/VERBATIM HD/SA2025_dances/George/mp4/20250123/00049.mp4,"(-0.06507913734559685, 0.9978801059658183)",-0.0650791373455969,0.997880105965818,183.73139699916,1609,682,"(1609.0, 682.0)",7201,1,raw_vertical_uncalibrated,,,,,,,,,,,,,,,,,,,,,,not_corrected
vertical,annotator_csv,vertical_20250123,90r,90r,90r_00049,vertical_20250123__90r__90r_00049,10,,vertical,,20250123,15:45:00,90r_00049_waggle_annotations.csv,/media/geko/VERBATIM HD/SA2025_dances/George/mp4/20250123/00049.mp4,"(0.39391929857916763, 0.9191450300180578)",0.393919298579168,0.919145030018058,156.801409486352,1502,805,"(1502.0, 805.0)",7275,1,raw_vertical_uncalibrated,,,,,,,,,,,,,,,,,,,,,,not_corrected
vertical,annotator_csv,vertical_20250123,90r,90r,90r_00049,vertical_20250123__90r__90r_00049,11,,vertical,,20250123,15:45:00,90r_00049_waggle_annotations.csv,/media/geko/VERBATIM HD/SA2025_dances/George/mp4/20250123/00049.mp4,"(-0.2940858488375231, 0.95577900872195)",-0.294085848837523,0.95577900872195,197.102728969052,1363,765,"(1363.0, 765.0)",7326,1,raw_vertical_uncalibrated,,,,,,,,,,,,,,,,,,,,,,not_corrected
vertical,annotator_csv,vertical_20250123,90r,90r,90r_00049,vertical_20250123__90r__90r_00049,12,,vertical,,20250123,15:45:00,90r_00049_waggle_annotations.csv,/media/geko/VERBATIM HD/SA2025_dances/George/mp4/20250123/00049.mp4,"(0.02082881368183567, 0.9997830567281121)",0.0208288136818357,0.999783056728112,178.806510576018,1808,752,"(1808.0, 752.0)",7398,1,raw_vertical_uncalibrated,,,,,,,,,,,,,,,,,,,,,,not_corrected
vertical,annotator_csv,vertical_20250123,90r,90r,90r_00049,vertical_20250123__90r__90r_00049,13,,vertical,,20250123,15:45:00,90r_00049_waggle_annotations.csv,/media/geko/VERBATIM HD/SA2025_dances/George/mp4/20250123/00049.mp4,"(-0.3303504247281061, 0.9438583563660173)",-0.330350424728106,0.943858356366017,199.290046219189,1556,699,"(1556.0, 699.0)",7452,1,raw_vertical_uncalibrated,,,,,,,,,,,,,,,,,,,,,,not_corrected
vertical,annotator_csv,vertical_20250123,90r,90r,90r_00049,vertical_20250123__90r__90r_00049,14,,vertical,,20250123,15:45:00,90r_00049_waggle_annotations.csv,/media/geko/VERBATIM HD/SA2025_dances/George/mp4/20250123/00049.mp4,"(0.39958542051392815, 0.9166959647084234)",0.399585420513928,0.916695964708423,156.447736327105,1643,652,"(1643.0, 652.0)",7498,1,raw_vertical_uncalibrated,,,,,,,,,,,,,,,,,,,,,,not_corrected
vertical,annotator_csv,vertical_20250123,97r,97r,97r_00025,vertical_20250123__97r__97r_00025,1,,vertical,,20250123,11:15:00,97r_00025_waggle_annotations.csv,/media/geko/VERBATIM HD/SA2025_dances/George/mp4/20250123/00025.mp4,"(0.06880209161537815, -0.997630328422983)",0.0688020916153782,-0.997630328422983,3.94518622903756,401,769,"(401.0, 769.0)",820,1,raw_vertical_uncalibrated,,,,,,,,,,,,,,,,,,,,,,not_corrected
vertical,annotator_csv,vertical_20250123,97r,97r,97r_00025,vertical_20250123__97r__97r_00025,2,,vertical,,20250123,11:15:00,97r_00025_waggle_annotations.csv,/media/geko/VERBATIM HD/SA2025_dances/George/mp4/20250123/00025.mp4,"(-0.4083660600582539, -0.9128182518949205)",-0.408366060058254,-0.912818251894921,335.897765498839,364,740,"(364.0, 740.0)",782,1,raw_vertical_uncalibrated,,,,,,,,,,,,,,,,,,,,,,not_corrected
vertical,annotator_csv,vertical_20250124,17y,17y,17y_00020,vertical_20250124__17y__17y_00020,1,,vertical,,20250124,17:45:00,17y_00020_waggle_annotations.csv,E:\2026Trackathon\James\mp4\20250124\00020.mp4,"(-0.7327934916262993, 0.6804510993672779)",-0.732793491626299,0.680451099367278,227.121096396661,741,912,"(741.0, 912.0)",57,1,raw_vertical_uncalibrated,,,,,,,,,,,,,,,,,,,,,,not_corrected
vertical,annotator_csv,vertical_20250124,17y,17y,17y_00020,vertical_20250124__17y__17y_00020,2,,vertical,,20250124,17:45:00,17y_00020_waggle_annotations.csv,E:\2026Trackathon\James\mp4\20250124\00020.mp4,"(0.7071067811865475, 0.7071067811865475)",0.707106781186548,0.707106781186548,135,743,918,"(743.0, 918.0)",120,1,raw_vertical_uncalibrated,,,,,,,,,,,,,,,,,,,,,,not_corrected
vertical,annotator_csv,vertical_20250124,17y,17y,17y_00020,vertical_20250124__17y__17y_00020,3,,vertical,,20250124,17:45:00,17y_00020_waggle_annotations.csv,E:\2026Trackathon\James\mp4\20250124\00020.mp4,"(-0.682318250360011, 0.7310552682428689)",-0.682318250360011,0.731055268242869,223.025065989118,710,921,"(710.0, 921.0)",188,1,raw_vertical_uncalibrated,,,,,,,,,,,,,,,,,,,,,,not_corrected
vertical,annotator_csv,vertical_20250124,17y,17y,17y_00020,vertical_20250124__17y__17y_00020,4,,vertical,,20250124,17:45:00,17y_00020_waggle_annotations.csv,E:\2026Trackathon\James\mp4\20250124\00020.mp4,"(0.5766831975986553, 0.8169678632647616)",0.576683197598655,0.816967863264762,144.782407031807,685,908,"(685.0, 908.0)",244,1,raw_vertical_uncalibrated,,,,,,,,,,,,,,,,,,,,,,not_corrected
vertical,annotator_csv,vertical_20250124,17y,17y,17y_00022,vertical_20250124__17y__17y_00022,1,,vertical,,20250124,17:50:00,17y_00022_waggle_annotations.csv,E:\2026Trackathon\James\mp4\20250124\00022.mp4,"(-0.95577900872195, 0.2940858488375231)",-0.95577900872195,0.294085848837523,252.897271030948,946,794,"(946.0, 794.0)",792,1,raw_vertical_uncalibrated,,,,,,,,,,,,,,,,,,,,,,not_corrected
vertical,annotator_csv,vertical_20250124,17y,17y,17y_00022,vertical_20250124__17y__17y_00022,2,,vertical,,20250124,17:50:00,17y_00022_waggle_annotations.csv,E:\2026Trackathon\James\mp4\20250124\00022.mp4,"(0.5263546146162954, 0.8502651466878618)",0.526354614616295,0.850265146687862,148.240519915187,853,850,"(853.0, 850.0)",857,1,raw_vertical_uncalibrated,,,,,,,,,,,,,,,,,,,,,,not_corrected
vertical,annotator_csv,vertical_20250124,17y,17y,17y_00022,vertical_20250124__17y__17y_00022,3,,vertical,,20250124,17:50:00,17y_00022_waggle_annotations.csv,E:\2026Trackathon\James\mp4\20250124\00022.mp4,"(-0.8725060159497201, 0.48860336893184325)",-0.87250601594972,0.488603368931843,240.751173663453,890,884,"(890.0, 884.0)",919,1,raw_vertical_uncalibrated,,,,,,,,,,,,,,,,,,,,,,not_corrected
vertical,annotator_csv,vertical_20250124,17y,17y,17y_00022,vertical_20250124__17y__17y_00022,4,,vertical,,20250124,17:50:00,17y_00022_waggle_annotations.csv,E:\2026Trackathon\James\mp4\20250124\00022.mp4,"(0.9061831399952655, 0.42288546533112387)",0.906183139995266,0.422885465331124,115.0168934781,842,894,"(842.0, 894.0)",964,1,raw_vertical_uncalibrated,,,,,,,,,,,,,,,,,,,,,,not_corrected
vertical,annotator_csv,vertical_20250124,17y,17y,17y_00022,vertical_20250124__17y__17y_00022,5,,vertical,,20250124,17:50:00,17y_00022_waggle_annotations.csv,E:\2026Trackathon\James\mp4\20250124\00022.mp4,"(-0.47409982303501746, 0.8804710999221753)",-0.474099823035017,0.880471099922175,208.300755766006,878,897,"(878.0, 897.0)",1017,1,raw_vertical_uncalibrated,,,,,,,,,,,,,,,,,,,,,,not_corrected
vertical,annotator_csv,vertical_20250124,17y,17y,17y_00022,vertical_20250124__17y__17y_00022,6,,vertical,,20250124,17:50:00,17y_00022_waggle_annotations.csv,E:\2026Trackathon\James\mp4\20250124\00022.mp4,"(0.2940858488375231, 0.95577900872195)",0.294085848837523,0.95577900872195,162.897271030948,860,881,"(860.0, 881.0)",1082,1,raw_vertical_uncalibrated,,,,,,,,,,,,,,,,,,,,,,not_corrected
vertical,annotator_csv,vertical_20250124,17y,17y,17y_00022,vertical_20250124__17y__17y_00022,7,,vertical,,20250124,17:50:00,17y_00022_waggle_annotations.csv,E:\2026Trackathon\James\mp4\20250124\00022.mp4,"(-0.6757246285173463, 0.7371541402007414)",-0.675724628517346,0.737154140200741,222.510447078001,816,902,"(816.0, 902.0)",1147,1,raw_vertical_uncalibrated,,,,,,,,,,,,,,,,,,,,,,not_corrected
vertical,annotator_csv,vertical_20250124,17y,17y,17y_00022,vertical_20250124__17y__17y_00022,8,,vertical,,20250124,17:50:00,17y_00022_waggle_annotations.csv,E:\2026Trackathon\James\mp4\20250124\00022.mp4,"(0.1559625734730109, 0.9877629653290692)",0.155962573473011,0.987762965329069,171.027373385104,826,889,"(826.0, 889.0)",1199,1,raw_vertical_uncalibrated,,,,,,,,,,,,,,,,,,,,,,not_corrected
vertical,annotator_csv,vertical_20250124,17y,17y,17y_00022,vertical_20250124__17y__17y_00022,9,,vertical,,20250124,17:50:00,17y_00022_waggle_annotations.csv,E:\2026Trackathon\James\mp4\20250124\00022.mp4,"(-0.07124704998790965, 0.9974586998307351)",-0.0712470499879097,0.997458699830735,184.085616779975,792,922,"(792.0, 922.0)",1266,1,raw_vertical_uncalibrated,,,,,,,,,,,,,,,,,,,,,,not_corrected
vertical,annotator_csv,vertical_20250124,22b,22b,22b_00018,vertical_20250124__22b__22b_00018,1,,vertical,,20250124,17:45:00,22b_00018_waggle_annotations.csv,E:\2026Trackathon\James\mp4\20250124\00018.mp4,"(0.5881716976750462, 0.8087360843031884)",0.588171697675046,0.808736084303188,143.972626614896,681,887,"(681.0, 887.0)",21,1,raw_vertical_uncalibrated,,,,,,,,,,,,,,,,,,,,,,not_corrected
vertical,annotator_csv,vertical_20250124,22b,22b,22b_00018,vertical_20250124__22b__22b_00018,2,,vertical,,20250124,17:45:00,22b_00018_waggle_annotations.csv,E:\2026Trackathon\James\mp4\20250124\00018.mp4,"(-0.3314859950125598, 0.9434601396511317)",-0.33148599501256,0.943460139651132,199.358994175695,674,889,"(674.0, 889.0)",74,1,raw_vertical_uncalibrated,,,,,,,,,,,,,,,,,,,,,,not_corrected
vertical,annotator_csv,vertical_20250124,22b,22b,22b_00018,vertical_20250124__22b__22b_00018,3,,vertical,,20250124,17:45:00,22b_00018_waggle_annotations.csv,E:\2026Trackathon\James\mp4\20250124\00018.mp4,"(-0.0854011413464358, 0.996346649041751)",-0.0854011413464358,0.996346649041751,184.899092453788,661,862,"(661.0, 862.0)",147,1,raw_vertical_uncalibrated,,,,,,,,,,,,,,,,,,,,,,not_corrected
vertical,annotator_csv,vertical_20250125,11r,11r,11r_00041,vertical_20250125__11r__11r_00041,1,,vertical,,20250125,12:00:00,11r_00041_waggle_annotations.csv,E:\2026Trackathon\James\mp4\20250125\00041.mp4,"(0.8944271909999159, -0.4472135954999579)",0.894427190999916,-0.447213595499958,63.434948822922,969,863,"(969.0, 863.0)",3451,1,raw_vertical_uncalibrated,,,,,,,,,,,,,,,,,,,,,,not_corrected
vertical,annotator_csv,vertical_20250125,11r,11r,11r_00041,vertical_20250125__11r__11r_00041,2,,vertical,,20250125,12:00:00,11r_00041_waggle_annotations.csv,E:\2026Trackathon\James\mp4\20250125\00041.mp4,"(0.9820064469806473, -0.18884739365012448)",0.982006446980647,-0.188847393650124,79.1144729453413,984,870,"(984.0, 870.0)",3495,1,raw_vertical_uncalibrated,,,,,,,,,,,,,,,,,,,,,,not_corrected
vertical,annotator_csv,vertical_20250125,11r,11r,11r_00041,vertical_20250125__11r__11r_00041,3,,vertical,,20250125,12:00:00,11r_00041_waggle_annotations.csv,E:\2026Trackathon\James\mp4\20250125\00041.mp4,"(0.8865848461654547, -0.46256600669501985)",0.886584846165455,-0.46256600669502,62.4471884232822,1009,861,"(1009.0, 861.0)",3550,1,raw_vertical_uncalibrated,,,,,,,,,,,,,,,,,,,,,,not_corrected
vertical,annotator_csv,vertical_20250125,11r,11r,11r_00041,vertical_20250125__11r__11r_00041,4,,vertical,,20250125,12:00:00,11r_00041_waggle_annotations.csv,E:\2026Trackathon\James\mp4\20250125\00041.mp4,"(0.9344877349289681, -0.3559953275919878)",0.934487734928968,-0.355995327591988,69.1455419604217,1029,866,"(1029.0, 866.0)",3589,1,raw_vertical_uncalibrated,,,,,,,,,,,,,,,,,,,,,,not_corrected
vertical,annotator_csv,vertical_20250125,11r,11r,11r_00041,vertical_20250125__11r__11r_00041,5,,vertical,,20250125,12:00:00,11r_00041_waggle_annotations.csv,E:\2026Trackathon\James\mp4\20250125\00041.mp4,"(0.9260923597695477, -0.37729688731351946)",0.926092359769548,-0.377296887313519,67.8336541779175,1018,834,"(1018.0, 834.0)",3642,1,raw_vertical_uncalibrated,,,,,,,,,,,,,,,,,,,,,,not_corrected
vertical,annotator_csv,vertical_20250125,11r,11r,11r_00041,vertical_20250125__11r__11r_00041,6,,vertical,,20250125,12:00:00,11r_00041_waggle_annotations.csv,E:\2026Trackathon\James\mp4\20250125\00041.mp4,"(0.9408874118687268, -0.33871946827274163)",0.940887411868727,-0.338719468272742,70.2011236454751,1069,850,"(1069.0, 850.0)",3688,1,raw_vertical_uncalibrated,,,,,,,,,,,,,,,,,,,,,,not_corrected
vertical,annotator_csv,vertical_20250125,11r,11r,11r_00041,vertical_20250125__11r__11r_00041,7,,vertical,,20250125,12:00:00,11r_00041_waggle_annotations.csv,E:\2026Trackathon\James\mp4\20250125\00041.mp4,"(0.9459459459459459, -0.32432432432432434)",0.945945945945946,-0.324324324324324,71.0753555839488,1089,810,"(1089.0, 810.0)",3743,1,raw_vertical_uncalibrated,,,,,,,,,,,,,,,,,,,,,,not_corrected
vertical,annotator_csv,vertical_20250125,11r,11r,11r_00041,vertical_20250125__11r__11r_00041,8,,vertical,,20250125,12:00:00,11r_00041_waggle_annotations.csv,E:\2026Trackathon\James\mp4\20250125\00041.mp4,"(0.9054589359588684, -0.4244338762307196)",0.905458935958868,-0.42443387623072,64.8851651138554,1156,781,"(1156.0, 781.0)",3801,1,raw_vertical_uncalibrated,,,,,,,,,,,,,,,,,,,,,,not_corrected
vertical,annotator_csv,vertical_20250125,11r,11r,11r_00041,vertical_20250125__11r__11r_00041,9,,vertical,,20250125,12:00:00,11r_00041_waggle_annotations.csv,E:\2026Trackathon\James\mp4\20250125\00041.mp4,"(0.8609265282143156, -0.508729312126641)",0.860926528214316,-0.508729312126641,59.420773127511,1093,858,"(1093.0, 858.0)",3969,1,raw_vertical_uncalibrated,,,,,,,,,,,,,,,,,,,,,,not_corrected
vertical,annotator_csv,vertical_20250125,11r,11r,11r_00041,vertical_20250125__11r__11r_00041,10,,vertical,,20250125,12:00:00,11r_00041_waggle_annotations.csv,E:\2026Trackathon\James\mp4\20250125\00041.mp4,"(0.9667052278615119, -0.25589256031628255)",0.966705227861512,-0.255892560316283,75.1735200296443,1142,830,"(1142.0, 830.0)",4013,1,raw_vertical_uncalibrated,,,,,,,,,,,,,,,,,,,,,,not_corrected
vertical,annotator_csv,vertical_20250125,11r,11r,11r_00041,vertical_20250125__11r__11r_00041,11,,vertical,,20250125,12:00:00,11r_00041_waggle_annotations.csv,E:\2026Trackathon\James\mp4\20250125\00041.mp4,"(0.9216353751380653, -0.38805700005813276)",0.921635375138065,-0.388057000058133,67.1663458220825,1162,806,"(1162.0, 806.0)",4069,1,raw_vertical_uncalibrated,,,,,,,,,,,,,,,,,,,,,,not_corrected
vertical,annotator_csv,vertical_20250125,11r,11r,11r_00041,vertical_20250125__11r__11r_00041,12,,vertical,,20250125,12:00:00,11r_00041_waggle_annotations.csv,E:\2026Trackathon\James\mp4\20250125\00041.mp4,"(0.9629640197141817, -0.2696299255199709)",0.962964019714182,-0.269629925519971,74.3577535427913,1229,850,"(1229.0, 850.0)",4119,1,raw_vertical_uncalibrated,,,,,,,,,,,,,,,,,,,,,,not_corrected
vertical,annotator_csv,vertical_20250125,11r,11r,11r_00041,vertical_20250125__11r__11r_00041,13,,vertical,,20250125,12:00:00,11r_00041_waggle_annotations.csv,E:\2026Trackathon\James\mp4\20250125\00041.mp4,"(0.9284766908852594, -0.3713906763541038)",0.928476690885259,-0.371390676354104,68.1985905136482,1204,842,"(1204.0, 842.0)",4169,1,raw_vertical_uncalibrated,,,,,,,,,,,,,,,,,,,,,,not_corrected
vertical,annotator_csv,vertical_20250125,22b,22b,22b_00041,vertical_20250125__22b__22b_00041,1,,vertical,,20250125,11:57:00,22b_00041_waggle_annotations.csv,E:\2026Trackathon\James\mp4\20250125\00041.mp4,"(0.9103664774626047, -0.413802944301184)",0.910366477462605,-0.413802944301184,65.5560452195835,652,848,"(652.0, 848.0)",921,1,raw_vertical_uncalibrated,,,,,,,,,,,,,,,,,,,,,,not_corrected
vertical,annotator_csv,vertical_20250125,22b,22b,22b_00041,vertical_20250125__22b__22b_00041,2,,vertical,,20250125,11:57:00,22b_00041_waggle_annotations.csv,E:\2026Trackathon\James\mp4\20250125\00041.mp4,"(1.0, 0.0)",1,0,90,622,777,"(622.0, 777.0)",975,1,raw_vertical_uncalibrated,,,,,,,,,,,,,,,,,,,,,,not_corrected
vertical,annotator_csv,vertical_20250125,22b,22b,22b_00041,vertical_20250125__22b__22b_00041,3,,vertical,,20250125,11:57:00,22b_00041_waggle_annotations.csv,E:\2026Trackathon\James\mp4\20250125\00041.mp4,"(0.9984603532054125, 0.05547001962252291)",0.998460353205413,0.0554700196225229,93.1798301198642,852,814,"(852.0, 814.0)",1133,1,raw_vertical_uncalibrated,,,,,,,,,,,,,,,,,,,,,,not_corrected
vertical,annotator_csv,vertical_20250125,22b,22b,22b_00041,vertical_20250125__22b__22b_00041,4,,vertical,,20250125,11:57:00,22b_00041_waggle_annotations.csv,E:\2026Trackathon\James\mp4\20250125\00041.mp4,"(0.9679968981658008, -0.25096215878372613)",0.967996898165801,-0.250962158783726,75.4655449194599,912,800,"(912.0, 800.0)",1189,1,raw_vertical_uncalibrated,,,,,,,,,,,,,,,,,,,,,,not_corrected
vertical,annotator_csv,vertical_20250125,22b,22b,22b_00041,vertical_20250125__22b__22b_00041,5,,vertical,,20250125,11:57:00,22b_00041_waggle_annotations.csv,E:\2026Trackathon\James\mp4\20250125\00041.mp4,"(0.9899494936611665, -0.1414213562373095)",0.989949493661167,-0.14142135623731,81.869897645844,929,810,"(929.0, 810.0)",1234,1,raw_vertical_uncalibrated,,,,,,,,,,,,,,,,,,,,,,not_corrected
vertical,annotator_csv,vertical_20250125,22b,22b,22b_00041,vertical_20250125__22b__22b_00041,6,,vertical,,20250125,11:57:00,22b_00041_waggle_annotations.csv,E:\2026Trackathon\James\mp4\20250125\00041.mp4,"(0.9377487607237036, -0.34731435582359393)",0.937748760723704,-0.347314355823594,69.6768631703371,896,775,"(896.0, 775.0)",1281,1,raw_vertical_uncalibrated,,,,,,,,,,,,,,,,,,,,,,not_corrected
vertical,annotator_csv,vertical_20250125,22b,22b,22b_00041,vertical_20250125__22b__22b_00041,7,,vertical,,20250125,11:57:00,22b_00041_waggle_annotations.csv,E:\2026Trackathon\James\mp4\20250125\00041.mp4,"(0.9935326726564043, -0.11354659116073192)",0.993532672656404,-0.113546591160732,83.480198248343,943,761,"(943.0, 761.0)",1332,1,raw_vertical_uncalibrated,,,,,,,,,,,,,,,,,,,,,,not_corrected
vertical,annotator_csv,vertical_20250125,22b,22b,22b_00041,vertical_20250125__22b__22b_00041,8,,vertical,,20250125,11:57:00,22b_00041_waggle_annotations.csv,E:\2026Trackathon\James\mp4\20250125\00041.mp4,"(0.9209672510685588, -0.389639990836698)",0.920967251068559,-0.389639990836698,67.0678995624102,982,750,"(982.0, 750.0)",1387,1,raw_vertical_uncalibrated,,,,,,,,,,,,,,,,,,,,,,not_corrected
vertical,annotator_csv,vertical_20250125,22b,22b,22b_00041,vertical_20250125__22b__22b_00041,9,,vertical,,20250125,11:57:00,22b_00041_waggle_annotations.csv,E:\2026Trackathon\James\mp4\20250125\00041.mp4,"(0.8682431421244593, -0.49613893835683387)",0.868243142124459,-0.496138938356834,60.2551187030578,1022,771,"(1022.0, 771.0)",1446,1,raw_vertical_uncalibrated,,,,,,,,,,,,,,,,,,,,,,not_corrected
vertical,annotator_csv,vertical_20250125,22b,22b,22b_00041,vertical_20250125__22b__22b_00041,10,,vertical,,20250125,11:57:00,22b_00041_waggle_annotations.csv,E:\2026Trackathon\James\mp4\20250125\00041.mp4,"(0.9805806756909202, -0.19611613513818404)",0.98058067569092,-0.196116135138184,78.6900675259798,1056,759,"(1056.0, 759.0)",1489,1,raw_vertical_uncalibrated,,,,,,,,,,,,,,,,,,,,,,not_corrected
vertical,annotator_csv,vertical_20250125,22b,22b,22b_00041,vertical_20250125__22b__22b_00041,11,,vertical,,20250125,11:57:00,22b_00041_waggle_annotations.csv,E:\2026Trackathon\James\mp4\20250125\00041.mp4,"(0.8160244811016552, -0.5780173407803391)",0.816024481101655,-0.578017340780339,54.6887865603668,1104,751,"(1104.0, 751.0)",1550,1,raw_vertical_uncalibrated,,,,,,,,,,,,,,,,,,,,,,not_corrected
vertical,annotator_csv,vertical_20250125,22b,22b,22b_00041,vertical_20250125__22b__22b_00041,12,,vertical,,20250125,11:57:00,22b_00041_waggle_annotations.csv,E:\2026Trackathon\James\mp4\20250125\00041.mp4,"(0.8682431421244593, -0.49613893835683387)",0.868243142124459,-0.496138938356834,60.2551187030578,1112,732,"(1112.0, 732.0)",1601,1,raw_vertical_uncalibrated,,,,,,,,,,,,,,,,,,,,,,not_corrected
vertical,annotator_csv,vertical_20250125,22b,22b,22b_00041,vertical_20250125__22b__22b_00041,13,,vertical,,20250125,11:57:00,22b_00041_waggle_annotations.csv,E:\2026Trackathon\James\mp4\20250125\00041.mp4,"(0.9977851578566089, -0.06651901052377393)",0.997785157856609,-0.0665190105237739,86.1859251657097,1155,714,"(1155.0, 714.0)",1835,1,raw_vertical_uncalibrated,,,,,,,,,,,,,,,,,,,,,,not_corrected
vertical,annotator_csv,vertical_20250125,22b,22b,22b_00041,vertical_20250125__22b__22b_00041,14,,vertical,,20250125,11:57:00,22b_00041_waggle_annotations.csv,E:\2026Trackathon\James\mp4\20250125\00041.mp4,"(0.9125093245149513, -0.40905590409290915)",0.912509324514951,-0.409055904092909,65.8544580395784,1156,664,"(1156.0, 664.0)",1903,1,raw_vertical_uncalibrated,,,,,,,,,,,,,,,,,,,,,,not_corrected
vertical,annotator_csv,vertical_20250125,22b,22b,22b_00041,vertical_20250125__22b__22b_00041,15,,vertical,,20250125,11:57:00,22b_00041_waggle_annotations.csv,E:\2026Trackathon\James\mp4\20250125\00041.mp4,"(0.985460115744348, -0.16990691650764622)",0.985460115744348,-0.169906916507646,80.2175929681927,1197,648,"(1197.0, 648.0)",1967,1,raw_vertical_uncalibrated,,,,,,,,,,,,,,,,,,,,,,not_corrected
vertical,annotator_csv,vertical_20250125,22b,22b,22b_00041,vertical_20250125__22b__22b_00041,16,,vertical,,20250125,11:57:00,22b_00041_waggle_annotations.csv,E:\2026Trackathon\James\mp4\20250125\00041.mp4,"(0.7772448707074855, -0.6291982286679645)",0.777244870707486,-0.629198228667965,51.0090059574945,1195,675,"(1195.0, 675.0)",2021,1,raw_vertical_uncalibrated,,,,,,,,,,,,,,,,,,,,,,not_corrected
vertical,annotator_csv,vertical_20250125,22b,22b,22b_00041,vertical_20250125__22b__22b_00041,17,,vertical,,20250125,11:57:00,22b_00041_waggle_annotations.csv,E:\2026Trackathon\James\mp4\20250125\00041.mp4,"(0.9945054529214061, -0.10468478451804275)",0.994505452921406,-0.104684784518043,83.9909940425055,1140,841,"(1140.0, 841.0)",2435,1,raw_vertical_uncalibrated,,,,,,,,,,,,,,,,,,,,,,not_corrected
vertical,annotator_csv,vertical_20250125,22b,22b,22b_00041,vertical_20250125__22b__22b_00041,18,,vertical,,20250125,11:57:00,22b_00041_waggle_annotations.csv,E:\2026Trackathon\James\mp4\20250125\00041.mp4,"(0.9950371902099892, -0.09950371902099892)",0.995037190209989,-0.0995037190209989,84.2894068625004,1131,857,"(1131.0, 857.0)",2494,1,raw_vertical_uncalibrated,,,,,,,,,,,,,,,,,,,,,,not_corrected
vertical,annotator_csv,vertical_20250125,22b,22b,22b_00041,vertical_20250125__22b__22b_00041,19,,vertical,,20250125,11:57:00,22b_00041_waggle_annotations.csv,E:\2026Trackathon\James\mp4\20250125\00041.mp4,"(0.9653633930282663, -0.2609090251427747)",0.965363393028266,-0.260909025142775,74.8759926916895,1223,843,"(1223.0, 843.0)",3339,1,raw_vertical_uncalibrated,,,,,,,,,,,,,,,,,,,,,,not_corrected
vertical,annotator_csv,vertical_20250125,22b,22b,22b_00041,vertical_20250125__22b__22b_00041,20,,vertical,,20250125,11:57:00,22b_00041_waggle_annotations.csv,E:\2026Trackathon\James\mp4\20250125\00041.mp4,"(0.9738412097417932, -0.2272296156064184)",0.973841209741793,-0.227229615606418,76.8659776936037,1264,844,"(1264.0, 844.0)",3383,1,raw_vertical_uncalibrated,,,,,,,,,,,,,,,,,,,,,,not_corrected
vertical,annotator_csv,vertical_20250125,22b,22b,22b_00041,vertical_20250125__22b__22b_00041,21,,vertical,,20250125,11:57:00,22b_00041_waggle_annotations.csv,E:\2026Trackathon\James\mp4\20250125\00041.mp4,"(0.9838699100999075, -0.17888543819998318)",0.983869910099908,-0.178885438199983,79.695153531234,943,832,"(943.0, 832.0)",4029,1,raw_vertical_uncalibrated,,,,,,,,,,,,,,,,,,,,,,not_corrected
vertical,annotator_csv,vertical_20250125,22b,22b,22b_00041,vertical_20250125__22b__22b_00041,22,,vertical,,20250125,11:57:00,22b_00041_waggle_annotations.csv,E:\2026Trackathon\James\mp4\20250125\00041.mp4,"(0.9908301680442989, -0.13511320473331348)",0.990830168044299,-0.135113204733313,82.2348339815747,959,767,"(959.0, 767.0)",4084,1,raw_vertical_uncalibrated,,,,,,,,,,,,,,,,,,,,,,not_corrected
vertical,annotator_csv,vertical_20250125,47y,47y,47y_00063,vertical_20250125__47y__47y_00063,1,,vertical,,20250125,18:15:00,47y_00063_waggle_annotations.csv,E:\2026Trackathon\James\mp4\20250125\00063.mp4,"(0.6804510993672779, 0.7327934916262993)",0.680451099367278,0.732793491626299,137.121096396661,557,880,"(557.0, 880.0)",19,1,raw_vertical_uncalibrated,,,,,,,,,,,,,,,,,,,,,,not_corrected
vertical,annotator_csv,vertical_20250125,47y,47y,47y_00063,vertical_20250125__47y__47y_00063,2,,vertical,,20250125,18:15:00,47y_00063_waggle_annotations.csv,E:\2026Trackathon\James\mp4\20250125\00063.mp4,"(0.0, 1.0)",0,1,180,636,872,"(636.0, 872.0)",146,1,raw_vertical_uncalibrated,,,,,,,,,,,,,,,,,,,,,,not_corrected
vertical,annotator_csv,vertical_20250125,47y,47y,47y_00063,vertical_20250125__47y__47y_00063,3,,vertical,,20250125,18:15:00,47y_00063_waggle_annotations.csv,E:\2026Trackathon\James\mp4\20250125\00063.mp4,"(-0.3511234415883917, 0.9363291775690445)",-0.351123441588392,0.936329177569045,200.556045219583,595,876,"(595.0, 876.0)",190,1,raw_vertical_uncalibrated,,,,,,,,,,,,,,,,,,,,,,not_corrected
vertical,annotator_csv,vertical_20250125,47y,47y,47y_00063,vertical_20250125__47y__47y_00063,4,,vertical,,20250125,18:15:00,47y_00063_waggle_annotations.csv,E:\2026Trackathon\James\mp4\20250125\00063.mp4,"(0.07974522228289, 0.996815278536125)",0.07974522228289,0.996815278536125,175.426078740099,613,876,"(613.0, 876.0)",230,1,raw_vertical_uncalibrated,,,,,,,,,,,,,,,,,,,,,,not_corrected
vertical,annotator_csv,vertical_20250125,47y,47y,47y_00063,vertical_20250125__47y__47y_00063,5,,vertical,,20250125,18:15:00,47y_00063_waggle_annotations.csv,E:\2026Trackathon\James\mp4\20250125\00063.mp4,"(-0.9383431168171101, 0.34570535882735637)",-0.93834311681711,0.345705358827356,249.775140568832,569,821,"(569.0, 821.0)",281,1,raw_vertical_uncalibrated,,,,,,,,,,,,,,,,,,,,,,not_corrected
vertical,annotator_csv,vertical_20250125,47y,47y,47y_00063,vertical_20250125__47y__47y_00063,6,,vertical,,20250125,18:15:00,47y_00063_waggle_annotations.csv,E:\2026Trackathon\James\mp4\20250125\00063.mp4,"(0.48564293117863205, 0.8741572761215377)",0.485642931178632,0.874157276121538,150.945395900923,579,833,"(579.0, 833.0)",320,1,raw_vertical_uncalibrated,,,,,,,,,,,,,,,,,,,,,,not_corrected
vertical,annotator_csv,vertical_20250125,81r,81r,81r_00066,vertical_20250125__81r__81r_00066,1,,vertical,,20250125,18:15:00,81r_00066_waggle_annotations.csv,E:\2026Trackathon\James\mp4\20250125\00066.mp4,"(0.058722021951470346, 0.9982743731749958)",0.0587220219514703,0.998274373174996,176.63353933657,765,960,"(765.0, 960.0)",1,1,raw_vertical_uncalibrated,,,,,,,,,,,,,,,,,,,,,,not_corrected
vertical,annotator_csv,vertical_20250125,81r,81r,81r_00066,vertical_20250125__81r__81r_00066,2,,vertical,,20250125,18:15:00,81r_00066_waggle_annotations.csv,E:\2026Trackathon\James\mp4\20250125\00066.mp4,"(0.7682212795973759, 0.6401843996644799)",0.768221279597376,0.64018439966448,129.805571092265,772,940,"(772.0, 940.0)",57,1,raw_vertical_uncalibrated,,,,,,,,,,,,,,,,,,,,,,not_corrected
vertical,annotator_csv,vertical_20250125,81r,81r,81r_00066,vertical_20250125__81r__81r_00066,3,,vertical,,20250125,18:15:00,81r_00066_waggle_annotations.csv,E:\2026Trackathon\James\mp4\20250125\00066.mp4,"(0.0, 1.0)",0,1,180,758,947,"(758.0, 947.0)",111,1,raw_vertical_uncalibrated,,,,,,,,,,,,,,,,,,,,,,not_corrected
vertical,annotator_csv,vertical_20250125,88b,88b,88b_00053,vertical_20250125__88b__88b_00053,1,,vertical,,20250125,16:11:00,88b_00053_waggle_annotations.csv,E:\2026Trackathon\James\mp4\20250125\00053.mp4,"(0.5665288228870652, 0.8240419241993676)",0.566528822887065,0.824041924199368,145.491477012332,869,934,"(869.0, 934.0)",3,1,raw_vertical_uncalibrated,,,,,,,,,,,,,,,,,,,,,,not_corrected
vertical,annotator_csv,vertical_20250125,88b,88b,88b_00053,vertical_20250125__88b__88b_00053,2,,vertical,,20250125,16:11:00,88b_00053_waggle_annotations.csv,E:\2026Trackathon\James\mp4\20250125\00053.mp4,"(0.5491778866608372, 0.8357054797012741)",0.549177886660837,0.835705479701274,146.689369175439,851,900,"(851.0, 900.0)",48,1,raw_vertical_uncalibrated,,,,,,,,,,,,,,,,,,,,,,not_corrected
vertical,annotator_csv,vertical_20250125,88b,88b,88b_00053,vertical_20250125__88b__88b_00053,3,,vertical,,20250125,16:11:00,88b_00053_waggle_annotations.csv,E:\2026Trackathon\James\mp4\20250125\00053.mp4,"(0.5328132696861393, 0.8462328400897506)",0.532813269686139,0.846232840089751,147.804266065287,857,878,"(857.0, 878.0)",97,1,raw_vertical_uncalibrated,,,,,,,,,,,,,,,,,,,,,,not_corrected
vertical,annotator_csv,vertical_20250125,88b,88b,88b_00053,vertical_20250125__88b__88b_00053,4,,vertical,,20250125,16:11:00,88b_00053_waggle_annotations.csv,E:\2026Trackathon\James\mp4\20250125\00053.mp4,"(0.1520571842539411, 0.9883716976506172)",0.152057184253941,0.988371697650617,171.253837737445,784,888,"(784.0, 888.0)",154,1,raw_vertical_uncalibrated,,,,,,,,,,,,,,,,,,,,,,not_corrected
vertical,annotator_csv,vertical_20250125,88b,88b,88b_00053,vertical_20250125__88b__88b_00053,5,,vertical,,20250125,16:11:00,88b_00053_waggle_annotations.csv,E:\2026Trackathon\James\mp4\20250125\00053.mp4,"(0.5432512781572743, 0.8395701571521512)",0.543251278157274,0.839570157152151,147.094757077012,833,850,"(833.0, 850.0)",215,1,raw_vertical_uncalibrated,,,,,,,,,,,,,,,,,,,,,,not_corrected
vertical,annotator_csv,vertical_20250125,88b,88b,88b_00053,vertical_20250125__88b__88b_00053,6,,vertical,,20250125,16:11:00,88b_00053_waggle_annotations.csv,E:\2026Trackathon\James\mp4\20250125\00053.mp4,"(0.2060104810498419, 0.9785497849867489)",0.206010481049842,0.978549784986749,168.111341960372,863,853,"(863.0, 853.0)",276,1,raw_vertical_uncalibrated,,,,,,,,,,,,,,,,,,,,,,not_corrected
vertical,annotator_csv,vertical_20250125,88b,88b,88b_00053,vertical_20250125__88b__88b_00053,7,,vertical,,20250125,16:11:00,88b_00053_waggle_annotations.csv,E:\2026Trackathon\James\mp4\20250125\00053.mp4,"(0.49613893835683387, 0.8682431421244593)",0.496138938356834,0.868243142124459,150.255118703058,831,818,"(831.0, 818.0)",332,1,raw_vertical_uncalibrated,,,,,,,,,,,,,,,,,,,,,,not_corrected
vertical,annotator_csv,vertical_20250125,88b,88b,88b_00053,vertical_20250125__88b__88b_00053,8,,vertical,,20250125,16:11:00,88b_00053_waggle_annotations.csv,E:\2026Trackathon\James\mp4\20250125\00053.mp4,"(0.086629616364842, 0.996240588195683)",0.086629616364842,0.996240588195683,175.03025927189,788,826,"(788.0, 826.0)",388,1,raw_vertical_uncalibrated,,,,,,,,,,,,,,,,,,,,,,not_corrected
vertical,annotator_csv,vertical_20250125,97r,97r,97r_00040,vertical_20250125__97r__97r_00040,1,,vertical,,20250125,11:55:00,97r_00040_waggle_annotations.csv,E:\2026Trackathon\James\mp4\20250125\00040.mp4,"(0.9701425001453319, -0.24253562503633297)",0.970142500145332,-0.242535625036333,75.9637565320735,799,792,"(799.0, 792.0)",208,1,raw_vertical_uncalibrated,,,,,,,,,,,,,,,,,,,,,,not_corrected
vertical,annotator_csv,vertical_20250125,97r,97r,97r_00040,vertical_20250125__97r__97r_00040,2,,vertical,,20250125,11:55:00,97r_00040_waggle_annotations.csv,E:\2026Trackathon\James\mp4\20250125\00040.mp4,"(0.8654262854811262, -0.5010362705417046)",0.865426285481126,-0.501036270541705,59.9314171781376,814,844,"(814.0, 844.0)",263,1,raw_vertical_uncalibrated,,,,,,,,,,,,,,,,,,,,,,not_corrected
vertical,annotator_csv,vertical_20250125,97r,97r,97r_00040,vertical_20250125__97r__97r_00040,3,,vertical,,20250125,11:55:00,97r_00040_waggle_annotations.csv,E:\2026Trackathon\James\mp4\20250125\00040.mp4,"(0.8360479108370626, -0.5486564414868224)",0.836047910837063,-0.548656441486822,56.7251120151651,829,797,"(829.0, 797.0)",340,1,raw_vertical_uncalibrated,,,,,,,,,,,,,,,,,,,,,,not_corrected
vertical,annotator_csv,vertical_20250125,97r,97r,97r_00041,vertical_20250125__97r__97r_00041,1,,vertical,,20250125,11:57:00,97r_00041_waggle_annotations.csv,E:\2026Trackathon\James\mp4\20250125\00041.mp4,"(0.9514445185544115, -0.30782028541466255)",0.951444518554412,-0.307820285414663,72.0720802379928,1073,851,"(1073.0, 851.0)",26,1,raw_vertical_uncalibrated,,,,,,,,,,,,,,,,,,,,,,not_corrected
vertical,annotator_csv,vertical_20250125,97r,97r,97r_00041,vertical_20250125__97r__97r_00041,2,,vertical,,20250125,11:57:00,97r_00041_waggle_annotations.csv,E:\2026Trackathon\James\mp4\20250125\00041.mp4,"(0.9838699100999075, -0.17888543819998318)",0.983869910099908,-0.178885438199983,79.695153531234,1070,827,"(1070.0, 827.0)",83,1,raw_vertical_uncalibrated,,,,,,,,,,,,,,,,,,,,,,not_corrected
vertical,annotator_csv,vertical_20250125,97r,97r,97r_00041,vertical_20250125__97r__97r_00041,3,,vertical,,20250125,11:57:00,97r_00041_waggle_annotations.csv,E:\2026Trackathon\James\mp4\20250125\00041.mp4,"(0.7808688094430304, -0.6246950475544243)",0.78086880944303,-0.624695047554424,51.3401917459099,1120,844,"(1120.0, 844.0)",139,1,raw_vertical_uncalibrated,,,,,,,,,,,,,,,,,,,,,,not_corrected
vertical,annotator_csv,vertical_20250125,97r,97r,97r_00041,vertical_20250125__97r__97r_00041,4,,vertical,,20250125,11:57:00,97r_00041_waggle_annotations.csv,E:\2026Trackathon\James\mp4\20250125\00041.mp4,"(0.9950371902099892, -0.09950371902099892)",0.995037190209989,-0.0995037190209989,84.2894068625004,1150,792,"(1150.0, 792.0)",199,1,raw_vertical_uncalibrated,,,,,,,,,,,,,,,,,,,,,,not_corrected
vertical,annotator_csv,vertical_20250125,97r,97r,97r_00041,vertical_20250125__97r__97r_00041,5,,vertical,,20250125,11:57:00,97r_00041_waggle_annotations.csv,E:\2026Trackathon\James\mp4\20250125\00041.mp4,"(0.7071067811865476, -0.7071067811865476)",0.707106781186548,-0.707106781186548,45,1096,860,"(1096.0, 860.0)",265,1,raw_vertical_uncalibrated,,,,,,,,,,,,,,,,,,,,,,not_corrected
vertical,annotator_csv,vertical_20250125,97r,97r,97r_00041,vertical_20250125__97r__97r_00041,6,,vertical,,20250125,11:57:00,97r_00041_waggle_annotations.csv,E:\2026Trackathon\James\mp4\20250125\00041.mp4,"(0.9191450300180578, -0.39391929857916763)",0.919145030018058,-0.393919298579168,66.8014094863518,1140,842,"(1140.0, 842.0)",326,1,raw_vertical_uncalibrated,,,,,,,,,,,,,,,,,,,,,,not_corrected
vertical,annotator_csv,vertical_20250125,97r,97r,97r_00041,vertical_20250125__97r__97r_00041,7,,vertical,,20250125,11:57:00,97r_00041_waggle_annotations.csv,E:\2026Trackathon\James\mp4\20250125\00041.mp4,"(0.973417168333576, -0.2290393337255473)",0.973417168333576,-0.229039333725547,76.7594800848128,1114,856,"(1114.0, 856.0)",383,1,raw_vertical_uncalibrated,,,,,,,,,,,,,,,,,,,,,,not_corrected
vertical,annotator_csv,vertical_20250125,97r,97r,97r_00041,vertical_20250125__97r__97r_00041,8,,vertical,,20250125,11:57:00,97r_00041_waggle_annotations.csv,E:\2026Trackathon\James\mp4\20250125\00041.mp4,"(0.8369696139735456, -0.5472493629827029)",0.836969613973546,-0.547249362982703,56.8214883406073,1112,814,"(1112.0, 814.0)",465,1,raw_vertical_uncalibrated,,,,,,,,,,,,,,,,,,,,,,not_corrected
vertical,annotator_csv,vertical_20250125,97r,97r,97r_00041,vertical_20250125__97r__97r_00041,9,,vertical,,20250125,11:57:00,97r_00041_waggle_annotations.csv,E:\2026Trackathon\James\mp4\20250125\00041.mp4,"(0.7784130394753294, -0.6277524511897817)",0.778413039475329,-0.627752451189782,51.1155035662854,1589,781,"(1589.0, 781.0)",660,1,raw_vertical_uncalibrated,,,,,,,,,,,,,,,,,,,,,,not_corrected
vertical,annotator_csv,vertical_20250125,97r,97r,97r_00041,vertical_20250125__97r__97r_00041,10,,vertical,,20250125,11:57:00,97r_00041_waggle_annotations.csv,E:\2026Trackathon\James\mp4\20250125\00041.mp4,"(0.9605642644145616, -0.2780580765410573)",0.960564264414562,-0.278058076541057,73.8556612197165,1584,763,"(1584.0, 763.0)",725,1,raw_vertical_uncalibrated,,,,,,,,,,,,,,,,,,,,,,not_corrected
vertical,annotator_csv,vertical_20250125,97r,97r,97r_00041,vertical_20250125__97r__97r_00041,11,,vertical,,20250125,11:57:00,97r_00041_waggle_annotations.csv,E:\2026Trackathon\James\mp4\20250125\00041.mp4,"(0.8725060159497201, -0.48860336893184325)",0.87250601594972,-0.488603368931843,60.751173663453,1639,798,"(1639.0, 798.0)",785,1,raw_vertical_uncalibrated,,,,,,,,,,,,,,,,,,,,,,not_corrected
vertical,annotator_csv,vertical_20250126,11r,11r,11r_00005,vertical_20250126__11r__11r_00005,1,,vertical,,20250126,11:09:00,11r_00005_waggle_annotations.csv,C:\Users\frida\Documents\PhD\Waggle_dance\wd_SA2025\wd_annotator\mp4\Fereshteh\20250126\00005.mp4,"(0.09811584508617587, -0.9951750001597838)",0.0981158450861759,-0.995175000159784,5.63068275763526,1116,1001,"(1116.0, 1001.0)",84,1,raw_vertical_uncalibrated,,,,,,,,,,,,,,,,,,,,,,not_corrected
vertical,annotator_csv,vertical_20250126,11r,11r,11r_00005,vertical_20250126__11r__11r_00005,2,,vertical,,20250126,11:09:00,11r_00005_waggle_annotations.csv,C:\Users\frida\Documents\PhD\Waggle_dance\wd_SA2025\wd_annotator\mp4\Fereshteh\20250126\00005.mp4,"(-0.02520207673668818, -0.9996823772219644)",-0.0252020767366882,-0.999682377221964,358.555874469064,1105,997,"(1105.0, 997.0)",129,1,raw_vertical_uncalibrated,,,,,,,,,,,,,,,,,,,,,,not_corrected
vertical,annotator_csv,vertical_20250126,11r,11r,11r_00005,vertical_20250126__11r__11r_00005,3,,vertical,,20250126,11:09:00,11r_00005_waggle_annotations.csv,C:\Users\frida\Documents\PhD\Waggle_dance\wd_SA2025\wd_annotator\mp4\Fereshteh\20250126\00005.mp4,"(-0.03416807182785442, -0.9994161009647416)",-0.0341680718278544,-0.999416100964742,358.041932570766,1116,973,"(1116.0, 973.0)",174,1,raw_vertical_uncalibrated,,,,,,,,,,,,,,,,,,,,,,not_corrected
vertical,annotator_csv,vertical_20250126,11r,11r,11r_00005,vertical_20250126__11r__11r_00005,4,,vertical,,20250126,11:09:00,11r_00005_waggle_annotations.csv,C:\Users\frida\Documents\PhD\Waggle_dance\wd_SA2025\wd_annotator\mp4\Fereshteh\20250126\00005.mp4,"(0.0, -1.0)",0,-1,0,1073,948,"(1073.0, 948.0)",217,1,raw_vertical_uncalibrated,,,,,,,,,,,,,,,,,,,,,,not_corrected
vertical,annotator_csv,vertical_20250126,11r,11r,11r_00005,vertical_20250126__11r__11r_00005,5,,vertical,,20250126,11:09:00,11r_00005_waggle_annotations.csv,C:\Users\frida\Documents\PhD\Waggle_dance\wd_SA2025\wd_annotator\mp4\Fereshteh\20250126\00005.mp4,"(0.02173399540921557, -0.9997637888239163)",0.0217339954092156,-0.999763788823916,1.24536426676835,1070,901,"(1070.0, 901.0)",273,1,raw_vertical_uncalibrated,,,,,,,,,,,,,,,,,,,,,,not_corrected
vertical,annotator_csv,vertical_20250126,11r,11r,11r_00005,vertical_20250126__11r__11r_00005,6,,vertical,,20250126,11:09:00,11r_00005_waggle_annotations.csv,C:\Users\frida\Documents\PhD\Waggle_dance\wd_SA2025\wd_annotator\mp4\Fereshteh\20250126\00005.mp4,"(-0.013332148306149432, -0.9999111229612074)",-0.0133321483061494,-0.999911122961207,359.23610153907,1043,910,"(1043.0, 910.0)",327,1,raw_vertical_uncalibrated,,,,,,,,,,,,,,,,,,,,,,not_corrected
vertical,annotator_csv,vertical_20250126,11r,11r,11r_00005,vertical_20250126__11r__11r_00005,7,,vertical,,20250126,11:09:00,11r_00005_waggle_annotations.csv,C:\Users\frida\Documents\PhD\Waggle_dance\wd_SA2025\wd_annotator\mp4\Fereshteh\20250126\00005.mp4,"(-0.0256326007925508, -0.9996714309094813)",-0.0256326007925508,-0.999671430909481,358.531199285614,1085,892,"(1085.0, 892.0)",379,1,raw_vertical_uncalibrated,,,,,,,,,,,,,,,,,,,,,,not_corrected
vertical,annotator_csv,vertical_20250126,11r,11r,11r_00020,vertical_20250126__11r__11r_00020,1,,vertical,,20250126,15:16:00,11r_00020_waggle_annotations.csv,E:\2026Trackathon\James\mp4\20250126\00020.mp4,"(0.242535625036333, 0.970142500145332)",0.242535625036333,0.970142500145332,165.963756532074,715,975,"(715.0, 975.0)",371,1,raw_vertical_uncalibrated,,,,,,,,,,,,,,,,,,,,,,not_corrected
vertical,annotator_csv,vertical_20250126,11r,11r,11r_00020,vertical_20250126__11r__11r_00020,2,,vertical,,20250126,15:16:00,11r_00020_waggle_annotations.csv,E:\2026Trackathon\James\mp4\20250126\00020.mp4,"(0.1559625734730109, 0.9877629653290692)",0.155962573473011,0.987762965329069,171.027373385104,785,985,"(785.0, 985.0)",416,1,raw_vertical_uncalibrated,,,,,,,,,,,,,,,,,,,,,,not_corrected
vertical,annotator_csv,vertical_20250126,11r,11r,11r_00020,vertical_20250126__11r__11r_00020,3,,vertical,,20250126,15:16:00,11r_00020_waggle_annotations.csv,E:\2026Trackathon\James\mp4\20250126\00020.mp4,"(0.17888543819998318, 0.9838699100999074)",0.178885438199983,0.983869910099907,169.695153531234,782,956,"(782.0, 956.0)",461,1,raw_vertical_uncalibrated,,,,,,,,,,,,,,,,,,,,,,not_corrected
vertical,annotator_csv,vertical_20250126,11r,11r,11r_00020,vertical_20250126__11r__11r_00020,4,,vertical,,20250126,15:16:00,11r_00020_waggle_annotations.csv,E:\2026Trackathon\James\mp4\20250126\00020.mp4,"(0.21693045781865616, 0.9761870601839528)",0.216930457818656,0.976187060183953,167.471192290848,791,966,"(791.0, 966.0)",509,1,raw_vertical_uncalibrated,,,,,,,,,,,,,,,,,,,,,,not_corrected
vertical,annotator_csv,vertical_20250126,11r,11r,11r_00020,vertical_20250126__11r__11r_00020,5,,vertical,,20250126,15:16:00,11r_00020_waggle_annotations.csv,E:\2026Trackathon\James\mp4\20250126\00020.mp4,"(-0.12403473458920847, 0.9922778767136677)",-0.124034734589208,0.992277876713668,187.125016348902,741,951,"(741.0, 951.0)",550,1,raw_vertical_uncalibrated,,,,,,,,,,,,,,,,,,,,,,not_corrected
vertical,annotator_csv,vertical_20250126,11r,11r,11r_00020,vertical_20250126__11r__11r_00020,6,,vertical,,20250126,15:16:00,11r_00020_waggle_annotations.csv,E:\2026Trackathon\James\mp4\20250126\00020.mp4,"(0.037011660509880265, 0.9993148337667671)",0.0370116605098803,0.999314833766767,177.878903603339,772,946,"(772.0, 946.0)",598,1,raw_vertical_uncalibrated,,,,,,,,,,,,,,,,,,,,,,not_corrected
vertical,annotator_csv,vertical_20250126,11r,11r,11r_00020,vertical_20250126__11r__11r_00020,7,,vertical,,20250126,15:16:00,11r_00020_waggle_annotations.csv,E:\2026Trackathon\James\mp4\20250126\00020.mp4,"(0.19611613513818404, 0.9805806756909202)",0.196116135138184,0.98058067569092,168.69006752598,733,939,"(733.0, 939.0)",650,1,raw_vertical_uncalibrated,,,,,,,,,,,,,,,,,,,,,,not_corrected
vertical,annotator_csv,vertical_20250126,11r,11r,11r_00020,vertical_20250126__11r__11r_00020,8,,vertical,,20250126,15:16:00,11r_00020_waggle_annotations.csv,E:\2026Trackathon\James\mp4\20250126\00020.mp4,"(0.27472112789737807, 0.9615239476408232)",0.274721127897378,0.961523947640823,164.054604099077,894,978,"(894.0, 978.0)",774,1,raw_vertical_uncalibrated,,,,,,,,,,,,,,,,,,,,,,not_corrected
vertical,annotator_csv,vertical_20250126,11r,11r,11r_00020,vertical_20250126__11r__11r_00020,9,,vertical,,20250126,15:16:00,11r_00020_waggle_annotations.csv,E:\2026Trackathon\James\mp4\20250126\00020.mp4,"(0.0, 1.0)",0,1,180,640,960,"(640.0, 960.0)",861,1,raw_vertical_uncalibrated,,,,,,,,,,,,,,,,,,,,,,not_corrected
vertical,annotator_csv,vertical_20250126,11r,11r,11r_00036,vertical_20250126__11r__11r_00036,1,,vertical,,20250126,18:13:00,11r_00036_waggle_annotations.csv,E:\2026Trackathon\James\mp4\20250126\00036.mp4,"(0.40613846605344767, 0.9138115486202573)",0.406138466053448,0.913811548620257,156.037511025422,779,1002,"(779.0, 1002.0)",2006,1,raw_vertical_uncalibrated,,,,,,,,,,,,,,,,,,,,,,not_corrected
vertical,annotator_csv,vertical_20250126,11r,11r,11r_00036,vertical_20250126__11r__11r_00036,2,,vertical,,20250126,18:13:00,11r_00036_waggle_annotations.csv,E:\2026Trackathon\James\mp4\20250126\00036.mp4,"(0.5931990380498501, 0.8050558373533679)",0.59319903804985,0.805055837353368,143.615648184164,735,999,"(735.0, 999.0)",2049,1,raw_vertical_uncalibrated,,,,,,,,,,,,,,,,,,,,,,not_corrected
vertical,annotator_csv,vertical_20250126,11r,11r,11r_00036,vertical_20250126__11r__11r_00036,3,,vertical,,20250126,18:13:00,11r_00036_waggle_annotations.csv,E:\2026Trackathon\James\mp4\20250126\00036.mp4,"(0.5812381937190965, 0.813733471206735)",0.581238193719097,0.813733471206735,144.462322208026,721,1021,"(721.0, 1021.0)",2104,1,raw_vertical_uncalibrated,,,,,,,,,,,,,,,,,,,,,,not_corrected
vertical,annotator_csv,vertical_20250126,11r,11r,11r_00036,vertical_20250126__11r__11r_00036,4,,vertical,,20250126,18:13:00,11r_00036_waggle_annotations.csv,E:\2026Trackathon\James\mp4\20250126\00036.mp4,"(0.4472135954999579, 0.8944271909999159)",0.447213595499958,0.894427190999916,153.434948822922,764,977,"(764.0, 977.0)",2151,1,raw_vertical_uncalibrated,,,,,,,,,,,,,,,,,,,,,,not_corrected
vertical,annotator_csv,vertical_20250126,11r,11r,11r_00036,vertical_20250126__11r__11r_00036,5,,vertical,,20250126,18:13:00,11r_00036_waggle_annotations.csv,E:\2026Trackathon\James\mp4\20250126\00036.mp4,"(0.2290393337255473, 0.973417168333576)",0.229039333725547,0.973417168333576,166.759480084813,768,957,"(768.0, 957.0)",2190,1,raw_vertical_uncalibrated,,,,,,,,,,,,,,,,,,,,,,not_corrected
vertical,annotator_csv,vertical_20250126,11r,11r,11r_00036,vertical_20250126__11r__11r_00036,6,,vertical,,20250126,18:13:00,11r_00036_waggle_annotations.csv,E:\2026Trackathon\James\mp4\20250126\00036.mp4,"(-0.49026123963255896, 0.8715755371245493)",-0.490261239632559,0.871575537124549,209.357753542791,829,1017,"(829.0, 1017.0)",2232,1,raw_vertical_uncalibrated,,,,,,,,,,,,,,,,,,,,,,not_corrected
vertical,annotator_csv,vertical_20250126,11r,11r,11r_00036,vertical_20250126__11r__11r_00036,7,,vertical,,20250126,18:13:00,11r_00036_waggle_annotations.csv,E:\2026Trackathon\James\mp4\20250126\00036.mp4,"(0.7281999926928029, 0.685364699004991)",0.728199992692803,0.685364699004991,133.264295411072,814,924,"(814.0, 924.0)",2312,1,raw_vertical_uncalibrated,,,,,,,,,,,,,,,,,,,,,,not_corrected
vertical,annotator_csv,vertical_20250126,11r,11r,11r_00036,vertical_20250126__11r__11r_00036,8,,vertical,,20250126,18:13:00,11r_00036_waggle_annotations.csv,E:\2026Trackathon\James\mp4\20250126\00036.mp4,"(-0.25766265056033233, 0.9662349396012463)",-0.257662650560332,0.966234939601246,194.931417178138,639,960,"(639.0, 960.0)",2429,1,raw_vertical_uncalibrated,,,,,,,,,,,,,,,,,,,,,,not_corrected
vertical,annotator_csv,vertical_20250126,20y,20y,20y_00036,vertical_20250126__20y__20y_00036,1,,vertical,,20250126,18:13:00,20y_00036_waggle_annotations.csv,E:\2026Trackathon\James\mp4\20250126\00036.mp4,"(0.0, 1.0)",0,1,180,613,986,"(613.0, 986.0)",5247,1,raw_vertical_uncalibrated,,,,,,,,,,,,,,,,,,,,,,not_corrected
vertical,annotator_csv,vertical_20250126,20y,20y,20y_00036,vertical_20250126__20y__20y_00036,2,,vertical,,20250126,18:13:00,20y_00036_waggle_annotations.csv,E:\2026Trackathon\James\mp4\20250126\00036.mp4,"(-0.2982749931359468, 0.9544799780350297)",-0.298274993135947,0.95447997803503,197.354024636261,599,1018,"(599.0, 1018.0)",5305,1,raw_vertical_uncalibrated,,,,,,,,,,,,,,,,,,,,,,not_corrected
vertical,annotator_csv,vertical_20250126,20y,20y,20y_00036,vertical_20250126__20y__20y_00036,3,,vertical,,20250126,18:13:00,20y_00036_waggle_annotations.csv,E:\2026Trackathon\James\mp4\20250126\00036.mp4,"(1.0, 0.0)",1,0,90,867,966,"(867.0, 966.0)",5439,1,raw_vertical_uncalibrated,,,,,,,,,,,,,,,,,,,,,,not_corrected
vertical,annotator_csv,vertical_20250126,20y,20y,20y_00036,vertical_20250126__20y__20y_00036,4,,vertical,,20250126,18:13:00,20y_00036_waggle_annotations.csv,E:\2026Trackathon\James\mp4\20250126\00036.mp4,"(0.0, 1.0)",0,1,180,894,928,"(894.0, 928.0)",5476,1,raw_vertical_uncalibrated,,,,,,,,,,,,,,,,,,,,,,not_corrected
vertical,annotator_csv,vertical_20250126,20y,20y,20y_00036,vertical_20250126__20y__20y_00036,5,,vertical,,20250126,18:13:00,20y_00036_waggle_annotations.csv,E:\2026Trackathon\James\mp4\20250126\00036.mp4,"(0.058722021951470346, 0.9982743731749958)",0.0587220219514703,0.998274373174996,176.63353933657,989,941,"(989.0, 941.0)",5526,1,raw_vertical_uncalibrated,,,,,,,,,,,,,,,,,,,,,,not_corrected
vertical,annotator_csv,vertical_20250126,20y,20y,20y_00036,vertical_20250126__20y__20y_00036,6,,vertical,,20250126,18:13:00,20y_00036_waggle_annotations.csv,E:\2026Trackathon\James\mp4\20250126\00036.mp4,"(0.5547001962252291, 0.8320502943378437)",0.554700196225229,0.832050294337844,146.30993247402,1056,958,"(1056.0, 958.0)",5559,1,raw_vertical_uncalibrated,,,,,,,,,,,,,,,,,,,,,,not_corrected
vertical,annotator_csv,vertical_20250126,20y,20y,20y_00036,vertical_20250126__20y__20y_00036,7,,vertical,,20250126,18:13:00,20y_00036_waggle_annotations.csv,E:\2026Trackathon\James\mp4\20250126\00036.mp4,"(0.1168412475673972, 0.9931506043228762)",0.116841247567397,0.993150604322876,173.290163192243,1025,962,"(1025.0, 962.0)",5601,1,raw_vertical_uncalibrated,,,,,,,,,,,,,,,,,,,,,,not_corrected
vertical,annotator_csv,vertical_20250126,20y,20y,20y_00036,vertical_20250126__20y__20y_00036,8,,vertical,,20250126,18:13:00,20y_00036_waggle_annotations.csv,E:\2026Trackathon\James\mp4\20250126\00036.mp4,"(0.31622776601683794, 0.9486832980505139)",0.316227766016838,0.948683298050514,161.565051177078,1083,942,"(1083.0, 942.0)",5645,1,raw_vertical_uncalibrated,,,,,,,,,,,,,,,,,,,,,,not_corrected
vertical,annotator_csv,vertical_20250126,20y,20y,20y_00036,vertical_20250126__20y__20y_00036,9,,vertical,,20250126,18:13:00,20y_00036_waggle_annotations.csv,E:\2026Trackathon\James\mp4\20250126\00036.mp4,"(-0.6839411288813297, 0.7295372041400852)",-0.68394112888133,0.729537204140085,223.152389734005,1055,918,"(1055.0, 918.0)",5691,1,raw_vertical_uncalibrated,,,,,,,,,,,,,,,,,,,,,,not_corrected
vertical,annotator_csv,vertical_20250126,20y,20y,20y_00036,vertical_20250126__20y__20y_00036,10,,vertical,,20250126,18:13:00,20y_00036_waggle_annotations.csv,E:\2026Trackathon\James\mp4\20250126\00036.mp4,"(0.7682212795973759, 0.6401843996644799)",0.768221279597376,0.64018439966448,129.805571092265,1048,886,"(1048.0, 886.0)",5722,1,raw_vertical_uncalibrated,,,,,,,,,,,,,,,,,,,,,,not_corrected
vertical,annotator_csv,vertical_20250126,20y,20y,20y_00036,vertical_20250126__20y__20y_00036,11,,vertical,,20250126,18:13:00,20y_00036_waggle_annotations.csv,E:\2026Trackathon\James\mp4\20250126\00036.mp4,"(0.6709133239691262, 0.7415357791237711)",0.670913323969126,0.741535779123771,137.862405226112,1091,903,"(1091.0, 903.0)",5818,1,raw_vertical_uncalibrated,,,,,,,,,,,,,,,,,,,,,,not_corrected
vertical,annotator_csv,vertical_20250126,20y,20y,20y_00036,vertical_20250126__20y__20y_00036,12,,vertical,,20250126,18:13:00,20y_00036_waggle_annotations.csv,E:\2026Trackathon\James\mp4\20250126\00036.mp4,"(-0.086629616364842, 0.996240588195683)",-0.086629616364842,0.996240588195683,184.96974072811,982,941,"(982.0, 941.0)",5875,1,raw_vertical_uncalibrated,,,,,,,,,,,,,,,,,,,,,,not_corrected
vertical,annotator_csv,vertical_20250126,20y,20y,20y_00036,vertical_20250126__20y__20y_00036,13,,vertical,,20250126,18:13:00,20y_00036_waggle_annotations.csv,E:\2026Trackathon\James\mp4\20250126\00036.mp4,"(0.48564293117863205, 0.8741572761215377)",0.485642931178632,0.874157276121538,150.945395900923,1017,910,"(1017.0, 910.0)",5900,1,raw_vertical_uncalibrated,,,,,,,,,,,,,,,,,,,,,,not_corrected
vertical,annotator_csv,vertical_20250126,20y,20y,20y_00036,vertical_20250126__20y__20y_00036,14,,vertical,,20250126,18:13:00,20y_00036_waggle_annotations.csv,E:\2026Trackathon\James\mp4\20250126\00036.mp4,"(0.27881019486395536, 0.9603462267536241)",0.278810194863955,0.960346226753624,163.810793742973,912,997,"(912.0, 997.0)",5945,1,raw_vertical_uncalibrated,,,,,,,,,,,,,,,,,,,,,,not_corrected
vertical,annotator_csv,vertical_20250126,20y,20y,20y_00036,vertical_20250126__20y__20y_00036,15,,vertical,,20250126,18:13:00,20y_00036_waggle_annotations.csv,E:\2026Trackathon\James\mp4\20250126\00036.mp4,"(0.6246950475544243, 0.7808688094430304)",0.624695047554424,0.78086880944303,141.34019174591,1039,955,"(1039.0, 955.0)",6003,1,raw_vertical_uncalibrated,,,,,,,,,,,,,,,,,,,,,,not_corrected
vertical,annotator_csv,vertical_20250126,22b,22b,22b_00036,vertical_20250126__22b__22b_00036,1,,vertical,,20250126,18:13:00,22b_00036_waggle_annotations.csv,E:\2026Trackathon\James\mp4\20250126\00036.mp4,"(0.09950371902099892, 0.9950371902099892)",0.0995037190209989,0.995037190209989,174.2894068625,1159,858,"(1159.0, 858.0)",3719,1,raw_vertical_uncalibrated,,,,,,,,,,,,,,,,,,,,,,not_corrected
vertical,annotator_csv,vertical_20250126,22b,22b,22b_00036,vertical_20250126__22b__22b_00036,2,,vertical,,20250126,18:13:00,22b_00036_waggle_annotations.csv,E:\2026Trackathon\James\mp4\20250126\00036.mp4,"(0.3011313679370973, 0.9535826651341416)",0.301131367937097,0.953582665134142,162.474431626277,1143,913,"(1143.0, 913.0)",3781,1,raw_vertical_uncalibrated,,,,,,,,,,,,,,,,,,,,,,not_corrected
vertical,annotator_csv,vertical_20250126,22b,22b,22b_00036,vertical_20250126__22b__22b_00036,3,,vertical,,20250126,18:13:00,22b_00036_waggle_annotations.csv,E:\2026Trackathon\James\mp4\20250126\00036.mp4,"(0.1168412475673972, 0.9931506043228762)",0.116841247567397,0.993150604322876,173.290163192243,1120,907,"(1120.0, 907.0)",3824,1,raw_vertical_uncalibrated,,,,,,,,,,,,,,,,,,,,,,not_corrected
vertical,annotator_csv,vertical_20250126,22b,22b,22b_00036,vertical_20250126__22b__22b_00036,4,,vertical,,20250126,18:13:00,22b_00036_waggle_annotations.csv,E:\2026Trackathon\James\mp4\20250126\00036.mp4,"(0.9363291775690445, 0.3511234415883917)",0.936329177569045,0.351123441588392,110.556045219583,1134,900,"(1134.0, 900.0)",3874,1,raw_vertical_uncalibrated,,,,,,,,,,,,,,,,,,,,,,not_corrected
vertical,annotator_csv,vertical_20250126,22b,22b,22b_00036,vertical_20250126__22b__22b_00036,5,,vertical,,20250126,18:13:00,22b_00036_waggle_annotations.csv,E:\2026Trackathon\James\mp4\20250126\00036.mp4,"(0.9852117548196745, 0.17134117475124774)",0.985211754819675,0.171341174751248,99.8658069430844,945,884,"(945.0, 884.0)",4024,1,raw_vertical_uncalibrated,,,,,,,,,,,,,,,,,,,,,,not_corrected
vertical,annotator_csv,vertical_20250126,22b,22b,22b_00036,vertical_20250126__22b__22b_00036,6,,vertical,,20250126,18:13:00,22b_00036_waggle_annotations.csv,E:\2026Trackathon\James\mp4\20250126\00036.mp4,"(-0.09053574604251853, 0.9958932064677039)",-0.0905357460425185,0.995893206467704,185.194428907735,915,901,"(915.0, 901.0)",4049,1,raw_vertical_uncalibrated,,,,,,,,,,,,,,,,,,,,,,not_corrected
vertical,annotator_csv,vertical_20250126,22b,22b,22b_00036,vertical_20250126__22b__22b_00036,7,,vertical,,20250126,18:13:00,22b_00036_waggle_annotations.csv,E:\2026Trackathon\James\mp4\20250126\00036.mp4,"(0.9954954725939521, 0.09480909262799544)",0.995495472593952,0.0948090926279954,95.4403320310055,949,869,"(949.0, 869.0)",4086,1,raw_vertical_uncalibrated,,,,,,,,,,,,,,,,,,,,,,not_corrected
vertical,annotator_csv,vertical_20250126,22b,22b,22b_00036,vertical_20250126__22b__22b_00036,8,,vertical,,20250126,18:13:00,22b_00036_waggle_annotations.csv,E:\2026Trackathon\James\mp4\20250126\00036.mp4,"(0.0, 1.0)",0,1,180,923,884,"(923.0, 884.0)",4119,1,raw_vertical_uncalibrated,,,,,,,,,,,,,,,,,,,,,,not_corrected
vertical,annotator_csv,vertical_20250126,22b,22b,22b_00036,vertical_20250126__22b__22b_00036,9,,vertical,,20250126,18:13:00,22b_00036_waggle_annotations.csv,E:\2026Trackathon\James\mp4\20250126\00036.mp4,"(0.7071067811865476, 0.7071067811865476)",0.707106781186548,0.707106781186548,135,1014,807,"(1014.0, 807.0)",4164,1,raw_vertical_uncalibrated,,,,,,,,,,,,,,,,,,,,,,not_corrected
vertical,annotator_csv,vertical_20250126,22b,22b,22b_00036,vertical_20250126__22b__22b_00036,10,,vertical,,20250126,18:13:00,22b_00036_waggle_annotations.csv,E:\2026Trackathon\James\mp4\20250126\00036.mp4,"(-0.04163054471218133, 0.999133073092352)",-0.0416305447121813,0.999133073092352,182.385944030389,950,828,"(950.0, 828.0)",4200,1,raw_vertical_uncalibrated,,,,,,,,,,,,,,,,,,,,,,not_corrected
vertical,annotator_csv,vertical_20250126,22b,22b,22b_00036,vertical_20250126__22b__22b_00036,11,,vertical,,20250126,18:13:00,22b_00036_waggle_annotations.csv,E:\2026Trackathon\James\mp4\20250126\00036.mp4,"(1.0, 0.0)",1,0,90,970,779,"(970.0, 779.0)",4230,1,raw_vertical_uncalibrated,,,,,,,,,,,,,,,,,,,,,,not_corrected
vertical,annotator_csv,vertical_20250126,22b,22b,22b_00036,vertical_20250126__22b__22b_00036,12,,vertical,,20250126,18:13:00,22b_00036_waggle_annotations.csv,E:\2026Trackathon\James\mp4\20250126\00036.mp4,"(0.4374657188493062, 0.899235088745796)",0.437465718849306,0.899235088745796,154.057704510128,948,851,"(948.0, 851.0)",4263,1,raw_vertical_uncalibrated,,,,,,,,,,,,,,,,,,,,,,not_corrected
vertical,annotator_csv,vertical_20250126,22b,22b,22b_00036,vertical_20250126__22b__22b_00036,13,,vertical,,20250126,18:13:00,22b_00036_waggle_annotations.csv,E:\2026Trackathon\James\mp4\20250126\00036.mp4,"(-0.06237828615518053, 0.9980525784828885)",-0.0623782861551805,0.998052578482889,183.576334374997,910,878,"(910.0, 878.0)",4303,1,raw_vertical_uncalibrated,,,,,,,,,,,,,,,,,,,,,,not_corrected
vertical,annotator_csv,vertical_20250126,22b,22b,22b_00036,vertical_20250126__22b__22b_00036,14,,vertical,,20250126,18:13:00,22b_00036_waggle_annotations.csv,E:\2026Trackathon\James\mp4\20250126\00036.mp4,"(0.9838699100999074, 0.17888543819998318)",0.983869910099907,0.178885438199983,100.304846468766,902,881,"(902.0, 881.0)",4335,1,raw_vertical_uncalibrated,,,,,,,,,,,,,,,,,,,,,,not_corrected
vertical,annotator_csv,vertical_20250126,22b,22b,22b_00036,vertical_20250126__22b__22b_00036,15,,vertical,,20250126,18:13:00,22b_00036_waggle_annotations.csv,E:\2026Trackathon\James\mp4\20250126\00036.mp4,"(0.0, 1.0)",0,1,180,924,870,"(924.0, 870.0)",4376,1,raw_vertical_uncalibrated,,,,,,,,,,,,,,,,,,,,,,not_corrected
vertical,annotator_csv,vertical_20250126,22b,22b,22b_00036,vertical_20250126__22b__22b_00036,16,,vertical,,20250126,18:13:00,22b_00036_waggle_annotations.csv,E:\2026Trackathon\James\mp4\20250126\00036.mp4,"(0.9987523388778445, 0.04993761694389223)",0.998752338877845,0.0499376169438922,92.8624052261118,901,889,"(901.0, 889.0)",4406,1,raw_vertical_uncalibrated,,,,,,,,,,,,,,,,,,,,,,not_corrected
vertical,annotator_csv,vertical_20250126,22b,22b,22b_00036,vertical_20250126__22b__22b_00036,17,,vertical,,20250126,18:13:00,22b_00036_waggle_annotations.csv,E:\2026Trackathon\James\mp4\20250126\00036.mp4,"(-0.039968038348871575, 0.9992009587217894)",-0.0399680383488716,0.999200958721789,182.290610042639,910,846,"(910.0, 846.0)",4447,1,raw_vertical_uncalibrated,,,,,,,,,,,,,,,,,,,,,,not_corrected
vertical,annotator_csv,vertical_20250126,22b,22b,22b_00036,vertical_20250126__22b__22b_00036,18,,vertical,,20250126,18:13:00,22b_00036_waggle_annotations.csv,E:\2026Trackathon\James\mp4\20250126\00036.mp4,"(0.9778024140774094, 0.20952908873087345)",0.977802414077409,0.209529088730873,102.094757077012,943,875,"(943.0, 875.0)",4513,1,raw_vertical_uncalibrated,,,,,,,,,,,,,,,,,,,,,,not_corrected
vertical,annotator_csv,vertical_20250126,22b,22b,22b_00036,vertical_20250126__22b__22b_00036,19,,vertical,,20250126,18:13:00,22b_00036_waggle_annotations.csv,E:\2026Trackathon\James\mp4\20250126\00036.mp4,"(0.052558833122763673, 0.9986178293325098)",0.0525588331227637,0.99861782933251,176.987212495817,875,900,"(875.0, 900.0)",4562,1,raw_vertical_uncalibrated,,,,,,,,,,,,,,,,,,,,,,not_corrected
vertical,annotator_csv,vertical_20250126,22b,22b,22b_00036,vertical_20250126__22b__22b_00036,20,,vertical,,20250126,18:13:00,22b_00036_waggle_annotations.csv,E:\2026Trackathon\James\mp4\20250126\00036.mp4,"(-0.09480909262799544, 0.9954954725939521)",-0.0948090926279954,0.995495472593952,185.440332031006,873,955,"(873.0, 955.0)",4638,1,raw_vertical_uncalibrated,,,,,,,,,,,,,,,,,,,,,,not_corrected
vertical,annotator_csv,vertical_20250126,22b,22b,22b_00036,vertical_20250126__22b__22b_00036,21,,vertical,,20250126,18:13:00,22b_00036_waggle_annotations.csv,E:\2026Trackathon\James\mp4\20250126\00036.mp4,"(0.9743911956946198, 0.22485950669875843)",0.97439119569462,0.224859506698758,102.994616791917,926,954,"(926.0, 954.0)",4700,1,raw_vertical_uncalibrated,,,,,,,,,,,,,,,,,,,,,,not_corrected
vertical,annotator_csv,vertical_20250126,22b,22b,22b_00036,vertical_20250126__22b__22b_00036,22,,vertical,,20250126,18:13:00,22b_00036_waggle_annotations.csv,E:\2026Trackathon\James\mp4\20250126\00036.mp4,"(-0.688749461914693, 0.7249994335944138)",-0.688749461914693,0.724999433594414,223.531199285614,1054,972,"(1054.0, 972.0)",4840,1,raw_vertical_uncalibrated,,,,,,,,,,,,,,,,,,,,,,not_corrected
vertical,annotator_csv,vertical_20250126,22b,22b,22b_00036,vertical_20250126__22b__22b_00036,23,,vertical,,20250126,18:13:00,22b_00036_waggle_annotations.csv,E:\2026Trackathon\James\mp4\20250126\00036.mp4,"(0.9996349698728535, 0.02701716134791496)",0.999634969872854,0.027017161347915,91.548157698978,1041,946,"(1041.0, 946.0)",4865,1,raw_vertical_uncalibrated,,,,,,,,,,,,,,,,,,,,,,not_corrected
vertical,annotator_csv,vertical_20250126,22b,22b,22b_00036,vertical_20250126__22b__22b_00036,24,,vertical,,20250126,18:13:00,22b_00036_waggle_annotations.csv,E:\2026Trackathon\James\mp4\20250126\00036.mp4,"(0.23464053310389682, 0.9720822085732868)",0.234640533103897,0.972082208573287,166.429565614839,1056,955,"(1056.0, 955.0)",4903,1,raw_vertical_uncalibrated,,,,,,,,,,,,,,,,,,,,,,not_corrected
vertical,annotator_csv,vertical_20250126,22b,22b,22b_00036,vertical_20250126__22b__22b_00036,25,,vertical,,20250126,18:13:00,22b_00036_waggle_annotations.csv,E:\2026Trackathon\James\mp4\20250126\00036.mp4,"(1.0, 0.0)",1,0,90,1040,916,"(1040.0, 916.0)",4934,1,raw_vertical_uncalibrated,,,,,,,,,,,,,,,,,,,,,,not_corrected
vertical,annotator_csv,vertical_20250126,22b,22b,22b_00036,vertical_20250126__22b__22b_00036,26,,vertical,,20250126,18:13:00,22b_00036_waggle_annotations.csv,E:\2026Trackathon\James\mp4\20250126\00036.mp4,"(0.379556356256306, 0.925168618374746)",0.379556356256306,0.925168618374746,157.693794945092,1019,933,"(1019.0, 933.0)",4969,1,raw_vertical_uncalibrated,,,,,,,,,,,,,,,,,,,,,,not_corrected
vertical,annotator_csv,vertical_20250126,22b,22b,22b_00036,vertical_20250126__22b__22b_00036,27,,vertical,,20250126,18:13:00,22b_00036_waggle_annotations.csv,E:\2026Trackathon\James\mp4\20250126\00036.mp4,"(0.9838699100999074, -0.17888543819998318)",0.983869910099907,-0.178885438199983,79.695153531234,1019,920,"(1019.0, 920.0)",5002,1,raw_vertical_uncalibrated,,,,,,,,,,,,,,,,,,,,,,not_corrected
vertical,annotator_csv,vertical_20250126,22b,22b,22b_00036,vertical_20250126__22b__22b_00036,28,,vertical,,20250126,18:13:00,22b_00036_waggle_annotations.csv,E:\2026Trackathon\James\mp4\20250126\00036.mp4,"(0.38074980525429486, 0.924678098474716)",0.380749805254295,0.924678098474716,157.61986494804,1012,935,"(1012.0, 935.0)",5043,1,raw_vertical_uncalibrated,,,,,,,,,,,,,,,,,,,,,,not_corrected
vertical,annotator_csv,vertical_20250126,23y,23y,23y_00034,vertical_20250126__23y__23y_00034,1,,vertical,,20250126,18:08:00,23y_00034_waggle_annotations.csv,E:\2026Trackathon\James\mp4\20250126\00034.mp4,"(0.3011313679370973, 0.9535826651341416)",0.301131367937097,0.953582665134142,162.474431626277,1077,1036,"(1077.0, 1036.0)",1058,1,raw_vertical_uncalibrated,,,,,,,,,,,,,,,,,,,,,,not_corrected
vertical,annotator_csv,vertical_20250126,23y,23y,23y_00035,vertical_20250126__23y__23y_00035,1,,vertical,,20250126,18:08:00,23y_00035_waggle_annotations.csv,E:\2026Trackathon\James\mp4\20250126\00035.mp4,"(0.19611613513818404, 0.9805806756909202)",0.196116135138184,0.98058067569092,168.69006752598,792,1017,"(792.0, 1017.0)",20,1,raw_vertical_uncalibrated,,,,,,,,,,,,,,,,,,,,,,not_corrected
vertical,annotator_csv,vertical_20250126,23y,23y,23y_00035,vertical_20250126__23y__23y_00035,2,,vertical,,20250126,18:08:00,23y_00035_waggle_annotations.csv,E:\2026Trackathon\James\mp4\20250126\00035.mp4,"(0.6507913734559685, 0.7592566023652966)",0.650791373455969,0.759256602365297,139.398705354996,816,1024,"(816.0, 1024.0)",135,1,raw_vertical_uncalibrated,,,,,,,,,,,,,,,,,,,,,,not_corrected
vertical,annotator_csv,vertical_20250126,23y,23y,23y_00035,vertical_20250126__23y__23y_00035,3,,vertical,,20250126,18:08:00,23y_00035_waggle_annotations.csv,E:\2026Trackathon\James\mp4\20250126\00035.mp4,"(-0.31622776601683794, 0.9486832980505138)",-0.316227766016838,0.948683298050514,198.434948822922,812,1021,"(812.0, 1021.0)",173,1,raw_vertical_uncalibrated,,,,,,,,,,,,,,,,,,,,,,not_corrected
vertical,annotator_csv,vertical_20250126,23y,23y,23y_00035,vertical_20250126__23y__23y_00035,4,,vertical,,20250126,18:08:00,23y_00035_waggle_annotations.csv,E:\2026Trackathon\James\mp4\20250126\00035.mp4,"(0.5144957554275266, 0.8574929257125442)",0.514495755427527,0.857492925712544,149.036243467926,824,1015,"(824.0, 1015.0)",229,1,raw_vertical_uncalibrated,,,,,,,,,,,,,,,,,,,,,,not_corrected
vertical,annotator_csv,vertical_20250126,23y,23y,23y_00035,vertical_20250126__23y__23y_00035,5,,vertical,,20250126,18:08:00,23y_00035_waggle_annotations.csv,E:\2026Trackathon\James\mp4\20250126\00035.mp4,"(-0.31622776601683794, 0.9486832980505138)",-0.316227766016838,0.948683298050514,198.434948822922,809,1013,"(809.0, 1013.0)",273,1,raw_vertical_uncalibrated,,,,,,,,,,,,,,,,,,,,,,not_corrected
vertical,annotator_csv,vertical_20250126,23y,23y,23y_00035,vertical_20250126__23y__23y_00035,6,,vertical,,20250126,18:08:00,23y_00035_waggle_annotations.csv,E:\2026Trackathon\James\mp4\20250126\00035.mp4,"(0.31622776601683794, 0.9486832980505138)",0.316227766016838,0.948683298050514,161.565051177078,831,1042,"(831.0, 1042.0)",320,1,raw_vertical_uncalibrated,,,,,,,,,,,,,,,,,,,,,,not_corrected
vertical,annotator_csv,vertical_20250126,47y,47y,47y_00034,vertical_20250126__47y__47y_00034,1,,vertical,,20250126,18:08:00,47y_00034_waggle_annotations.csv,E:\2026Trackathon\James\mp4\20250126\00034.mp4,"(0.7071067811865476, -0.7071067811865476)",0.707106781186548,-0.707106781186548,45,829,999,"(829.0, 999.0)",111,1,raw_vertical_uncalibrated,,,,,,,,,,,,,,,,,,,,,,not_corrected
vertical,annotator_csv,vertical_20250126,47y,47y,47y_00034,vertical_20250126__47y__47y_00034,2,,vertical,,20250126,18:08:00,47y_00034_waggle_annotations.csv,E:\2026Trackathon\James\mp4\20250126\00034.mp4,"(0.2631174057921088, 0.9647638212377322)",0.263117405792109,0.964763821237732,164.744881296942,898,1020,"(898.0, 1020.0)",133,1,raw_vertical_uncalibrated,,,,,,,,,,,,,,,,,,,,,,not_corrected
vertical,annotator_csv,vertical_20250126,47y,47y,47y_00034,vertical_20250126__47y__47y_00034,3,,vertical,,20250126,18:08:00,47y_00034_waggle_annotations.csv,E:\2026Trackathon\James\mp4\20250126\00034.mp4,"(-0.5407575913134987, 0.8411784753765535)",-0.540757591313499,0.841178475376554,212.735226272108,846,1010,"(846.0, 1010.0)",182,1,raw_vertical_uncalibrated,,,,,,,,,,,,,,,,,,,,,,not_corrected
vertical,annotator_csv,vertical_20250126,47y,47y,47y_00034,vertical_20250126__47y__47y_00034,4,,vertical,,20250126,18:08:00,47y_00034_waggle_annotations.csv,E:\2026Trackathon\James\mp4\20250126\00034.mp4,"(0.27472112789737807, 0.9615239476408232)",0.274721127897378,0.961523947640823,164.054604099077,967,1024,"(967.0, 1024.0)",275,1,raw_vertical_uncalibrated,,,,,,,,,,,,,,,,,,,,,,not_corrected
vertical,annotator_csv,vertical_20250126,47y,47y,47y_00034,vertical_20250126__47y__47y_00034,5,,vertical,,20250126,18:08:00,47y_00034_waggle_annotations.csv,E:\2026Trackathon\James\mp4\20250126\00034.mp4,"(-0.09053574604251853, 0.9958932064677039)",-0.0905357460425185,0.995893206467704,185.194428907735,788,1006,"(788.0, 1006.0)",859,1,raw_vertical_uncalibrated,,,,,,,,,,,,,,,,,,,,,,not_corrected
vertical,annotator_csv,vertical_20250126,47y,47y,47y_00034,vertical_20250126__47y__47y_00034,6,,vertical,,20250126,18:08:00,47y_00034_waggle_annotations.csv,E:\2026Trackathon\James\mp4\20250126\00034.mp4,"(0.09053574604251853, 0.9958932064677039)",0.0905357460425185,0.995893206467704,174.805571092265,1157,1025,"(1157.0, 1025.0)",1294,1,raw_vertical_uncalibrated,,,,,,,,,,,,,,,,,,,,,,not_corrected
vertical,annotator_csv,vertical_20250126,47y,47y,47y_00034,vertical_20250126__47y__47y_00034,7,,vertical,,20250126,18:08:00,47y_00034_waggle_annotations.csv,E:\2026Trackathon\James\mp4\20250126\00034.mp4,"(-0.4788521306805733, 0.8778955729143844)",-0.478852130680573,0.877895572914384,208.610459665965,1176,968,"(1176.0, 968.0)",1339,1,raw_vertical_uncalibrated,,,,,,,,,,,,,,,,,,,,,,not_corrected
vertical,annotator_csv,vertical_20250126,47y,47y,47y_00034,vertical_20250126__47y__47y_00034,8,,vertical,,20250126,18:08:00,47y_00034_waggle_annotations.csv,E:\2026Trackathon\James\mp4\20250126\00034.mp4,"(0.07124704998790965, 0.9974586998307351)",0.0712470499879097,0.997458699830735,175.914383220025,1156,989,"(1156.0, 989.0)",1390,1,raw_vertical_uncalibrated,,,,,,,,,,,,,,,,,,,,,,not_corrected
vertical,annotator_csv,vertical_20250126,47y,47y,47y_00034,vertical_20250126__47y__47y_00034,9,,vertical,,20250126,18:08:00,47y_00034_waggle_annotations.csv,E:\2026Trackathon\James\mp4\20250126\00034.mp4,"(-0.04993761694389223, 0.9987523388778445)",-0.0499376169438922,0.998752338877845,182.862405226112,1150,961,"(1150.0, 961.0)",1448,1,raw_vertical_uncalibrated,,,,,,,,,,,,,,,,,,,,,,not_corrected
vertical,annotator_csv,vertical_20250126,47y,47y,47y_00034,vertical_20250126__47y__47y_00034,10,,vertical,,20250126,18:08:00,47y_00034_waggle_annotations.csv,E:\2026Trackathon\James\mp4\20250126\00034.mp4,"(0.12403473458920847, 0.9922778767136677)",0.124034734589208,0.992277876713668,172.874983651098,1198,986,"(1198.0, 986.0)",1500,1,raw_vertical_uncalibrated,,,,,,,,,,,,,,,,,,,,,,not_corrected
vertical,annotator_csv,vertical_20250126,47y,47y,47y_00034,vertical_20250126__47y__47y_00034,11,,vertical,,20250126,18:08:00,47y_00034_waggle_annotations.csv,E:\2026Trackathon\James\mp4\20250126\00034.mp4,"(0.19611613513818402, 0.9805806756909201)",0.196116135138184,0.98058067569092,168.69006752598,1140,987,"(1140.0, 987.0)",1553,1,raw_vertical_uncalibrated,,,,,,,,,,,,,,,,,,,,,,not_corrected
vertical,annotator_csv,vertical_20250126,47y,47y,47y_00034,vertical_20250126__47y__47y_00034,12,,vertical,,20250126,18:08:00,47y_00034_waggle_annotations.csv,E:\2026Trackathon\James\mp4\20250126\00034.mp4,"(-0.8682431421244593, 0.49613893835683387)",-0.868243142124459,0.496138938356834,240.255118703058,1022,928,"(1022.0, 928.0)",1593,1,raw_vertical_uncalibrated,,,,,,,,,,,,,,,,,,,,,,not_corrected
vertical,annotator_csv,vertical_20250126,47y,47y,47y_00034,vertical_20250126__47y__47y_00034,13,,vertical,,20250126,18:08:00,47y_00034_waggle_annotations.csv,E:\2026Trackathon\James\mp4\20250126\00034.mp4,"(0.0, 1.0)",0,1,180,1033,969,"(1033.0, 969.0)",1624,1,raw_vertical_uncalibrated,,,,,,,,,,,,,,,,,,,,,,not_corrected
vertical,annotator_csv,vertical_20250126,47y,47y,47y_00034,vertical_20250126__47y__47y_00034,14,,vertical,,20250126,18:08:00,47y_00034_waggle_annotations.csv,E:\2026Trackathon\James\mp4\20250126\00034.mp4,"(0.0, 1.0)",0,1,180,890,991,"(890.0, 991.0)",1717,1,raw_vertical_uncalibrated,,,,,,,,,,,,,,,,,,,,,,not_corrected
vertical,annotator_csv,vertical_20250126,47y,47y,47y_00036,vertical_20250126__47y__47y_00036,1,,vertical,,20250126,18:13:00,47y_00036_waggle_annotations.csv,E:\2026Trackathon\James\mp4\20250126\00036.mp4,"(-0.11043152607484653, 0.9938837346736188)",-0.110431526074847,0.993883734673619,186.34019174591,1025,1009,"(1025.0, 1009.0)",2905,1,raw_vertical_uncalibrated,,,,,,,,,,,,,,,,,,,,,,not_corrected
vertical,annotator_csv,vertical_20250126,47y,47y,47y_00036,vertical_20250126__47y__47y_00036,2,,vertical,,20250126,18:13:00,47y_00036_waggle_annotations.csv,E:\2026Trackathon\James\mp4\20250126\00036.mp4,"(0.0, 1.0)",0,1,180,983,992,"(983.0, 992.0)",2957,1,raw_vertical_uncalibrated,,,,,,,,,,,,,,,,,,,,,,not_corrected
vertical,annotator_csv,vertical_20250126,47y,47y,47y_00036,vertical_20250126__47y__47y_00036,3,,vertical,,20250126,18:13:00,47y_00036_waggle_annotations.csv,E:\2026Trackathon\James\mp4\20250126\00036.mp4,"(0.09053574604251853, 0.9958932064677039)",0.0905357460425185,0.995893206467704,174.805571092265,929,988,"(929.0, 988.0)",3001,1,raw_vertical_uncalibrated,,,,,,,,,,,,,,,,,,,,,,not_corrected
vertical,annotator_csv,vertical_20250126,47y,47y,47y_00036,vertical_20250126__47y__47y_00036,4,,vertical,,20250126,18:13:00,47y_00036_waggle_annotations.csv,E:\2026Trackathon\James\mp4\20250126\00036.mp4,"(0.2290393337255473, 0.973417168333576)",0.229039333725547,0.973417168333576,166.759480084813,908,952,"(908.0, 952.0)",3059,1,raw_vertical_uncalibrated,,,,,,,,,,,,,,,,,,,,,,not_corrected
vertical,annotator_csv,vertical_20250126,47y,47y,47y_00036,vertical_20250126__47y__47y_00036,5,,vertical,,20250126,18:13:00,47y_00036_waggle_annotations.csv,E:\2026Trackathon\James\mp4\20250126\00036.mp4,"(0.27472112789737807, 0.9615239476408232)",0.274721127897378,0.961523947640823,164.054604099077,818,995,"(818.0, 995.0)",3109,1,raw_vertical_uncalibrated,,,,,,,,,,,,,,,,,,,,,,not_corrected
vertical,annotator_csv,vertical_20250126,47y,47y,47y_00036,vertical_20250126__47y__47y_00036,6,,vertical,,20250126,18:13:00,47y_00036_waggle_annotations.csv,E:\2026Trackathon\James\mp4\20250126\00036.mp4,"(0.49613893835683387, 0.8682431421244593)",0.496138938356834,0.868243142124459,150.255118703058,834,960,"(834.0, 960.0)",3150,1,raw_vertical_uncalibrated,,,,,,,,,,,,,,,,,,,,,,not_corrected
vertical,annotator_csv,vertical_20250126,47y,47y,47y_00036,vertical_20250126__47y__47y_00036,7,,vertical,,20250126,18:13:00,47y_00036_waggle_annotations.csv,E:\2026Trackathon\James\mp4\20250126\00036.mp4,"(0.38805700005813276, 0.9216353751380653)",0.388057000058133,0.921635375138065,157.166345822082,769,957,"(769.0, 957.0)",3193,1,raw_vertical_uncalibrated,,,,,,,,,,,,,,,,,,,,,,not_corrected
vertical,annotator_csv,vertical_20250126,47y,47y,47y_00036,vertical_20250126__47y__47y_00036,8,,vertical,,20250126,18:13:00,47y_00036_waggle_annotations.csv,E:\2026Trackathon\James\mp4\20250126\00036.mp4,"(0.0, 1.0)",0,1,180,830,976,"(830.0, 976.0)",3237,1,raw_vertical_uncalibrated,,,,,,,,,,,,,,,,,,,,,,not_corrected
vertical,annotator_csv,vertical_20250126,47y,47y,47y_00036,vertical_20250126__47y__47y_00036,9,,vertical,,20250126,18:13:00,47y_00036_waggle_annotations.csv,E:\2026Trackathon\James\mp4\20250126\00036.mp4,"(-0.3417430630867044, 0.939793423488437)",-0.341743063086704,0.939793423488437,199.9831065219,771,941,"(771.0, 941.0)",3290,1,raw_vertical_uncalibrated,,,,,,,,,,,,,,,,,,,,,,not_corrected
vertical,annotator_csv,vertical_20250126,47y,47y,47y_00036,vertical_20250126__47y__47y_00036,10,,vertical,,20250126,18:13:00,47y_00036_waggle_annotations.csv,E:\2026Trackathon\James\mp4\20250126\00036.mp4,"(0.3713906763541037, 0.9284766908852594)",0.371390676354104,0.928476690885259,158.198590513648,832,988,"(832.0, 988.0)",3335,1,raw_vertical_uncalibrated,,,,,,,,,,,,,,,,,,,,,,not_corrected
vertical,annotator_csv,vertical_20250126,47y,47y,47y_00036,vertical_20250126__47y__47y_00036,11,,vertical,,20250126,18:13:00,47y_00036_waggle_annotations.csv,E:\2026Trackathon\James\mp4\20250126\00036.mp4,"(-0.09480909262799544, 0.9954954725939521)",-0.0948090926279954,0.995495472593952,185.440332031006,750,986,"(750.0, 986.0)",3386,1,raw_vertical_uncalibrated,,,,,,,,,,,,,,,,,,,,,,not_corrected
vertical,annotator_csv,vertical_20250126,47y,47y,47y_00036,vertical_20250126__47y__47y_00036,12,,vertical,,20250126,18:13:00,47y_00036_waggle_annotations.csv,E:\2026Trackathon\James\mp4\20250126\00036.mp4,"(0.05547001962252291, 0.9984603532054125)",0.0554700196225229,0.998460353205413,176.820169880136,775,1004,"(775.0, 1004.0)",3439,1,raw_vertical_uncalibrated,,,,,,,,,,,,,,,,,,,,,,not_corrected
vertical,annotator_csv,vertical_20250126,66b,66b,66b_00021,vertical_20250126__66b__66b_00021,1,,vertical,,20250126,15:17:00,66b_00021_waggle_annotations.csv,E:\2026Trackathon\James\mp4\20250126\00021.mp4,"(0.10468478451804275, 0.9945054529214061)",0.104684784518043,0.994505452921406,173.990994042505,1409,764,"(1409.0, 764.0)",2090,1,raw_vertical_uncalibrated,,,,,,,,,,,,,,,,,,,,,,not_corrected
vertical,annotator_csv,vertical_20250126,66b,66b,66b_00021,vertical_20250126__66b__66b_00021,2,,vertical,,20250126,15:17:00,66b_00021_waggle_annotations.csv,E:\2026Trackathon\James\mp4\20250126\00021.mp4,"(0.1168412475673972, 0.9931506043228762)",0.116841247567397,0.993150604322876,173.290163192243,1420,819,"(1420.0, 819.0)",2134,1,raw_vertical_uncalibrated,,,,,,,,,,,,,,,,,,,,,,not_corrected
vertical,annotator_csv,vertical_20250126,66b,66b,66b_00021,vertical_20250126__66b__66b_00021,3,,vertical,,20250126,15:17:00,66b_00021_waggle_annotations.csv,E:\2026Trackathon\James\mp4\20250126\00021.mp4,"(-0.06651901052377393, 0.9977851578566089)",-0.0665190105237739,0.997785157856609,183.81407483429,1423,867,"(1423.0, 867.0)",2180,1,raw_vertical_uncalibrated,,,,,,,,,,,,,,,,,,,,,,not_corrected
vertical,annotator_csv,vertical_20250126,66b,66b,66b_00021,vertical_20250126__66b__66b_00021,4,,vertical,,20250126,15:17:00,66b_00021_waggle_annotations.csv,E:\2026Trackathon\James\mp4\20250126\00021.mp4,"(-0.21693045781865616, 0.9761870601839528)",-0.216930457818656,0.976187060183953,192.528807709152,1390,900,"(1390.0, 900.0)",2222,1,raw_vertical_uncalibrated,,,,,,,,,,,,,,,,,,,,,,not_corrected
vertical,annotator_csv,vertical_20250126,73b,73b,73b_00021,vertical_20250126__73b__73b_00021,1,,vertical,,20250126,15:17:00,73b_00021_waggle_annotations.csv,E:\2026Trackathon\James\mp4\20250126\00021.mp4,"(0.4472135954999579, 0.8944271909999159)",0.447213595499958,0.894427190999916,153.434948822922,1299,864,"(1299.0, 864.0)",529,1,raw_vertical_uncalibrated,,,,,,,,,,,,,,,,,,,,,,not_corrected
vertical,annotator_csv,vertical_20250126,73b,73b,73b_00021,vertical_20250126__73b__73b_00021,2,,vertical,,20250126,15:17:00,73b_00021_waggle_annotations.csv,E:\2026Trackathon\James\mp4\20250126\00021.mp4,"(0.09950371902099892, 0.9950371902099892)",0.0995037190209989,0.995037190209989,174.2894068625,1247,906,"(1247.0, 906.0)",588,1,raw_vertical_uncalibrated,,,,,,,,,,,,,,,,,,,,,,not_corrected
vertical,annotator_csv,vertical_20250126,73b,73b,73b_00021,vertical_20250126__73b__73b_00021,3,,vertical,,20250126,15:17:00,73b_00021_waggle_annotations.csv,E:\2026Trackathon\James\mp4\20250126\00021.mp4,"(0.0, 1.0)",0,1,180,1218,884,"(1218.0, 884.0)",774,1,raw_vertical_uncalibrated,,,,,,,,,,,,,,,,,,,,,,not_corrected
vertical,annotator_csv,vertical_20250126,73b,73b,73b_00036,vertical_20250126__73b__73b_00036,1,,vertical,,20250126,18:13:00,73b_00036_waggle_annotations.csv,E:\2026Trackathon\James\mp4\20250126\00036.mp4,"(0.9486832980505138, 0.31622776601683794)",0.948683298050514,0.316227766016838,108.434948822922,759,978,"(759.0, 978.0)",3533,1,raw_vertical_uncalibrated,,,,,,,,,,,,,,,,,,,,,,not_corrected
vertical,annotator_csv,vertical_20250126,73b,73b,73b_00036,vertical_20250126__73b__73b_00036,2,,vertical,,20250126,18:13:00,73b_00036_waggle_annotations.csv,E:\2026Trackathon\James\mp4\20250126\00036.mp4,"(0.9847835588179369, -0.17378533390904768)",0.984783558817937,-0.173785333909048,79.9920201985587,776,995,"(776.0, 995.0)",3593,1,raw_vertical_uncalibrated,,,,,,,,,,,,,,,,,,,,,,not_corrected
vertical,annotator_csv,vertical_20250126,73b,73b,73b_00036,vertical_20250126__73b__73b_00036,3,,vertical,,20250126,18:13:00,73b_00036_waggle_annotations.csv,E:\2026Trackathon\James\mp4\20250126\00036.mp4,"(-0.13216372009101796, 0.9912279006826347)",-0.132163720091018,0.991227900682635,187.594643368591,717,987,"(717.0, 987.0)",3649,1,raw_vertical_uncalibrated,,,,,,,,,,,,,,,,,,,,,,not_corrected
vertical,annotator_csv,vertical_20250126,73b,73b,73b_00036,vertical_20250126__73b__73b_00036,4,,vertical,,20250126,18:13:00,73b_00036_waggle_annotations.csv,E:\2026Trackathon\James\mp4\20250126\00036.mp4,"(0.8944271909999159, 0.4472135954999579)",0.894427190999916,0.447213595499958,116.565051177078,688,999,"(688.0, 999.0)",3692,1,raw_vertical_uncalibrated,,,,,,,,,,,,,,,,,,,,,,not_corrected
vertical,annotator_csv,vertical_20250126,73b,73b,73b_00036,vertical_20250126__73b__73b_00036,5,,vertical,,20250126,18:13:00,73b_00036_waggle_annotations.csv,E:\2026Trackathon\James\mp4\20250126\00036.mp4,"(0.52999894000318, 0.847998304005088)",0.52999894000318,0.847998304005088,147.994616791917,684,1026,"(684.0, 1026.0)",3745,1,raw_vertical_uncalibrated,,,,,,,,,,,,,,,,,,,,,,not_corrected
vertical,annotator_csv,vertical_20250126,73b,73b,73b_00036,vertical_20250126__73b__73b_00036,6,,vertical,,20250126,18:13:00,73b_00036_waggle_annotations.csv,E:\2026Trackathon\James\mp4\20250126\00036.mp4,"(0.9615239476408232, 0.27472112789737807)",0.961523947640823,0.274721127897378,105.945395900923,713,963,"(713.0, 963.0)",3807,1,raw_vertical_uncalibrated,,,,,,,,,,,,,,,,,,,,,,not_corrected
vertical,annotator_csv,vertical_20250126,73b,73b,73b_00036,vertical_20250126__73b__73b_00036,7,,vertical,,20250126,18:13:00,73b_00036_waggle_annotations.csv,E:\2026Trackathon\James\mp4\20250126\00036.mp4,"(0.2873478855663454, 0.9578262852211513)",0.287347885566345,0.957826285221151,163.300755766006,679,1001,"(679.0, 1001.0)",3851,1,raw_vertical_uncalibrated,,,,,,,,,,,,,,,,,,,,,,not_corrected
vertical,annotator_csv,vertical_20250126,81r,81r,81r_00036,vertical_20250126__81r__81r_00036,1,,vertical,,20250126,18:13:00,81r_00036_waggle_annotations.csv,E:\2026Trackathon\James\mp4\20250126\00036.mp4,"(-0.9363291775690445, 0.3511234415883917)",-0.936329177569045,0.351123441588392,249.443954780417,1078,956,"(1078.0, 956.0)",5195,1,raw_vertical_uncalibrated,,,,,,,,,,,,,,,,,,,,,,not_corrected
vertical,annotator_csv,vertical_20250126,81r,81r,81r_00036,vertical_20250126__81r__81r_00036,2,,vertical,,20250126,18:13:00,81r_00036_waggle_annotations.csv,E:\2026Trackathon\James\mp4\20250126\00036.mp4,"(0.5677329558036596, 0.8232127859153064)",0.56773295580366,0.823212785915306,145.40771131249,1017,989,"(1017.0, 989.0)",5240,1,raw_vertical_uncalibrated,,,,,,,,,,,,,,,,,,,,,,not_corrected
vertical,annotator_csv,vertical_20250126,81r,81r,81r_00036,vertical_20250126__81r__81r_00036,3,,vertical,,20250126,18:13:00,81r_00036_waggle_annotations.csv,E:\2026Trackathon\James\mp4\20250126\00036.mp4,"(-0.1168412475673972, 0.9931506043228762)",-0.116841247567397,0.993150604322876,186.709836807757,1031,1005,"(1031.0, 1005.0)",5294,1,raw_vertical_uncalibrated,,,,,,,,,,,,,,,,,,,,,,not_corrected
vertical,annotator_csv,vertical_20250126,81r,81r,81r_00036,vertical_20250126__81r__81r_00036,4,,vertical,,20250126,18:13:00,81r_00036_waggle_annotations.csv,E:\2026Trackathon\James\mp4\20250126\00036.mp4,"(0.7399400733959437, 0.6726727939963124)",0.739940073395944,0.672672793996312,132.273689006094,1063,997,"(1063.0, 997.0)",5349,1,raw_vertical_uncalibrated,,,,,,,,,,,,,,,,,,,,,,not_corrected
vertical,annotator_csv,vertical_20250126,81r,81r,81r_00036,vertical_20250126__81r__81r_00036,5,,vertical,,20250126,18:13:00,81r_00036_waggle_annotations.csv,E:\2026Trackathon\James\mp4\20250126\00036.mp4,"(0.0, 1.0)",0,1,180,1047,962,"(1047.0, 962.0)",5401,1,raw_vertical_uncalibrated,,,,,,,,,,,,,,,,,,,,,,not_corrected
vertical,annotator_csv,vertical_20250126,81r,81r,81r_00036,vertical_20250126__81r__81r_00036,6,,vertical,,20250126,18:13:00,81r_00036_waggle_annotations.csv,E:\2026Trackathon\James\mp4\20250126\00036.mp4,"(0.4472135954999579, 0.8944271909999159)",0.447213595499958,0.894427190999916,153.434948822922,1070,940,"(1070.0, 940.0)",5450,1,raw_vertical_uncalibrated,,,,,,,,,,,,,,,,,,,,,,not_corrected
vertical,annotator_csv,vertical_20250126,81r,81r,81r_00036,vertical_20250126__81r__81r_00036,7,,vertical,,20250126,18:13:00,81r_00036_waggle_annotations.csv,E:\2026Trackathon\James\mp4\20250126\00036.mp4,"(-0.38074980525429486, 0.924678098474716)",-0.380749805254295,0.924678098474716,202.38013505196,1062,922,"(1062.0, 922.0)",5490,1,raw_vertical_uncalibrated,,,,,,,,,,,,,,,,,,,,,,not_corrected
vertical,annotator_csv,vertical_20250126,81r,81r,81r_00036,vertical_20250126__81r__81r_00036,8,,vertical,,20250126,18:13:00,81r_00036_waggle_annotations.csv,E:\2026Trackathon\James\mp4\20250126\00036.mp4,"(0.5070201265633938, 0.8619342151577695)",0.507020126563394,0.86193421515777,149.53445508054,1087,928,"(1087.0, 928.0)",5542,1,raw_vertical_uncalibrated,,,,,,,,,,,,,,,,,,,,,,not_corrected
vertical,annotator_csv,vertical_20250126,84b,84b,84b_00021,vertical_20250126__84b__84b_00021,1,,vertical,,20250126,15:17:00,84b_00021_waggle_annotations.csv,E:\2026Trackathon\James\mp4\20250126\00021.mp4,"(-0.2631174057921088, 0.9647638212377322)",-0.263117405792109,0.964763821237732,195.255118703058,601,966,"(601.0, 966.0)",0,1,raw_vertical_uncalibrated,,,,,,,,,,,,,,,,,,,,,,not_corrected
vertical,annotator_csv,vertical_20250126,84b,84b,84b_00021,vertical_20250126__84b__84b_00021,2,,vertical,,20250126,15:17:00,84b_00021_waggle_annotations.csv,E:\2026Trackathon\James\mp4\20250126\00021.mp4,"(0.242535625036333, 0.970142500145332)",0.242535625036333,0.970142500145332,165.963756532074,537,967,"(537.0, 967.0)",113,1,raw_vertical_uncalibrated,,,,,,,,,,,,,,,,,,,,,,not_corrected
vertical,annotator_csv,vertical_20250126,84b,84b,84b_00021,vertical_20250126__84b__84b_00021,3,,vertical,,20250126,15:17:00,84b_00021_waggle_annotations.csv,E:\2026Trackathon\James\mp4\20250126\00021.mp4,"(-0.22485950669875843, 0.9743911956946198)",-0.224859506698758,0.97439119569462,192.994616791917,549,947,"(549.0, 947.0)",162,1,raw_vertical_uncalibrated,,,,,,,,,,,,,,,,,,,,,,not_corrected
vertical,annotator_csv,vertical_20250126,84b,84b,84b_00021,vertical_20250126__84b__84b_00021,4,,vertical,,20250126,15:17:00,84b_00021_waggle_annotations.csv,E:\2026Trackathon\James\mp4\20250126\00021.mp4,"(0.09480909262799544, 0.9954954725939521)",0.0948090926279954,0.995495472593952,174.559667968995,562,970,"(562.0, 970.0)",213,1,raw_vertical_uncalibrated,,,,,,,,,,,,,,,,,,,,,,not_corrected
vertical,annotator_csv,vertical_20250126,84b,84b,84b_00021,vertical_20250126__84b__84b_00021,5,,vertical,,20250126,15:17:00,84b_00021_waggle_annotations.csv,E:\2026Trackathon\James\mp4\20250126\00021.mp4,"(-0.2631174057921088, 0.9647638212377322)",-0.263117405792109,0.964763821237732,195.255118703058,551,967,"(551.0, 967.0)",269,1,raw_vertical_uncalibrated,,,,,,,,,,,,,,,,,,,,,,not_corrected
vertical,annotator_csv,vertical_20250126,84b,84b,84b_00021,vertical_20250126__84b__84b_00021,6,,vertical,,20250126,15:17:00,84b_00021_waggle_annotations.csv,E:\2026Trackathon\James\mp4\20250126\00021.mp4,"(0.21693045781865616, 0.9761870601839528)",0.216930457818656,0.976187060183953,167.471192290848,568,961,"(568.0, 961.0)",326,1,raw_vertical_uncalibrated,,,,,,,,,,,,,,,,,,,,,,not_corrected
vertical,annotator_csv,vertical_20250126,84b,84b,84b_00036,vertical_20250126__84b__84b_00036,1,,vertical,,20250126,18:13:00,84b_00036_waggle_annotations.csv,E:\2026Trackathon\James\mp4\20250126\00036.mp4,"(0.7281999926928029, 0.685364699004991)",0.728199992692803,0.685364699004991,133.264295411072,1142,986,"(1142.0, 986.0)",565,1,raw_vertical_uncalibrated,,,,,,,,,,,,,,,,,,,,,,not_corrected
vertical,annotator_csv,vertical_20250126,84b,84b,84b_00036,vertical_20250126__84b__84b_00036,2,,vertical,,20250126,18:13:00,84b_00036_waggle_annotations.csv,E:\2026Trackathon\James\mp4\20250126\00036.mp4,"(-0.3589790793088691, 0.9333456062030595)",-0.358979079308869,0.93334560620306,201.037511025422,1187,1002,"(1187.0, 1002.0)",620,1,raw_vertical_uncalibrated,,,,,,,,,,,,,,,,,,,,,,not_corrected
vertical,annotator_csv,vertical_20250126,84b,84b,84b_00036,vertical_20250126__84b__84b_00036,3,,vertical,,20250126,18:13:00,84b_00036_waggle_annotations.csv,E:\2026Trackathon\James\mp4\20250126\00036.mp4,"(0.7893522173763263, 0.6139406135149205)",0.789352217376326,0.613940613514921,127.874983651098,1155,1012,"(1155.0, 1012.0)",675,1,raw_vertical_uncalibrated,,,,,,,,,,,,,,,,,,,,,,not_corrected
vertical,annotator_csv,vertical_20250126,84b,84b,84b_00036,vertical_20250126__84b__84b_00036,4,,vertical,,20250126,18:13:00,84b_00036_waggle_annotations.csv,E:\2026Trackathon\James\mp4\20250126\00036.mp4,"(-0.42288546533112387, 0.9061831399952655)",-0.422885465331124,0.906183139995266,205.0168934781,1164,1006,"(1164.0, 1006.0)",725,1,raw_vertical_uncalibrated,,,,,,,,,,,,,,,,,,,,,,not_corrected
vertical,annotator_csv,vertical_20250126,84b,84b,84b_00036,vertical_20250126__84b__84b_00036,5,,vertical,,20250126,18:13:00,84b_00036_waggle_annotations.csv,E:\2026Trackathon\James\mp4\20250126\00036.mp4,"(0.5240974256643347, 0.851658316704544)",0.524097425664335,0.851658316704544,148.392497753751,1163,1009,"(1163.0, 1009.0)",790,1,raw_vertical_uncalibrated,,,,,,,,,,,,,,,,,,,,,,not_corrected
vertical,annotator_csv,vertical_20250126,84b,84b,84b_00036,vertical_20250126__84b__84b_00036,6,,vertical,,20250126,18:13:00,84b_00036_waggle_annotations.csv,E:\2026Trackathon\James\mp4\20250126\00036.mp4,"(0.0, 1.0)",0,1,180,1084,1022,"(1084.0, 1022.0)",834,1,raw_vertical_uncalibrated,,,,,,,,,,,,,,,,,,,,,,not_corrected
vertical,annotator_csv,vertical_20250126,84b,84b,84b_00036,vertical_20250126__84b__84b_00036,7,,vertical,,20250126,18:13:00,84b_00036_waggle_annotations.csv,E:\2026Trackathon\James\mp4\20250126\00036.mp4,"(0.19611613513818404, 0.9805806756909202)",0.196116135138184,0.98058067569092,168.69006752598,1031,1030,"(1031.0, 1030.0)",940,1,raw_vertical_uncalibrated,,,,,,,,,,,,,,,,,,,,,,not_corrected
vertical,annotator_csv,vertical_20250126,84b,84b,84b_00036,vertical_20250126__84b__84b_00036,8,,vertical,,20250126,18:13:00,84b_00036_waggle_annotations.csv,E:\2026Trackathon\James\mp4\20250126\00036.mp4,"(-0.28216632399155017, 0.9593655015712707)",-0.28216632399155,0.959365501571271,196.389540334035,1061,1020,"(1061.0, 1020.0)",1007,1,raw_vertical_uncalibrated,,,,,,,,,,,,,,,,,,,,,,not_corrected
vertical,annotator_csv,vertical_20250126,84r,84r,84r_00021,vertical_20250126__84r__84r_00021,1,,vertical,,20250126,15:17:00,84r_00021_waggle_annotations.csv,C:\Users\frida\Documents\PhD\Waggle_dance\wd_SA2025\wd_annotator\mp4\Fereshteh\20250126\00021.mp4,"(-0.04912095919979347, 0.9987928370624672)",-0.0491209591997935,0.998792837062467,182.815556684211,595,834,"(595.0, 834.0)",2133,1,raw_vertical_uncalibrated,,,,,,,,,,,,,,,,,,,,,,not_corrected
vertical,annotator_csv,vertical_20250126,84r,84r,84r_00021,vertical_20250126__84r__84r_00021,2,,vertical,,20250126,15:17:00,84r_00021_waggle_annotations.csv,C:\Users\frida\Documents\PhD\Waggle_dance\wd_SA2025\wd_annotator\mp4\Fereshteh\20250126\00021.mp4,"(0.3303504247281061, 0.9438583563660173)",0.330350424728106,0.943858356366017,160.709953780811,643,845,"(643.0, 845.0)",2180,1,raw_vertical_uncalibrated,,,,,,,,,,,,,,,,,,,,,,not_corrected
vertical,annotator_csv,vertical_20250126,84r,84r,84r_00021,vertical_20250126__84r__84r_00021,3,,vertical,,20250126,15:17:00,84r_00021_waggle_annotations.csv,C:\Users\frida\Documents\PhD\Waggle_dance\wd_SA2025\wd_annotator\mp4\Fereshteh\20250126\00021.mp4,"(0.10117310209735163, 0.9948688372906244)",0.101173102097352,0.994868837290624,174.193273094468,660,880,"(660.0, 880.0)",2226,1,raw_vertical_uncalibrated,,,,,,,,,,,,,,,,,,,,,,not_corrected
vertical,annotator_csv,vertical_20250126,84r,84r,84r_00021,vertical_20250126__84r__84r_00021,4,,vertical,,20250126,15:17:00,84r_00021_waggle_annotations.csv,C:\Users\frida\Documents\PhD\Waggle_dance\wd_SA2025\wd_annotator\mp4\Fereshteh\20250126\00021.mp4,"(0.2676438637860946, 0.9635179096299405)",0.267643863786095,0.963517909629941,164.475889003246,682,925,"(682.0, 925.0)",2280,1,raw_vertical_uncalibrated,,,,,,,,,,,,,,,,,,,,,,not_corrected
vertical,annotator_csv,vertical_20250126,84r,84r,84r_00036,vertical_20250126__84r__84r_00036,1,,vertical,,20250126,18:13:00,84r_00036_waggle_annotations.csv,E:\2026Trackathon\James\mp4\20250126\00036.mp4,"(-0.6689647316224497, 0.7432941462471664)",-0.66896473162245,0.743294146247166,221.987212495817,976,928,"(976.0, 928.0)",853,1,raw_vertical_uncalibrated,,,,,,,,,,,,,,,,,,,,,,not_corrected
vertical,annotator_csv,vertical_20250126,84r,84r,84r_00036,vertical_20250126__84r__84r_00036,2,,vertical,,20250126,18:13:00,84r_00036_waggle_annotations.csv,E:\2026Trackathon\James\mp4\20250126\00036.mp4,"(0.4788521306805733, 0.8778955729143844)",0.478852130680573,0.877895572914384,151.389540334035,952,922,"(952.0, 922.0)",907,1,raw_vertical_uncalibrated,,,,,,,,,,,,,,,,,,,,,,not_corrected
vertical,annotator_csv,vertical_20250126,84r,84r,84r_00036,vertical_20250126__84r__84r_00036,3,,vertical,,20250126,18:13:00,84r_00036_waggle_annotations.csv,E:\2026Trackathon\James\mp4\20250126\00036.mp4,"(0.47409982303501746, 0.8804710999221753)",0.474099823035017,0.880471099922175,151.699244233994,920,981,"(920.0, 981.0)",970,1,raw_vertical_uncalibrated,,,,,,,,,,,,,,,,,,,,,,not_corrected
vertical,annotator_csv,vertical_20250126,90r,90r,90r_00019,vertical_20250126__90r__90r_00019,1,,vertical,,20250126,15:16:00,90r_00019_waggle_annotations.csv,E:\2026Trackathon\James\mp4\20250126\00019.mp4,"(-0.2982749931359468, 0.9544799780350297)",-0.298274993135947,0.95447997803503,197.354024636261,883,971,"(883.0, 971.0)",83,1,raw_vertical_uncalibrated,,,,,,,,,,,,,,,,,,,,,,not_corrected
vertical,annotator_csv,vertical_20250126,90r,90r,90r_00019,vertical_20250126__90r__90r_00019,2,,vertical,,20250126,15:16:00,90r_00019_waggle_annotations.csv,E:\2026Trackathon\James\mp4\20250126\00019.mp4,"(0.18428853505018536, 0.9828721869343219)",0.184288535050185,0.982872186934322,169.380344723845,631,730,"(631.0, 730.0)",366,1,raw_vertical_uncalibrated,,,,,,,,,,,,,,,,,,,,,,not_corrected
vertical,annotator_csv,vertical_20250126,90r,90r,90r_00019,vertical_20250126__90r__90r_00019,3,,vertical,,20250126,15:16:00,90r_00019_waggle_annotations.csv,E:\2026Trackathon\James\mp4\20250126\00019.mp4,"(0.23560002562150417, 0.9718501056887047)",0.235600025621504,0.971850105688705,166.373005140108,1160,920,"(1160.0, 920.0)",498,1,raw_vertical_uncalibrated,,,,,,,,,,,,,,,,,,,,,,not_corrected
vertical,annotator_csv,vertical_20250126,90r,90r,90r_00019,vertical_20250126__90r__90r_00019,4,,vertical,,20250126,15:16:00,90r_00019_waggle_annotations.csv,E:\2026Trackathon\James\mp4\20250126\00019.mp4,"(-0.04872255371340959, 0.9988123511248966)",-0.0487225537134096,0.998812351124897,182.792702365713,1115,967,"(1115.0, 967.0)",565,1,raw_vertical_uncalibrated,,,,,,,,,,,,,,,,,,,,,,not_corrected
vertical,annotator_csv,vertical_20250126,90r,90r,90r_00019,vertical_20250126__90r__90r_00019,5,,vertical,,20250126,15:16:00,90r_00019_waggle_annotations.csv,E:\2026Trackathon\James\mp4\20250126\00019.mp4,"(0.4472135954999579, 0.8944271909999159)",0.447213595499958,0.894427190999916,153.434948822922,1145,930,"(1145.0, 930.0)",612,1,raw_vertical_uncalibrated,,,,,,,,,,,,,,,,,,,,,,not_corrected
vertical,annotator_csv,vertical_20250126,90r,90r,90r_00019,vertical_20250126__90r__90r_00019,6,,vertical,,20250126,15:16:00,90r_00019_waggle_annotations.csv,E:\2026Trackathon\James\mp4\20250126\00019.mp4,"(0.0, 1.0)",0,1,180,1099,850,"(1099.0, 850.0)",667,1,raw_vertical_uncalibrated,,,,,,,,,,,,,,,,,,,,,,not_corrected
vertical,annotator_csv,vertical_20250126,90r,90r,90r_00019,vertical_20250126__90r__90r_00019,7,,vertical,,20250126,15:16:00,90r_00019_waggle_annotations.csv,E:\2026Trackathon\James\mp4\20250126\00019.mp4,"(0.10653312363426524, 0.994309153919809)",0.106533123634265,0.994309153919809,173.884496433715,1138,859,"(1138.0, 859.0)",712,1,raw_vertical_uncalibrated,,,,,,,,,,,,,,,,,,,,,,not_corrected
vertical,annotator_csv,vertical_20250126,90r,90r,90r_00019,vertical_20250126__90r__90r_00019,8,,vertical,,20250126,15:16:00,90r_00019_waggle_annotations.csv,E:\2026Trackathon\James\mp4\20250126\00019.mp4,"(0.0, 1.0)",0,1,180,1167,853,"(1167.0, 853.0)",772,1,raw_vertical_uncalibrated,,,,,,,,,,,,,,,,,,,,,,not_corrected
vertical,annotator_csv,vertical_20250126,90r,90r,90r_00019,vertical_20250126__90r__90r_00019,9,,vertical,,20250126,15:16:00,90r_00019_waggle_annotations.csv,E:\2026Trackathon\James\mp4\20250126\00019.mp4,"(0.1592324388246205, 0.9872411207126471)",0.159232438824621,0.987241120712647,170.837652954278,1161,880,"(1161.0, 880.0)",820,1,raw_vertical_uncalibrated,,,,,,,,,,,,,,,,,,,,,,not_corrected
vertical,annotator_csv,vertical_20250126,90r,90r,90r_00019,vertical_20250126__90r__90r_00019,10,,vertical,,20250126,15:16:00,90r_00019_waggle_annotations.csv,E:\2026Trackathon\James\mp4\20250126\00019.mp4,"(-0.08304547985373997, 0.9965457582448796)",-0.08304547985374,0.99654575824488,184.763641690726,1160,867,"(1160.0, 867.0)",870,1,raw_vertical_uncalibrated,,,,,,,,,,,,,,,,,,,,,,not_corrected
vertical,annotator_csv,vertical_20250126,90r,90r,90r_00019,vertical_20250126__90r__90r_00019,11,,vertical,,20250126,15:16:00,90r_00019_waggle_annotations.csv,E:\2026Trackathon\James\mp4\20250126\00019.mp4,"(0.5240974256643347, 0.851658316704544)",0.524097425664335,0.851658316704544,148.392497753751,1126,917,"(1126.0, 917.0)",917,1,raw_vertical_uncalibrated,,,,,,,,,,,,,,,,,,,,,,not_corrected
vertical,annotator_csv,vertical_20250126,90r,90r,90r_00019,vertical_20250126__90r__90r_00019,12,,vertical,,20250126,15:16:00,90r_00019_waggle_annotations.csv,E:\2026Trackathon\James\mp4\20250126\00019.mp4,"(-0.07124704998790965, 0.9974586998307351)",-0.0712470499879097,0.997458699830735,184.085616779975,1108,898,"(1108.0, 898.0)",963,1,raw_vertical_uncalibrated,,,,,,,,,,,,,,,,,,,,,,not_corrected
vertical,annotator_csv,vertical_20250126,90r,90r,90r_00019,vertical_20250126__90r__90r_00019,13,,vertical,,20250126,15:16:00,90r_00019_waggle_annotations.csv,E:\2026Trackathon\James\mp4\20250126\00019.mp4,"(0.24253562503633297, 0.9701425001453319)",0.242535625036333,0.970142500145332,165.963756532074,1138,883,"(1138.0, 883.0)",1008,1,raw_vertical_uncalibrated,,,,,,,,,,,,,,,,,,,,,,not_corrected
vertical,annotator_csv,vertical_20250126,90r,90r,90r_00019,vertical_20250126__90r__90r_00019,14,,vertical,,20250126,15:16:00,90r_00019_waggle_annotations.csv,E:\2026Trackathon\James\mp4\20250126\00019.mp4,"(0.0, 1.0)",0,1,180,1093,872,"(1093.0, 872.0)",1081,1,raw_vertical_uncalibrated,,,,,,,,,,,,,,,,,,,,,,not_corrected
vertical,annotator_csv,vertical_20250126,90r,90r,90r_00021,vertical_20250126__90r__90r_00021,1,,vertical,,20250126,15:17:00,90r_00021_waggle_annotations.csv,E:\2026Trackathon\James\mp4\20250126\00021.mp4,"(-0.1520571842539411, 0.9883716976506172)",-0.152057184253941,0.988371697650617,188.746162262555,1003,912,"(1003.0, 912.0)",324,1,raw_vertical_uncalibrated,,,,,,,,,,,,,,,,,,,,,,not_corrected
vertical,annotator_csv,vertical_20250126,90r,90r,90r_00021,vertical_20250126__90r__90r_00021,2,,vertical,,20250126,15:17:00,90r_00021_waggle_annotations.csv,E:\2026Trackathon\James\mp4\20250126\00021.mp4,"(0.12403473458920847, 0.9922778767136677)",0.124034734589208,0.992277876713668,172.874983651098,978,880,"(978.0, 880.0)",382,1,raw_vertical_uncalibrated,,,,,,,,,,,,,,,,,,,,,,not_corrected
vertical,annotator_csv,vertical_20250126,90r,90r,90r_00021,vertical_20250126__90r__90r_00021,3,,vertical,,20250126,15:17:00,90r_00021_waggle_annotations.csv,E:\2026Trackathon\James\mp4\20250126\00021.mp4,"(0.6305926250944657, 0.7761140001162655)",0.630592625094466,0.776114000116266,140.906141113771,1218,916,"(1218.0, 916.0)",432,1,raw_vertical_uncalibrated,,,,,,,,,,,,,,,,,,,,,,not_corrected
vertical,annotator_csv,vertical_20250126,90r,90r,90r_00021,vertical_20250126__90r__90r_00021,4,,vertical,,20250126,15:17:00,90r_00021_waggle_annotations.csv,E:\2026Trackathon\James\mp4\20250126\00021.mp4,"(0.0, 1.0)",0,1,180,1041,891,"(1041.0, 891.0)",517,1,raw_vertical_uncalibrated,,,,,,,,,,,,,,,,,,,,,,not_corrected
vertical,annotator_csv,vertical_20250126,90r,90r,90r_00021,vertical_20250126__90r__90r_00021,5,,vertical,,20250126,15:17:00,90r_00021_waggle_annotations.csv,E:\2026Trackathon\James\mp4\20250126\00021.mp4,"(0.13511320473331348, 0.9908301680442989)",0.135113204733313,0.990830168044299,172.234833981575,1025,868,"(1025.0, 868.0)",558,1,raw_vertical_uncalibrated,,,,,,,,,,,,,,,,,,,,,,not_corrected
vertical,annotator_csv,vertical_20250126,90r,90r,90r_00021,vertical_20250126__90r__90r_00021,6,,vertical,,20250126,15:17:00,90r_00021_waggle_annotations.csv,E:\2026Trackathon\James\mp4\20250126\00021.mp4,"(0.12033136751923737, 0.9927337820337083)",0.120331367519237,0.992733782033708,173.088772880975,957,881,"(957.0, 881.0)",606,1,raw_vertical_uncalibrated,,,,,,,,,,,,,,,,,,,,,,not_corrected
vertical,annotator_csv,vertical_20250126,90r,90r,90r_00021,vertical_20250126__90r__90r_00021,7,,vertical,,20250126,15:17:00,90r_00021_waggle_annotations.csv,E:\2026Trackathon\James\mp4\20250126\00021.mp4,"(0.2873478855663454, 0.9578262852211513)",0.287347885566345,0.957826285221151,163.300755766006,976,855,"(976.0, 855.0)",645,1,raw_vertical_uncalibrated,,,,,,,,,,,,,,,,,,,,,,not_corrected
vertical,annotator_csv,vertical_20250126,90r,90r,90r_00021,vertical_20250126__90r__90r_00021,8,,vertical,,20250126,15:17:00,90r_00021_waggle_annotations.csv,E:\2026Trackathon\James\mp4\20250126\00021.mp4,"(0.2026056040359523, 0.9792604195071027)",0.202605604035952,0.979260419507103,168.310630824561,732,952,"(732.0, 952.0)",734,1,raw_vertical_uncalibrated,,,,,,,,,,,,,,,,,,,,,,not_corrected
vertical,annotator_csv,vertical_20250126,90r,90r,90r_00036,vertical_20250126__90r__90r_00036,1,,vertical,,20250126,18:13:00,90r_00036_waggle_annotations.csv,E:\2026Trackathon\James\mp4\20250126\00036.mp4,"(0.09950371902099892, 0.9950371902099892)",0.0995037190209989,0.995037190209989,174.2894068625,791,946,"(791.0, 946.0)",2297,1,raw_vertical_uncalibrated,,,,,,,,,,,,,,,,,,,,,,not_corrected
vertical,annotator_csv,vertical_20250126,90r,90r,90r_00036,vertical_20250126__90r__90r_00036,2,,vertical,,20250126,18:13:00,90r_00036_waggle_annotations.csv,E:\2026Trackathon\James\mp4\20250126\00036.mp4,"(0.3589790793088691, 0.9333456062030595)",0.358979079308869,0.93334560620306,158.962488974578,931,960,"(931.0, 960.0)",2350,1,raw_vertical_uncalibrated,,,,,,,,,,,,,,,,,,,,,,not_corrected
vertical,annotator_csv,vertical_20250126,90r,90r,90r_00036,vertical_20250126__90r__90r_00036,3,,vertical,,20250126,18:13:00,90r_00036_waggle_annotations.csv,E:\2026Trackathon\James\mp4\20250126\00036.mp4,"(0.2631174057921088, 0.9647638212377322)",0.263117405792109,0.964763821237732,164.744881296942,887,911,"(887.0, 911.0)",2396,1,raw_vertical_uncalibrated,,,,,,,,,,,,,,,,,,,,,,not_corrected
vertical,annotator_csv,vertical_20250126,90r,90r,90r_00036,vertical_20250126__90r__90r_00036,4,,vertical,,20250126,18:13:00,90r_00036_waggle_annotations.csv,E:\2026Trackathon\James\mp4\20250126\00036.mp4,"(0.7592566023652966, 0.6507913734559685)",0.759256602365297,0.650791373455969,130.601294645005,983,1017,"(983.0, 1017.0)",2459,1,raw_vertical_uncalibrated,,,,,,,,,,,,,,,,,,,,,,not_corrected
vertical,annotator_csv,vertical_20250126,90r,90r,90r_00036,vertical_20250126__90r__90r_00036,5,,vertical,,20250126,18:13:00,90r_00036_waggle_annotations.csv,E:\2026Trackathon\James\mp4\20250126\00036.mp4,"(0.2631174057921088, 0.9647638212377322)",0.263117405792109,0.964763821237732,164.744881296942,928,977,"(928.0, 977.0)",2508,1,raw_vertical_uncalibrated,,,,,,,,,,,,,,,,,,,,,,not_corrected
vertical,annotator_csv,vertical_20250126,90r,90r,90r_00036,vertical_20250126__90r__90r_00036,6,,vertical,,20250126,18:13:00,90r_00036_waggle_annotations.csv,E:\2026Trackathon\James\mp4\20250126\00036.mp4,"(0.29116161578269606, 0.9566738804288585)",0.291161615782696,0.956673880428859,163.072486935853,969,1001,"(969.0, 1001.0)",2563,1,raw_vertical_uncalibrated,,,,,,,,,,,,,,,,,,,,,,not_corrected
vertical,annotator_csv,vertical_20250126,90r,90r,90r_00036,vertical_20250126__90r__90r_00036,7,,vertical,,20250126,18:13:00,90r_00036_waggle_annotations.csv,E:\2026Trackathon\James\mp4\20250126\00036.mp4,"(-0.09262336892949784, 0.9957012159921018)",-0.0926233689294978,0.995701215992102,185.314545669945,945,996,"(945.0, 996.0)",2618,1,raw_vertical_uncalibrated,,,,,,,,,,,,,,,,,,,,,,not_corrected
vertical,annotator_csv,vertical_20250126,90r,90r,90r_00036,vertical_20250126__90r__90r_00036,8,,vertical,,20250126,18:13:00,90r_00036_waggle_annotations.csv,E:\2026Trackathon\James\mp4\20250126\00036.mp4,"(0.4273796168934163, 0.9040722665053037)",0.427379616893416,0.904072266505304,154.69862137458,972,982,"(972.0, 982.0)",2668,1,raw_vertical_uncalibrated,,,,,,,,,,,,,,,,,,,,,,not_corrected
vertical,annotator_csv,vertical_20250126,90r,90r,90r_00036,vertical_20250126__90r__90r_00036,9,,vertical,,20250126,18:13:00,90r_00036_waggle_annotations.csv,E:\2026Trackathon\James\mp4\20250126\00036.mp4,"(-0.3713906763541037, 0.9284766908852594)",-0.371390676354104,0.928476690885259,201.801409486352,862,1016,"(862.0, 1016.0)",2722,1,raw_vertical_uncalibrated,,,,,,,,,,,,,,,,,,,,,,not_corrected
vertical,annotator_csv,vertical_20250126,90r,90r,90r_00036,vertical_20250126__90r__90r_00036,10,,vertical,,20250126,18:13:00,90r_00036_waggle_annotations.csv,E:\2026Trackathon\James\mp4\20250126\00036.mp4,"(0.47058823529411764, 0.8823529411764706)",0.470588235294118,0.882352941176471,151.927513064147,895,950,"(895.0, 950.0)",2773,1,raw_vertical_uncalibrated,,,,,,,,,,,,,,,,,,,,,,not_corrected
vertical,annotator_csv,vertical_20250126,95r,95r,95r_00036,vertical_20250126__95r__95r_00036,1,,vertical,,20250126,18:13:00,95r_00036_waggle_annotations.csv,E:\2026Trackathon\James\mp4\20250126\00036.mp4,"(0.8741572761215377, 0.48564293117863205)",0.874157276121538,0.485642931178632,119.054604099077,1070,919,"(1070.0, 919.0)",1365,1,raw_vertical_uncalibrated,,,,,,,,,,,,,,,,,,,,,,not_corrected
vertical,annotator_csv,vertical_20250126,95r,95r,95r_00036,vertical_20250126__95r__95r_00036,2,,vertical,,20250126,18:13:00,95r_00036_waggle_annotations.csv,E:\2026Trackathon\James\mp4\20250126\00036.mp4,"(-0.9161573349021892, 0.4008188340197078)",-0.916157334902189,0.400818834019708,246.370622269343,995,913,"(995.0, 913.0)",1405,1,raw_vertical_uncalibrated,,,,,,,,,,,,,,,,,,,,,,not_corrected
vertical,annotator_csv,vertical_20250126,95r,95r,95r_00036,vertical_20250126__95r__95r_00036,3,,vertical,,20250126,18:13:00,95r_00036_waggle_annotations.csv,E:\2026Trackathon\James\mp4\20250126\00036.mp4,"(-0.4008188340197078, 0.9161573349021892)",-0.400818834019708,0.916157334902189,203.629377730657,1004,935,"(1004.0, 935.0)",1457,1,raw_vertical_uncalibrated,,,,,,,,,,,,,,,,,,,,,,not_corrected
vertical,annotator_csv,vertical_20250126,95r,95r,95r_00036,vertical_20250126__95r__95r_00036,4,,vertical,,20250126,18:13:00,95r_00036_waggle_annotations.csv,E:\2026Trackathon\James\mp4\20250126\00036.mp4,"(0.8087360843031884, 0.5881716976750462)",0.808736084303188,0.588171697675046,126.027373385104,1039,935,"(1039.0, 935.0)",1498,1,raw_vertical_uncalibrated,,,,,,,,,,,,,,,,,,,,,,not_corrected
vertical,annotator_csv,vertical_20250126,95r,95r,95r_00036,vertical_20250126__95r__95r_00036,5,,vertical,,20250126,18:13:00,95r_00036_waggle_annotations.csv,E:\2026Trackathon\James\mp4\20250126\00036.mp4,"(-0.7071067811865476, 0.7071067811865476)",-0.707106781186548,0.707106781186548,225,998,902,"(998.0, 902.0)",1536,1,raw_vertical_uncalibrated,,,,,,,,,,,,,,,,,,,,,,not_corrected
vertical,annotator_csv,vertical_20250126,95r,95r,95r_00036,vertical_20250126__95r__95r_00036,6,,vertical,,20250126,18:13:00,95r_00036_waggle_annotations.csv,E:\2026Trackathon\James\mp4\20250126\00036.mp4,"(0.0, 1.0)",0,1,180,1046,944,"(1046.0, 944.0)",1577,1,raw_vertical_uncalibrated,,,,,,,,,,,,,,,,,,,,,,not_corrected
vertical,annotator_csv,vertical_20250126,95r,95r,95r_00036,vertical_20250126__95r__95r_00036,7,,vertical,,20250126,18:13:00,95r_00036_waggle_annotations.csv,E:\2026Trackathon\James\mp4\20250126\00036.mp4,"(-0.8, 0.6)",-0.8,0.6,233.130102354156,1022,929,"(1022.0, 929.0)",1619,1,raw_vertical_uncalibrated,,,,,,,,,,,,,,,,,,,,,,not_corrected
vertical,annotator_csv,vertical_20250126,95r,95r,95r_00036,vertical_20250126__95r__95r_00036,8,,vertical,,20250126,18:13:00,95r_00036_waggle_annotations.csv,E:\2026Trackathon\James\mp4\20250126\00036.mp4,"(0.11043152607484655, 0.9938837346736189)",0.110431526074847,0.993883734673619,173.65980825409,1064,931,"(1064.0, 931.0)",1662,1,raw_vertical_uncalibrated,,,,,,,,,,,,,,,,,,,,,,not_corrected
vertical,annotator_csv,vertical_20250126,95r,95r,95r_00036,vertical_20250126__95r__95r_00036,9,,vertical,,20250126,18:13:00,95r_00036_waggle_annotations.csv,E:\2026Trackathon\James\mp4\20250126\00036.mp4,"(-0.8, 0.6)",-0.8,0.6,233.130102354156,1064,909,"(1064.0, 909.0)",1703,1,raw_vertical_uncalibrated,,,,,,,,,,,,,,,,,,,,,,not_corrected
vertical,annotator_csv,vertical_20250126,95r,95r,95r_00036,vertical_20250126__95r__95r_00036,10,,vertical,,20250126,18:13:00,95r_00036_waggle_annotations.csv,E:\2026Trackathon\James\mp4\20250126\00036.mp4,"(-0.3713906763541037, 0.9284766908852594)",-0.371390676354104,0.928476690885259,201.801409486352,1026,906,"(1026.0, 906.0)",1752,1,raw_vertical_uncalibrated,,,,,,,,,,,,,,,,,,,,,,not_corrected
vertical,annotator_csv,vertical_20250126,95r,95r,95r_00036,vertical_20250126__95r__95r_00036,11,,vertical,,20250126,18:13:00,95r_00036_waggle_annotations.csv,E:\2026Trackathon\James\mp4\20250126\00036.mp4,"(-0.7893522173763263, 0.6139406135149205)",-0.789352217376326,0.613940613514921,232.125016348902,969,875,"(969.0, 875.0)",1803,1,raw_vertical_uncalibrated,,,,,,,,,,,,,,,,,,,,,,not_corrected
vertical,annotator_csv,vertical_20250127,20y,20y,20y_00007,vertical_20250127__20y__20y_00007,1,,vertical,,20250127,08:56:00,20y_00007_waggle_annotations.csv,E:\2026Trackathon\James\mp4\20250127\00007.mp4,"(-0.5665288228870652, -0.8240419241993676)",-0.566528822887065,-0.824041924199368,325.491477012332,1249,835,"(1249.0, 835.0)",1172,1,raw_vertical_uncalibrated,,,,,,,,,,,,,,,,,,,,,,not_corrected
vertical,annotator_csv,vertical_20250127,20y,20y,20y_00007,vertical_20250127__20y__20y_00007,2,,vertical,,20250127,08:56:00,20y_00007_waggle_annotations.csv,E:\2026Trackathon\James\mp4\20250127\00007.mp4,"(-0.4472135954999579, -0.8944271909999159)",-0.447213595499958,-0.894427190999916,333.434948822922,1180,870,"(1180.0, 870.0)",1220,1,raw_vertical_uncalibrated,,,,,,,,,,,,,,,,,,,,,,not_corrected
vertical,annotator_csv,vertical_20250127,20y,20y,20y_00007,vertical_20250127__20y__20y_00007,3,,vertical,,20250127,08:56:00,20y_00007_waggle_annotations.csv,E:\2026Trackathon\James\mp4\20250127\00007.mp4,"(-0.6726727939963124, -0.7399400733959437)",-0.672672793996312,-0.739940073395944,317.726310993906,1185,827,"(1185.0, 827.0)",1273,1,raw_vertical_uncalibrated,,,,,,,,,,,,,,,,,,,,,,not_corrected
vertical,annotator_csv,vertical_20250127,20y,20y,20y_00007,vertical_20250127__20y__20y_00007,4,,vertical,,20250127,08:56:00,20y_00007_waggle_annotations.csv,E:\2026Trackathon\James\mp4\20250127\00007.mp4,"(-0.7943578329771962, -0.6074501075707971)",-0.794357832977196,-0.607450107570797,307.405356631409,1166,849,"(1166.0, 849.0)",1325,1,raw_vertical_uncalibrated,,,,,,,,,,,,,,,,,,,,,,not_corrected
vertical,annotator_csv,vertical_20250127,20y,20y,20y_00007,vertical_20250127__20y__20y_00007,5,,vertical,,20250127,08:56:00,20y_00007_waggle_annotations.csv,E:\2026Trackathon\James\mp4\20250127\00007.mp4,"(-0.5547001962252291, -0.8320502943378437)",-0.554700196225229,-0.832050294337844,326.30993247402,1128,826,"(1128.0, 826.0)",1392,1,raw_vertical_uncalibrated,,,,,,,,,,,,,,,,,,,,,,not_corrected
vertical,annotator_csv,vertical_20250127,20y,20y,20y_00007,vertical_20250127__20y__20y_00007,6,,vertical,,20250127,08:56:00,20y_00007_waggle_annotations.csv,E:\2026Trackathon\James\mp4\20250127\00007.mp4,"(-0.6757246285173463, -0.7371541402007414)",-0.675724628517346,-0.737154140200741,317.489552921999,1150,887,"(1150.0, 887.0)",1461,1,raw_vertical_uncalibrated,,,,,,,,,,,,,,,,,,,,,,not_corrected
vertical,annotator_csv,vertical_20250127,20y,20y,20y_00007,vertical_20250127__20y__20y_00007,7,,vertical,,20250127,08:56:00,20y_00007_waggle_annotations.csv,E:\2026Trackathon\James\mp4\20250127\00007.mp4,"(-0.39391929857916763, -0.9191450300180578)",-0.393919298579168,-0.919145030018058,336.801409486352,1116,875,"(1116.0, 875.0)",1519,1,raw_vertical_uncalibrated,,,,,,,,,,,,,,,,,,,,,,not_corrected
vertical,annotator_csv,vertical_20250127,20y,20y,20y_00007,vertical_20250127__20y__20y_00007,8,,vertical,,20250127,08:56:00,20y_00007_waggle_annotations.csv,E:\2026Trackathon\James\mp4\20250127\00007.mp4,"(-0.5462677805469223, -0.8376105968386142)",-0.546267780546922,-0.837610596838614,326.888658039628,1139,838,"(1139.0, 838.0)",1578,1,raw_vertical_uncalibrated,,,,,,,,,,,,,,,,,,,,,,not_corrected
vertical,annotator_csv,vertical_20250127,20y,20y,20y_00007,vertical_20250127__20y__20y_00007,9,,vertical,,20250127,08:56:00,20y_00007_waggle_annotations.csv,E:\2026Trackathon\James\mp4\20250127\00007.mp4,"(-0.3328201177351375, -0.9429903335828895)",-0.332820117735138,-0.94299033358289,340.559965171824,1178,794,"(1178.0, 794.0)",1630,1,raw_vertical_uncalibrated,,,,,,,,,,,,,,,,,,,,,,not_corrected
vertical,annotator_csv,vertical_20250127,20y,20y,20y_00012,vertical_20250127__20y__20y_00012,1,,vertical,,20250127,11:14:00,20y_00012_waggle_annotations.csv,E:\2026Trackathon\James\mp4\20250127\00012.mp4,"(-0.02855977389887699, -0.9995920864606946)",-0.028559773898877,-0.999592086460695,358.363422958383,1066,754,"(1066.0, 754.0)",0,1,raw_vertical_uncalibrated,,,,,,,,,,,,,,,,,,,,,,not_corrected
vertical,annotator_csv,vertical_20250127,20y,20y,20y_00012,vertical_20250127__20y__20y_00012,2,,vertical,,20250127,11:14:00,20y_00012_waggle_annotations.csv,E:\2026Trackathon\James\mp4\20250127\00012.mp4,"(0.42993358039234775, -0.9028605188239303)",0.429933580392348,-0.90286051882393,25.4633450618716,961,762,"(961.0, 762.0)",68,1,raw_vertical_uncalibrated,,,,,,,,,,,,,,,,,,,,,,not_corrected
vertical,annotator_csv,vertical_20250127,20y,20y,20y_00012,vertical_20250127__20y__20y_00012,3,,vertical,,20250127,11:14:00,20y_00012_waggle_annotations.csv,E:\2026Trackathon\James\mp4\20250127\00012.mp4,"(0.8041761414663255, -0.5943910610838058)",0.804176141466326,-0.594391061083806,53.5307656099481,958,756,"(958.0, 756.0)",142,1,raw_vertical_uncalibrated,,,,,,,,,,,,,,,,,,,,,,not_corrected
vertical,annotator_csv,vertical_20250127,20y,20y,20y_00034,vertical_20250127__20y__20y_00034,1,,vertical,,20250127,15:23:00,20y_00034_waggle_annotations.csv,/media/geko/VERBATIM HD/SA2025_dances/George/mp4/20250127/00034.mp4,"(-0.19611613513818404, 0.9805806756909202)",-0.196116135138184,0.98058067569092,191.30993247402,1400,755,"(1400.0, 755.0)",638,1,raw_vertical_uncalibrated,,,,,,,,,,,,,,,,,,,,,,not_corrected
vertical,annotator_csv,vertical_20250127,20y,20y,20y_00034,vertical_20250127__20y__20y_00034,2,,vertical,,20250127,15:23:00,20y_00034_waggle_annotations.csv,/media/geko/VERBATIM HD/SA2025_dances/George/mp4/20250127/00034.mp4,"(0.06959826284903865, 0.9975751008362207)",0.0695982628490387,0.997575100836221,176.00908690157,1445,748,"(1445.0, 748.0)",704,1,raw_vertical_uncalibrated,,,,,,,,,,,,,,,,,,,,,,not_corrected
vertical,annotator_csv,vertical_20250127,20y,20y,20y_00034,vertical_20250127__20y__20y_00034,3,,vertical,,20250127,15:23:00,20y_00034_waggle_annotations.csv,/media/geko/VERBATIM HD/SA2025_dances/George/mp4/20250127/00034.mp4,"(-0.2900073952828708, 0.9570244044334736)",-0.290007395282871,0.957024404433474,196.858398767738,1434,708,"(1434.0, 708.0)",766,1,raw_vertical_uncalibrated,,,,,,,,,,,,,,,,,,,,,,not_corrected
vertical,annotator_csv,vertical_20250127,20y,20y,20y_00034,vertical_20250127__20y__20y_00034,4,,vertical,,20250127,15:23:00,20y_00034_waggle_annotations.csv,/media/geko/VERBATIM HD/SA2025_dances/George/mp4/20250127/00034.mp4,"(0.14479918011718576, 0.9894610641341027)",0.144799180117186,0.989461064134103,171.674349669573,1459,716,"(1459.0, 716.0)",829,1,raw_vertical_uncalibrated,,,,,,,,,,,,,,,,,,,,,,not_corrected
vertical,annotator_csv,vertical_20250127,20y,20y,20y_00049,vertical_20250127__20y__20y_00049,1,,vertical,,20250127,17:48:00,20y_00049_waggle_annotations.csv,/media/geko/VERBATIM HD/SA2025_dances/George/mp4/20250127/00049.mp4,"(0.9074669071198412, 0.42012356811103757)",0.907466907119841,0.420123568111038,114.842389105455,1078,807,"(1078.0, 807.0)",1815,1,raw_vertical_uncalibrated,,,,,,,,,,,,,,,,,,,,,,not_corrected
vertical,annotator_csv,vertical_20250127,20y,20y,20y_00049,vertical_20250127__20y__20y_00049,2,,vertical,,20250127,17:48:00,20y_00049_waggle_annotations.csv,/media/geko/VERBATIM HD/SA2025_dances/George/mp4/20250127/00049.mp4,"(-0.38301502270043297, 0.9237421135716325)",-0.383015022700433,0.923742113571633,202.520565602897,1003,779,"(1003.0, 779.0)",1845,1,raw_vertical_uncalibrated,,,,,,,,,,,,,,,,,,,,,,not_corrected
vertical,annotator_csv,vertical_20250127,20y,20y,20y_00049,vertical_20250127__20y__20y_00049,3,,vertical,,20250127,17:48:00,20y_00049_waggle_annotations.csv,/media/geko/VERBATIM HD/SA2025_dances/George/mp4/20250127/00049.mp4,"(-0.27472112789737807, 0.9615239476408232)",-0.274721127897378,0.961523947640823,195.945395900923,1070,742,"(1070.0, 742.0)",1906,1,raw_vertical_uncalibrated,,,,,,,,,,,,,,,,,,,,,,not_corrected
vertical,annotator_csv,vertical_20250127,20y,20y,20y_00049,vertical_20250127__20y__20y_00049,4,,vertical,,20250127,17:48:00,20y_00049_waggle_annotations.csv,/media/geko/VERBATIM HD/SA2025_dances/George/mp4/20250127/00049.mp4,"(-0.5923904504775181, 0.8056510126494246)",-0.592390450477518,0.805651012649425,216.32682595212,1036,837,"(1036.0, 837.0)",1765,1,raw_vertical_uncalibrated,,,,,,,,,,,,,,,,,,,,,,not_corrected
vertical,annotator_csv,vertical_20250127,22b,22b,22b_00013,vertical_20250127__22b__22b_00013,1,,vertical,,20250127,11:22:00,22b_00013_waggle_annotations.csv,E:\2026Trackathon\James\mp4\20250127\00013.mp4,"(0.242535625036333, -0.970142500145332)",0.242535625036333,-0.970142500145332,14.0362434679265,918,700,"(918.0, 700.0)",631,1,raw_vertical_uncalibrated,,,,,,,,,,,,,,,,,,,,,,not_corrected
vertical,annotator_csv,vertical_20250127,22b,22b,22b_00013,vertical_20250127__22b__22b_00013,2,,vertical,,20250127,11:22:00,22b_00013_waggle_annotations.csv,E:\2026Trackathon\James\mp4\20250127\00013.mp4,"(0.2631174057921088, -0.9647638212377322)",0.263117405792109,-0.964763821237732,15.2551187030578,966,707,"(966.0, 707.0)",888,1,raw_vertical_uncalibrated,,,,,,,,,,,,,,,,,,,,,,not_corrected
vertical,annotator_csv,vertical_20250127,22b,22b,22b_00013,vertical_20250127__22b__22b_00013,3,,vertical,,20250127,11:22:00,22b_00013_waggle_annotations.csv,E:\2026Trackathon\James\mp4\20250127\00013.mp4,"(0.5144957554275265, -0.8574929257125441)",0.514495755427527,-0.857492925712544,30.9637565320735,997,686,"(997.0, 686.0)",931,1,raw_vertical_uncalibrated,,,,,,,,,,,,,,,,,,,,,,not_corrected
vertical,annotator_csv,vertical_20250127,22b,22b,22b_00013,vertical_20250127__22b__22b_00013,4,,vertical,,20250127,11:22:00,22b_00013_waggle_annotations.csv,E:\2026Trackathon\James\mp4\20250127\00013.mp4,"(0.3328201177351375, -0.9429903335828895)",0.332820117735138,-0.94299033358289,19.4400348281762,1014,608,"(1014.0, 608.0)",1004,1,raw_vertical_uncalibrated,,,,,,,,,,,,,,,,,,,,,,not_corrected
vertical,annotator_csv,vertical_20250127,22b,22b,22b_00013,vertical_20250127__22b__22b_00013,5,,vertical,,20250127,11:22:00,22b_00013_waggle_annotations.csv,E:\2026Trackathon\James\mp4\20250127\00013.mp4,"(0.6178215519319035, -0.7863183388224225)",0.617821551931904,-0.786318338822423,38.1572265873691,1053,613,"(1053.0, 613.0)",1055,1,raw_vertical_uncalibrated,,,,,,,,,,,,,,,,,,,,,,not_corrected
vertical,annotator_csv,vertical_20250127,22b,22b,22b_00013,vertical_20250127__22b__22b_00013,6,,vertical,,20250127,11:22:00,22b_00013_waggle_annotations.csv,E:\2026Trackathon\James\mp4\20250127\00013.mp4,"(0.31622776601683794, -0.9486832980505138)",0.316227766016838,-0.948683298050514,18.434948822922,1057,594,"(1057.0, 594.0)",1104,1,raw_vertical_uncalibrated,,,,,,,,,,,,,,,,,,,,,,not_corrected
vertical,annotator_csv,vertical_20250127,22b,22b,22b_00013,vertical_20250127__22b__22b_00013,7,,vertical,,20250127,11:22:00,22b_00013_waggle_annotations.csv,E:\2026Trackathon\James\mp4\20250127\00013.mp4,"(0.5038710255240862, -0.8637789008984335)",0.503871025524086,-0.863778900898434,30.2564371635293,1068,572,"(1068.0, 572.0)",1155,1,raw_vertical_uncalibrated,,,,,,,,,,,,,,,,,,,,,,not_corrected
vertical,annotator_csv,vertical_20250127,22b,22b,22b_00013,vertical_20250127__22b__22b_00013,8,,vertical,,20250127,11:22:00,22b_00013_waggle_annotations.csv,E:\2026Trackathon\James\mp4\20250127\00013.mp4,"(0.8, -0.6)",0.8,-0.6,53.130102354156,1052,508,"(1052.0, 508.0)",1220,1,raw_vertical_uncalibrated,,,,,,,,,,,,,,,,,,,,,,not_corrected
vertical,annotator_csv,vertical_20250127,22b,22b,22b_00013,vertical_20250127__22b__22b_00013,9,,vertical,,20250127,11:22:00,22b_00013_waggle_annotations.csv,E:\2026Trackathon\James\mp4\20250127\00013.mp4,"(0.5812381937190965, -0.813733471206735)",0.581238193719097,-0.813733471206735,35.5376777919744,1091,498,"(1091.0, 498.0)",1332,1,raw_vertical_uncalibrated,,,,,,,,,,,,,,,,,,,,,,not_corrected
vertical,annotator_csv,vertical_20250127,23y,23y,23y_00034,vertical_20250127__23y__23y_00034,1,,vertical,,20250127,15:23:00,23y_00034_waggle_annotations.csv,/media/geko/VERBATIM HD/SA2025_dances/George/mp4/20250127/00034.mp4,"(-0.1028991510855053, 0.9946917938265513)",-0.102899151085505,0.994691793826551,185.906141113771,1232,765,"(1232.0, 765.0)",1571,1,raw_vertical_uncalibrated,,,,,,,,,,,,,,,,,,,,,,not_corrected
vertical,annotator_csv,vertical_20250127,23y,23y,23y_00034,vertical_20250127__23y__23y_00034,2,,vertical,,20250127,15:23:00,23y_00034_waggle_annotations.csv,/media/geko/VERBATIM HD/SA2025_dances/George/mp4/20250127/00034.mp4,"(0.28, 0.96)",0.28,0.96,163.739795291688,1259,790,"(1259.0, 790.0)",1633,1,raw_vertical_uncalibrated,,,,,,,,,,,,,,,,,,,,,,not_corrected
vertical,annotator_csv,vertical_20250127,23y,23y,23y_00034,vertical_20250127__23y__23y_00034,3,,vertical,,20250127,15:23:00,23y_00034_waggle_annotations.csv,/media/geko/VERBATIM HD/SA2025_dances/George/mp4/20250127/00034.mp4,"(0.11914522061843064, 0.992876838486922)",0.119145220618431,0.992876838486922,173.157226587369,1263,770,"(1263.0, 770.0)",1701,1,raw_vertical_uncalibrated,,,,,,,,,,,,,,,,,,,,,,not_corrected
vertical,annotator_csv,vertical_20250127,23y,23y,23y_00034,vertical_20250127__23y__23y_00034,4,,vertical,,20250127,15:23:00,23y_00034_waggle_annotations.csv,/media/geko/VERBATIM HD/SA2025_dances/George/mp4/20250127/00034.mp4,"(-0.02127178149057585, 0.999773730057065)",-0.0212717814905759,0.999773730057065,181.218875235131,1261,765,"(1261.0, 765.0)",1703,1,raw_vertical_uncalibrated,,,,,,,,,,,,,,,,,,,,,,not_corrected
vertical,annotator_csv,vertical_20250127,47y,47y,47y_00033,vertical_20250127__47y__47y_00033,1,,vertical,,20250127,15:20:00,47y_00033_waggle_annotations.csv,/media/geko/VERBATIM HD/SA2025_dances/George/mp4/20250127/00033.mp4,"(-0.27472112789737807, 0.9615239476408232)",-0.274721127897378,0.961523947640823,195.945395900923,969,752,"(969.0, 752.0)",46,1,raw_vertical_uncalibrated,,,,,,,,,,,,,,,,,,,,,,not_corrected
vertical,annotator_csv,vertical_20250127,47y,47y,47y_00033,vertical_20250127__47y__47y_00033,2,,vertical,,20250127,15:20:00,47y_00033_waggle_annotations.csv,/media/geko/VERBATIM HD/SA2025_dances/George/mp4/20250127/00033.mp4,"(0.02082881368183567, 0.9997830567281121)",0.0208288136818357,0.999783056728112,178.806510576018,980,737,"(980.0, 737.0)",88,1,raw_vertical_uncalibrated,,,,,,,,,,,,,,,,,,,,,,not_corrected
vertical,annotator_csv,vertical_20250127,47y,47y,47y_00033,vertical_20250127__47y__47y_00033,3,,vertical,,20250127,15:20:00,47y_00033_waggle_annotations.csv,/media/geko/VERBATIM HD/SA2025_dances/George/mp4/20250127/00033.mp4,"(-0.04440061362072038, 0.9990138064662086)",-0.0444006136207204,0.999013806466209,182.544804379813,964,755,"(964.0, 755.0)",140,1,raw_vertical_uncalibrated,,,,,,,,,,,,,,,,,,,,,,not_corrected
vertical,annotator_csv,vertical_20250127,47y,47y,47y_00033,vertical_20250127__47y__47y_00033,4,,vertical,,20250127,15:20:00,47y_00033_waggle_annotations.csv,/media/geko/VERBATIM HD/SA2025_dances/George/mp4/20250127/00033.mp4,"(0.2982749931359468, 0.9544799780350297)",0.298274993135947,0.95447997803503,162.645975363739,973,754,"(973.0, 754.0)",202,1,raw_vertical_uncalibrated,,,,,,,,,,,,,,,,,,,,,,not_corrected
vertical,annotator_csv,vertical_20250127,47y,47y,47y_00033,vertical_20250127__47y__47y_00033,5,,vertical,,20250127,15:20:00,47y_00033_waggle_annotations.csv,/media/geko/VERBATIM HD/SA2025_dances/George/mp4/20250127/00033.mp4,"(-0.303203657276947, 0.9529257800132619)",-0.303203657276947,0.952925780013262,197.65012421993,966,713,"(966.0, 713.0)",252,1,raw_vertical_uncalibrated,,,,,,,,,,,,,,,,,,,,,,not_corrected
vertical,annotator_csv,vertical_20250127,47y,47y,47y_00034,vertical_20250127__47y__47y_00034,1,,vertical,,20250127,15:23:00,47y_00034_waggle_annotations.csv,/media/geko/VERBATIM HD/SA2025_dances/George/mp4/20250127/00034.mp4,"(0.07870248542001067, 0.9968981486534685)",0.0787024854200107,0.996898148653469,175.486011541999,1177,732,"(1177.0, 732.0)",49,1,raw_vertical_uncalibrated,,,,,,,,,,,,,,,,,,,,,,not_corrected
vertical,annotator_csv,vertical_20250127,47y,47y,47y_00034,vertical_20250127__47y__47y_00034,2,,vertical,,20250127,15:23:00,47y_00034_waggle_annotations.csv,/media/geko/VERBATIM HD/SA2025_dances/George/mp4/20250127/00034.mp4,"(-0.2216211035889681, 0.9751328557914597)",-0.221621103588968,0.97513285579146,192.804266065287,1175,720,"(1175.0, 720.0)",110,1,raw_vertical_uncalibrated,,,,,,,,,,,,,,,,,,,,,,not_corrected
vertical,annotator_csv,vertical_20250127,47y,47y,47y_00034,vertical_20250127__47y__47y_00034,3,,vertical,,20250127,15:23:00,47y_00034_waggle_annotations.csv,/media/geko/VERBATIM HD/SA2025_dances/George/mp4/20250127/00034.mp4,"(0.2714601650218062, 0.9624496759864037)",0.271460165021806,0.962449675986404,164.248826336547,1178,712,"(1178.0, 712.0)",165,1,raw_vertical_uncalibrated,,,,,,,,,,,,,,,,,,,,,,not_corrected
vertical,annotator_csv,vertical_20250127,47y,47y,47y_00034,vertical_20250127__47y__47y_00034,4,,vertical,,20250127,15:23:00,47y_00034_waggle_annotations.csv,/media/geko/VERBATIM HD/SA2025_dances/George/mp4/20250127/00034.mp4,"(-0.19086965910222414, 0.9816153896685813)",-0.190869659102224,0.981615389668581,191.00354085175,1210,730,"(1210.0, 730.0)",229,1,raw_vertical_uncalibrated,,,,,,,,,,,,,,,,,,,,,,not_corrected
vertical,annotator_csv,vertical_20250127,47y,47y,47y_00047,vertical_20250127__47y__47y_00047,1,,vertical,,20250127,17:39:00,47y_00047_waggle_annotations.csv,/media/geko/VERBATIM HD/SA2025_dances/George/mp4/20250127/00047.mp4,"(-0.33212511942391126, 0.943235339163908)",-0.332125119423911,0.943235339163908,199.397812448558,791,846,"(791.0, 846.0)",0,1,raw_vertical_uncalibrated,,,,,,,,,,,,,,,,,,,,,,not_corrected
vertical,annotator_csv,vertical_20250127,47y,47y,47y_00047,vertical_20250127__47y__47y_00047,2,,vertical,,20250127,17:39:00,47y_00047_waggle_annotations.csv,/media/geko/VERBATIM HD/SA2025_dances/George/mp4/20250127/00047.mp4,"(-0.6084315436571356, 0.793606361291916)",-0.608431543657136,0.793606361291916,217.476179561361,790,835,"(790.0, 835.0)",55,1,raw_vertical_uncalibrated,,,,,,,,,,,,,,,,,,,,,,not_corrected
vertical,annotator_csv,vertical_20250127,47y,47y,47y_00047,vertical_20250127__47y__47y_00047,3,,vertical,,20250127,17:39:00,47y_00047_waggle_annotations.csv,/media/geko/VERBATIM HD/SA2025_dances/George/mp4/20250127/00047.mp4,"(0.11550085817456437, 0.9933073803012535)",0.115500858174564,0.993307380301254,173.367485384862,852,867,"(852.0, 867.0)",111,1,raw_vertical_uncalibrated,,,,,,,,,,,,,,,,,,,,,,not_corrected
vertical,annotator_csv,vertical_20250127,47y,47y,47y_00047,vertical_20250127__47y__47y_00047,4,,vertical,,20250127,17:39:00,47y_00047_waggle_annotations.csv,/media/geko/VERBATIM HD/SA2025_dances/George/mp4/20250127/00047.mp4,"(-0.48342270083416927, 0.875387052861874)",-0.483422700834169,0.875387052861874,208.909183651148,803,867,"(803.0, 867.0)",166,1,raw_vertical_uncalibrated,,,,,,,,,,,,,,,,,,,,,,not_corrected
vertical,annotator_csv,vertical_20250127,47y,47y,47y_00047,vertical_20250127__47y__47y_00047,5,,vertical,,20250127,17:39:00,47y_00047_waggle_annotations.csv,/media/geko/VERBATIM HD/SA2025_dances/George/mp4/20250127/00047.mp4,"(-0.31622776601683794, 0.9486832980505139)",-0.316227766016838,0.948683298050514,198.434948822922,782,861,"(782.0, 861.0)",214,1,raw_vertical_uncalibrated,,,,,,,,,,,,,,,,,,,,,,not_corrected
vertical,annotator_csv,vertical_20250127,47y,47y,47y_00047,vertical_20250127__47y__47y_00047,6,,vertical,,20250127,17:39:00,47y_00047_waggle_annotations.csv,/media/geko/VERBATIM HD/SA2025_dances/George/mp4/20250127/00047.mp4,"(-0.7071067811865476, 0.7071067811865476)",-0.707106781186548,0.707106781186548,225,801,857,"(801.0, 857.0)",269,1,raw_vertical_uncalibrated,,,,,,,,,,,,,,,,,,,,,,not_corrected
vertical,annotator_csv,vertical_20250127,47y,47y,47y_00047,vertical_20250127__47y__47y_00047,7,,vertical,,20250127,17:39:00,47y_00047_waggle_annotations.csv,/media/geko/VERBATIM HD/SA2025_dances/George/mp4/20250127/00047.mp4,"(0.0, 1.0)",0,1,180,801,868,"(801.0, 868.0)",317,1,raw_vertical_uncalibrated,,,,,,,,,,,,,,,,,,,,,,not_corrected
vertical,annotator_csv,vertical_20250127,47y,47y,47y_00047,vertical_20250127__47y__47y_00047,8,,vertical,,20250127,17:39:00,47y_00047_waggle_annotations.csv,/media/geko/VERBATIM HD/SA2025_dances/George/mp4/20250127/00047.mp4,"(-0.5214500094539749, 0.853281833651959)",-0.521450009453975,0.853281833651959,211.429565614839,735,816,"(735.0, 816.0)",363,1,raw_vertical_uncalibrated,,,,,,,,,,,,,,,,,,,,,,not_corrected
vertical,annotator_csv,vertical_20250127,47y,47y,47y_00048,vertical_20250127__47y__47y_00048,1,,vertical,,20250127,17:44:00,47y_00048_waggle_annotations.csv,/media/geko/VERBATIM HD/SA2025_dances/George/mp4/20250127/00048.mp4,"(-0.4327310675847713, 0.9015230574682735)",-0.432731067584771,0.901523057468274,205.641005824305,884,883,"(884.0, 883.0)",426,1,raw_vertical_uncalibrated,,,,,,,,,,,,,,,,,,,,,,not_corrected
vertical,annotator_csv,vertical_20250127,47y,47y,47y_00048,vertical_20250127__47y__47y_00048,2,,vertical,,20250127,17:44:00,47y_00048_waggle_annotations.csv,/media/geko/VERBATIM HD/SA2025_dances/George/mp4/20250127/00048.mp4,"(0.022721405353294154, 0.9997418355449428)",0.0227214053532942,0.999741835544943,178.698047327421,876,882,"(876.0, 882.0)",481,1,raw_vertical_uncalibrated,,,,,,,,,,,,,,,,,,,,,,not_corrected
vertical,annotator_csv,vertical_20250127,47y,47y,47y_00048,vertical_20250127__47y__47y_00048,3,,vertical,,20250127,17:44:00,47y_00048_waggle_annotations.csv,/media/geko/VERBATIM HD/SA2025_dances/George/mp4/20250127/00048.mp4,"(-0.5872276151887803, 0.8094218479629134)",-0.58722761518878,0.809421847962913,215.960517196645,861,787,"(861.0, 787.0)",541,1,raw_vertical_uncalibrated,,,,,,,,,,,,,,,,,,,,,,not_corrected
vertical,annotator_csv,vertical_20250127,47y,47y,47y_00048,vertical_20250127__47y__47y_00048,4,,vertical,,20250127,17:44:00,47y_00048_waggle_annotations.csv,/media/geko/VERBATIM HD/SA2025_dances/George/mp4/20250127/00048.mp4,"(-0.3344098451707649, 0.9424277454812465)",-0.334409845170765,0.942427745481247,199.536654938128,899,801,"(899.0, 801.0)",585,1,raw_vertical_uncalibrated,,,,,,,,,,,,,,,,,,,,,,not_corrected
vertical,annotator_csv,vertical_20250127,47y,47y,47y_00048,vertical_20250127__47y__47y_00048,5,,vertical,,20250127,17:44:00,47y_00048_waggle_annotations.csv,/media/geko/VERBATIM HD/SA2025_dances/George/mp4/20250127/00048.mp4,"(-0.8320502943378436, 0.554700196225229)",-0.832050294337844,0.554700196225229,236.30993247402,906,791,"(906.0, 791.0)",631,1,raw_vertical_uncalibrated,,,,,,,,,,,,,,,,,,,,,,not_corrected
vertical,annotator_csv,vertical_20250127,47y,47y,47y_00048,vertical_20250127__47y__47y_00048,6,,vertical,,20250127,17:44:00,47y_00048_waggle_annotations.csv,/media/geko/VERBATIM HD/SA2025_dances/George/mp4/20250127/00048.mp4,"(-0.5623100214072791, 0.8269265020695281)",-0.562310021407279,0.826926502069528,214.215702132437,904,826,"(904.0, 826.0)",681,1,raw_vertical_uncalibrated,,,,,,,,,,,,,,,,,,,,,,not_corrected
vertical,annotator_csv,vertical_20250127,47y,47y,47y_00048,vertical_20250127__47y__47y_00048,7,,vertical,,20250127,17:44:00,47y_00048_waggle_annotations.csv,/media/geko/VERBATIM HD/SA2025_dances/George/mp4/20250127/00048.mp4,"(-0.8, 0.6)",-0.8,0.6,233.130102354156,856,813,"(856.0, 813.0)",725,1,raw_vertical_uncalibrated,,,,,,,,,,,,,,,,,,,,,,not_corrected
vertical,annotator_csv,vertical_20250127,47y,47y,47y_00048,vertical_20250127__47y__47y_00048,8,,vertical,,20250127,17:44:00,47y_00048_waggle_annotations.csv,/media/geko/VERBATIM HD/SA2025_dances/George/mp4/20250127/00048.mp4,"(0.06959826284903865, 0.9975751008362207)",0.0695982628490387,0.997575100836221,176.00908690157,865,807,"(865.0, 807.0)",766,1,raw_vertical_uncalibrated,,,,,,,,,,,,,,,,,,,,,,not_corrected
vertical,annotator_csv,vertical_20250127,47y,47y,47y_00048,vertical_20250127__47y__47y_00048,9,,vertical,,20250127,17:44:00,47y_00048_waggle_annotations.csv,/media/geko/VERBATIM HD/SA2025_dances/George/mp4/20250127/00048.mp4,"(-0.20952908873087348, 0.9778024140774095)",-0.209529088730873,0.97780241407741,192.094757077012,832,766,"(832.0, 766.0)",825,1,raw_vertical_uncalibrated,,,,,,,,,,,,,,,,,,,,,,not_corrected
vertical,annotator_csv,vertical_20250127,47y,47y,47y_00048,vertical_20250127__47y__47y_00048,10,,vertical,,20250127,17:44:00,47y_00048_waggle_annotations.csv,/media/geko/VERBATIM HD/SA2025_dances/George/mp4/20250127/00048.mp4,"(-0.15711504873513174, 0.9875803063351138)",-0.157115048735132,0.987580306335114,189.039482803355,805,764,"(805.0, 764.0)",879,1,raw_vertical_uncalibrated,,,,,,,,,,,,,,,,,,,,,,not_corrected
vertical,annotator_csv,vertical_20250127,47y,47y,47y_00048,vertical_20250127__47y__47y_00048,11,,vertical,,20250127,17:44:00,47y_00048_waggle_annotations.csv,/media/geko/VERBATIM HD/SA2025_dances/George/mp4/20250127/00048.mp4,"(-0.8443294201829336, 0.5358244397314771)",-0.844329420182934,0.535824439731477,237.600159826081,790,753,"(790.0, 753.0)",922,1,raw_vertical_uncalibrated,,,,,,,,,,,,,,,,,,,,,,not_corrected
vertical,annotator_csv,vertical_20250127,47y,47y,47y_00048,vertical_20250127__47y__47y_00048,12,,vertical,,20250127,17:44:00,47y_00048_waggle_annotations.csv,/media/geko/VERBATIM HD/SA2025_dances/George/mp4/20250127/00048.mp4,"(-0.6441357457827797, 0.7649111981170508)",-0.64413574578278,0.764911198117051,220.100907546212,789,808,"(789.0, 808.0)",968,1,raw_vertical_uncalibrated,,,,,,,,,,,,,,,,,,,,,,not_corrected
vertical,annotator_csv,vertical_20250127,47y,47y,47y_00048,vertical_20250127__47y__47y_00048,13,,vertical,,20250127,17:44:00,47y_00048_waggle_annotations.csv,/media/geko/VERBATIM HD/SA2025_dances/George/mp4/20250127/00048.mp4,"(-0.8598547438407345, 0.5105387541554361)",-0.859854743840735,0.510538754155436,239.300277449186,765,759,"(765.0, 759.0)",1013,1,raw_vertical_uncalibrated,,,,,,,,,,,,,,,,,,,,,,not_corrected
vertical,annotator_csv,vertical_20250127,47y,47y,47y_00048,vertical_20250127__47y__47y_00048,14,,vertical,,20250127,17:44:00,47y_00048_waggle_annotations.csv,/media/geko/VERBATIM HD/SA2025_dances/George/mp4/20250127/00048.mp4,"(-0.34780682295852283, 0.9375662184099312)",-0.347806822958523,0.937566218409931,200.353229148069,788,759,"(788.0, 759.0)",1060,1,raw_vertical_uncalibrated,,,,,,,,,,,,,,,,,,,,,,not_corrected
vertical,annotator_csv,vertical_20250127,47y,47y,47y_00048,vertical_20250127__47y__47y_00048,15,,vertical,,20250127,17:44:00,47y_00048_waggle_annotations.csv,/media/geko/VERBATIM HD/SA2025_dances/George/mp4/20250127/00048.mp4,"(-0.7577688023534059, 0.6525231353598773)",-0.757768802353406,0.652523135359877,229.267893300291,793,759,"(793.0, 759.0)",1102,1,raw_vertical_uncalibrated,,,,,,,,,,,,,,,,,,,,,,not_corrected
vertical,annotator_csv,vertical_20250127,47y,47y,47y_00048,vertical_20250127__47y__47y_00048,16,,vertical,,20250127,17:44:00,47y_00048_waggle_annotations.csv,/media/geko/VERBATIM HD/SA2025_dances/George/mp4/20250127/00048.mp4,"(-0.5178026794057725, 0.8555000790182329)",-0.517802679405773,0.855500079018233,211.184974658738,831,799,"(831.0, 799.0)",1150,1,raw_vertical_uncalibrated,,,,,,,,,,,,,,,,,,,,,,not_corrected
vertical,annotator_csv,vertical_20250127,47y,47y,47y_00048,vertical_20250127__47y__47y_00048,17,,vertical,,20250127,17:44:00,47y_00048_waggle_annotations.csv,/media/geko/VERBATIM HD/SA2025_dances/George/mp4/20250127/00048.mp4,"(-0.6097107608496924, 0.7926239891046001)",-0.609710760849692,0.7926239891046,217.568592028827,796,808,"(796.0, 808.0)",1191,1,raw_vertical_uncalibrated,,,,,,,,,,,,,,,,,,,,,,not_corrected
vertical,annotator_csv,vertical_20250127,47y,47y,47y_00048,vertical_20250127__47y__47y_00048,18,,vertical,,20250127,17:44:00,47y_00048_waggle_annotations.csv,/media/geko/VERBATIM HD/SA2025_dances/George/mp4/20250127/00048.mp4,"(-0.6128235192938828, 0.7902198011947436)",-0.612823519293883,0.790219801194744,217.793942998617,877,813,"(877.0, 813.0)",1235,1,raw_vertical_uncalibrated,,,,,,,,,,,,,,,,,,,,,,not_corrected
vertical,annotator_csv,vertical_20250127,47y,47y,47y_00048,vertical_20250127__47y__47y_00048,19,,vertical,,20250127,17:44:00,47y_00048_waggle_annotations.csv,/media/geko/VERBATIM HD/SA2025_dances/George/mp4/20250127/00048.mp4,"(-0.8354170822439401, 0.5496165014762764)",-0.83541708224394,0.549616501476276,236.659292653523,826,780,"(826.0, 780.0)",1279,1,raw_vertical_uncalibrated,,,,,,,,,,,,,,,,,,,,,,not_corrected
vertical,annotator_csv,vertical_20250127,47y,47y,47y_00048,vertical_20250127__47y__47y_00048,20,,vertical,,20250127,17:44:00,47y_00048_waggle_annotations.csv,/media/geko/VERBATIM HD/SA2025_dances/George/mp4/20250127/00048.mp4,"(-0.7445694406464903, 0.6675450157520258)",-0.74456944064649,0.667545015752026,228.122130462116,844,793,"(844.0, 793.0)",1321,1,raw_vertical_uncalibrated,,,,,,,,,,,,,,,,,,,,,,not_corrected
vertical,annotator_csv,vertical_20250127,47y,47y,47y_00048,vertical_20250127__47y__47y_00048,21,,vertical,,20250127,17:44:00,47y_00048_waggle_annotations.csv,/media/geko/VERBATIM HD/SA2025_dances/George/mp4/20250127/00048.mp4,"(-0.7342720682754589, 0.6788553084056129)",-0.734272068275459,0.678855308405613,227.245742565895,826,773,"(826.0, 773.0)",1363,1,raw_vertical_uncalibrated,,,,,,,,,,,,,,,,,,,,,,not_corrected
vertical,annotator_csv,vertical_20250127,47y,47y,47y_00048,vertical_20250127__47y__47y_00048,22,,vertical,,20250127,17:44:00,47y_00048_waggle_annotations.csv,/media/geko/VERBATIM HD/SA2025_dances/George/mp4/20250127/00048.mp4,"(-0.6419366564593427, 0.7667576729931038)",-0.641936656459343,0.766757672993104,219.93638314697,853,794,"(853.0, 794.0)",1403,1,raw_vertical_uncalibrated,,,,,,,,,,,,,,,,,,,,,,not_corrected
vertical,annotator_csv,vertical_20250127,47y,47y,47y_00048,vertical_20250127__47y__47y_00048,23,,vertical,,20250127,17:44:00,47y_00048_waggle_annotations.csv,/media/geko/VERBATIM HD/SA2025_dances/George/mp4/20250127/00048.mp4,"(-0.939793423488437, 0.3417430630867044)",-0.939793423488437,0.341743063086704,250.0168934781,853,793,"(853.0, 793.0)",1452,1,raw_vertical_uncalibrated,,,,,,,,,,,,,,,,,,,,,,not_corrected
vertical,annotator_csv,vertical_20250127,47y,47y,47y_00048,vertical_20250127__47y__47y_00048,24,,vertical,,20250127,17:44:00,47y_00048_waggle_annotations.csv,/media/geko/VERBATIM HD/SA2025_dances/George/mp4/20250127/00048.mp4,"(-0.6541519329315841, 0.7563631724521442)",-0.654151932931584,0.756363172452144,220.855376258896,853,770,"(853.0, 770.0)",1498,1,raw_vertical_uncalibrated,,,,,,,,,,,,,,,,,,,,,,not_corrected
vertical,annotator_csv,vertical_20250127,47y,47y,47y_00048,vertical_20250127__47y__47y_00048,25,,vertical,,20250127,17:44:00,47y_00048_waggle_annotations.csv,/media/geko/VERBATIM HD/SA2025_dances/George/mp4/20250127/00048.mp4,"(-0.7132285711519096, 0.7009315268217042)",-0.71322857115191,0.700931526821704,225.498211612614,836,774,"(836.0, 774.0)",1558,1,raw_vertical_uncalibrated,,,,,,,,,,,,,,,,,,,,,,not_corrected
vertical,annotator_csv,vertical_20250127,47y,47y,47y_00048,vertical_20250127__47y__47y_00048,26,,vertical,,20250127,17:44:00,47y_00048_waggle_annotations.csv,/media/geko/VERBATIM HD/SA2025_dances/George/mp4/20250127/00048.mp4,"(-0.30028587523270983, 0.9538492507391959)",-0.30028587523271,0.953849250739196,197.474774256256,923,775,"(923.0, 775.0)",1608,1,raw_vertical_uncalibrated,,,,,,,,,,,,,,,,,,,,,,not_corrected
vertical,annotator_csv,vertical_20250127,47y,47y,47y_00048,vertical_20250127__47y__47y_00048,27,,vertical,,20250127,17:44:00,47y_00048_waggle_annotations.csv,/media/geko/VERBATIM HD/SA2025_dances/George/mp4/20250127/00048.mp4,"(-0.9037378388935388, 0.42808634473904467)",-0.903737838893539,0.428086344739045,244.653824058053,913,765,"(913.0, 765.0)",1657,1,raw_vertical_uncalibrated,,,,,,,,,,,,,,,,,,,,,,not_corrected
vertical,annotator_csv,vertical_20250127,47y,47y,47y_00049,vertical_20250127__47y__47y_00049,1,,vertical,,20250127,17:48:00,47y_00049_waggle_annotations.csv,/media/geko/VERBATIM HD/SA2025_dances/George/mp4/20250127/00049.mp4,"(-0.23560002562150417, 0.9718501056887047)",-0.235600025621504,0.971850105688705,193.626994859892,932,886,"(932.0, 886.0)",1283,1,raw_vertical_uncalibrated,,,,,,,,,,,,,,,,,,,,,,not_corrected
vertical,annotator_csv,vertical_20250127,47y,47y,47y_00049,vertical_20250127__47y__47y_00049,2,,vertical,,20250127,17:48:00,47y_00049_waggle_annotations.csv,/media/geko/VERBATIM HD/SA2025_dances/George/mp4/20250127/00049.mp4,"(-0.46675861955812287, 0.8843847528469696)",-0.466758619558123,0.88438475284697,207.824096384253,899,868,"(899.0, 868.0)",1331,1,raw_vertical_uncalibrated,,,,,,,,,,,,,,,,,,,,,,not_corrected
vertical,annotator_csv,vertical_20250127,47y,47y,47y_00049,vertical_20250127__47y__47y_00049,3,,vertical,,20250127,17:48:00,47y_00049_waggle_annotations.csv,/media/geko/VERBATIM HD/SA2025_dances/George/mp4/20250127/00049.mp4,"(-0.8725060159497201, 0.48860336893184325)",-0.87250601594972,0.488603368931843,240.751173663453,893,793,"(893.0, 793.0)",1382,1,raw_vertical_uncalibrated,,,,,,,,,,,,,,,,,,,,,,not_corrected
vertical,annotator_csv,vertical_20250127,47y,47y,47y_00049,vertical_20250127__47y__47y_00049,4,,vertical,,20250127,17:48:00,47y_00049_waggle_annotations.csv,/media/geko/VERBATIM HD/SA2025_dances/George/mp4/20250127/00049.mp4,"(-0.25766265056033233, 0.9662349396012463)",-0.257662650560332,0.966234939601246,194.931417178138,910,788,"(910.0, 788.0)",1432,1,raw_vertical_uncalibrated,,,,,,,,,,,,,,,,,,,,,,not_corrected
vertical,annotator_csv,vertical_20250127,47y,47y,47y_00049,vertical_20250127__47y__47y_00049,5,,vertical,,20250127,17:48:00,47y_00049_waggle_annotations.csv,/media/geko/VERBATIM HD/SA2025_dances/George/mp4/20250127/00049.mp4,"(-0.7612432304867113, 0.6484664555997911)",-0.761243230486711,0.648466455599791,229.573921259901,891,735,"(891.0, 735.0)",1470,1,raw_vertical_uncalibrated,,,,,,,,,,,,,,,,,,,,,,not_corrected
vertical,annotator_csv,vertical_20250127,47y,47y,47y_00049,vertical_20250127__47y__47y_00049,6,,vertical,,20250127,17:48:00,47y_00049_waggle_annotations.csv,/media/geko/VERBATIM HD/SA2025_dances/George/mp4/20250127/00049.mp4,"(-0.26515648302104233, 0.9642053928037904)",-0.265156483021042,0.96420539280379,195.376251248826,921,766,"(921.0, 766.0)",1527,1,raw_vertical_uncalibrated,,,,,,,,,,,,,,,,,,,,,,not_corrected
vertical,annotator_csv,vertical_20250127,47y,47y,47y_00049,vertical_20250127__47y__47y_00049,7,,vertical,,20250127,17:48:00,47y_00049_waggle_annotations.csv,/media/geko/VERBATIM HD/SA2025_dances/George/mp4/20250127/00049.mp4,"(-0.8808243970156511, 0.47344311339591244)",-0.880824397015651,0.473443113395912,241.741970385293,930,708,"(930.0, 708.0)",1565,1,raw_vertical_uncalibrated,,,,,,,,,,,,,,,,,,,,,,not_corrected
vertical,annotator_csv,vertical_20250127,47y,47y,47y_00049,vertical_20250127__47y__47y_00049,8,,vertical,,20250127,17:48:00,47y_00049_waggle_annotations.csv,/media/geko/VERBATIM HD/SA2025_dances/George/mp4/20250127/00049.mp4,"(-0.5390536964233673, 0.8422714006615114)",-0.539053696423367,0.842271400661511,212.619243071193,960,751,"(960.0, 751.0)",1611,1,raw_vertical_uncalibrated,,,,,,,,,,,,,,,,,,,,,,not_corrected
vertical,annotator_csv,vertical_20250127,47y,47y,47y_00049,vertical_20250127__47y__47y_00049,9,,vertical,,20250127,17:48:00,47y_00049_waggle_annotations.csv,/media/geko/VERBATIM HD/SA2025_dances/George/mp4/20250127/00049.mp4,"(-0.8995081585759976, 0.4369039627369131)",-0.899508158575998,0.436903962736913,244.093492000486,950,717,"(950.0, 717.0)",1660,1,raw_vertical_uncalibrated,,,,,,,,,,,,,,,,,,,,,,not_corrected
vertical,annotator_csv,vertical_20250127,47y,47y,47y_00049,vertical_20250127__47y__47y_00049,10,,vertical,,20250127,17:48:00,47y_00049_waggle_annotations.csv,/media/geko/VERBATIM HD/SA2025_dances/George/mp4/20250127/00049.mp4,"(-0.12105437531103977, 0.9926458775505261)",-0.12105437531104,0.992645877550526,186.952957468174,953,724,"(953.0, 724.0)",1707,1,raw_vertical_uncalibrated,,,,,,,,,,,,,,,,,,,,,,not_corrected
vertical,annotator_csv,vertical_20250127,47y,47y,47y_00049,vertical_20250127__47y__47y_00049,11,,vertical,,20250127,17:48:00,47y_00049_waggle_annotations.csv,/media/geko/VERBATIM HD/SA2025_dances/George/mp4/20250127/00049.mp4,"(-0.6734899961837036, 0.7391963372747966)",-0.673489996183704,0.739196337274797,222.336999233933,1002,729,"(1002.0, 729.0)",1753,1,raw_vertical_uncalibrated,,,,,,,,,,,,,,,,,,,,,,not_corrected
vertical,annotator_csv,vertical_20250127,47y,47y,47y_00049,vertical_20250127__47y__47y_00049,12,,vertical,,20250127,17:48:00,47y_00049_waggle_annotations.csv,/media/geko/VERBATIM HD/SA2025_dances/George/mp4/20250127/00049.mp4,"(-0.7831108474982938, 0.6218821436015862)",-0.783110847498294,0.621882143601586,231.546290783294,955,713,"(955.0, 713.0)",1801,1,raw_vertical_uncalibrated,,,,,,,,,,,,,,,,,,,,,,not_corrected
vertical,annotator_csv,vertical_20250127,47y,47y,47y_00049,vertical_20250127__47y__47y_00049,13,,vertical,,20250127,17:48:00,47y_00049_waggle_annotations.csv,/media/geko/VERBATIM HD/SA2025_dances/George/mp4/20250127/00049.mp4,"(-0.6283371070876212, 0.7779411802037216)",-0.628337107087621,0.777941180203722,218.927543592792,981,726,"(981.0, 726.0)",1847,1,raw_vertical_uncalibrated,,,,,,,,,,,,,,,,,,,,,,not_corrected
vertical,annotator_csv,vertical_20250127,47y,47y,47y_00049,vertical_20250127__47y__47y_00049,14,,vertical,,20250127,17:48:00,47y_00049_waggle_annotations.csv,/media/geko/VERBATIM HD/SA2025_dances/George/mp4/20250127/00049.mp4,"(-0.851658316704544, 0.5240974256643347)",-0.851658316704544,0.524097425664335,238.392497753751,953,670,"(953.0, 670.0)",1898,1,raw_vertical_uncalibrated,,,,,,,,,,,,,,,,,,,,,,not_corrected
vertical,annotator_csv,vertical_20250127,47y,47y,47y_00049,vertical_20250127__47y__47y_00049,15,,vertical,,20250127,17:48:00,47y_00049_waggle_annotations.csv,/media/geko/VERBATIM HD/SA2025_dances/George/mp4/20250127/00049.mp4,"(-0.48342270083416927, 0.875387052861874)",-0.483422700834169,0.875387052861874,208.909183651148,980,714,"(980.0, 714.0)",1946,1,raw_vertical_uncalibrated,,,,,,,,,,,,,,,,,,,,,,not_corrected
vertical,annotator_csv,vertical_20250127,47y,47y,47y_00049,vertical_20250127__47y__47y_00049,16,,vertical,,20250127,17:48:00,47y_00049_waggle_annotations.csv,/media/geko/VERBATIM HD/SA2025_dances/George/mp4/20250127/00049.mp4,"(-0.8213699656732957, 0.5703958094953442)",-0.821369965673296,0.570395809495344,235.222168633636,978,696,"(978.0, 696.0)",2003,1,raw_vertical_uncalibrated,,,,,,,,,,,,,,,,,,,,,,not_corrected
vertical,annotator_csv,vertical_20250127,47y,47y,47y_00049,vertical_20250127__47y__47y_00049,17,,vertical,,20250127,17:48:00,47y_00049_waggle_annotations.csv,/media/geko/VERBATIM HD/SA2025_dances/George/mp4/20250127/00049.mp4,"(-0.46574643283262235, 0.8849182223819825)",-0.465746432832622,0.884918222381983,207.75854060106,1018,720,"(1018.0, 720.0)",2047,1,raw_vertical_uncalibrated,,,,,,,,,,,,,,,,,,,,,,not_corrected
vertical,annotator_csv,vertical_20250127,47y,47y,47y_00049,vertical_20250127__47y__47y_00049,18,,vertical,,20250127,17:48:00,47y_00049_waggle_annotations.csv,/media/geko/VERBATIM HD/SA2025_dances/George/mp4/20250127/00049.mp4,"(-0.6213947110020441, 0.7834976790895338)",-0.621394711002044,0.783497679089534,218.418055344822,1009,706,"(1009.0, 706.0)",2088,1,raw_vertical_uncalibrated,,,,,,,,,,,,,,,,,,,,,,not_corrected
vertical,annotator_csv,vertical_20250127,47y,47y,47y_00049,vertical_20250127__47y__47y_00049,19,,vertical,,20250127,17:48:00,47y_00049_waggle_annotations.csv,/media/geko/VERBATIM HD/SA2025_dances/George/mp4/20250127/00049.mp4,"(-0.6351053995925655, 0.7724254859909581)",-0.635105399592566,0.772425485990958,219.427802196036,1008,729,"(1008.0, 729.0)",2132,1,raw_vertical_uncalibrated,,,,,,,,,,,,,,,,,,,,,,not_corrected
vertical,annotator_csv,vertical_20250127,47y,47y,47y_00049,vertical_20250127__47y__47y_00049,20,,vertical,,20250127,17:48:00,47y_00049_waggle_annotations.csv,/media/geko/VERBATIM HD/SA2025_dances/George/mp4/20250127/00049.mp4,"(-0.812323733591591, 0.5832067830913987)",-0.812323733591591,0.583206783091399,234.323591778138,1010,693,"(1010.0, 693.0)",2177,1,raw_vertical_uncalibrated,,,,,,,,,,,,,,,,,,,,,,not_corrected
vertical,annotator_csv,vertical_20250127,47y,47y,47y_00049,vertical_20250127__47y__47y_00049,21,,vertical,,20250127,17:48:00,47y_00049_waggle_annotations.csv,/media/geko/VERBATIM HD/SA2025_dances/George/mp4/20250127/00049.mp4,"(-0.4083660600582539, 0.9128182518949205)",-0.408366060058254,0.912818251894921,204.102234501161,1032,696,"(1032.0, 696.0)",2229,1,raw_vertical_uncalibrated,,,,,,,,,,,,,,,,,,,,,,not_corrected
vertical,annotator_csv,vertical_20250127,47y,47y,47y_00049,vertical_20250127__47y__47y_00049,22,,vertical,,20250127,17:48:00,47y_00049_waggle_annotations.csv,/media/geko/VERBATIM HD/SA2025_dances/George/mp4/20250127/00049.mp4,"(-0.8624157838205286, 0.5062005687642234)",-0.862415783820529,0.506200568764223,239.588918732875,1005,694,"(1005.0, 694.0)",2276,1,raw_vertical_uncalibrated,,,,,,,,,,,,,,,,,,,,,,not_corrected
vertical,annotator_csv,vertical_20250127,47y,47y,47y_00049,vertical_20250127__47y__47y_00049,23,,vertical,,20250127,17:48:00,47y_00049_waggle_annotations.csv,/media/geko/VERBATIM HD/SA2025_dances/George/mp4/20250127/00049.mp4,"(-0.683157128775741, 0.7302714135188956)",-0.683157128775741,0.730271413518896,223.090847567004,1007,698,"(1007.0, 698.0)",2319,1,raw_vertical_uncalibrated,,,,,,,,,,,,,,,,,,,,,,not_corrected
vertical,annotator_csv,vertical_20250127,47y,47y,47y_00049,vertical_20250127__47y__47y_00049,24,,vertical,,20250127,17:48:00,47y_00049_waggle_annotations.csv,/media/geko/VERBATIM HD/SA2025_dances/George/mp4/20250127/00049.mp4,"(-0.8944271909999159, 0.4472135954999579)",-0.894427190999916,0.447213595499958,243.434948822922,995,665,"(995.0, 665.0)",2366,1,raw_vertical_uncalibrated,,,,,,,,,,,,,,,,,,,,,,not_corrected
vertical,annotator_csv,vertical_20250127,47y,47y,47y_00049,vertical_20250127__47y__47y_00049,25,,vertical,,20250127,17:48:00,47y_00049_waggle_annotations.csv,/media/geko/VERBATIM HD/SA2025_dances/George/mp4/20250127/00049.mp4,"(-0.447213595499958, 0.894427190999916)",-0.447213595499958,0.894427190999916,206.565051177078,1015,688,"(1015.0, 688.0)",2412,1,raw_vertical_uncalibrated,,,,,,,,,,,,,,,,,,,,,,not_corrected
vertical,annotator_csv,vertical_20250127,47y,47y,47y_00049,vertical_20250127__47y__47y_00049,26,,vertical,,20250127,17:48:00,47y_00049_waggle_annotations.csv,/media/geko/VERBATIM HD/SA2025_dances/George/mp4/20250127/00049.mp4,"(-0.7498378553650925, 0.6616216370868463)",-0.749837855365093,0.661621637086846,228.576334374997,996,651,"(996.0, 651.0)",2455,1,raw_vertical_uncalibrated,,,,,,,,,,,,,,,,,,,,,,not_corrected
vertical,annotator_csv,vertical_20250127,47y,47y,47y_00049,vertical_20250127__47y__47y_00049,27,,vertical,,20250127,17:48:00,47y_00049_waggle_annotations.csv,/media/geko/VERBATIM HD/SA2025_dances/George/mp4/20250127/00049.mp4,"(-0.31622776601683794, 0.9486832980505138)",-0.316227766016838,0.948683298050514,198.434948822922,1027,679,"(1027.0, 679.0)",2498,1,raw_vertical_uncalibrated,,,,,,,,,,,,,,,,,,,,,,not_corrected
vertical,annotator_csv,vertical_20250127,47y,47y,47y_00049,vertical_20250127__47y__47y_00049,28,,vertical,,20250127,17:48:00,47y_00049_waggle_annotations.csv,/media/geko/VERBATIM HD/SA2025_dances/George/mp4/20250127/00049.mp4,"(-0.3303504247281061, 0.9438583563660173)",-0.330350424728106,0.943858356366017,199.290046219189,1035,667,"(1035.0, 667.0)",2542,1,raw_vertical_uncalibrated,,,,,,,,,,,,,,,,,,,,,,not_corrected
vertical,annotator_csv,vertical_20250127,47y,47y,47y_00049,vertical_20250127__47y__47y_00049,29,,vertical,,20250127,17:48:00,47y_00049_waggle_annotations.csv,/media/geko/VERBATIM HD/SA2025_dances/George/mp4/20250127/00049.mp4,"(-0.8983843609192008, 0.4392101320049426)",-0.898384360919201,0.439210132004943,243.946504689509,990,684,"(990.0, 684.0)",2594,1,raw_vertical_uncalibrated,,,,,,,,,,,,,,,,,,,,,,not_corrected
vertical,annotator_csv,vertical_20250127,47y,47y,47y_00049,vertical_20250127__47y__47y_00049,30,,vertical,,20250127,17:48:00,47y_00049_waggle_annotations.csv,/media/geko/VERBATIM HD/SA2025_dances/George/mp4/20250127/00049.mp4,"(-0.6277524511897817, 0.7784130394753294)",-0.627752451189782,0.778413039475329,218.884496433715,1006,710,"(1006.0, 710.0)",2633,1,raw_vertical_uncalibrated,,,,,,,,,,,,,,,,,,,,,,not_corrected
vertical,annotator_csv,vertical_20250127,47y,47y,47y_00049,vertical_20250127__47y__47y_00049,31,,vertical,,20250127,17:48:00,47y_00049_waggle_annotations.csv,/media/geko/VERBATIM HD/SA2025_dances/George/mp4/20250127/00049.mp4,"(-0.6084315436571356, 0.793606361291916)",-0.608431543657136,0.793606361291916,217.476179561361,1056,708,"(1056.0, 708.0)",2685,1,raw_vertical_uncalibrated,,,,,,,,,,,,,,,,,,,,,,not_corrected
vertical,annotator_csv,vertical_20250127,47y,47y,47y_00049,vertical_20250127__47y__47y_00049,32,,vertical,,20250127,17:48:00,47y_00049_waggle_annotations.csv,/media/geko/VERBATIM HD/SA2025_dances/George/mp4/20250127/00049.mp4,"(-0.6595898904087386, 0.751625689070423)",-0.659589890408739,0.751625689070423,221.26860300084,1046,736,"(1046.0, 736.0)",2735,1,raw_vertical_uncalibrated,,,,,,,,,,,,,,,,,,,,,,not_corrected
vertical,annotator_csv,vertical_20250127,47y,47y,47y_00049,vertical_20250127__47y__47y_00049,33,,vertical,,20250127,17:48:00,47y_00049_waggle_annotations.csv,/media/geko/VERBATIM HD/SA2025_dances/George/mp4/20250127/00049.mp4,"(-0.6507913734559685, 0.7592566023652966)",-0.650791373455969,0.759256602365297,220.601294645004,1020,727,"(1020.0, 727.0)",2783,1,raw_vertical_uncalibrated,,,,,,,,,,,,,,,,,,,,,,not_corrected
vertical,annotator_csv,vertical_20250127,47y,47y,47y_00049,vertical_20250127__47y__47y_00049,34,,vertical,,20250127,17:48:00,47y_00049_waggle_annotations.csv,/media/geko/VERBATIM HD/SA2025_dances/George/mp4/20250127/00049.mp4,"(-0.4762831485407526, 0.879291966536774)",-0.476283148540753,0.879291966536774,208.442928624363,1048,759,"(1048.0, 759.0)",2830,1,raw_vertical_uncalibrated,,,,,,,,,,,,,,,,,,,,,,not_corrected
vertical,annotator_csv,vertical_20250127,47y,47y,47y_00049,vertical_20250127__47y__47y_00049,35,,vertical,,20250127,17:48:00,47y_00049_waggle_annotations.csv,/media/geko/VERBATIM HD/SA2025_dances/George/mp4/20250127/00049.mp4,"(-0.828283413127963, 0.5603093677042104)",-0.828283413127963,0.56030936770421,235.922804719869,1053,714,"(1053.0, 714.0)",2874,1,raw_vertical_uncalibrated,,,,,,,,,,,,,,,,,,,,,,not_corrected
vertical,annotator_csv,vertical_20250127,47y,47y,47y_00049,vertical_20250127__47y__47y_00049,36,,vertical,,20250127,17:48:00,47y_00049_waggle_annotations.csv,/media/geko/VERBATIM HD/SA2025_dances/George/mp4/20250127/00049.mp4,"(-0.3609941025577121, 0.9325680982740896)",-0.360994102557712,0.93256809827409,201.161259816828,1067,727,"(1067.0, 727.0)",2919,1,raw_vertical_uncalibrated,,,,,,,,,,,,,,,,,,,,,,not_corrected
vertical,annotator_csv,vertical_20250127,66b,66b,66b_00013,vertical_20250127__66b__66b_00013,1,,vertical,,20250127,11:22:00,66b_00013_waggle_annotations.csv,E:\2026Trackathon\James\mp4\20250127\00013.mp4,"(0.3328201177351375, -0.9429903335828895)",0.332820117735138,-0.94299033358289,19.4400348281762,1076,660,"(1076.0, 660.0)",45,1,raw_vertical_uncalibrated,,,,,,,,,,,,,,,,,,,,,,not_corrected
vertical,annotator_csv,vertical_20250127,66b,66b,66b_00013,vertical_20250127__66b__66b_00013,2,,vertical,,20250127,11:22:00,66b_00013_waggle_annotations.csv,E:\2026Trackathon\James\mp4\20250127\00013.mp4,"(0.2982749931359468, -0.9544799780350297)",0.298274993135947,-0.95447997803503,17.3540246362613,1086,612,"(1086.0, 612.0)",221,1,raw_vertical_uncalibrated,,,,,,,,,,,,,,,,,,,,,,not_corrected
vertical,annotator_csv,vertical_20250127,66b,66b,66b_00013,vertical_20250127__66b__66b_00013,3,,vertical,,20250127,11:22:00,66b_00013_waggle_annotations.csv,E:\2026Trackathon\James\mp4\20250127\00013.mp4,"(0.6246950475544243, -0.7808688094430304)",0.624695047554424,-0.78086880944303,38.6598082540901,997,669,"(997.0, 669.0)",268,1,raw_vertical_uncalibrated,,,,,,,,,,,,,,,,,,,,,,not_corrected
vertical,annotator_csv,vertical_20250127,66b,66b,66b_00013,vertical_20250127__66b__66b_00013,4,,vertical,,20250127,11:22:00,66b_00013_waggle_annotations.csv,E:\2026Trackathon\James\mp4\20250127\00013.mp4,"(-0.06651901052377393, -0.9977851578566089)",-0.0665190105237739,-0.997785157856609,356.18592516571,970,725,"(970.0, 725.0)",330,1,raw_vertical_uncalibrated,,,,,,,,,,,,,,,,,,,,,,not_corrected
vertical,annotator_csv,vertical_20250127,66b,66b,66b_00013,vertical_20250127__66b__66b_00013,5,,vertical,,20250127,11:22:00,66b_00013_waggle_annotations.csv,E:\2026Trackathon\James\mp4\20250127\00013.mp4,"(0.09053574604251853, -0.9958932064677039)",0.0905357460425185,-0.995893206467704,5.19442890773481,938,739,"(938.0, 739.0)",403,1,raw_vertical_uncalibrated,,,,,,,,,,,,,,,,,,,,,,not_corrected
vertical,annotator_csv,vertical_20250127,66b,66b,66b_00013,vertical_20250127__66b__66b_00013,6,,vertical,,20250127,11:22:00,66b_00013_waggle_annotations.csv,E:\2026Trackathon\James\mp4\20250127\00013.mp4,"(0.2544932992796438, -0.9670745372626465)",0.254493299279644,-0.967074537262647,14.7435628364707,939,681,"(939.0, 681.0)",458,1,raw_vertical_uncalibrated,,,,,,,,,,,,,,,,,,,,,,not_corrected
vertical,annotator_csv,vertical_20250127,66b,66b,66b_00013,vertical_20250127__66b__66b_00013,7,,vertical,,20250127,11:22:00,66b_00013_waggle_annotations.csv,E:\2026Trackathon\James\mp4\20250127\00013.mp4,"(0.49026123963255896, -0.8715755371245493)",0.490261239632559,-0.871575537124549,29.3577535427913,947,712,"(947.0, 712.0)",493,1,raw_vertical_uncalibrated,,,,,,,,,,,,,,,,,,,,,,not_corrected
vertical,annotator_csv,vertical_20250127,66b,66b,66b_00013,vertical_20250127__66b__66b_00013,8,,vertical,,20250127,11:22:00,66b_00013_waggle_annotations.csv,E:\2026Trackathon\James\mp4\20250127\00013.mp4,"(0.31622776601683794, -0.9486832980505138)",0.316227766016838,-0.948683298050514,18.434948822922,967,727,"(967.0, 727.0)",552,1,raw_vertical_uncalibrated,,,,,,,,,,,,,,,,,,,,,,not_corrected
vertical,annotator_csv,vertical_20250127,66b,66b,66b_00049,vertical_20250127__66b__66b_00049,1,,vertical,,20250127,17:48:00,66b_00049_waggle_annotations.csv,/media/geko/VERBATIM HD/SA2025_dances/George/mp4/20250127/00049.mp4,"(-0.37729688731351946, 0.9260923597695477)",-0.377296887313519,0.926092359769548,202.166345822082,837,857,"(837.0, 857.0)",2909,1,raw_vertical_uncalibrated,,,,,,,,,,,,,,,,,,,,,,not_corrected
vertical,annotator_csv,vertical_20250127,66b,66b,66b_00049,vertical_20250127__66b__66b_00049,2,,vertical,,20250127,17:48:00,66b_00049_waggle_annotations.csv,/media/geko/VERBATIM HD/SA2025_dances/George/mp4/20250127/00049.mp4,"(0.15711504873513174, 0.9875803063351138)",0.157115048735132,0.987580306335114,170.960517196645,868,818,"(868.0, 818.0)",2974,1,raw_vertical_uncalibrated,,,,,,,,,,,,,,,,,,,,,,not_corrected
vertical,annotator_csv,vertical_20250127,66b,66b,66b_00049,vertical_20250127__66b__66b_00049,3,,vertical,,20250127,17:48:00,66b_00049_waggle_annotations.csv,/media/geko/VERBATIM HD/SA2025_dances/George/mp4/20250127/00049.mp4,"(-0.3011313679370973, 0.9535826651341416)",-0.301131367937097,0.953582665134142,197.525568373723,791,768,"(791.0, 768.0)",3003,1,raw_vertical_uncalibrated,,,,,,,,,,,,,,,,,,,,,,not_corrected
vertical,annotator_csv,vertical_20250127,66b,66b,66b_00049,vertical_20250127__66b__66b_00049,4,,vertical,,20250127,17:48:00,66b_00049_waggle_annotations.csv,/media/geko/VERBATIM HD/SA2025_dances/George/mp4/20250127/00049.mp4,"(-0.11043152607484653, 0.9938837346736188)",-0.110431526074847,0.993883734673619,186.34019174591,823,779,"(823.0, 779.0)",3048,1,raw_vertical_uncalibrated,,,,,,,,,,,,,,,,,,,,,,not_corrected
vertical,annotator_csv,vertical_20250127,66b,66b,66b_00049,vertical_20250127__66b__66b_00049,5,,vertical,,20250127,17:48:00,66b_00049_waggle_annotations.csv,/media/geko/VERBATIM HD/SA2025_dances/George/mp4/20250127/00049.mp4,"(-0.46483389898992034, 0.8853979028379435)",-0.46483389898992,0.885397902837944,207.699472808055,785,748,"(785.0, 748.0)",3082,1,raw_vertical_uncalibrated,,,,,,,,,,,,,,,,,,,,,,not_corrected
vertical,annotator_csv,vertical_20250127,66b,66b,66b_00049,vertical_20250127__66b__66b_00049,6,,vertical,,20250127,17:48:00,66b_00049_waggle_annotations.csv,/media/geko/VERBATIM HD/SA2025_dances/George/mp4/20250127/00049.mp4,"(-0.21693045781865616, 0.9761870601839528)",-0.216930457818656,0.976187060183953,192.528807709152,805,785,"(805.0, 785.0)",3135,1,raw_vertical_uncalibrated,,,,,,,,,,,,,,,,,,,,,,not_corrected
vertical,annotator_csv,vertical_20250127,66b,66b,66b_00049,vertical_20250127__66b__66b_00049,7,,vertical,,20250127,17:48:00,66b_00049_waggle_annotations.csv,/media/geko/VERBATIM HD/SA2025_dances/George/mp4/20250127/00049.mp4,"(0.0, 1.0)",0,1,180,843,779,"(843.0, 779.0)",3190,1,raw_vertical_uncalibrated,,,,,,,,,,,,,,,,,,,,,,not_corrected
vertical,annotator_csv,vertical_20250127,95r,95r,95r_00049,vertical_20250127__95r__95r_00049,1,,vertical,,20250127,17:48:00,95r_00049_waggle_annotations.csv,/media/geko/VERBATIM HD/SA2025_dances/George/mp4/20250127/00049.mp4,"(-0.8574929257125442, 0.5144957554275265)",-0.857492925712544,0.514495755427527,239.036243467926,918,830,"(918.0, 830.0)",3,1,raw_vertical_uncalibrated,,,,,,,,,,,,,,,,,,,,,,not_corrected
vertical,annotator_csv,vertical_20250127,95r,95r,95r_00049,vertical_20250127__95r__95r_00049,2,,vertical,,20250127,17:48:00,95r_00049_waggle_annotations.csv,/media/geko/VERBATIM HD/SA2025_dances/George/mp4/20250127/00049.mp4,"(-0.17888543819998318, 0.9838699100999075)",-0.178885438199983,0.983869910099908,190.304846468766,932,846,"(932.0, 846.0)",50,1,raw_vertical_uncalibrated,,,,,,,,,,,,,,,,,,,,,,not_corrected
vertical,annotator_csv,vertical_20250127,95r,95r,95r_00049,vertical_20250127__95r__95r_00049,3,,vertical,,20250127,17:48:00,95r_00049_waggle_annotations.csv,/media/geko/VERBATIM HD/SA2025_dances/George/mp4/20250127/00049.mp4,"(-0.9028605188239303, 0.42993358039234775)",-0.90286051882393,0.429933580392348,244.536654938128,912,815,"(912.0, 815.0)",114,1,raw_vertical_uncalibrated,,,,,,,,,,,,,,,,,,,,,,not_corrected
vertical,annotator_csv,vertical_20250127,95r,95r,95r_00049,vertical_20250127__95r__95r_00049,4,,vertical,,20250127,17:48:00,95r_00049_waggle_annotations.csv,/media/geko/VERBATIM HD/SA2025_dances/George/mp4/20250127/00049.mp4,"(-0.18208926018230742, 0.9832820049844601)",-0.182089260182307,0.98328200498446,190.491477012332,1099,752,"(1099.0, 752.0)",336,1,raw_vertical_uncalibrated,,,,,,,,,,,,,,,,,,,,,,not_corrected
vertical,annotator_csv,vertical_20250127,95r,95r,95r_00049,vertical_20250127__95r__95r_00049,5,,vertical,,20250127,17:48:00,95r_00049_waggle_annotations.csv,/media/geko/VERBATIM HD/SA2025_dances/George/mp4/20250127/00049.mp4,"(-0.8418791389638738, 0.5396661147204319)",-0.841879138963874,0.539666114720432,237.339087278326,1101,723,"(1101.0, 723.0)",379,1,raw_vertical_uncalibrated,,,,,,,,,,,,,,,,,,,,,,not_corrected
vertical,annotator_csv,vertical_20250127,95r,95r,95r_00049,vertical_20250127__95r__95r_00049,6,,vertical,,20250127,17:48:00,95r_00049_waggle_annotations.csv,/media/geko/VERBATIM HD/SA2025_dances/George/mp4/20250127/00049.mp4,"(-0.5321715452183459, 0.8466365492110047)",-0.532171545218346,0.846636549211005,212.152295141282,1137,732,"(1137.0, 732.0)",434,1,raw_vertical_uncalibrated,,,,,,,,,,,,,,,,,,,,,,not_corrected
vertical,annotator_csv,vertical_20250127,95r,95r,95r_00049,vertical_20250127__95r__95r_00049,7,,vertical,,20250127,17:48:00,95r_00049_waggle_annotations.csv,/media/geko/VERBATIM HD/SA2025_dances/George/mp4/20250127/00049.mp4,"(-0.8602915336341743, 0.5098023903017329)",-0.860291533634174,0.509802390301733,239.349332042947,1154,718,"(1154.0, 718.0)",475,1,raw_vertical_uncalibrated,,,,,,,,,,,,,,,,,,,,,,not_corrected
vertical,annotator_csv,vertical_20250127,95r,95r,95r_00049,vertical_20250127__95r__95r_00049,8,,vertical,,20250127,17:48:00,95r_00049_waggle_annotations.csv,/media/geko/VERBATIM HD/SA2025_dances/George/mp4/20250127/00049.mp4,"(-0.7592566023652966, 0.6507913734559685)",-0.759256602365297,0.650791373455969,229.398705354996,1075,750,"(1075.0, 750.0)",548,1,raw_vertical_uncalibrated,,,,,,,,,,,,,,,,,,,,,,not_corrected
vertical,annotator_csv,vertical_20250127,95r,95r,95r_00049,vertical_20250127__95r__95r_00049,9,,vertical,,20250127,17:48:00,95r_00049_waggle_annotations.csv,/media/geko/VERBATIM HD/SA2025_dances/George/mp4/20250127/00049.mp4,"(-0.8980627079872129, 0.43986744881006345)",-0.898062707987213,0.439867448810063,243.904575842612,1089,756,"(1089.0, 756.0)",595,1,raw_vertical_uncalibrated,,,,,,,,,,,,,,,,,,,,,,not_corrected
vertical,annotator_csv,vertical_20250127,95r,95r,95r_00049,vertical_20250127__95r__95r_00049,10,,vertical,,20250127,17:48:00,95r_00049_waggle_annotations.csv,/media/geko/VERBATIM HD/SA2025_dances/George/mp4/20250127/00049.mp4,"(-0.4830773429113347, 0.8755776840267941)",-0.483077342911335,0.875577684026794,208.886581766911,1128,777,"(1128.0, 777.0)",652,1,raw_vertical_uncalibrated,,,,,,,,,,,,,,,,,,,,,,not_corrected
vertical,annotator_csv,vertical_20250127,95r,95r,95r_00049,vertical_20250127__95r__95r_00049,11,,vertical,,20250127,17:48:00,95r_00049_waggle_annotations.csv,/media/geko/VERBATIM HD/SA2025_dances/George/mp4/20250127/00049.mp4,"(-0.6811039424772872, 0.7321867381630838)",-0.681103942477287,0.732186738163084,222.929969346959,1083,727,"(1083.0, 727.0)",698,1,raw_vertical_uncalibrated,,,,,,,,,,,,,,,,,,,,,,not_corrected
vertical,annotator_csv,vertical_20250127,95r,95r,95r_00049,vertical_20250127__95r__95r_00049,12,,vertical,,20250127,17:48:00,95r_00049_waggle_annotations.csv,/media/geko/VERBATIM HD/SA2025_dances/George/mp4/20250127/00049.mp4,"(-0.5328132696861393, 0.8462328400897506)",-0.532813269686139,0.846232840089751,212.195733934713,1089,729,"(1089.0, 729.0)",748,1,raw_vertical_uncalibrated,,,,,,,,,,,,,,,,,,,,,,not_corrected
vertical,annotator_csv,vertical_20250127,95r,95r,95r_00049,vertical_20250127__95r__95r_00049,13,,vertical,,20250127,17:48:00,95r_00049_waggle_annotations.csv,/media/geko/VERBATIM HD/SA2025_dances/George/mp4/20250127/00049.mp4,"(-0.8987684456438996, 0.43842363202141443)",-0.8987684456439,0.438423632021414,243.996654155489,1074,726,"(1074.0, 726.0)",801,1,raw_vertical_uncalibrated,,,,,,,,,,,,,,,,,,,,,,not_corrected
vertical,annotator_csv,vertical_20250127,95r,95r,95r_00049,vertical_20250127__95r__95r_00049,14,,vertical,,20250127,17:48:00,95r_00049_waggle_annotations.csv,/media/geko/VERBATIM HD/SA2025_dances/George/mp4/20250127/00049.mp4,"(-0.501718089771846, 0.8650311892618034)",-0.501718089771846,0.865031189261803,210.113733150982,1079,763,"(1079.0, 763.0)",852,1,raw_vertical_uncalibrated,,,,,,,,,,,,,,,,,,,,,,not_corrected
vertical,annotator_csv,vertical_20250127,95r,95r,95r_00049,vertical_20250127__95r__95r_00049,15,,vertical,,20250127,17:48:00,95r_00049_waggle_annotations.csv,/media/geko/VERBATIM HD/SA2025_dances/George/mp4/20250127/00049.mp4,"(-0.7831108474982938, 0.6218821436015862)",-0.783110847498294,0.621882143601586,231.546290783294,1058,731,"(1058.0, 731.0)",901,1,raw_vertical_uncalibrated,,,,,,,,,,,,,,,,,,,,,,not_corrected
vertical,annotator_csv,vertical_20250127,95r,95r,95r_00049,vertical_20250127__95r__95r_00049,16,,vertical,,20250127,17:48:00,95r_00049_waggle_annotations.csv,/media/geko/VERBATIM HD/SA2025_dances/George/mp4/20250127/00049.mp4,"(-0.35713746626659143, 0.9340518348510853)",-0.357137466266591,0.934051834851085,200.924501744921,1087,754,"(1087.0, 754.0)",946,1,raw_vertical_uncalibrated,,,,,,,,,,,,,,,,,,,,,,not_corrected
vertical,annotator_csv,vertical_20250127,95r,95r,95r_00049,vertical_20250127__95r__95r_00049,17,,vertical,,20250127,17:48:00,95r_00049_waggle_annotations.csv,/media/geko/VERBATIM HD/SA2025_dances/George/mp4/20250127/00049.mp4,"(-0.9317080017359265, 0.3632082040665476)",-0.931708001735927,0.363208204066548,248.702645950966,1044,727,"(1044.0, 727.0)",998,1,raw_vertical_uncalibrated,,,,,,,,,,,,,,,,,,,,,,not_corrected
vertical,annotator_csv,vertical_20250128,20y,20y,20y_00001,vertical_20250128__20y__20y_00001,1,,vertical,,20250128,07:53:00,20y_00001_waggle_annotations.csv,E:\2026Trackathon\James\mp4\20250128\00001.mp4,"(-0.9723873019805175, -0.2333729524753242)",-0.972387301980518,-0.233372952475324,283.495733280796,915,885,"(915.0, 885.0)",6,1,raw_vertical_uncalibrated,,,,,,,,,,,,,,,,,,,,,,not_corrected
vertical,annotator_csv,vertical_20250128,20y,20y,20y_00001,vertical_20250128__20y__20y_00001,2,,vertical,,20250128,07:53:00,20y_00001_waggle_annotations.csv,E:\2026Trackathon\James\mp4\20250128\00001.mp4,"(-0.7071067811865476, -0.7071067811865476)",-0.707106781186548,-0.707106781186548,315,920,854,"(920.0, 854.0)",70,1,raw_vertical_uncalibrated,,,,,,,,,,,,,,,,,,,,,,not_corrected
vertical,annotator_csv,vertical_20250128,20y,20y,20y_00003,vertical_20250128__20y__20y_00003,1,,vertical,,20250128,08:12:00,20y_00003_waggle_annotations.csv,E:\2026Trackathon\James\mp4\20250128\00003.mp4,"(-0.9042486467459909, -0.4270063054078291)",-0.904248646745991,-0.427006305407829,295.277722235553,1174,845,"(1174.0, 845.0)",94,1,raw_vertical_uncalibrated,,,,,,,,,,,,,,,,,,,,,,not_corrected
vertical,annotator_csv,vertical_20250128,20y,20y,20y_00003,vertical_20250128__20y__20y_00003,2,,vertical,,20250128,08:12:00,20y_00003_waggle_annotations.csv,E:\2026Trackathon\James\mp4\20250128\00003.mp4,"(-0.5547001962252291, -0.8320502943378437)",-0.554700196225229,-0.832050294337844,326.30993247402,758,819,"(758.0, 819.0)",211,1,raw_vertical_uncalibrated,,,,,,,,,,,,,,,,,,,,,,not_corrected
vertical,annotator_csv,vertical_20250128,20y,20y,20y_00003,vertical_20250128__20y__20y_00003,3,,vertical,,20250128,08:12:00,20y_00003_waggle_annotations.csv,E:\2026Trackathon\James\mp4\20250128\00003.mp4,"(-0.5812381937190965, -0.813733471206735)",-0.581238193719097,-0.813733471206735,324.462322208026,816,763,"(816.0, 763.0)",807,1,raw_vertical_uncalibrated,,,,,,,,,,,,,,,,,,,,,,not_corrected
vertical,annotator_csv,vertical_20250128,20y,20y,20y_00003,vertical_20250128__20y__20y_00003,4,,vertical,,20250128,08:12:00,20y_00003_waggle_annotations.csv,E:\2026Trackathon\James\mp4\20250128\00003.mp4,"(-0.7071067811865475, -0.7071067811865475)",-0.707106781186548,-0.707106781186548,315,814,767,"(814.0, 767.0)",866,1,raw_vertical_uncalibrated,,,,,,,,,,,,,,,,,,,,,,not_corrected
vertical,annotator_csv,vertical_20250128,20y,20y,20y_00004,vertical_20250128__20y__20y_00004,1,,vertical,,20250128,08:15:00,20y_00004_waggle_annotations.csv,E:\2026Trackathon\James\mp4\20250128\00004.mp4,"(-0.6667948594698258, -0.7452413135250994)",-0.666794859469826,-0.745241313525099,318.179830119864,950,792,"(950.0, 792.0)",338,1,raw_vertical_uncalibrated,,,,,,,,,,,,,,,,,,,,,,not_corrected
vertical,annotator_csv,vertical_20250128,20y,20y,20y_00004,vertical_20250128__20y__20y_00004,2,,vertical,,20250128,08:15:00,20y_00004_waggle_annotations.csv,E:\2026Trackathon\James\mp4\20250128\00004.mp4,"(-0.8274757743917583, -0.5615014183372645)",-0.827475774391758,-0.561501418337265,304.159694545669,958,854,"(958.0, 854.0)",402,1,raw_vertical_uncalibrated,,,,,,,,,,,,,,,,,,,,,,not_corrected
vertical,annotator_csv,vertical_20250128,20y,20y,20y_00004,vertical_20250128__20y__20y_00004,3,,vertical,,20250128,08:15:00,20y_00004_waggle_annotations.csv,E:\2026Trackathon\James\mp4\20250128\00004.mp4,"(-0.7432941462471664, -0.6689647316224497)",-0.743294146247166,-0.66896473162245,311.987212495817,998,834,"(998.0, 834.0)",708,1,raw_vertical_uncalibrated,,,,,,,,,,,,,,,,,,,,,,not_corrected
vertical,annotator_csv,vertical_20250128,20y,20y,20y_00004,vertical_20250128__20y__20y_00004,4,,vertical,,20250128,08:15:00,20y_00004_waggle_annotations.csv,E:\2026Trackathon\James\mp4\20250128\00004.mp4,"(-0.7682212795973759, 0.6401843996644799)",-0.768221279597376,0.64018439966448,230.194428907735,1077,872,"(1077.0, 872.0)",640,1,raw_vertical_uncalibrated,,,,,,,,,,,,,,,,,,,,,,not_corrected
vertical,annotator_csv,vertical_20250128,20y,20y,20y_00004,vertical_20250128__20y__20y_00004,5,,vertical,,20250128,08:15:00,20y_00004_waggle_annotations.csv,E:\2026Trackathon\James\mp4\20250128\00004.mp4,"(-0.6919053632356149, -0.7219882051154242)",-0.691905363235615,-0.721988205115424,316.218875235131,1240,805,"(1240.0, 805.0)",1285,1,raw_vertical_uncalibrated,,,,,,,,,,,,,,,,,,,,,,not_corrected
vertical,annotator_csv,vertical_20250128,20y,20y,20y_00004,vertical_20250128__20y__20y_00004,6,,vertical,,20250128,08:15:00,20y_00004_waggle_annotations.csv,E:\2026Trackathon\James\mp4\20250128\00004.mp4,"(-0.6246950475544243, -0.7808688094430304)",-0.624695047554424,-0.78086880944303,321.34019174591,1189,795,"(1189.0, 795.0)",1332,1,raw_vertical_uncalibrated,,,,,,,,,,,,,,,,,,,,,,not_corrected
vertical,annotator_csv,vertical_20250128,20y,20y,20y_00004,vertical_20250128__20y__20y_00004,7,,vertical,,20250128,08:15:00,20y_00004_waggle_annotations.csv,E:\2026Trackathon\James\mp4\20250128\00004.mp4,"(-0.7474093186836597, -0.6643638388299198)",-0.74740931868366,-0.66436383882992,311.63353933657,1233,805,"(1233.0, 805.0)",1382,1,raw_vertical_uncalibrated,,,,,,,,,,,,,,,,,,,,,,not_corrected
vertical,annotator_csv,vertical_20250128,20y,20y,20y_00004,vertical_20250128__20y__20y_00004,8,,vertical,,20250128,08:15:00,20y_00004_waggle_annotations.csv,E:\2026Trackathon\James\mp4\20250128\00004.mp4,"(-0.5603093677042104, -0.828283413127963)",-0.56030936770421,-0.828283413127963,325.922804719869,1267,812,"(1267.0, 812.0)",1434,1,raw_vertical_uncalibrated,,,,,,,,,,,,,,,,,,,,,,not_corrected
vertical,annotator_csv,vertical_20250128,20y,20y,20y_00004,vertical_20250128__20y__20y_00004,9,,vertical,,20250128,08:15:00,20y_00004_waggle_annotations.csv,E:\2026Trackathon\James\mp4\20250128\00004.mp4,"(-0.8376105968386142, -0.5462677805469223)",-0.837610596838614,-0.546267780546922,303.111341960372,1285,820,"(1285.0, 820.0)",1497,1,raw_vertical_uncalibrated,,,,,,,,,,,,,,,,,,,,,,not_corrected
vertical,annotator_csv,vertical_20250128,20y,20y,20y_00004,vertical_20250128__20y__20y_00004,10,,vertical,,20250128,08:15:00,20y_00004_waggle_annotations.csv,E:\2026Trackathon\James\mp4\20250128\00004.mp4,"(-0.9344877349289681, -0.3559953275919878)",-0.934487734928968,-0.355995327591988,290.854458039578,1293,865,"(1293.0, 865.0)",1544,1,raw_vertical_uncalibrated,,,,,,,,,,,,,,,,,,,,,,not_corrected
vertical,annotator_csv,vertical_20250128,20y,20y,20y_00004,vertical_20250128__20y__20y_00004,11,,vertical,,20250128,08:15:00,20y_00004_waggle_annotations.csv,E:\2026Trackathon\James\mp4\20250128\00004.mp4,"(-0.862697970097658, -0.5057194997124201)",-0.862697970097658,-0.50571949971242,300.379126011368,1329,831,"(1329.0, 831.0)",1609,1,raw_vertical_uncalibrated,,,,,,,,,,,,,,,,,,,,,,not_corrected
vertical,annotator_csv,vertical_20250128,20y,20y,20y_00004,vertical_20250128__20y__20y_00004,12,,vertical,,20250128,08:15:00,20y_00004_waggle_annotations.csv,E:\2026Trackathon\James\mp4\20250128\00004.mp4,"(-0.7709617516270895, -0.6368814469962913)",-0.77096175162709,-0.636881446996291,309.559667968995,1342,836,"(1342.0, 836.0)",1658,1,raw_vertical_uncalibrated,,,,,,,,,,,,,,,,,,,,,,not_corrected
vertical,annotator_csv,vertical_20250128,20y,20y,20y_00004,vertical_20250128__20y__20y_00004,13,,vertical,,20250128,08:15:00,20y_00004_waggle_annotations.csv,E:\2026Trackathon\James\mp4\20250128\00004.mp4,"(-0.7226418571476991, -0.6912226459673644)",-0.722641857147699,-0.691222645967364,313.726969979943,1362,848,"(1362.0, 848.0)",1710,1,raw_vertical_uncalibrated,,,,,,,,,,,,,,,,,,,,,,not_corrected
vertical,annotator_csv,vertical_20250128,20y,20y,20y_00004,vertical_20250128__20y__20y_00004,14,,vertical,,20250128,08:15:00,20y_00004_waggle_annotations.csv,E:\2026Trackathon\James\mp4\20250128\00004.mp4,"(-0.8944271909999159, -0.4472135954999579)",-0.894427190999916,-0.447213595499958,296.565051177078,1343,871,"(1343.0, 871.0)",1754,1,raw_vertical_uncalibrated,,,,,,,,,,,,,,,,,,,,,,not_corrected
vertical,annotator_csv,vertical_20250128,20y,20y,20y_00004,vertical_20250128__20y__20y_00004,15,,vertical,,20250128,08:15:00,20y_00004_waggle_annotations.csv,E:\2026Trackathon\James\mp4\20250128\00004.mp4,"(-0.5812381937190965, -0.813733471206735)",-0.581238193719097,-0.813733471206735,324.462322208026,1339,841,"(1339.0, 841.0)",1804,1,raw_vertical_uncalibrated,,,,,,,,,,,,,,,,,,,,,,not_corrected
vertical,annotator_csv,vertical_20250128,20y,20y,20y_00004,vertical_20250128__20y__20y_00004,16,,vertical,,20250128,08:15:00,20y_00004_waggle_annotations.csv,E:\2026Trackathon\James\mp4\20250128\00004.mp4,"(-0.8551978315540179, -0.5183017160933442)",-0.855197831554018,-0.518301716093344,301.218402764346,1348,843,"(1348.0, 843.0)",1852,1,raw_vertical_uncalibrated,,,,,,,,,,,,,,,,,,,,,,not_corrected
vertical,annotator_csv,vertical_20250128,20y,20y,20y_00004,vertical_20250128__20y__20y_00004,17,,vertical,,20250128,08:15:00,20y_00004_waggle_annotations.csv,E:\2026Trackathon\James\mp4\20250128\00004.mp4,"(-0.4061384660534476, -0.9138115486202572)",-0.406138466053448,-0.913811548620257,336.037511025422,1360,876,"(1360.0, 876.0)",1953,1,raw_vertical_uncalibrated,,,,,,,,,,,,,,,,,,,,,,not_corrected
vertical,annotator_csv,vertical_20250128,20y,20y,20y_00006,vertical_20250128__20y__20y_00006,1,,vertical,,20250128,08:23:00,20y_00006_waggle_annotations.csv,E:\2026Trackathon\James\mp4\20250128\00006.mp4,"(-0.6950220968474748, -0.7189883760491119)",-0.695022096847475,-0.718988376049112,315.971021931079,955,866,"(955.0, 866.0)",28,1,raw_vertical_uncalibrated,,,,,,,,,,,,,,,,,,,,,,not_corrected
vertical,annotator_csv,vertical_20250128,20y,20y,20y_00006,vertical_20250128__20y__20y_00006,2,,vertical,,20250128,08:23:00,20y_00006_waggle_annotations.csv,E:\2026Trackathon\James\mp4\20250128\00006.mp4,"(-0.6, -0.8)",-0.6,-0.8,323.130102354156,1070,852,"(1070.0, 852.0)",93,1,raw_vertical_uncalibrated,,,,,,,,,,,,,,,,,,,,,,not_corrected
vertical,annotator_csv,vertical_20250128,20y,20y,20y_00006,vertical_20250128__20y__20y_00006,3,,vertical,,20250128,08:23:00,20y_00006_waggle_annotations.csv,E:\2026Trackathon\James\mp4\20250128\00006.mp4,"(-0.9653633930282663, -0.2609090251427747)",-0.965363393028266,-0.260909025142775,285.124007308311,932,893,"(932.0, 893.0)",223,1,raw_vertical_uncalibrated,,,,,,,,,,,,,,,,,,,,,,not_corrected
vertical,annotator_csv,vertical_20250128,20y,20y,20y_00006,vertical_20250128__20y__20y_00006,4,,vertical,,20250128,08:23:00,20y_00006_waggle_annotations.csv,E:\2026Trackathon\James\mp4\20250128\00006.mp4,"(-0.5734623443633283, -0.8192319205190405)",-0.573462344363328,-0.819231920519041,325.007979801441,1285,842,"(1285.0, 842.0)",852,1,raw_vertical_uncalibrated,,,,,,,,,,,,,,,,,,,,,,not_corrected
vertical,annotator_csv,vertical_20250128,20y,20y,20y_00006,vertical_20250128__20y__20y_00006,5,,vertical,,20250128,08:23:00,20y_00006_waggle_annotations.csv,E:\2026Trackathon\James\mp4\20250128\00006.mp4,"(-0.46675861955812287, -0.8843847528469696)",-0.466758619558123,-0.88438475284697,332.175903615747,1196,841,"(1196.0, 841.0)",899,1,raw_vertical_uncalibrated,,,,,,,,,,,,,,,,,,,,,,not_corrected
vertical,annotator_csv,vertical_20250128,20y,20y,20y_00006,vertical_20250128__20y__20y_00006,6,,vertical,,20250128,08:23:00,20y_00006_waggle_annotations.csv,E:\2026Trackathon\James\mp4\20250128\00006.mp4,"(-0.5655283555515277, -0.8247288518459779)",-0.565528355551528,-0.824728851845978,325.561010691196,1048,747,"(1048.0, 747.0)",950,1,raw_vertical_uncalibrated,,,,,,,,,,,,,,,,,,,,,,not_corrected
vertical,annotator_csv,vertical_20250128,20y,20y,20y_00006,vertical_20250128__20y__20y_00006,7,,vertical,,20250128,08:23:00,20y_00006_waggle_annotations.csv,E:\2026Trackathon\James\mp4\20250128\00006.mp4,"(-0.6667948594698258, -0.7452413135250994)",-0.666794859469826,-0.745241313525099,318.179830119864,1450,661,"(1450.0, 661.0)",1045,1,raw_vertical_uncalibrated,,,,,,,,,,,,,,,,,,,,,,not_corrected
vertical,annotator_csv,vertical_20250128,20y,20y,20y_00006,vertical_20250128__20y__20y_00006,8,,vertical,,20250128,08:23:00,20y_00006_waggle_annotations.csv,E:\2026Trackathon\James\mp4\20250128\00006.mp4,"(-0.7198442954206852, -0.6941355705842321)",-0.719844295420685,-0.694135570584232,313.95837332399,1239,824,"(1239.0, 824.0)",1137,1,raw_vertical_uncalibrated,,,,,,,,,,,,,,,,,,,,,,not_corrected
vertical,annotator_csv,vertical_20250128,20y,20y,20y_00006,vertical_20250128__20y__20y_00006,9,,vertical,,20250128,08:23:00,20y_00006_waggle_annotations.csv,E:\2026Trackathon\James\mp4\20250128\00006.mp4,"(-0.43474906583117584, -0.9005516363645786)",-0.434749065831176,-0.900551636364579,334.230672375661,1228,842,"(1228.0, 842.0)",1179,1,raw_vertical_uncalibrated,,,,,,,,,,,,,,,,,,,,,,not_corrected
vertical,annotator_csv,vertical_20250128,20y,20y,20y_00006,vertical_20250128__20y__20y_00006,10,,vertical,,20250128,08:23:00,20y_00006_waggle_annotations.csv,E:\2026Trackathon\James\mp4\20250128\00006.mp4,"(-0.6357072528610997, -0.7719302356170498)",-0.6357072528611,-0.77193023561705,320.527540151656,1295,883,"(1295.0, 883.0)",1314,1,raw_vertical_uncalibrated,,,,,,,,,,,,,,,,,,,,,,not_corrected
vertical,annotator_csv,vertical_20250128,20y,20y,20y_00006,vertical_20250128__20y__20y_00006,11,,vertical,,20250128,08:23:00,20y_00006_waggle_annotations.csv,E:\2026Trackathon\James\mp4\20250128\00006.mp4,"(-0.8262273428075476, -0.5633368246415097)",-0.826227342807548,-0.56333682464151,304.286876977209,1156,795,"(1156.0, 795.0)",1377,1,raw_vertical_uncalibrated,,,,,,,,,,,,,,,,,,,,,,not_corrected
vertical,annotator_csv,vertical_20250128,20y,20y,20y_00006,vertical_20250128__20y__20y_00006,12,,vertical,,20250128,08:23:00,20y_00006_waggle_annotations.csv,E:\2026Trackathon\James\mp4\20250128\00006.mp4,"(-0.8240419241993676, -0.5665288228870652)",-0.824041924199368,-0.566528822887065,304.508522987668,1223,688,"(1223.0, 688.0)",1433,1,raw_vertical_uncalibrated,,,,,,,,,,,,,,,,,,,,,,not_corrected
vertical,annotator_csv,vertical_20250128,20y,20y,20y_00006,vertical_20250128__20y__20y_00006,13,,vertical,,20250128,08:23:00,20y_00006_waggle_annotations.csv,E:\2026Trackathon\James\mp4\20250128\00006.mp4,"(-0.9349975263177834, -0.35465423412053854)",-0.934997526317783,-0.354654234120539,290.772254682046,819,890,"(819.0, 890.0)",1543,1,raw_vertical_uncalibrated,,,,,,,,,,,,,,,,,,,,,,not_corrected
vertical,annotator_csv,vertical_20250128,20y,20y,20y_00006,vertical_20250128__20y__20y_00006,14,,vertical,,20250128,08:23:00,20y_00006_waggle_annotations.csv,E:\2026Trackathon\James\mp4\20250128\00006.mp4,"(-0.11043152607484653, -0.9938837346736188)",-0.110431526074847,-0.993883734673619,353.65980825409,850,832,"(850.0, 832.0)",1595,1,raw_vertical_uncalibrated,,,,,,,,,,,,,,,,,,,,,,not_corrected
vertical,annotator_csv,vertical_20250128,20y,20y,20y_00006,vertical_20250128__20y__20y_00006,15,,vertical,,20250128,08:23:00,20y_00006_waggle_annotations.csv,E:\2026Trackathon\James\mp4\20250128\00006.mp4,"(-0.8137334712067349, -0.5812381937190964)",-0.813733471206735,-0.581238193719096,305.537677791974,848,871,"(848.0, 871.0)",1642,1,raw_vertical_uncalibrated,,,,,,,,,,,,,,,,,,,,,,not_corrected
vertical,annotator_csv,vertical_20250128,20y,20y,20y_00006,vertical_20250128__20y__20y_00006,16,,vertical,,20250128,08:23:00,20y_00006_waggle_annotations.csv,E:\2026Trackathon\James\mp4\20250128\00006.mp4,"(-0.773957299203321, -0.6332377902572627)",-0.773957299203321,-0.633237790257263,309.2894068625,894,844,"(894.0, 844.0)",1685,1,raw_vertical_uncalibrated,,,,,,,,,,,,,,,,,,,,,,not_corrected
vertical,annotator_csv,vertical_20250128,20y,20y,20y_00006,vertical_20250128__20y__20y_00006,17,,vertical,,20250128,08:23:00,20y_00006_waggle_annotations.csv,E:\2026Trackathon\James\mp4\20250128\00006.mp4,"(-0.6616216370868463, -0.7498378553650925)",-0.661621637086846,-0.749837855365093,318.576334374997,834,854,"(834.0, 854.0)",1737,1,raw_vertical_uncalibrated,,,,,,,,,,,,,,,,,,,,,,not_corrected
vertical,annotator_csv,vertical_20250128,20y,20y,20y_00006,vertical_20250128__20y__20y_00006,18,,vertical,,20250128,08:23:00,20y_00006_waggle_annotations.csv,E:\2026Trackathon\James\mp4\20250128\00006.mp4,"(-0.683157128775741, -0.7302714135188956)",-0.683157128775741,-0.730271413518896,316.909152432996,733,891,"(733.0, 891.0)",1795,1,raw_vertical_uncalibrated,,,,,,,,,,,,,,,,,,,,,,not_corrected
vertical,annotator_csv,vertical_20250128,20y,20y,20y_00006,vertical_20250128__20y__20y_00006,19,,vertical,,20250128,08:23:00,20y_00006_waggle_annotations.csv,E:\2026Trackathon\James\mp4\20250128\00006.mp4,"(-0.6567807448042019, -0.7540815958863059)",-0.656780744804202,-0.754081595886306,318.945186229038,930,801,"(930.0, 801.0)",1857,1,raw_vertical_uncalibrated,,,,,,,,,,,,,,,,,,,,,,not_corrected
vertical,annotator_csv,vertical_20250128,20y,20y,20y_00006,vertical_20250128__20y__20y_00006,20,,vertical,,20250128,08:23:00,20y_00006_waggle_annotations.csv,E:\2026Trackathon\James\mp4\20250128\00006.mp4,"(-0.8240419241993676, -0.5665288228870652)",-0.824041924199368,-0.566528822887065,304.508522987668,1252,731,"(1252.0, 731.0)",1995,1,raw_vertical_uncalibrated,,,,,,,,,,,,,,,,,,,,,,not_corrected
vertical,annotator_csv,vertical_20250128,20y,20y,20y_00006,vertical_20250128__20y__20y_00006,21,,vertical,,20250128,08:23:00,20y_00006_waggle_annotations.csv,E:\2026Trackathon\James\mp4\20250128\00006.mp4,"(-0.9823385664224747, -0.1871121078899952)",-0.982338566422475,-0.187112107889995,280.784297867563,1275,778,"(1275.0, 778.0)",2050,1,raw_vertical_uncalibrated,,,,,,,,,,,,,,,,,,,,,,not_corrected
vertical,annotator_csv,vertical_20250128,20y,20y,20y_00006,vertical_20250128__20y__20y_00006,22,,vertical,,20250128,08:23:00,20y_00006_waggle_annotations.csv,E:\2026Trackathon\James\mp4\20250128\00006.mp4,"(-0.6541519329315841, -0.7563631724521442)",-0.654151932931584,-0.756363172452144,319.144623741104,1232,840,"(1232.0, 840.0)",2127,1,raw_vertical_uncalibrated,,,,,,,,,,,,,,,,,,,,,,not_corrected
vertical,annotator_csv,vertical_20250128,20y,20y,20y_00006,vertical_20250128__20y__20y_00006,23,,vertical,,20250128,08:23:00,20y_00006_waggle_annotations.csv,E:\2026Trackathon\James\mp4\20250128\00006.mp4,"(-0.7302714135188956, -0.683157128775741)",-0.730271413518896,-0.683157128775741,313.090847567004,1064,693,"(1064.0, 693.0)",2216,1,raw_vertical_uncalibrated,,,,,,,,,,,,,,,,,,,,,,not_corrected
vertical,annotator_csv,vertical_20250128,20y,20y,20y_00006,vertical_20250128__20y__20y_00006,24,,vertical,,20250128,08:23:00,20y_00006_waggle_annotations.csv,E:\2026Trackathon\James\mp4\20250128\00006.mp4,"(-0.7682212795973759, -0.6401843996644799)",-0.768221279597376,-0.64018439966448,309.805571092265,855,885,"(855.0, 885.0)",2323,1,raw_vertical_uncalibrated,,,,,,,,,,,,,,,,,,,,,,not_corrected
vertical,annotator_csv,vertical_20250128,20y,20y,20y_00006,vertical_20250128__20y__20y_00006,25,,vertical,,20250128,08:23:00,20y_00006_waggle_annotations.csv,E:\2026Trackathon\James\mp4\20250128\00006.mp4,"(-0.8240419241993676, -0.5665288228870652)",-0.824041924199368,-0.566528822887065,304.508522987668,953,871,"(953.0, 871.0)",2847,1,raw_vertical_uncalibrated,,,,,,,,,,,,,,,,,,,,,,not_corrected
vertical,annotator_csv,vertical_20250128,20y,20y,20y_00006,vertical_20250128__20y__20y_00006,26,,vertical,,20250128,08:23:00,20y_00006_waggle_annotations.csv,E:\2026Trackathon\James\mp4\20250128\00006.mp4,"(-0.6804510993672779, -0.7327934916262993)",-0.680451099367278,-0.732793491626299,317.121096396661,978,839,"(978.0, 839.0)",2917,1,raw_vertical_uncalibrated,,,,,,,,,,,,,,,,,,,,,,not_corrected
vertical,annotator_csv,vertical_20250128,20y,20y,20y_00006,vertical_20250128__20y__20y_00006,27,,vertical,,20250128,08:23:00,20y_00006_waggle_annotations.csv,E:\2026Trackathon\James\mp4\20250128\00006.mp4,"(-0.813733471206735, -0.5812381937190965)",-0.813733471206735,-0.581238193719097,305.537677791974,891,850,"(891.0, 850.0)",2990,1,raw_vertical_uncalibrated,,,,,,,,,,,,,,,,,,,,,,not_corrected
vertical,annotator_csv,vertical_20250128,20y,20y,20y_00006,vertical_20250128__20y__20y_00006,28,,vertical,,20250128,08:23:00,20y_00006_waggle_annotations.csv,E:\2026Trackathon\James\mp4\20250128\00006.mp4,"(-0.4554758043139873, -0.8902481629773388)",-0.455475804313987,-0.890248162977339,332.904447506248,870,886,"(870.0, 886.0)",3120,1,raw_vertical_uncalibrated,,,,,,,,,,,,,,,,,,,,,,not_corrected
vertical,annotator_csv,vertical_20250128,20y,20y,20y_00006,vertical_20250128__20y__20y_00006,29,,vertical,,20250128,08:23:00,20y_00006_waggle_annotations.csv,E:\2026Trackathon\James\mp4\20250128\00006.mp4,"(-0.7917822555634719, -0.6108034542918213)",-0.791782255563472,-0.610803454291821,307.647620640108,871,866,"(871.0, 866.0)",3153,1,raw_vertical_uncalibrated,,,,,,,,,,,,,,,,,,,,,,not_corrected
vertical,annotator_csv,vertical_20250128,20y,20y,20y_00006,vertical_20250128__20y__20y_00006,30,,vertical,,20250128,08:23:00,20y_00006_waggle_annotations.csv,E:\2026Trackathon\James\mp4\20250128\00006.mp4,"(-0.683157128775741, -0.7302714135188956)",-0.683157128775741,-0.730271413518896,316.909152432996,941,841,"(941.0, 841.0)",3210,1,raw_vertical_uncalibrated,,,,,,,,,,,,,,,,,,,,,,not_corrected
vertical,annotator_csv,vertical_20250128,20y,20y,20y_00006,vertical_20250128__20y__20y_00006,31,,vertical,,20250128,08:23:00,20y_00006_waggle_annotations.csv,E:\2026Trackathon\James\mp4\20250128\00006.mp4,"(-0.6168816632266997, -0.7870559151513065)",-0.6168816632267,-0.787055915151307,321.911227119025,900,871,"(900.0, 871.0)",3250,1,raw_vertical_uncalibrated,,,,,,,,,,,,,,,,,,,,,,not_corrected
vertical,annotator_csv,vertical_20250128,20y,20y,20y_00006,vertical_20250128__20y__20y_00006,32,,vertical,,20250128,08:23:00,20y_00006_waggle_annotations.csv,E:\2026Trackathon\James\mp4\20250128\00006.mp4,"(-0.793606361291916, -0.6084315436571356)",-0.793606361291916,-0.608431543657136,307.476179561361,954,797,"(954.0, 797.0)",3301,1,raw_vertical_uncalibrated,,,,,,,,,,,,,,,,,,,,,,not_corrected
vertical,annotator_csv,vertical_20250128,20y,20y,20y_00006,vertical_20250128__20y__20y_00006,33,,vertical,,20250128,08:23:00,20y_00006_waggle_annotations.csv,E:\2026Trackathon\James\mp4\20250128\00006.mp4,"(-0.6426122619764711, -0.7661915431257925)",-0.642612261976471,-0.766191543125793,320.013113755036,1025,857,"(1025.0, 857.0)",3349,1,raw_vertical_uncalibrated,,,,,,,,,,,,,,,,,,,,,,not_corrected
vertical,annotator_csv,vertical_20250128,20y,20y,20y_00006,vertical_20250128__20y__20y_00006,34,,vertical,,20250128,08:23:00,20y_00006_waggle_annotations.csv,E:\2026Trackathon\James\mp4\20250128\00006.mp4,"(-0.6804510993672779, -0.7327934916262993)",-0.680451099367278,-0.732793491626299,317.121096396661,978,816,"(978.0, 816.0)",3418,1,raw_vertical_uncalibrated,,,,,,,,,,,,,,,,,,,,,,not_corrected
vertical,annotator_csv,vertical_20250128,20y,20y,20y_00006,vertical_20250128__20y__20y_00006,35,,vertical,,20250128,08:23:00,20y_00006_waggle_annotations.csv,E:\2026Trackathon\James\mp4\20250128\00006.mp4,"(-0.7295372041400852, -0.6839411288813297)",-0.729537204140085,-0.68394112888133,313.152389734005,1013,848,"(1013.0, 848.0)",3467,1,raw_vertical_uncalibrated,,,,,,,,,,,,,,,,,,,,,,not_corrected
vertical,annotator_csv,vertical_20250128,20y,20y,20y_00006,vertical_20250128__20y__20y_00006,36,,vertical,,20250128,08:23:00,20y_00006_waggle_annotations.csv,E:\2026Trackathon\James\mp4\20250128\00006.mp4,"(-0.6277524511897817, -0.7784130394753294)",-0.627752451189782,-0.778413039475329,321.115503566285,999,808,"(999.0, 808.0)",3510,1,raw_vertical_uncalibrated,,,,,,,,,,,,,,,,,,,,,,not_corrected
vertical,annotator_csv,vertical_20250128,20y,20y,20y_00006,vertical_20250128__20y__20y_00006,37,,vertical,,20250128,08:23:00,20y_00006_waggle_annotations.csv,E:\2026Trackathon\James\mp4\20250128\00006.mp4,"(-0.5496165014762764, -0.8354170822439401)",-0.549616501476276,-0.83541708224394,326.659292653523,981,822,"(981.0, 822.0)",3551,1,raw_vertical_uncalibrated,,,,,,,,,,,,,,,,,,,,,,not_corrected
vertical,annotator_csv,vertical_20250128,20y,20y,20y_00006,vertical_20250128__20y__20y_00006,38,,vertical,,20250128,08:23:00,20y_00006_waggle_annotations.csv,E:\2026Trackathon\James\mp4\20250128\00006.mp4,"(-0.7854916722275356, -0.6188722266035128)",-0.785491672227536,-0.618872226603513,308.233825177447,1035,827,"(1035.0, 827.0)",3592,1,raw_vertical_uncalibrated,,,,,,,,,,,,,,,,,,,,,,not_corrected
vertical,annotator_csv,vertical_20250128,20y,20y,20y_00006,vertical_20250128__20y__20y_00006,39,,vertical,,20250128,08:23:00,20y_00006_waggle_annotations.csv,E:\2026Trackathon\James\mp4\20250128\00006.mp4,"(-0.6954214275160555, -0.7186021417665908)",-0.695421427516056,-0.718602141766591,315.939190945736,1057,842,"(1057.0, 842.0)",3640,1,raw_vertical_uncalibrated,,,,,,,,,,,,,,,,,,,,,,not_corrected
vertical,annotator_csv,vertical_20250128,20y,20y,20y_00006,vertical_20250128__20y__20y_00006,40,,vertical,,20250128,08:23:00,20y_00006_waggle_annotations.csv,E:\2026Trackathon\James\mp4\20250128\00006.mp4,"(-0.6675450157520258, -0.7445694406464903)",-0.667545015752026,-0.74456944064649,318.122130462116,1064,789,"(1064.0, 789.0)",3689,1,raw_vertical_uncalibrated,,,,,,,,,,,,,,,,,,,,,,not_corrected
vertical,annotator_csv,vertical_20250128,20y,20y,20y_00006,vertical_20250128__20y__20y_00006,41,,vertical,,20250128,08:23:00,20y_00006_waggle_annotations.csv,E:\2026Trackathon\James\mp4\20250128\00006.mp4,"(-0.6945945136995674, -0.7194014606174091)",-0.694594513699567,-0.719401460617409,316.005086005254,1059,806,"(1059.0, 806.0)",3733,1,raw_vertical_uncalibrated,,,,,,,,,,,,,,,,,,,,,,not_corrected
vertical,annotator_csv,vertical_20250128,20y,20y,20y_00006,vertical_20250128__20y__20y_00006,42,,vertical,,20250128,08:23:00,20y_00006_waggle_annotations.csv,E:\2026Trackathon\James\mp4\20250128\00006.mp4,"(-0.5881716976750462, -0.8087360843031886)",-0.588171697675046,-0.808736084303189,323.972626614896,1144,769,"(1144.0, 769.0)",3785,1,raw_vertical_uncalibrated,,,,,,,,,,,,,,,,,,,,,,not_corrected
vertical,annotator_csv,vertical_20250128,20y,20y,20y_00006,vertical_20250128__20y__20y_00006,43,,vertical,,20250128,08:23:00,20y_00006_waggle_annotations.csv,E:\2026Trackathon\James\mp4\20250128\00006.mp4,"(-0.807790947859209, -0.5894690700594228)",-0.807790947859209,-0.589469070059423,306.11934084948,1127,799,"(1127.0, 799.0)",3837,1,raw_vertical_uncalibrated,,,,,,,,,,,,,,,,,,,,,,not_corrected
vertical,annotator_csv,vertical_20250128,20y,20y,20y_00006,vertical_20250128__20y__20y_00006,44,,vertical,,20250128,08:23:00,20y_00006_waggle_annotations.csv,E:\2026Trackathon\James\mp4\20250128\00006.mp4,"(-0.6866235329637165, -0.7270131525498175)",-0.686623532963717,-0.727013152549818,316.636577041617,1129,747,"(1129.0, 747.0)",3888,1,raw_vertical_uncalibrated,,,,,,,,,,,,,,,,,,,,,,not_corrected
vertical,annotator_csv,vertical_20250128,20y,20y,20y_00006,vertical_20250128__20y__20y_00006,45,,vertical,,20250128,08:23:00,20y_00006_waggle_annotations.csv,E:\2026Trackathon\James\mp4\20250128\00006.mp4,"(-0.6726727939963125, -0.7399400733959437)",-0.672672793996313,-0.739940073395944,317.726310993906,1095,797,"(1095.0, 797.0)",3925,1,raw_vertical_uncalibrated,,,,,,,,,,,,,,,,,,,,,,not_corrected
vertical,annotator_csv,vertical_20250128,20y,20y,20y_00006,vertical_20250128__20y__20y_00006,46,,vertical,,20250128,08:23:00,20y_00006_waggle_annotations.csv,E:\2026Trackathon\James\mp4\20250128\00006.mp4,"(-0.6804510993672779, -0.7327934916262993)",-0.680451099367278,-0.732793491626299,317.121096396661,1155,788,"(1155.0, 788.0)",3967,1,raw_vertical_uncalibrated,,,,,,,,,,,,,,,,,,,,,,not_corrected
vertical,annotator_csv,vertical_20250128,20y,20y,20y_00006,vertical_20250128__20y__20y_00006,47,,vertical,,20250128,08:23:00,20y_00006_waggle_annotations.csv,E:\2026Trackathon\James\mp4\20250128\00006.mp4,"(-0.7943578329771962, -0.6074501075707971)",-0.794357832977196,-0.607450107570797,307.405356631409,1126,808,"(1126.0, 808.0)",4010,1,raw_vertical_uncalibrated,,,,,,,,,,,,,,,,,,,,,,not_corrected
vertical,annotator_csv,vertical_20250128,20y,20y,20y_00006,vertical_20250128__20y__20y_00006,48,,vertical,,20250128,08:23:00,20y_00006_waggle_annotations.csv,E:\2026Trackathon\James\mp4\20250128\00006.mp4,"(-0.6715194247388594, -0.7409869514359827)",-0.671519424738859,-0.740986951435983,317.815556684211,1136,791,"(1136.0, 791.0)",4055,1,raw_vertical_uncalibrated,,,,,,,,,,,,,,,,,,,,,,not_corrected
vertical,annotator_csv,vertical_20250128,20y,20y,20y_00006,vertical_20250128__20y__20y_00006,49,,vertical,,20250128,08:23:00,20y_00006_waggle_annotations.csv,E:\2026Trackathon\James\mp4\20250128\00006.mp4,"(-0.7970921481540103, -0.6038576879954624)",-0.79709214815401,-0.603857687995462,307.146686698022,1113,836,"(1113.0, 836.0)",4108,1,raw_vertical_uncalibrated,,,,,,,,,,,,,,,,,,,,,,not_corrected
vertical,annotator_csv,vertical_20250128,20y,20y,20y_00006,vertical_20250128__20y__20y_00006,50,,vertical,,20250128,08:23:00,20y_00006_waggle_annotations.csv,E:\2026Trackathon\James\mp4\20250128\00006.mp4,"(-0.7633862853691145, -0.6459422414661737)",-0.763386285369115,-0.645942241466174,310.236358309274,1152,814,"(1152.0, 814.0)",4155,1,raw_vertical_uncalibrated,,,,,,,,,,,,,,,,,,,,,,not_corrected
vertical,annotator_csv,vertical_20250128,20y,20y,20y_00006,vertical_20250128__20y__20y_00006,51,,vertical,,20250128,08:23:00,20y_00006_waggle_annotations.csv,E:\2026Trackathon\James\mp4\20250128\00006.mp4,"(-0.7459376616259147, -0.6660157693088524)",-0.745937661625915,-0.666015769308852,311.760299703898,1045,864,"(1045.0, 864.0)",4224,1,raw_vertical_uncalibrated,,,,,,,,,,,,,,,,,,,,,,not_corrected
vertical,annotator_csv,vertical_20250128,20y,20y,20y_00006,vertical_20250128__20y__20y_00006,52,,vertical,,20250128,08:23:00,20y_00006_waggle_annotations.csv,E:\2026Trackathon\James\mp4\20250128\00006.mp4,"(-0.5105387541554361, -0.8598547438407345)",-0.510538754155436,-0.859854743840735,329.300277449186,972,815,"(972.0, 815.0)",4266,1,raw_vertical_uncalibrated,,,,,,,,,,,,,,,,,,,,,,not_corrected
vertical,annotator_csv,vertical_20250128,20y,20y,20y_00006,vertical_20250128__20y__20y_00006,53,,vertical,,20250128,08:23:00,20y_00006_waggle_annotations.csv,E:\2026Trackathon\James\mp4\20250128\00006.mp4,"(-0.7186021417665908, -0.6954214275160555)",-0.718602141766591,-0.695421427516056,314.060809054264,940,863,"(940.0, 863.0)",4321,1,raw_vertical_uncalibrated,,,,,,,,,,,,,,,,,,,,,,not_corrected
vertical,annotator_csv,vertical_20250128,20y,20y,20y_00006,vertical_20250128__20y__20y_00006,54,,vertical,,20250128,08:23:00,20y_00006_waggle_annotations.csv,E:\2026Trackathon\James\mp4\20250128\00006.mp4,"(-0.7507135169227552, -0.6606278948920247)",-0.750713516922755,-0.660627894892025,311.347777219694,1011,831,"(1011.0, 831.0)",4391,1,raw_vertical_uncalibrated,,,,,,,,,,,,,,,,,,,,,,not_corrected
vertical,annotator_csv,vertical_20250128,20y,20y,20y_00006,vertical_20250128__20y__20y_00006,55,,vertical,,20250128,08:23:00,20y_00006_waggle_annotations.csv,E:\2026Trackathon\James\mp4\20250128\00006.mp4,"(-0.9103664774626047, -0.413802944301184)",-0.910366477462605,-0.413802944301184,294.443954780417,982,834,"(982.0, 834.0)",4432,1,raw_vertical_uncalibrated,,,,,,,,,,,,,,,,,,,,,,not_corrected
vertical,annotator_csv,vertical_20250128,20y,20y,20y_00006,vertical_20250128__20y__20y_00006,56,,vertical,,20250128,08:23:00,20y_00006_waggle_annotations.csv,E:\2026Trackathon\James\mp4\20250128\00006.mp4,"(-0.6448709392097829, -0.7642914835078909)",-0.644870939209783,-0.764291483507891,319.844000375081,1019,806,"(1019.0, 806.0)",4481,1,raw_vertical_uncalibrated,,,,,,,,,,,,,,,,,,,,,,not_corrected
vertical,annotator_csv,vertical_20250128,20y,20y,20y_00026,vertical_20250128__20y__20y_00026,1,,vertical,,20250128,10:45:00,20y_00026_waggle_annotations.csv,E:\2026Trackathon\James\mp4\20250128\00026.mp4,"(0.2631174057921088, -0.9647638212377322)",0.263117405792109,-0.964763821237732,15.2551187030578,1174,834,"(1174.0, 834.0)",2,1,raw_vertical_uncalibrated,,,,,,,,,,,,,,,,,,,,,,not_corrected
vertical,annotator_csv,vertical_20250128,20y,20y,20y_00026,vertical_20250128__20y__20y_00026,2,,vertical,,20250128,10:45:00,20y_00026_waggle_annotations.csv,E:\2026Trackathon\James\mp4\20250128\00026.mp4,"(0.09262336892949784, -0.9957012159921018)",0.0926233689294978,-0.995701215992102,5.31454566994475,1088,879,"(1088.0, 879.0)",54,1,raw_vertical_uncalibrated,,,,,,,,,,,,,,,,,,,,,,not_corrected
vertical,annotator_csv,vertical_20250128,20y,20y,20y_00026,vertical_20250128__20y__20y_00026,3,,vertical,,20250128,10:45:00,20y_00026_waggle_annotations.csv,E:\2026Trackathon\James\mp4\20250128\00026.mp4,"(0.13216372009101796, -0.9912279006826347)",0.132163720091018,-0.991227900682635,7.59464336859145,1100,898,"(1100.0, 898.0)",122,1,raw_vertical_uncalibrated,,,,,,,,,,,,,,,,,,,,,,not_corrected
vertical,annotator_csv,vertical_20250128,20y,20y,20y_00026,vertical_20250128__20y__20y_00026,4,,vertical,,20250128,10:45:00,20y_00026_waggle_annotations.csv,E:\2026Trackathon\James\mp4\20250128\00026.mp4,"(0.06111006327950329, -0.9981310335652204)",0.0611100632795033,-0.99813103356522,3.50353164478446,1433,949,"(1433.0, 949.0)",519,1,raw_vertical_uncalibrated,,,,,,,,,,,,,,,,,,,,,,not_corrected
vertical,annotator_csv,vertical_20250128,20y,20y,20y_00026,vertical_20250128__20y__20y_00026,5,,vertical,,20250128,10:45:00,20y_00026_waggle_annotations.csv,E:\2026Trackathon\James\mp4\20250128\00026.mp4,"(-0.07870248542001067, -0.9968981486534685)",-0.0787024854200107,-0.996898148653469,355.486011541999,1367,952,"(1367.0, 952.0)",598,1,raw_vertical_uncalibrated,,,,,,,,,,,,,,,,,,,,,,not_corrected
vertical,annotator_csv,vertical_20250128,20y,20y,20y_00026,vertical_20250128__20y__20y_00026,6,,vertical,,20250128,10:45:00,20y_00026_waggle_annotations.csv,E:\2026Trackathon\James\mp4\20250128\00026.mp4,"(-0.09262336892949784, -0.9957012159921018)",-0.0926233689294978,-0.995701215992102,354.685454330055,1270,877,"(1270.0, 877.0)",670,1,raw_vertical_uncalibrated,,,,,,,,,,,,,,,,,,,,,,not_corrected
vertical,annotator_csv,vertical_20250128,20y,20y,20y_00026,vertical_20250128__20y__20y_00026,7,,vertical,,20250128,10:45:00,20y_00026_waggle_annotations.csv,E:\2026Trackathon\James\mp4\20250128\00026.mp4,"(0.12105437531103977, -0.9926458775505261)",0.12105437531104,-0.992645877550526,6.95295746817392,1113,884,"(1113.0, 884.0)",880,1,raw_vertical_uncalibrated,,,,,,,,,,,,,,,,,,,,,,not_corrected
vertical,annotator_csv,vertical_20250128,20y,20y,20y_00026,vertical_20250128__20y__20y_00026,8,,vertical,,20250128,10:45:00,20y_00026_waggle_annotations.csv,E:\2026Trackathon\James\mp4\20250128\00026.mp4,"(0.08304547985373997, -0.9965457582448796)",0.08304547985374,-0.99654575824488,4.76364169072618,1215,815,"(1215.0, 815.0)",959,1,raw_vertical_uncalibrated,,,,,,,,,,,,,,,,,,,,,,not_corrected
vertical,annotator_csv,vertical_20250128,20y,20y,20y_00026,vertical_20250128__20y__20y_00026,9,,vertical,,20250128,10:45:00,20y_00026_waggle_annotations.csv,E:\2026Trackathon\James\mp4\20250128\00026.mp4,"(-0.20039623614870658, -0.9797149322825655)",-0.200396236148707,-0.979714932282566,348.439869205782,965,871,"(965.0, 871.0)",1180,1,raw_vertical_uncalibrated,,,,,,,,,,,,,,,,,,,,,,not_corrected
vertical,annotator_csv,vertical_20250128,20y,20y,20y_00026,vertical_20250128__20y__20y_00026,10,,vertical,,20250128,10:45:00,20y_00026_waggle_annotations.csv,E:\2026Trackathon\James\mp4\20250128\00026.mp4,"(0.22651349466027826, -0.9740080270391964)",0.226513494660278,-0.974008027039196,13.0918930643468,1168,868,"(1168.0, 868.0)",1602,1,raw_vertical_uncalibrated,,,,,,,,,,,,,,,,,,,,,,not_corrected
vertical,annotator_csv,vertical_20250128,20y,20y,20y_00026,vertical_20250128__20y__20y_00026,11,,vertical,,20250128,10:45:00,20y_00026_waggle_annotations.csv,E:\2026Trackathon\James\mp4\20250128\00026.mp4,"(0.0, -1.0)",0,-1,0,1098,820,"(1098.0, 820.0)",1657,1,raw_vertical_uncalibrated,,,,,,,,,,,,,,,,,,,,,,not_corrected
vertical,annotator_csv,vertical_20250128,20y,20y,20y_00026,vertical_20250128__20y__20y_00026,12,,vertical,,20250128,10:45:00,20y_00026_waggle_annotations.csv,E:\2026Trackathon\James\mp4\20250128\00026.mp4,"(-0.023802777946288958, -0.9997166737441362)",-0.023802777946289,-0.999716673744136,358.636072468397,1150,896,"(1150.0, 896.0)",1734,1,raw_vertical_uncalibrated,,,,,,,,,,,,,,,,,,,,,,not_corrected
vertical,annotator_csv,vertical_20250128,20y,20y,20y_00059,vertical_20250128__20y__20y_00059,1,,vertical,,20250128,17:51:00,20y_00059_waggle_annotations.csv,E:\2026Trackathon\James\mp4\20250128\00059.mp4,"(0.5780173407803391, 0.8160244811016552)",0.578017340780339,0.816024481101655,144.688786560367,612,780,"(612.0, 780.0)",25,1,raw_vertical_uncalibrated,,,,,,,,,,,,,,,,,,,,,,not_corrected
vertical,annotator_csv,vertical_20250128,20y,20y,20y_00059,vertical_20250128__20y__20y_00059,2,,vertical,,20250128,17:51:00,20y_00059_waggle_annotations.csv,E:\2026Trackathon\James\mp4\20250128\00059.mp4,"(0.3047757271037837, 0.9524241471993241)",0.304775727103784,0.952424147199324,162.255328374943,510,613,"(510.0, 613.0)",111,1,raw_vertical_uncalibrated,,,,,,,,,,,,,,,,,,,,,,not_corrected
vertical,annotator_csv,vertical_20250128,20y,20y,20y_00059,vertical_20250128__20y__20y_00059,3,,vertical,,20250128,17:51:00,20y_00059_waggle_annotations.csv,E:\2026Trackathon\James\mp4\20250128\00059.mp4,"(-0.7556890827898176, 0.6549305384178419)",-0.755689082789818,0.654930538417842,229.085616779975,514,606,"(514.0, 606.0)",149,1,raw_vertical_uncalibrated,,,,,,,,,,,,,,,,,,,,,,not_corrected
vertical,annotator_csv,vertical_20250128,20y,20y,20y_00059,vertical_20250128__20y__20y_00059,4,,vertical,,20250128,17:51:00,20y_00059_waggle_annotations.csv,E:\2026Trackathon\James\mp4\20250128\00059.mp4,"(0.19611613513818402, 0.9805806756909201)",0.196116135138184,0.98058067569092,168.69006752598,517,619,"(517.0, 619.0)",197,1,raw_vertical_uncalibrated,,,,,,,,,,,,,,,,,,,,,,not_corrected
vertical,annotator_csv,vertical_20250128,20y,20y,20y_00059,vertical_20250128__20y__20y_00059,5,,vertical,,20250128,17:51:00,20y_00059_waggle_annotations.csv,E:\2026Trackathon\James\mp4\20250128\00059.mp4,"(-0.49026123963255896, 0.8715755371245493)",-0.490261239632559,0.871575537124549,209.357753542791,488,561,"(488.0, 561.0)",231,1,raw_vertical_uncalibrated,,,,,,,,,,,,,,,,,,,,,,not_corrected
vertical,annotator_csv,vertical_20250128,20y,20y,20y_00059,vertical_20250128__20y__20y_00059,6,,vertical,,20250128,17:51:00,20y_00059_waggle_annotations.csv,E:\2026Trackathon\James\mp4\20250128\00059.mp4,"(-0.5339929913879817, 0.8454889030309711)",-0.533992991387982,0.845488903030971,212.275644314578,455,598,"(455.0, 598.0)",310,1,raw_vertical_uncalibrated,,,,,,,,,,,,,,,,,,,,,,not_corrected
vertical,annotator_csv,vertical_20250128,22b,22b,22b_00002,vertical_20250128__22b__22b_00002,1,,vertical,,20250128,08:12:00,22b_00002_waggle_annotations.csv,E:\2026Trackathon\James\mp4\20250128\00002.mp4,"(-0.6050832675335579, -0.7961621941231025)",-0.605083267533558,-0.796162194123103,322.765166018425,1318,758,"(1318.0, 758.0)",296,1,raw_vertical_uncalibrated,,,,,,,,,,,,,,,,,,,,,,not_corrected
vertical,annotator_csv,vertical_20250128,22b,22b,22b_00002,vertical_20250128__22b__22b_00002,2,,vertical,,20250128,08:12:00,22b_00002_waggle_annotations.csv,E:\2026Trackathon\James\mp4\20250128\00002.mp4,"(-0.30782028541466255, -0.9514445185544115)",-0.307820285414663,-0.951444518554412,342.072080237993,1308,745,"(1308.0, 745.0)",349,1,raw_vertical_uncalibrated,,,,,,,,,,,,,,,,,,,,,,not_corrected
vertical,annotator_csv,vertical_20250128,22b,22b,22b_00006,vertical_20250128__22b__22b_00006,1,,vertical,,20250128,08:23:00,22b_00006_waggle_annotations.csv,E:\2026Trackathon\James\mp4\20250128\00006.mp4,"(-0.6043864813742317, -0.7966912709023963)",-0.604386481374232,-0.796691270902396,322.815293546767,1157,687,"(1157.0, 687.0)",2334,1,raw_vertical_uncalibrated,,,,,,,,,,,,,,,,,,,,,,not_corrected
vertical,annotator_csv,vertical_20250128,22b,22b,22b_00006,vertical_20250128__22b__22b_00006,2,,vertical,,20250128,08:23:00,22b_00006_waggle_annotations.csv,E:\2026Trackathon\James\mp4\20250128\00006.mp4,"(-0.6702862579687701, -0.7421026427511382)",-0.67028625796877,-0.742102642751138,317.910837826168,1148,705,"(1148.0, 705.0)",2385,1,raw_vertical_uncalibrated,,,,,,,,,,,,,,,,,,,,,,not_corrected
vertical,annotator_csv,vertical_20250128,22b,22b,22b_00006,vertical_20250128__22b__22b_00006,3,,vertical,,20250128,08:23:00,22b_00006_waggle_annotations.csv,E:\2026Trackathon\James\mp4\20250128\00006.mp4,"(-0.5491778866608372, -0.8357054797012741)",-0.549177886660837,-0.835705479701274,326.689369175439,1119,665,"(1119.0, 665.0)",2433,1,raw_vertical_uncalibrated,,,,,,,,,,,,,,,,,,,,,,not_corrected
vertical,annotator_csv,vertical_20250128,22b,22b,22b_00006,vertical_20250128__22b__22b_00006,4,,vertical,,20250128,08:23:00,22b_00006_waggle_annotations.csv,E:\2026Trackathon\James\mp4\20250128\00006.mp4,"(-0.8087360843031886, -0.5881716976750462)",-0.808736084303189,-0.588171697675046,306.027373385104,1080,650,"(1080.0, 650.0)",2479,1,raw_vertical_uncalibrated,,,,,,,,,,,,,,,,,,,,,,not_corrected
vertical,annotator_csv,vertical_20250128,22b,22b,22b_00006,vertical_20250128__22b__22b_00006,5,,vertical,,20250128,08:23:00,22b_00006_waggle_annotations.csv,E:\2026Trackathon\James\mp4\20250128\00006.mp4,"(-0.7682212795973759, -0.6401843996644799)",-0.768221279597376,-0.64018439966448,309.805571092265,1102,643,"(1102.0, 643.0)",2521,1,raw_vertical_uncalibrated,,,,,,,,,,,,,,,,,,,,,,not_corrected
vertical,annotator_csv,vertical_20250128,22b,22b,22b_00006,vertical_20250128__22b__22b_00006,6,,vertical,,20250128,08:23:00,22b_00006_waggle_annotations.csv,E:\2026Trackathon\James\mp4\20250128\00006.mp4,"(-0.6401843996644799, -0.7682212795973759)",-0.64018439966448,-0.768221279597376,320.194428907735,1069,632,"(1069.0, 632.0)",2568,1,raw_vertical_uncalibrated,,,,,,,,,,,,,,,,,,,,,,not_corrected
vertical,annotator_csv,vertical_20250128,22b,22b,22b_00006,vertical_20250128__22b__22b_00006,7,,vertical,,20250128,08:23:00,22b_00006_waggle_annotations.csv,E:\2026Trackathon\James\mp4\20250128\00006.mp4,"(-0.7071067811865476, -0.7071067811865476)",-0.707106781186548,-0.707106781186548,315,1094,600,"(1094.0, 600.0)",2624,1,raw_vertical_uncalibrated,,,,,,,,,,,,,,,,,,,,,,not_corrected
vertical,annotator_csv,vertical_20250128,22b,22b,22b_00006,vertical_20250128__22b__22b_00006,8,,vertical,,20250128,08:23:00,22b_00006_waggle_annotations.csv,E:\2026Trackathon\James\mp4\20250128\00006.mp4,"(-0.6904757466825006, -0.7233555441435721)",-0.690475746682501,-0.723355544143572,316.33221985387,1110,592,"(1110.0, 592.0)",2673,1,raw_vertical_uncalibrated,,,,,,,,,,,,,,,,,,,,,,not_corrected
vertical,annotator_csv,vertical_20250128,22b,22b,22b_00006,vertical_20250128__22b__22b_00006,9,,vertical,,20250128,08:23:00,22b_00006_waggle_annotations.csv,E:\2026Trackathon\James\mp4\20250128\00006.mp4,"(-0.5547001962252291, -0.8320502943378437)",-0.554700196225229,-0.832050294337844,326.30993247402,1108,544,"(1108.0, 544.0)",2726,1,raw_vertical_uncalibrated,,,,,,,,,,,,,,,,,,,,,,not_corrected
vertical,annotator_csv,vertical_20250128,22b,22b,22b_00006,vertical_20250128__22b__22b_00006,10,,vertical,,20250128,08:23:00,22b_00006_waggle_annotations.csv,E:\2026Trackathon\James\mp4\20250128\00006.mp4,"(-0.7327934916262993, -0.6804510993672779)",-0.732793491626299,-0.680451099367278,312.878903603339,1063,517,"(1063.0, 517.0)",2782,1,raw_vertical_uncalibrated,,,,,,,,,,,,,,,,,,,,,,not_corrected
vertical,annotator_csv,vertical_20250128,22b,22b,22b_00006,vertical_20250128__22b__22b_00006,11,,vertical,,20250128,08:23:00,22b_00006_waggle_annotations.csv,E:\2026Trackathon\James\mp4\20250128\00006.mp4,"(-0.6904757466825006, -0.7233555441435721)",-0.690475746682501,-0.723355544143572,316.33221985387,1020,556,"(1020.0, 556.0)",2846,1,raw_vertical_uncalibrated,,,,,,,,,,,,,,,,,,,,,,not_corrected
vertical,annotator_csv,vertical_20250128,22b,22b,22b_00006,vertical_20250128__22b__22b_00006,12,,vertical,,20250128,08:23:00,22b_00006_waggle_annotations.csv,E:\2026Trackathon\James\mp4\20250128\00006.mp4,"(-0.40613846605344767, -0.9138115486202573)",-0.406138466053448,-0.913811548620257,336.037511025422,1047,514,"(1047.0, 514.0)",2972,1,raw_vertical_uncalibrated,,,,,,,,,,,,,,,,,,,,,,not_corrected
vertical,annotator_csv,vertical_20250128,22b,22b,22b_00047,vertical_20250128__22b__22b_00047,1,,vertical,,20250128,15:29:00,22b_00047_waggle_annotations.csv,E:\2026Trackathon\James\mp4\20250128\00047.mp4,"(-0.6675450157520258, 0.7445694406464903)",-0.667545015752026,0.74456944064649,221.877869537884,1781,834,"(1781.0, 834.0)",7,1,raw_vertical_uncalibrated,,,,,,,,,,,,,,,,,,,,,,not_corrected
vertical,annotator_csv,vertical_20250128,22b,22b,22b_00047,vertical_20250128__22b__22b_00047,2,,vertical,,20250128,15:29:00,22b_00047_waggle_annotations.csv,E:\2026Trackathon\James\mp4\20250128\00047.mp4,"(0.4115867224264983, 0.9113705996586747)",0.411586722426498,0.911370599658675,155.695450734063,1797,884,"(1797.0, 884.0)",60,1,raw_vertical_uncalibrated,,,,,,,,,,,,,,,,,,,,,,not_corrected
vertical,annotator_csv,vertical_20250128,22b,22b,22b_00047,vertical_20250128__22b__22b_00047,3,,vertical,,20250128,15:29:00,22b_00047_waggle_annotations.csv,E:\2026Trackathon\James\mp4\20250128\00047.mp4,"(0.0, 1.0)",0,1,180,1848,880,"(1848.0, 880.0)",145,1,raw_vertical_uncalibrated,,,,,,,,,,,,,,,,,,,,,,not_corrected
vertical,annotator_csv,vertical_20250128,22b,22b,22b_00048,vertical_20250128__22b__22b_00048,1,,vertical,,20250128,15:34:00,22b_00048_waggle_annotations.csv,E:\2026Trackathon\James\mp4\20250128\00048.mp4,"(-0.8700221858486124, 0.49301257198088033)",-0.870022185848612,0.49301257198088,240.461217740442,905,992,"(905.0, 992.0)",335,1,raw_vertical_uncalibrated,,,,,,,,,,,,,,,,,,,,,,not_corrected
vertical,annotator_csv,vertical_20250128,22b,22b,22b_00048,vertical_20250128__22b__22b_00048,2,,vertical,,20250128,15:34:00,22b_00048_waggle_annotations.csv,E:\2026Trackathon\James\mp4\20250128\00048.mp4,"(0.46135273664198945, 0.8872168012345951)",0.461352736641989,0.887216801234595,152.525568373723,939,964,"(939.0, 964.0)",413,1,raw_vertical_uncalibrated,,,,,,,,,,,,,,,,,,,,,,not_corrected
vertical,annotator_csv,vertical_20250128,22b,22b,22b_00048,vertical_20250128__22b__22b_00048,3,,vertical,,20250128,15:34:00,22b_00048_waggle_annotations.csv,E:\2026Trackathon\James\mp4\20250128\00048.mp4,"(-0.030289126640769135, 0.9995411791453814)",-0.0302891266407691,0.999541179145381,181.735704588928,827,967,"(827.0, 967.0)",548,1,raw_vertical_uncalibrated,,,,,,,,,,,,,,,,,,,,,,not_corrected
vertical,annotator_csv,vertical_20250128,22b,22b,22b_00048,vertical_20250128__22b__22b_00048,4,,vertical,,20250128,15:34:00,22b_00048_waggle_annotations.csv,E:\2026Trackathon\James\mp4\20250128\00048.mp4,"(0.4157597602677944, 0.9094744755858002)",0.415759760267794,0.9094744755858,155.432828679399,895,972,"(895.0, 972.0)",595,1,raw_vertical_uncalibrated,,,,,,,,,,,,,,,,,,,,,,not_corrected
vertical,annotator_csv,vertical_20250128,22b,22b,22b_00048,vertical_20250128__22b__22b_00048,5,,vertical,,20250128,15:34:00,22b_00048_waggle_annotations.csv,E:\2026Trackathon\James\mp4\20250128\00048.mp4,"(-0.17888543819998318, 0.9838699100999075)",-0.178885438199983,0.983869910099908,190.304846468766,867,949,"(867.0, 949.0)",640,1,raw_vertical_uncalibrated,,,,,,,,,,,,,,,,,,,,,,not_corrected
vertical,annotator_csv,vertical_20250128,22b,22b,22b_00048,vertical_20250128__22b__22b_00048,6,,vertical,,20250128,15:34:00,22b_00048_waggle_annotations.csv,E:\2026Trackathon\James\mp4\20250128\00048.mp4,"(0.22485950669875843, 0.9743911956946198)",0.224859506698758,0.97439119569462,167.005383208084,839,951,"(839.0, 951.0)",675,1,raw_vertical_uncalibrated,,,,,,,,,,,,,,,,,,,,,,not_corrected
vertical,annotator_csv,vertical_20250128,22b,22b,22b_00048,vertical_20250128__22b__22b_00048,7,,vertical,,20250128,15:34:00,22b_00048_waggle_annotations.csv,E:\2026Trackathon\James\mp4\20250128\00048.mp4,"(-0.27881019486395536, 0.9603462267536241)",-0.278810194863955,0.960346226753624,196.189206257027,888,949,"(888.0, 949.0)",726,1,raw_vertical_uncalibrated,,,,,,,,,,,,,,,,,,,,,,not_corrected
vertical,annotator_csv,vertical_20250128,22b,22b,22b_00048,vertical_20250128__22b__22b_00048,8,,vertical,,20250128,15:34:00,22b_00048_waggle_annotations.csv,E:\2026Trackathon\James\mp4\20250128\00048.mp4,"(0.0, 1.0)",0,1,180,949,980,"(949.0, 980.0)",770,1,raw_vertical_uncalibrated,,,,,,,,,,,,,,,,,,,,,,not_corrected
vertical,annotator_csv,vertical_20250128,22b,22b,22b_00048,vertical_20250128__22b__22b_00048,9,,vertical,,20250128,15:34:00,22b_00048_waggle_annotations.csv,E:\2026Trackathon\James\mp4\20250128\00048.mp4,"(-0.1414213562373095, 0.9899494936611665)",-0.14142135623731,0.989949493661167,188.130102354156,937,971,"(937.0, 971.0)",806,1,raw_vertical_uncalibrated,,,,,,,,,,,,,,,,,,,,,,not_corrected
vertical,annotator_csv,vertical_20250128,22b,22b,22b_00048,vertical_20250128__22b__22b_00048,10,,vertical,,20250128,15:34:00,22b_00048_waggle_annotations.csv,E:\2026Trackathon\James\mp4\20250128\00048.mp4,"(0.5547001962252291, 0.8320502943378437)",0.554700196225229,0.832050294337844,146.30993247402,959,989,"(959.0, 989.0)",860,1,raw_vertical_uncalibrated,,,,,,,,,,,,,,,,,,,,,,not_corrected
vertical,annotator_csv,vertical_20250128,22b,22b,22b_00048,vertical_20250128__22b__22b_00048,11,,vertical,,20250128,15:34:00,22b_00048_waggle_annotations.csv,E:\2026Trackathon\James\mp4\20250128\00048.mp4,"(0.1643989873053573, 0.9863939238321437)",0.164398987305357,0.986393923832144,170.537677791974,890,985,"(890.0, 985.0)",900,1,raw_vertical_uncalibrated,,,,,,,,,,,,,,,,,,,,,,not_corrected
vertical,annotator_csv,vertical_20250128,22b,22b,22b_00048,vertical_20250128__22b__22b_00048,12,,vertical,,20250128,15:34:00,22b_00048_waggle_annotations.csv,E:\2026Trackathon\James\mp4\20250128\00048.mp4,"(0.49613893835683387, 0.8682431421244593)",0.496138938356834,0.868243142124459,150.255118703058,901,984,"(901.0, 984.0)",949,1,raw_vertical_uncalibrated,,,,,,,,,,,,,,,,,,,,,,not_corrected
vertical,annotator_csv,vertical_20250128,22b,22b,22b_00048,vertical_20250128__22b__22b_00048,13,,vertical,,20250128,15:34:00,22b_00048_waggle_annotations.csv,E:\2026Trackathon\James\mp4\20250128\00048.mp4,"(0.06049506040189035, 0.9981684966311908)",0.0604950604018904,0.998168496631191,176.531770741083,849,960,"(849.0, 960.0)",990,1,raw_vertical_uncalibrated,,,,,,,,,,,,,,,,,,,,,,not_corrected
vertical,annotator_csv,vertical_20250128,22b,22b,22b_00048,vertical_20250128__22b__22b_00048,14,,vertical,,20250128,15:34:00,22b_00048_waggle_annotations.csv,E:\2026Trackathon\James\mp4\20250128\00048.mp4,"(0.39391929857916763, 0.9191450300180578)",0.393919298579168,0.919145030018058,156.801409486352,903,958,"(903.0, 958.0)",1035,1,raw_vertical_uncalibrated,,,,,,,,,,,,,,,,,,,,,,not_corrected
vertical,annotator_csv,vertical_20250128,22b,22b,22b_00048,vertical_20250128__22b__22b_00048,15,,vertical,,20250128,15:34:00,22b_00048_waggle_annotations.csv,E:\2026Trackathon\James\mp4\20250128\00048.mp4,"(0.04993761694389223, 0.9987523388778445)",0.0499376169438922,0.998752338877845,177.137594773888,870,982,"(870.0, 982.0)",1075,1,raw_vertical_uncalibrated,,,,,,,,,,,,,,,,,,,,,,not_corrected
vertical,annotator_csv,vertical_20250128,22b,22b,22b_00048,vertical_20250128__22b__22b_00048,16,,vertical,,20250128,15:34:00,22b_00048_waggle_annotations.csv,E:\2026Trackathon\James\mp4\20250128\00048.mp4,"(0.4190581774617469, 0.9079593845004517)",0.419058177461747,0.907959384500452,155.224859431168,896,983,"(896.0, 983.0)",1116,1,raw_vertical_uncalibrated,,,,,,,,,,,,,,,,,,,,,,not_corrected
vertical,annotator_csv,vertical_20250128,22b,22b,22b_00048,vertical_20250128__22b__22b_00048,17,,vertical,,20250128,15:34:00,22b_00048_waggle_annotations.csv,E:\2026Trackathon\James\mp4\20250128\00048.mp4,"(-0.06237828615518053, 0.9980525784828885)",-0.0623782861551805,0.998052578482889,183.576334374997,882,955,"(882.0, 955.0)",1155,1,raw_vertical_uncalibrated,,,,,,,,,,,,,,,,,,,,,,not_corrected
vertical,annotator_csv,vertical_20250128,22b,22b,22b_00048,vertical_20250128__22b__22b_00048,18,,vertical,,20250128,15:34:00,22b_00048_waggle_annotations.csv,E:\2026Trackathon\James\mp4\20250128\00048.mp4,"(0.8253072612498318, 0.5646839155919902)",0.825307261249832,0.56468391559199,124.380344723845,1574,933,"(1574.0, 933.0)",1494,1,raw_vertical_uncalibrated,,,,,,,,,,,,,,,,,,,,,,not_corrected
vertical,annotator_csv,vertical_20250128,22b,22b,22b_00048,vertical_20250128__22b__22b_00048,19,,vertical,,20250128,15:34:00,22b_00048_waggle_annotations.csv,E:\2026Trackathon\James\mp4\20250128\00048.mp4,"(-0.6561787149247866, 0.7546055221635046)",-0.656178714924787,0.754605522163505,221.00908690157,1305,956,"(1305.0, 956.0)",1568,1,raw_vertical_uncalibrated,,,,,,,,,,,,,,,,,,,,,,not_corrected
vertical,annotator_csv,vertical_20250128,22b,22b,22b_00048,vertical_20250128__22b__22b_00048,20,,vertical,,20250128,15:34:00,22b_00048_waggle_annotations.csv,E:\2026Trackathon\James\mp4\20250128\00048.mp4,"(0.7619393177594593, 0.6476484200955405)",0.761939317759459,0.647648420095541,130.364536573097,1556,941,"(1556.0, 941.0)",1698,1,raw_vertical_uncalibrated,,,,,,,,,,,,,,,,,,,,,,not_corrected
vertical,annotator_csv,vertical_20250128,66b,66b,66b_00023,vertical_20250128__66b__66b_00023,1,,vertical,,20250128,10:35:00,66b_00023_waggle_annotations.csv,E:\2026Trackathon\James\mp4\20250128\00023.mp4,"(-0.4392101320049426, -0.8983843609192008)",-0.439210132004943,-0.898384360919201,333.946504689509,747,866,"(747.0, 866.0)",24,1,raw_vertical_uncalibrated,,,,,,,,,,,,,,,,,,,,,,not_corrected
vertical,annotator_csv,vertical_20250128,66b,66b,66b_00023,vertical_20250128__66b__66b_00023,2,,vertical,,20250128,10:35:00,66b_00023_waggle_annotations.csv,E:\2026Trackathon\James\mp4\20250128\00023.mp4,"(0.2333729524753242, -0.9723873019805175)",0.233372952475324,-0.972387301980518,13.4957332807958,699,845,"(699.0, 845.0)",79,1,raw_vertical_uncalibrated,,,,,,,,,,,,,,,,,,,,,,not_corrected
vertical,annotator_csv,vertical_20250128,66b,66b,66b_00023,vertical_20250128__66b__66b_00023,3,,vertical,,20250128,10:35:00,66b_00023_waggle_annotations.csv,E:\2026Trackathon\James\mp4\20250128\00023.mp4,"(-0.24253562503633297, 0.9701425001453319)",-0.242535625036333,0.970142500145332,194.036243467926,881,974,"(881.0, 974.0)",229,1,raw_vertical_uncalibrated,,,,,,,,,,,,,,,,,,,,,,not_corrected
vertical,annotator_csv,vertical_20250128,66b,66b,66b_00023,vertical_20250128__66b__66b_00023,4,,vertical,,20250128,10:35:00,66b_00023_waggle_annotations.csv,E:\2026Trackathon\James\mp4\20250128\00023.mp4,"(0.0, -1.0)",0,-1,0,897,975,"(897.0, 975.0)",248,1,raw_vertical_uncalibrated,,,,,,,,,,,,,,,,,,,,,,not_corrected
vertical,annotator_csv,vertical_20250128,66b,66b,66b_00023,vertical_20250128__66b__66b_00023,5,,vertical,,20250128,10:35:00,66b_00023_waggle_annotations.csv,E:\2026Trackathon\James\mp4\20250128\00023.mp4,"(0.04078236951430928, -0.9991680531005774)",0.0407823695143093,-0.999168053100577,2.33730585912382,884,859,"(884.0, 859.0)",294,1,raw_vertical_uncalibrated,,,,,,,,,,,,,,,,,,,,,,not_corrected
vertical,annotator_csv,vertical_20250128,66b,66b,66b_00023,vertical_20250128__66b__66b_00023,6,,vertical,,20250128,10:35:00,66b_00023_waggle_annotations.csv,E:\2026Trackathon\James\mp4\20250128\00023.mp4,"(0.036339618107142986, -0.9993394979464321)",0.036339618107143,-0.999339497946432,2.08256527973089,890,788,"(890.0, 788.0)",619,1,raw_vertical_uncalibrated,,,,,,,,,,,,,,,,,,,,,,not_corrected
vertical,annotator_csv,vertical_20250128,66b,66b,66b_00023,vertical_20250128__66b__66b_00023,7,,vertical,,20250128,10:35:00,66b_00023_waggle_annotations.csv,E:\2026Trackathon\James\mp4\20250128\00023.mp4,"(0.01999600119960014, -0.9998000599800071)",0.0199960011996001,-0.999800059980007,1.1457628381751,821,825,"(821.0, 825.0)",681,1,raw_vertical_uncalibrated,,,,,,,,,,,,,,,,,,,,,,not_corrected
vertical,annotator_csv,vertical_20250128,66b,66b,66b_00023,vertical_20250128__66b__66b_00023,8,,vertical,,20250128,10:35:00,66b_00023_waggle_annotations.csv,E:\2026Trackathon\James\mp4\20250128\00023.mp4,"(0.06651901052377393, -0.997785157856609)",0.0665190105237739,-0.997785157856609,3.81407483429035,900,765,"(900.0, 765.0)",749,1,raw_vertical_uncalibrated,,,,,,,,,,,,,,,,,,,,,,not_corrected
vertical,annotator_csv,vertical_20250128,66b,66b,66b_00024,vertical_20250128__66b__66b_00024,1,,vertical,,20250128,10:40:00,66b_00024_waggle_annotations.csv,E:\2026Trackathon\James\mp4\20250128\00024.mp4,"(-0.11914522061843064, -0.992876838486922)",-0.119145220618431,-0.992876838486922,353.157226587369,1316,783,"(1316.0, 783.0)",21,1,raw_vertical_uncalibrated,,,,,,,,,,,,,,,,,,,,,,not_corrected
vertical,annotator_csv,vertical_20250128,66b,66b,66b_00024,vertical_20250128__66b__66b_00024,2,,vertical,,20250128,10:40:00,66b_00024_waggle_annotations.csv,E:\2026Trackathon\James\mp4\20250128\00024.mp4,"(0.07124704998790965, -0.997458699830735)",0.0712470499879097,-0.997458699830735,4.08561677997488,1272,772,"(1272.0, 772.0)",95,1,raw_vertical_uncalibrated,,,,,,,,,,,,,,,,,,,,,,not_corrected
vertical,annotator_csv,vertical_20250128,66b,66b,66b_00024,vertical_20250128__66b__66b_00024,3,,vertical,,20250128,10:40:00,66b_00024_waggle_annotations.csv,E:\2026Trackathon\James\mp4\20250128\00024.mp4,"(0.0, -1.0)",0,-1,0,1208,719,"(1208.0, 719.0)",141,1,raw_vertical_uncalibrated,,,,,,,,,,,,,,,,,,,,,,not_corrected
vertical,annotator_csv,vertical_20250128,66b,66b,66b_00024,vertical_20250128__66b__66b_00024,4,,vertical,,20250128,10:40:00,66b_00024_waggle_annotations.csv,E:\2026Trackathon\James\mp4\20250128\00024.mp4,"(0.04163054471218133, -0.999133073092352)",0.0416305447121813,-0.999133073092352,2.38594403038881,1199,717,"(1199.0, 717.0)",199,1,raw_vertical_uncalibrated,,,,,,,,,,,,,,,,,,,,,,not_corrected
vertical,annotator_csv,vertical_20250128,66b,66b,66b_00024,vertical_20250128__66b__66b_00024,5,,vertical,,20250128,10:40:00,66b_00024_waggle_annotations.csv,E:\2026Trackathon\James\mp4\20250128\00024.mp4,"(-0.28216632399155017, -0.9593655015712707)",-0.28216632399155,-0.959365501571271,343.610459665965,1204,705,"(1204.0, 705.0)",248,1,raw_vertical_uncalibrated,,,,,,,,,,,,,,,,,,,,,,not_corrected
vertical,annotator_csv,vertical_20250128,66b,66b,66b_00024,vertical_20250128__66b__66b_00024,6,,vertical,,20250128,10:40:00,66b_00024_waggle_annotations.csv,E:\2026Trackathon\James\mp4\20250128\00024.mp4,"(-0.10578605459352258, -0.9943889131791123)",-0.105786054593523,-0.994388913179112,353.927543592792,1164,695,"(1164.0, 695.0)",292,1,raw_vertical_uncalibrated,,,,,,,,,,,,,,,,,,,,,,not_corrected
vertical,annotator_csv,vertical_20250128,66b,66b,66b_00024,vertical_20250128__66b__66b_00024,7,,vertical,,20250128,10:40:00,66b_00024_waggle_annotations.csv,E:\2026Trackathon\James\mp4\20250128\00024.mp4,"(-0.15496776884521193, -0.9879195263882261)",-0.154967768845212,-0.987919526388226,351.085073042852,1155,659,"(1155.0, 659.0)",339,1,raw_vertical_uncalibrated,,,,,,,,,,,,,,,,,,,,,,not_corrected
vertical,annotator_csv,vertical_20250128,66b,66b,66b_00024,vertical_20250128__66b__66b_00024,8,,vertical,,20250128,10:40:00,66b_00024_waggle_annotations.csv,E:\2026Trackathon\James\mp4\20250128\00024.mp4,"(-0.3744630496012833, -0.9272418371079396)",-0.374463049601283,-0.92724183710794,338.008870082823,1182,628,"(1182.0, 628.0)",383,1,raw_vertical_uncalibrated,,,,,,,,,,,,,,,,,,,,,,not_corrected
vertical,annotator_csv,vertical_20250128,66b,66b,66b_00024,vertical_20250128__66b__66b_00024,9,,vertical,,20250128,10:40:00,66b_00024_waggle_annotations.csv,E:\2026Trackathon\James\mp4\20250128\00024.mp4,"(-0.19274530403092788, -0.9812488205210874)",-0.192745304030928,-0.981248820521087,348.886959464052,1196,613,"(1196.0, 613.0)",422,1,raw_vertical_uncalibrated,,,,,,,,,,,,,,,,,,,,,,not_corrected
vertical,annotator_csv,vertical_20250128,66b,66b,66b_00024,vertical_20250128__66b__66b_00024,10,,vertical,,20250128,10:40:00,66b_00024_waggle_annotations.csv,E:\2026Trackathon\James\mp4\20250128\00024.mp4,"(0.045407660918649985, -0.9989685402102997)",0.04540766091865,-0.9989685402103,2.60256220249981,1080,713,"(1080.0, 713.0)",479,1,raw_vertical_uncalibrated,,,,,,,,,,,,,,,,,,,,,,not_corrected
vertical,annotator_csv,vertical_20250128,66b,66b,66b_00024,vertical_20250128__66b__66b_00024,11,,vertical,,20250128,10:40:00,66b_00024_waggle_annotations.csv,E:\2026Trackathon\James\mp4\20250128\00024.mp4,"(0.03770900990025203, -0.9992887623566787)",0.037709009900252,-0.999288762356679,2.16107948822637,1133,707,"(1133.0, 707.0)",527,1,raw_vertical_uncalibrated,,,,,,,,,,,,,,,,,,,,,,not_corrected
vertical,annotator_csv,vertical_20250128,66b,66b,66b_00024,vertical_20250128__66b__66b_00024,12,,vertical,,20250128,10:40:00,66b_00024_waggle_annotations.csv,E:\2026Trackathon\James\mp4\20250128\00024.mp4,"(-0.09571240664425779, -0.9954090291002811)",-0.0957124066442578,-0.995409029100281,354.507675442873,1142,665,"(1142.0, 665.0)",570,1,raw_vertical_uncalibrated,,,,,,,,,,,,,,,,,,,,,,not_corrected
vertical,annotator_csv,vertical_20250128,66b,66b,66b_00024,vertical_20250128__66b__66b_00024,13,,vertical,,20250128,10:40:00,66b_00024_waggle_annotations.csv,E:\2026Trackathon\James\mp4\20250128\00024.mp4,"(-0.13003403680018621, -0.9915095306014198)",-0.130034036800186,-0.99150953060142,352.528440823408,1139,636,"(1139.0, 636.0)",611,1,raw_vertical_uncalibrated,,,,,,,,,,,,,,,,,,,,,,not_corrected
vertical,annotator_csv,vertical_20250128,66b,66b,66b_00024,vertical_20250128__66b__66b_00024,14,,vertical,,20250128,10:40:00,66b_00024_waggle_annotations.csv,E:\2026Trackathon\James\mp4\20250128\00024.mp4,"(0.03843312210120439, -0.9992611746313143)",0.0384331221012044,-0.999261174631314,2.20259816176581,1121,635,"(1121.0, 635.0)",651,1,raw_vertical_uncalibrated,,,,,,,,,,,,,,,,,,,,,,not_corrected
vertical,annotator_csv,vertical_20250128,66b,66b,66b_00024,vertical_20250128__66b__66b_00024,15,,vertical,,20250128,10:40:00,66b_00024_waggle_annotations.csv,E:\2026Trackathon\James\mp4\20250128\00024.mp4,"(-0.08893193797450552, -0.9960377053144619)",-0.0889319379745055,-0.996037705314462,354.897834747642,1114,637,"(1114.0, 637.0)",691,1,raw_vertical_uncalibrated,,,,,,,,,,,,,,,,,,,,,,not_corrected
vertical,annotator_csv,vertical_20250128,66b,66b,66b_00024,vertical_20250128__66b__66b_00024,16,,vertical,,20250128,10:40:00,66b_00024_waggle_annotations.csv,E:\2026Trackathon\James\mp4\20250128\00024.mp4,"(0.10360608425945601, -0.9946184088907778)",0.103606084259456,-0.994618408890778,5.9468630539735,1145,662,"(1145.0, 662.0)",743,1,raw_vertical_uncalibrated,,,,,,,,,,,,,,,,,,,,,,not_corrected
vertical,annotator_csv,vertical_20250128,66b,66b,66b_00024,vertical_20250128__66b__66b_00024,17,,vertical,,20250128,10:40:00,66b_00024_waggle_annotations.csv,E:\2026Trackathon\James\mp4\20250128\00024.mp4,"(-0.08853979028379436, -0.9960726406926864)",-0.0885397902837944,-0.996072640692686,354.920392139985,1168,656,"(1168.0, 656.0)",786,1,raw_vertical_uncalibrated,,,,,,,,,,,,,,,,,,,,,,not_corrected
vertical,annotator_csv,vertical_20250128,66b,66b,66b_00024,vertical_20250128__66b__66b_00024,18,,vertical,,20250128,10:40:00,66b_00024_waggle_annotations.csv,E:\2026Trackathon\James\mp4\20250128\00024.mp4,"(-0.23257321322170788, -0.9725788916544148)",-0.232573213221708,-0.972578891654415,346.551384948314,1045,728,"(1045.0, 728.0)",849,1,raw_vertical_uncalibrated,,,,,,,,,,,,,,,,,,,,,,not_corrected
vertical,annotator_csv,vertical_20250128,66b,66b,66b_00024,vertical_20250128__66b__66b_00024,19,,vertical,,20250128,10:40:00,66b_00024_waggle_annotations.csv,E:\2026Trackathon\James\mp4\20250128\00024.mp4,"(-0.05547001962252291, -0.9984603532054125)",-0.0554700196225229,-0.998460353205413,356.820169880136,1076,735,"(1076.0, 735.0)",894,1,raw_vertical_uncalibrated,,,,,,,,,,,,,,,,,,,,,,not_corrected
vertical,annotator_csv,vertical_20250128,66b,66b,66b_00024,vertical_20250128__66b__66b_00024,20,,vertical,,20250128,10:40:00,66b_00024_waggle_annotations.csv,E:\2026Trackathon\James\mp4\20250128\00024.mp4,"(-0.20395425411200105, -0.9789804197376051)",-0.203954254112001,-0.978980419737605,348.231711067979,1073,748,"(1073.0, 748.0)",942,1,raw_vertical_uncalibrated,,,,,,,,,,,,,,,,,,,,,,not_corrected
vertical,annotator_csv,vertical_20250128,66b,66b,66b_00024,vertical_20250128__66b__66b_00024,21,,vertical,,20250128,10:40:00,66b_00024_waggle_annotations.csv,E:\2026Trackathon\James\mp4\20250128\00024.mp4,"(-0.039185566695354605, -0.9992319507315425)",-0.0391855666953546,-0.999231950731543,357.754257434105,1044,699,"(1044.0, 699.0)",1515,1,raw_vertical_uncalibrated,,,,,,,,,,,,,,,,,,,,,,not_corrected
vertical,annotator_csv,vertical_20250128,66b,66b,66b_00024,vertical_20250128__66b__66b_00024,22,,vertical,,20250128,10:40:00,66b_00024_waggle_annotations.csv,E:\2026Trackathon\James\mp4\20250128\00024.mp4,"(-0.09219821056073614, -0.9957406740559502)",-0.0921982105607361,-0.99574067405595,354.709918794629,970,880,"(970.0, 880.0)",1810,1,raw_vertical_uncalibrated,,,,,,,,,,,,,,,,,,,,,,not_corrected
vertical,annotator_csv,vertical_20250128,66b,66b,66b_00024,vertical_20250128__66b__66b_00024,23,,vertical,,20250128,10:40:00,66b_00024_waggle_annotations.csv,E:\2026Trackathon\James\mp4\20250128\00024.mp4,"(-0.11588069956017834, -0.993263139087243)",-0.115880699560178,-0.993263139087243,353.345574953993,1021,949,"(1021.0, 949.0)",1858,1,raw_vertical_uncalibrated,,,,,,,,,,,,,,,,,,,,,,not_corrected
vertical,annotator_csv,vertical_20250128,66b,66b,66b_00024,vertical_20250128__66b__66b_00024,24,,vertical,,20250128,10:40:00,66b_00024_waggle_annotations.csv,E:\2026Trackathon\James\mp4\20250128\00024.mp4,"(-0.04833055142332259, -0.9988313960820002)",-0.0483305514233226,-0.998831396082,357.2297842028,1077,962,"(1077.0, 962.0)",1896,1,raw_vertical_uncalibrated,,,,,,,,,,,,,,,,,,,,,,not_corrected
vertical,annotator_csv,vertical_20250128,66b,66b,66b_00024,vertical_20250128__66b__66b_00024,25,,vertical,,20250128,10:40:00,66b_00024_waggle_annotations.csv,E:\2026Trackathon\James\mp4\20250128\00024.mp4,"(0.018515344006020947, -0.9998285763251312)",0.0185153440060209,-0.999828576325131,1.06091169026423,1059,944,"(1059.0, 944.0)",1933,1,raw_vertical_uncalibrated,,,,,,,,,,,,,,,,,,,,,,not_corrected
vertical,annotator_csv,vertical_20250128,66b,66b,66b_00024,vertical_20250128__66b__66b_00024,26,,vertical,,20250128,10:40:00,66b_00024_waggle_annotations.csv,E:\2026Trackathon\James\mp4\20250128\00024.mp4,"(-0.052558833122763673, -0.9986178293325098)",-0.0525588331227637,-0.99861782933251,356.987212495817,1082,954,"(1082.0, 954.0)",1973,1,raw_vertical_uncalibrated,,,,,,,,,,,,,,,,,,,,,,not_corrected
vertical,annotator_csv,vertical_20250128,66b,66b,66b_00024,vertical_20250128__66b__66b_00024,27,,vertical,,20250128,10:40:00,66b_00024_waggle_annotations.csv,E:\2026Trackathon\James\mp4\20250128\00024.mp4,"(-0.16710823010753623, -0.9859385576344637)",-0.167108230107536,-0.985938557634464,350.380272200301,1123,926,"(1123.0, 926.0)",2020,1,raw_vertical_uncalibrated,,,,,,,,,,,,,,,,,,,,,,not_corrected
vertical,annotator_csv,vertical_20250128,66b,66b,66b_00024,vertical_20250128__66b__66b_00024,28,,vertical,,20250128,10:40:00,66b_00024_waggle_annotations.csv,E:\2026Trackathon\James\mp4\20250128\00024.mp4,"(-0.1643989873053573, -0.9863939238321437)",-0.164398987305357,-0.986393923832144,350.537677791974,1168,938,"(1168.0, 938.0)",2060,1,raw_vertical_uncalibrated,,,,,,,,,,,,,,,,,,,,,,not_corrected
vertical,annotator_csv,vertical_20250128,66b,66b,66b_00024,vertical_20250128__66b__66b_00024,29,,vertical,,20250128,10:40:00,66b_00024_waggle_annotations.csv,E:\2026Trackathon\James\mp4\20250128\00024.mp4,"(-0.17279947800812523, -0.9849570246463139)",-0.172799478008125,-0.984957024646314,350.049373312048,1172,931,"(1172.0, 931.0)",2106,1,raw_vertical_uncalibrated,,,,,,,,,,,,,,,,,,,,,,not_corrected
vertical,annotator_csv,vertical_20250128,66b,66b,66b_00024,vertical_20250128__66b__66b_00024,30,,vertical,,20250128,10:40:00,66b_00024_waggle_annotations.csv,E:\2026Trackathon\James\mp4\20250128\00024.mp4,"(0.16741469965597303, -0.98588656464073)",0.167414699655973,-0.98588656464073,9.63753811293095,1185,937,"(1185.0, 937.0)",2153,1,raw_vertical_uncalibrated,,,,,,,,,,,,,,,,,,,,,,not_corrected
vertical,annotator_csv,vertical_20250128,66b,66b,66b_00024,vertical_20250128__66b__66b_00024,31,,vertical,,20250128,10:40:00,66b_00024_waggle_annotations.csv,E:\2026Trackathon\James\mp4\20250128\00024.mp4,"(0.09757142403137058, -0.99522852511998)",0.0975714240313706,-0.99522852511998,5.59933933652057,1130,903,"(1130.0, 903.0)",2197,1,raw_vertical_uncalibrated,,,,,,,,,,,,,,,,,,,,,,not_corrected
vertical,annotator_csv,vertical_20250128,66b,66b,66b_00024,vertical_20250128__66b__66b_00024,32,,vertical,,20250128,10:40:00,66b_00024_waggle_annotations.csv,E:\2026Trackathon\James\mp4\20250128\00024.mp4,"(0.10578605459352258, -0.9943889131791123)",0.105786054593523,-0.994388913179112,6.0724564072077,1134,885,"(1134.0, 885.0)",2236,1,raw_vertical_uncalibrated,,,,,,,,,,,,,,,,,,,,,,not_corrected
vertical,annotator_csv,vertical_20250128,66b,66b,66b_00024,vertical_20250128__66b__66b_00024,33,,vertical,,20250128,10:40:00,66b_00024_waggle_annotations.csv,E:\2026Trackathon\James\mp4\20250128\00024.mp4,"(-0.13341201214153917, -0.9910606616228624)",-0.133412012141539,-0.991060661622862,352.333195738186,1153,882,"(1153.0, 882.0)",2284,1,raw_vertical_uncalibrated,,,,,,,,,,,,,,,,,,,,,,not_corrected
vertical,annotator_csv,vertical_20250128,66b,66b,66b_00024,vertical_20250128__66b__66b_00024,34,,vertical,,20250128,10:40:00,66b_00024_waggle_annotations.csv,E:\2026Trackathon\James\mp4\20250128\00024.mp4,"(0.19611613513818404, -0.9805806756909202)",0.196116135138184,-0.98058067569092,11.3099324740202,1155,873,"(1155.0, 873.0)",2321,1,raw_vertical_uncalibrated,,,,,,,,,,,,,,,,,,,,,,not_corrected
vertical,annotator_csv,vertical_20250128,66b,66b,66b_00024,vertical_20250128__66b__66b_00024,35,,vertical,,20250128,10:40:00,66b_00024_waggle_annotations.csv,E:\2026Trackathon\James\mp4\20250128\00024.mp4,"(0.14925269233005106, -0.9887990866865883)",0.149252692330051,-0.988799086686588,8.58362148011395,1149,851,"(1149.0, 851.0)",2361,1,raw_vertical_uncalibrated,,,,,,,,,,,,,,,,,,,,,,not_corrected
vertical,annotator_csv,vertical_20250128,66b,66b,66b_00024,vertical_20250128__66b__66b_00024,36,,vertical,,20250128,10:40:00,66b_00024_waggle_annotations.csv,E:\2026Trackathon\James\mp4\20250128\00024.mp4,"(-0.3285206249412727, -0.944496796706159)",-0.328520624941273,-0.944496796706159,340.820991974189,1167,827,"(1167.0, 827.0)",2401,1,raw_vertical_uncalibrated,,,,,,,,,,,,,,,,,,,,,,not_corrected
vertical,annotator_csv,vertical_20250128,66b,66b,66b_00024,vertical_20250128__66b__66b_00024,37,,vertical,,20250128,10:40:00,66b_00024_waggle_annotations.csv,E:\2026Trackathon\James\mp4\20250128\00024.mp4,"(-0.18884739365012448, -0.9820064469806473)",-0.188847393650124,-0.982006446980647,349.114472945341,1114,801,"(1114.0, 801.0)",2442,1,raw_vertical_uncalibrated,,,,,,,,,,,,,,,,,,,,,,not_corrected
vertical,annotator_csv,vertical_20250128,66b,66b,66b_00024,vertical_20250128__66b__66b_00024,38,,vertical,,20250128,10:40:00,66b_00024_waggle_annotations.csv,E:\2026Trackathon\James\mp4\20250128\00024.mp4,"(0.13819603191146362, -0.9904048953654893)",0.138196031911464,-0.990404895365489,7.94347181059041,1126,793,"(1126.0, 793.0)",2480,1,raw_vertical_uncalibrated,,,,,,,,,,,,,,,,,,,,,,not_corrected
vertical,annotator_csv,vertical_20250128,84b,84b,84b_00048,vertical_20250128__84b__84b_00048,1,,vertical,,20250128,15:34:00,84b_00048_waggle_annotations.csv,E:\2026Trackathon\James\mp4\20250128\00048.mp4,"(0.4327310675847713, 0.9015230574682735)",0.432731067584771,0.901523057468274,154.358994175695,1224,938,"(1224.0, 938.0)",72,1,raw_vertical_uncalibrated,,,,,,,,,,,,,,,,,,,,,,not_corrected
vertical,annotator_csv,vertical_20250128,84b,84b,84b_00048,vertical_20250128__84b__84b_00048,2,,vertical,,20250128,15:34:00,84b_00048_waggle_annotations.csv,E:\2026Trackathon\James\mp4\20250128\00048.mp4,"(0.04343722427630694, 0.9990561583550596)",0.0434372242763069,0.99905615835506,177.510447078001,1176,944,"(1176.0, 944.0)",144,1,raw_vertical_uncalibrated,,,,,,,,,,,,,,,,,,,,,,not_corrected
vertical,annotator_csv,vertical_20250128,84b,84b,84b_00048,vertical_20250128__84b__84b_00048,3,,vertical,,20250128,15:34:00,84b_00048_waggle_annotations.csv,E:\2026Trackathon\James\mp4\20250128\00048.mp4,"(0.26311740579210874, 0.9647638212377321)",0.263117405792109,0.964763821237732,164.744881296942,1247,894,"(1247.0, 894.0)",207,1,raw_vertical_uncalibrated,,,,,,,,,,,,,,,,,,,,,,not_corrected
vertical,annotator_csv,vertical_20250128,84b,84b,84b_00048,vertical_20250128__84b__84b_00048,4,,vertical,,20250128,15:34:00,84b_00048_waggle_annotations.csv,E:\2026Trackathon\James\mp4\20250128\00048.mp4,"(-0.48564293117863205, 0.8741572761215377)",-0.485642931178632,0.874157276121538,209.054604099077,1246,873,"(1246.0, 873.0)",267,1,raw_vertical_uncalibrated,,,,,,,,,,,,,,,,,,,,,,not_corrected
vertical,annotator_csv,vertical_20250128,84b,84b,84b_00048,vertical_20250128__84b__84b_00048,5,,vertical,,20250128,15:34:00,84b_00048_waggle_annotations.csv,E:\2026Trackathon\James\mp4\20250128\00048.mp4,"(0.5144957554275266, 0.8574929257125442)",0.514495755427527,0.857492925712544,149.036243467926,1302,933,"(1302.0, 933.0)",359,1,raw_vertical_uncalibrated,,,,,,,,,,,,,,,,,,,,,,not_corrected
vertical,annotator_csv,vertical_20250128,84b,84b,84b_00048,vertical_20250128__84b__84b_00048,6,,vertical,,20250128,15:34:00,84b_00048_waggle_annotations.csv,E:\2026Trackathon\James\mp4\20250128\00048.mp4,"(-0.658504607868518, 0.7525766947068778)",-0.658504607868518,0.752576694706878,221.18592516571,1317,832,"(1317.0, 832.0)",417,1,raw_vertical_uncalibrated,,,,,,,,,,,,,,,,,,,,,,not_corrected
vertical,annotator_csv,vertical_20250128,84b,84b,84b_00048,vertical_20250128__84b__84b_00048,7,,vertical,,20250128,15:34:00,84b_00048_waggle_annotations.csv,E:\2026Trackathon\James\mp4\20250128\00048.mp4,"(0.284088329691374, 0.9587981127083872)",0.284088329691374,0.958798112708387,163.495638618245,1276,902,"(1276.0, 902.0)",479,1,raw_vertical_uncalibrated,,,,,,,,,,,,,,,,,,,,,,not_corrected
vertical,annotator_csv,vertical_20250128,84b,84b,84b_00048,vertical_20250128__84b__84b_00048,8,,vertical,,20250128,15:34:00,84b_00048_waggle_annotations.csv,E:\2026Trackathon\James\mp4\20250128\00048.mp4,"(-0.5183017160933442, 0.8551978315540179)",-0.518301716093344,0.855197831554018,211.218402764346,1287,899,"(1287.0, 899.0)",547,1,raw_vertical_uncalibrated,,,,,,,,,,,,,,,,,,,,,,not_corrected
vertical,annotator_csv,vertical_20250128,84b,84b,84b_00048,vertical_20250128__84b__84b_00048,9,,vertical,,20250128,15:34:00,84b_00048_waggle_annotations.csv,E:\2026Trackathon\James\mp4\20250128\00048.mp4,"(0.39872611141444997, 0.9170700562532349)",0.39872611141445,0.917070056253235,156.501434324048,1320,930,"(1320.0, 930.0)",626,1,raw_vertical_uncalibrated,,,,,,,,,,,,,,,,,,,,,,not_corrected
vertical,annotator_csv,vertical_20250128,84b,84b,84b_00048,vertical_20250128__84b__84b_00048,10,,vertical,,20250128,15:34:00,84b_00048_waggle_annotations.csv,E:\2026Trackathon\James\mp4\20250128\00048.mp4,"(-0.4830773429113347, 0.8755776840267941)",-0.483077342911335,0.875577684026794,208.886581766911,1373,868,"(1373.0, 868.0)",675,1,raw_vertical_uncalibrated,,,,,,,,,,,,,,,,,,,,,,not_corrected
vertical,annotator_csv,vertical_20250128,84b,84b,84b_00048,vertical_20250128__84b__84b_00048,11,,vertical,,20250128,15:34:00,84b_00048_waggle_annotations.csv,E:\2026Trackathon\James\mp4\20250128\00048.mp4,"(0.6357072528610997, 0.7719302356170498)",0.6357072528611,0.77193023561705,140.527540151656,1374,900,"(1374.0, 900.0)",727,1,raw_vertical_uncalibrated,,,,,,,,,,,,,,,,,,,,,,not_corrected
vertical,annotator_csv,vertical_20250128,84b,84b,84b_00048,vertical_20250128__84b__84b_00048,12,,vertical,,20250128,15:34:00,84b_00048_waggle_annotations.csv,E:\2026Trackathon\James\mp4\20250128\00048.mp4,"(-0.3757051087392182, 0.9267392682234049)",-0.375705108739218,0.926739268223405,202.06789956241,1333,912,"(1333.0, 912.0)",782,1,raw_vertical_uncalibrated,,,,,,,,,,,,,,,,,,,,,,not_corrected
vertical,annotator_csv,vertical_20250128,84b,84b,84b_00048,vertical_20250128__84b__84b_00048,13,,vertical,,20250128,15:34:00,84b_00048_waggle_annotations.csv,E:\2026Trackathon\James\mp4\20250128\00048.mp4,"(0.21693045781865616, 0.9761870601839528)",0.216930457818656,0.976187060183953,167.471192290848,1346,926,"(1346.0, 926.0)",847,1,raw_vertical_uncalibrated,,,,,,,,,,,,,,,,,,,,,,not_corrected
vertical,annotator_csv,vertical_20250128,84b,84b,84b_00048,vertical_20250128__84b__84b_00048,14,,vertical,,20250128,15:34:00,84b_00048_waggle_annotations.csv,E:\2026Trackathon\James\mp4\20250128\00048.mp4,"(-0.2544932992796438, 0.9670745372626465)",-0.254493299279644,0.967074537262647,194.743562836471,1283,945,"(1283.0, 945.0)",930,1,raw_vertical_uncalibrated,,,,,,,,,,,,,,,,,,,,,,not_corrected
vertical,annotator_csv,vertical_20250128,84b,84b,84b_00058,vertical_20250128__84b__84b_00058,1,,vertical,,20250128,17:49:00,84b_00058_waggle_annotations.csv,E:\2026Trackathon\James\mp4\20250128\00058.mp4,"(0.4657464328326223, 0.8849182223819824)",0.465746432832622,0.884918222381982,152.24145939894,406,885,"(406.0, 885.0)",27,1,raw_vertical_uncalibrated,,,,,,,,,,,,,,,,,,,,,,not_corrected
vertical,annotator_csv,vertical_20250128,84b,84b,84b_00058,vertical_20250128__84b__84b_00058,2,,vertical,,20250128,17:49:00,84b_00058_waggle_annotations.csv,E:\2026Trackathon\James\mp4\20250128\00058.mp4,"(-0.773957299203321, 0.6332377902572627)",-0.773957299203321,0.633237790257263,230.7105931375,382,920,"(382.0, 920.0)",100,1,raw_vertical_uncalibrated,,,,,,,,,,,,,,,,,,,,,,not_corrected
vertical,annotator_csv,vertical_20250128,84b,84b,84b_00058,vertical_20250128__84b__84b_00058,3,,vertical,,20250128,17:49:00,84b_00058_waggle_annotations.csv,E:\2026Trackathon\James\mp4\20250128\00058.mp4,"(0.4472135954999579, 0.8944271909999159)",0.447213595499958,0.894427190999916,153.434948822922,444,947,"(444.0, 947.0)",767,1,raw_vertical_uncalibrated,,,,,,,,,,,,,,,,,,,,,,not_corrected
vertical,annotator_csv,vertical_20250128,84b,84b,84b_00058,vertical_20250128__84b__84b_00058,4,,vertical,,20250128,17:49:00,84b_00058_waggle_annotations.csv,E:\2026Trackathon\James\mp4\20250128\00058.mp4,"(-0.6912226459673644, 0.7226418571476991)",-0.691222645967364,0.722641857147699,223.726969979943,326,883,"(326.0, 883.0)",827,1,raw_vertical_uncalibrated,,,,,,,,,,,,,,,,,,,,,,not_corrected
vertical,annotator_csv,vertical_20250128,84b,84b,84b_00058,vertical_20250128__84b__84b_00058,5,,vertical,,20250128,17:49:00,84b_00058_waggle_annotations.csv,E:\2026Trackathon\James\mp4\20250128\00058.mp4,"(-0.39391929857916763, 0.9191450300180578)",-0.393919298579168,0.919145030018058,203.198590513648,325,886,"(325.0, 886.0)",887,1,raw_vertical_uncalibrated,,,,,,,,,,,,,,,,,,,,,,not_corrected
vertical,annotator_csv,vertical_20250128,84b,84b,84b_00058,vertical_20250128__84b__84b_00058,6,,vertical,,20250128,17:49:00,84b_00058_waggle_annotations.csv,E:\2026Trackathon\James\mp4\20250128\00058.mp4,"(-0.4190581774617469, 0.9079593845004517)",-0.419058177461747,0.907959384500452,204.775140568832,369,907,"(369.0, 907.0)",956,1,raw_vertical_uncalibrated,,,,,,,,,,,,,,,,,,,,,,not_corrected
vertical,annotator_csv,vertical_20250128,84b,84b,84b_00058,vertical_20250128__84b__84b_00058,7,,vertical,,20250128,17:49:00,84b_00058_waggle_annotations.csv,E:\2026Trackathon\James\mp4\20250128\00058.mp4,"(0.04993761694389223, 0.9987523388778445)",0.0499376169438922,0.998752338877845,177.137594773888,400,909,"(400.0, 909.0)",1014,1,raw_vertical_uncalibrated,,,,,,,,,,,,,,,,,,,,,,not_corrected
vertical,annotator_csv,vertical_20250128,84b,84b,84b_00058,vertical_20250128__84b__84b_00058,8,,vertical,,20250128,17:49:00,84b_00058_waggle_annotations.csv,E:\2026Trackathon\James\mp4\20250128\00058.mp4,"(-0.7761140001162655, 0.6305926250944657)",-0.776114000116266,0.630592625094466,230.906141113771,384,869,"(384.0, 869.0)",1071,1,raw_vertical_uncalibrated,,,,,,,,,,,,,,,,,,,,,,not_corrected
vertical,annotator_csv,vertical_20250128,84b,84b,84b_00058,vertical_20250128__84b__84b_00058,9,,vertical,,20250128,17:49:00,84b_00058_waggle_annotations.csv,E:\2026Trackathon\James\mp4\20250128\00058.mp4,"(0.11914522061843064, 0.992876838486922)",0.119145220618431,0.992876838486922,173.157226587369,395,877,"(395.0, 877.0)",1135,1,raw_vertical_uncalibrated,,,,,,,,,,,,,,,,,,,,,,not_corrected
vertical,annotator_csv,vertical_20250128,84b,84b,84b_00059,vertical_20250128__84b__84b_00059,1,,vertical,,20250128,17:49:00,84b_00059_waggle_annotations.csv,E:\2026Trackathon\James\mp4\20250128\00059.mp4,"(0.9070089677484316, 0.421111306454629)",0.907008967748432,0.421111306454629,114.904768808095,571,872,"(571.0, 872.0)",980,1,raw_vertical_uncalibrated,,,,,,,,,,,,,,,,,,,,,,not_corrected
vertical,annotator_csv,vertical_20250128,84b,84b,84b_00059,vertical_20250128__84b__84b_00059,2,,vertical,,20250128,17:49:00,84b_00059_waggle_annotations.csv,E:\2026Trackathon\James\mp4\20250128\00059.mp4,"(-0.5812381937190965, 0.813733471206735)",-0.581238193719097,0.813733471206735,215.537677791974,532,866,"(532.0, 866.0)",1015,1,raw_vertical_uncalibrated,,,,,,,,,,,,,,,,,,,,,,not_corrected
vertical,annotator_csv,vertical_20250128,84b,84b,84b_00059,vertical_20250128__84b__84b_00059,3,,vertical,,20250128,17:49:00,84b_00059_waggle_annotations.csv,E:\2026Trackathon\James\mp4\20250128\00059.mp4,"(-0.3713906763541038, 0.9284766908852594)",-0.371390676354104,0.928476690885259,201.801409486352,528,868,"(528.0, 868.0)",1079,1,raw_vertical_uncalibrated,,,,,,,,,,,,,,,,,,,,,,not_corrected
vertical,annotator_csv,vertical_20250128,84b,84b,84b_00059,vertical_20250128__84b__84b_00059,4,,vertical,,20250128,17:49:00,84b_00059_waggle_annotations.csv,E:\2026Trackathon\James\mp4\20250128\00059.mp4,"(-0.9216353751380653, 0.38805700005813276)",-0.921635375138065,0.388057000058133,247.166345822082,569,856,"(569.0, 856.0)",1164,1,raw_vertical_uncalibrated,,,,,,,,,,,,,,,,,,,,,,not_corrected
vertical,annotator_csv,vertical_20250128,84b,84b,84b_00059,vertical_20250128__84b__84b_00059,5,,vertical,,20250128,17:49:00,84b_00059_waggle_annotations.csv,E:\2026Trackathon\James\mp4\20250128\00059.mp4,"(0.0, 1.0)",0,1,180,559,878,"(559.0, 878.0)",1228,1,raw_vertical_uncalibrated,,,,,,,,,,,,,,,,,,,,,,not_corrected
vertical,annotator_csv,vertical_20250128,84b,84b,84b_00059,vertical_20250128__84b__84b_00059,6,,vertical,,20250128,17:49:00,84b_00059_waggle_annotations.csv,E:\2026Trackathon\James\mp4\20250128\00059.mp4,"(-0.6246950475544243, 0.7808688094430304)",-0.624695047554424,0.78086880944303,218.65980825409,520,883,"(520.0, 883.0)",1276,1,raw_vertical_uncalibrated,,,,,,,,,,,,,,,,,,,,,,not_corrected
vertical,annotator_csv,vertical_20250128,84b,84b,84b_00059,vertical_20250128__84b__84b_00059,7,,vertical,,20250128,17:49:00,84b_00059_waggle_annotations.csv,E:\2026Trackathon\James\mp4\20250128\00059.mp4,"(0.058722021951470346, 0.9982743731749958)",0.0587220219514703,0.998274373174996,176.63353933657,529,871,"(529.0, 871.0)",1336,1,raw_vertical_uncalibrated,,,,,,,,,,,,,,,,,,,,,,not_corrected
vertical,annotator_csv,vertical_20250128,84b,84b,84b_00059,vertical_20250128__84b__84b_00059,8,,vertical,,20250128,17:49:00,84b_00059_waggle_annotations.csv,E:\2026Trackathon\James\mp4\20250128\00059.mp4,"(-0.7327934916262993, 0.6804510993672779)",-0.732793491626299,0.680451099367278,227.121096396661,465,837,"(465.0, 837.0)",1391,1,raw_vertical_uncalibrated,,,,,,,,,,,,,,,,,,,,,,not_corrected
vertical,annotator_csv,vertical_20250128,84b,84b,84b_00059,vertical_20250128__84b__84b_00059,9,,vertical,,20250128,17:49:00,84b_00059_waggle_annotations.csv,E:\2026Trackathon\James\mp4\20250128\00059.mp4,"(0.7719302356170498, 0.6357072528610997)",0.77193023561705,0.6357072528611,129.472459848344,486,871,"(486.0, 871.0)",1443,1,raw_vertical_uncalibrated,,,,,,,,,,,,,,,,,,,,,,not_corrected
vertical,annotator_csv,vertical_20250128,84b,84b,84b_00059,vertical_20250128__84b__84b_00059,10,,vertical,,20250128,17:49:00,84b_00059_waggle_annotations.csv,E:\2026Trackathon\James\mp4\20250128\00059.mp4,"(-0.9828721869343219, 0.18428853505018536)",-0.982872186934322,0.184288535050185,259.380344723845,485,847,"(485.0, 847.0)",1495,1,raw_vertical_uncalibrated,,,,,,,,,,,,,,,,,,,,,,not_corrected
vertical,annotator_csv,vertical_20250128,84b,84b,84b_00059,vertical_20250128__84b__84b_00059,11,,vertical,,20250128,17:49:00,84b_00059_waggle_annotations.csv,E:\2026Trackathon\James\mp4\20250128\00059.mp4,"(0.2940858488375231, 0.95577900872195)",0.294085848837523,0.95577900872195,162.897271030948,506,866,"(506.0, 866.0)",1534,1,raw_vertical_uncalibrated,,,,,,,,,,,,,,,,,,,,,,not_corrected
vertical,annotator_csv,vertical_20250128,84b,84b,84b_00059,vertical_20250128__84b__84b_00059,12,,vertical,,20250128,17:49:00,84b_00059_waggle_annotations.csv,E:\2026Trackathon\James\mp4\20250128\00059.mp4,"(-0.8715755371245493, 0.49026123963255896)",-0.871575537124549,0.490261239632559,240.642246457209,502,836,"(502.0, 836.0)",1587,1,raw_vertical_uncalibrated,,,,,,,,,,,,,,,,,,,,,,not_corrected
vertical,annotator_csv,vertical_20250128,84b,84b,84b_00059,vertical_20250128__84b__84b_00059,13,,vertical,,20250128,17:49:00,84b_00059_waggle_annotations.csv,E:\2026Trackathon\James\mp4\20250128\00059.mp4,"(0.0, 1.0)",0,1,180,525,872,"(525.0, 872.0)",1634,1,raw_vertical_uncalibrated,,,,,,,,,,,,,,,,,,,,,,not_corrected
vertical,annotator_csv,vertical_20250128,84b,84b,84b_00059,vertical_20250128__84b__84b_00059,14,,vertical,,20250128,17:49:00,84b_00059_waggle_annotations.csv,E:\2026Trackathon\James\mp4\20250128\00059.mp4,"(-0.7682212795973759, 0.6401843996644799)",-0.768221279597376,0.64018439966448,230.194428907735,500,913,"(500.0, 913.0)",1694,1,raw_vertical_uncalibrated,,,,,,,,,,,,,,,,,,,,,,not_corrected
vertical,annotator_csv,vertical_20250128,84b,84b,84b_00059,vertical_20250128__84b__84b_00059,15,,vertical,,20250128,17:49:00,84b_00059_waggle_annotations.csv,E:\2026Trackathon\James\mp4\20250128\00059.mp4,"(-0.18428853505018536, 0.9828721869343219)",-0.184288535050185,0.982872186934322,190.619655276155,515,913,"(515.0, 913.0)",1748,1,raw_vertical_uncalibrated,,,,,,,,,,,,,,,,,,,,,,not_corrected
vertical,annotator_csv,vertical_20250128,84b,84b,84b_00059,vertical_20250128__84b__84b_00059,16,,vertical,,20250128,17:49:00,84b_00059_waggle_annotations.csv,E:\2026Trackathon\James\mp4\20250128\00059.mp4,"(-0.6401843996644799, 0.7682212795973759)",-0.64018439966448,0.768221279597376,219.805571092265,492,890,"(492.0, 890.0)",1797,1,raw_vertical_uncalibrated,,,,,,,,,,,,,,,,,,,,,,not_corrected
vertical,annotator_csv,vertical_20250128,84b,84b,84b_00059,vertical_20250128__84b__84b_00059,17,,vertical,,20250128,17:49:00,84b_00059_waggle_annotations.csv,E:\2026Trackathon\James\mp4\20250128\00059.mp4,"(0.06237828615518053, 0.9980525784828885)",0.0623782861551805,0.998052578482889,176.423665625003,463,916,"(463.0, 916.0)",1858,1,raw_vertical_uncalibrated,,,,,,,,,,,,,,,,,,,,,,not_corrected
vertical,annotator_csv,vertical_20250128,84b,84b,84b_00059,vertical_20250128__84b__84b_00059,18,,vertical,,20250128,17:49:00,84b_00059_waggle_annotations.csv,E:\2026Trackathon\James\mp4\20250128\00059.mp4,"(-0.7863183388224225, 0.6178215519319035)",-0.786318338822423,0.617821551931904,231.842773412631,469,901,"(469.0, 901.0)",1914,1,raw_vertical_uncalibrated,,,,,,,,,,,,,,,,,,,,,,not_corrected
vertical,annotator_csv,vertical_20250128,84b,84b,84b_00059,vertical_20250128__84b__84b_00059,19,,vertical,,20250128,17:49:00,84b_00059_waggle_annotations.csv,E:\2026Trackathon\James\mp4\20250128\00059.mp4,"(0.31622776601683794, 0.9486832980505138)",0.316227766016838,0.948683298050514,161.565051177078,494,913,"(494.0, 913.0)",1990,1,raw_vertical_uncalibrated,,,,,,,,,,,,,,,,,,,,,,not_corrected
vertical,annotator_csv,vertical_20250128,90r,90r,90r_00048,vertical_20250128__90r__90r_00048,1,,vertical,,20250128,15:34:00,90r_00048_waggle_annotations.csv,E:\2026Trackathon\James\mp4\20250128\00048.mp4,"(0.14654866108946232, 0.9892034623538708)",0.146548661089462,0.989203462353871,171.573030978519,1250,871,"(1250.0, 871.0)",1,1,raw_vertical_uncalibrated,,,,,,,,,,,,,,,,,,,,,,not_corrected
vertical,annotator_csv,vertical_20250128,90r,90r,90r_00048,vertical_20250128__90r__90r_00048,2,,vertical,,20250128,15:34:00,90r_00048_waggle_annotations.csv,E:\2026Trackathon\James\mp4\20250128\00048.mp4,"(0.1520571842539411, 0.9883716976506172)",0.152057184253941,0.988371697650617,171.253837737445,1217,849,"(1217.0, 849.0)",57,1,raw_vertical_uncalibrated,,,,,,,,,,,,,,,,,,,,,,not_corrected
vertical,annotator_csv,vertical_20250128,90r,90r,90r_00048,vertical_20250128__90r__90r_00048,3,,vertical,,20250128,15:34:00,90r_00048_waggle_annotations.csv,E:\2026Trackathon\James\mp4\20250128\00048.mp4,"(0.0, 1.0)",0,1,180,1310,827,"(1310.0, 827.0)",200,1,raw_vertical_uncalibrated,,,,,,,,,,,,,,,,,,,,,,not_corrected
vertical,annotator_csv,vertical_20250128,90r,90r,90r_00048,vertical_20250128__90r__90r_00048,4,,vertical,,20250128,15:34:00,90r_00048_waggle_annotations.csv,E:\2026Trackathon\James\mp4\20250128\00048.mp4,"(0.27472112789737807, 0.9615239476408232)",0.274721127897378,0.961523947640823,164.054604099077,1486,844,"(1486.0, 844.0)",246,1,raw_vertical_uncalibrated,,,,,,,,,,,,,,,,,,,,,,not_corrected
vertical,annotator_csv,vertical_20250128,90r,90r,90r_00048,vertical_20250128__90r__90r_00048,5,,vertical,,20250128,15:34:00,90r_00048_waggle_annotations.csv,E:\2026Trackathon\James\mp4\20250128\00048.mp4,"(-0.27472112789737807, 0.9615239476408232)",-0.274721127897378,0.961523947640823,195.945395900923,1400,811,"(1400.0, 811.0)",291,1,raw_vertical_uncalibrated,,,,,,,,,,,,,,,,,,,,,,not_corrected
vertical,annotator_csv,vertical_20250128,90r,90r,90r_00048,vertical_20250128__90r__90r_00048,6,,vertical,,20250128,15:34:00,90r_00048_waggle_annotations.csv,E:\2026Trackathon\James\mp4\20250128\00048.mp4,"(0.2124296443310437, 0.9771763639228009)",0.212429644331044,0.977176363922801,167.735226272108,1424,829,"(1424.0, 829.0)",355,1,raw_vertical_uncalibrated,,,,,,,,,,,,,,,,,,,,,,not_corrected
